# vtk DataFile Version 3.0
inres1   Integer_Parameter=   1
ASCII
DATASET POLYDATA
POINTS    1677 float
    3944.3943       687.26465      -487.43945    
    3917.0920       679.17133      -478.00089    
    3934.7434       681.41272       9.9682150    
    3963.4814       690.00000       10.591107    
    3922.8328       687.26465       507.32690    
    3895.9651       679.17133       496.71420    
    3965.1794       372.75500       498.05884    
    3993.1277       375.31906       508.85056    
    4003.8293       375.32852       11.465644    
    3986.2996       372.75500      -476.34525    
    4014.6892       375.31906      -485.91583    
    4033.7764       378.05444       12.114743    
    4015.9646       30.000000       11.728673    
    3975.3159       27.264620       508.46448    
    3996.8772       27.264620      -486.30188    
    3968.6401       31.142820      -476.94110    
    3986.2546       34.111935       11.084714    
    3947.5107       31.142820       497.88898    
    3942.5457       686.71667      -486.80042    
    3940.3828       686.07556      -486.05273    
    3937.8528       685.32550      -485.17804    
    3934.8926       684.44806      -484.15469    
    3931.4294       683.42145      -482.95746    
    3927.3777       682.22040      -481.55676    
    3922.6377       680.81525      -479.91806    
    3935.5603       681.41272      -27.730251    
    3936.3770       681.41266      -65.429070    
    3937.1904       681.41235      -103.12807    
    3937.9888       681.41064      -140.82625    
    3938.7405       681.40466      -178.52644    
    3939.3813       681.38867      -216.22554    
    3939.7935       681.35211      -253.93279    
    3939.7822       681.27814      -291.63998    
    3939.0444       681.14178      -329.33926    
    3937.1313       680.90833      -366.99374    
    3933.4106       680.53418      -404.51160    
    3927.0520       679.97064      -441.66272    
    3961.5356       689.41858       10.548933    
    3959.2593       688.73834       10.499592    
    3956.5959       687.94257       10.441867    
    3953.4802       687.01154       10.374332    
    3949.8350       685.92224       10.295321    
    3945.5703       684.64789       10.202884    
    3940.5808       683.15698       10.094738    
    3964.2559       690.00000      -25.144175    
    3965.0298       689.99994      -60.879467    
    3965.8018       689.99969      -96.614807    
    3966.5630       689.99847      -132.35037    
    3967.2900       689.99414      -168.08871    
    3967.9370       689.98242      -203.82259    
    3968.4199       689.95575      -239.56453    
    3968.6011       689.90137      -275.30780    
    3968.2698       689.80017      -311.04919    
    3967.1226       689.62427      -346.77344    
    3964.7432       689.33569      -382.43295    
    3960.5942       688.88550      -417.92831    
    3954.0342       688.21527      -453.04828    
    3921.0137       686.71667       506.60834    
    3918.8853       686.07556       505.76770    
    3916.3955       685.32550       504.78418    
    3913.4824       684.44806       503.63354    
    3910.0745       683.42145       502.28735    
    3906.0872       682.22040       500.71243    
    3901.4226       680.81525       498.86987    
    3933.8582       681.41272       50.808216    
    3932.9722       681.41266       91.648254    
    3932.0811       681.41211       132.48819    
    3931.1650       681.40930       173.33003    
    3930.1743       681.39972       214.16458    
    3929.0037       681.37384       254.99722    
    3927.4624       681.31494       295.81805    
    3925.2334       681.19611       336.60568    
    3921.8223       680.97809       377.30728    
    3916.5007       680.60834       417.80435    
    3908.2771       680.02600       457.79831    
    3962.5776       690.00000       52.282257    
    3961.6731       689.99988       93.973389    
    3960.7629       689.99933       135.66440    
    3959.8245       689.99609       177.35600    
    3958.8013       689.98517       219.04248    
    3957.5762       689.95575       260.72583    
    3955.9375       689.88843       302.39441    
    3953.5393       689.75146       344.02502    
    3949.8582       689.49689       385.55685    
    3944.1567       689.05695       426.86148    
    3935.4944       688.34491       467.63254    
    3958.5410       411.48129       497.92447    
    3951.3730       450.11823       497.78064    
    3943.6602       488.64474       497.62729    
    3935.3796       527.05511       497.46426    
    3926.5063       565.33246       497.29144    
    3917.0081       603.45996       497.10880    
    3906.8447       641.41528       496.91632    
    3991.2351       375.14890       508.11987    
    3989.0210       374.94901       507.26508    
    3986.4307       374.71420       506.26501    
    3983.4001       374.43820       505.09494    
    3979.8550       374.11368       503.72607    
    3975.7078       373.73196       502.12457    
    3970.8557       373.28299       500.25092    
    3986.3984       414.74628       508.70468    
    3979.1277       454.08078       508.54709    
    3971.3000       493.30121       508.37741    
    3962.8916       532.40485       508.19516    
    3953.8772       571.37280       507.99979    
    3944.2246       610.18787       507.79056    
    3933.8936       648.82770       507.56665    
    3997.2000       414.01337       11.321951    
    3990.0437       452.60413       11.166839    
    3982.3430       491.08984       10.999930    
    3974.0771       529.45819       10.820768    
    3965.2205       567.69397       10.628798    
    3955.7407       605.78064       10.423327    
    3945.5986       643.69580       10.203501    
    4003.1213       375.32852       44.125992    
    4002.4131       375.32849       76.786346    
    4001.7036       375.32834       109.44675    
    4000.9880       375.32764       142.10707    
    4000.2524       375.32510       174.76738    
    3999.4700       375.31827       207.42656    
    3998.5916       375.30264       240.08154    
    3997.5354       375.27075       272.73248    
    3996.1760       375.21106       305.37259    
    3994.3284       375.10663       337.98703    
    3991.7312       374.93347       370.55017    
    3988.0283       374.65884       403.00543    
    3982.7554       374.23999       435.23718    
    3975.3442       373.62439       467.03860    
    3979.6614       411.48129      -476.49863    
    3972.4939       450.11823      -476.66553    
    3964.7817       488.64474      -476.84653    
    3956.5020       527.05511      -477.04242    
    3947.6294       565.33246      -477.25424    
    3938.1321       603.45996      -477.48334    
    3927.9700       641.41528      -477.73141    
    3995.6260       373.67612      -442.63858    
    4001.8074       374.31055      -408.20392    
    4005.6147       374.72824      -373.41620    
    4007.7351       374.99170      -338.48218    
    4008.7104       375.15042      -303.49585    
    4008.9414       375.24100      -268.49655    
    4008.7109       375.28934      -233.49623    
    4008.2109       375.31302      -198.49789    
    4007.5652       375.32333      -163.50206    
    4006.8484       375.32718      -128.50775    
    4006.1018       375.32828      -93.514923    
    4005.3457       375.32846      -58.520851    
    4004.5876       375.32852      -23.527588    
    4012.7671       375.14444      -485.26785    
    4010.5183       374.94031      -484.50980    
    4007.8875       374.70175      -483.62289    
    4004.8096       374.42303      -482.58530    
    4001.2085       374.09741      -481.37140    
    3996.9954       373.71716      -479.95123    
    3992.0662       373.27316      -478.28976    
    4007.9600       414.74628      -486.06168    
    4000.6892       454.08078      -486.21927    
    3992.8613       493.30121      -486.38895    
    3984.4529       532.40485      -486.57120    
    3975.4387       571.37280      -486.76657    
    3965.7861       610.18787      -486.97580    
    3955.4551       648.82770      -487.19971    
    4034.4993       378.05444      -21.238176    
    4035.2217       378.05438      -54.591103    
    4035.9429       378.05423      -87.944054    
    4036.6570       378.05341      -121.29716    
    4037.3486       378.05057      -154.65070    
    4037.9873       378.04285      -188.00537    
    4038.5173       378.02518      -221.36189    
    4038.8479       377.98926      -254.72102    
    4038.8396       377.92230      -288.08157    
    4038.2910       377.80591      -321.43677    
    4036.9236       377.61459      -354.76782    
    4034.3691       377.31476      -388.02786    
    4030.1687       376.86462      -421.11493    
    4023.7893       376.21573      -453.84479    
    4027.0471       417.48172       11.968886    
    4019.7771       456.81287       11.811309    
    4011.9487       496.03662       11.641628    
    4003.5403       535.14026       11.459376    
    3994.5261       574.10803       11.263994    
    3984.8735       612.92285       11.054778    
    3974.5425       651.56274       10.830853    
    4033.0535       378.05444       45.467655    
    4032.3301       378.05438       78.820557    
    4031.6055       378.05423       112.17344    
    4030.8735       378.05344       145.52615    
    4030.1194       378.05057       178.87833    
    4029.3123       378.04282       212.22937    
    4028.3965       378.02518       245.57755    
    4027.2812       377.98926       278.91956    
    4025.8276       377.92230       312.24835    
    4023.8342       377.80591       345.54868    
    4021.0239       377.61459       378.78903    
    4017.0308       377.31479       411.90622    
    4011.4006       376.86462       444.78076    
    4003.6089       376.21570       477.20404    
    4020.8137       68.456421       11.833776    
    4024.8044       107.01108       11.920277    
    4028.0188       145.63841       11.989945    
    4030.5195       184.31865       12.044149    
    4032.3569       223.03638       12.083976    
    4033.5713       261.77859       12.110293    
    4034.1951       300.53482       12.123815    
    4034.2556       339.29608       12.125131    
    4015.0608       29.999979       53.419823    
    4014.1562       29.999897       95.110954    
    4013.2461       29.999300       136.80197    
    4012.3076       29.996115       178.49356    
    4011.2844       29.985167       220.18004    
    4010.0593       29.955738       261.86340    
    4008.4207       29.888403       303.53195    
    4006.0225       29.751461       345.16257    
    4002.3413       29.496897       386.69440    
    3996.6399       29.056953       427.99905    
    3987.9773       28.344891       468.77011    
    3980.1650       65.720901       508.56958    
    3984.1558       104.27578       508.65607    
    3987.3699       142.90254       508.72571    
    3989.8708       181.58205       508.77991    
    3991.7083       220.30095       508.81976    
    3992.9224       259.04688       508.84610    
    3993.5461       297.79944       508.85962    
    3993.6069       336.56073       508.86093    
    4001.7266       65.721703      -486.19678    
    4005.7173       104.27633      -486.11029    
    4008.9314       142.90291      -486.04059    
    4011.4324       181.58302      -485.98639    
    4013.2698       220.30095      -485.94659    
    4014.4839       259.04678      -485.92026    
    4015.1077       297.79944      -485.90674    
    4015.1685       336.56073      -485.90543    
    4016.7390       29.999985      -24.006611    
    4017.5129       29.999933      -59.741901    
    4018.2849       29.999699      -95.477242    
    4019.0459       29.998461      -131.21280    
    4019.7732       29.994118      -166.95116    
    4020.4202       29.982437      -202.68501    
    4020.9031       29.955744      -238.42696    
    4021.0842       29.901388      -274.17023    
    4020.7529       29.800146      -309.91165    
    4019.6057       29.624249      -345.63589    
    4017.2263       29.335701      -381.29541    
    4013.0774       28.885471      -416.79074    
    4006.5171       28.215286      -451.91071    
    3973.4153       68.886162      -476.79144    
    3977.3467       106.72680      -476.66925    
    3980.5164       144.63788      -476.57037    
    3982.9871       182.60176      -476.49188    
    3984.8086       220.60307      -476.43164    
    3986.0208       258.63000      -476.38809    
    3986.6560       296.66815      -476.35992    
    3986.7412       334.71274      -476.34616    
    3994.9653       27.527203      -485.66809    
    3992.7288       27.834404      -484.92661    
    3990.1118       28.193810      -484.05911    
    3987.0503       28.614290      -483.04419    
    3983.4685       29.106222      -481.85684    
    3979.2783       29.681749      -480.46768    
    3974.3757       30.355074      -478.84247    
    3987.0718       34.111919      -26.618643    
    3987.8884       34.111858      -64.322350    
    3988.7019       34.111538      -102.02625    
    3989.5005       34.109810      -139.72932    
    3990.2522       34.103767      -177.43443    
    3990.8931       34.087460      -215.13841    
    3991.3052       34.049786      -252.85052    
    3991.2937       33.971760      -290.56262    
    3990.5557       33.822655      -328.26669    
    3988.6431       33.554264      -365.92593    
    3984.9258       33.093216      -403.44800    
    3978.5771       32.333786      -440.60226    
    3991.0090       71.812767       11.187763    
    3994.9238       109.61010       11.272615    
    3998.0801       147.47842       11.341026    
    4000.5400       185.39862       11.394348    
    4002.3533       223.35538       11.433650    
    4003.5591       261.33624       11.459787    
    4004.1899       299.33102       11.473459    
    4004.2725       337.33099       11.475248    
    3985.3691       34.111916       51.930023    
    3984.4829       34.111839       92.775375    
    3983.5920       34.111313       133.62061    
    3982.6758       34.108490       174.46773    
    3981.6848       34.098713       215.30762    
    3980.5139       34.072254       256.14554    
    3978.9722       34.010822       296.97168    
    3976.7429       33.882797       337.76456    
    3973.3318       33.636070       378.47156    
    3968.0125       33.187466       418.97516    
    3959.7986       32.411674       458.97116    
    3952.2878       68.886200       497.94635    
    3956.2209       106.72688       497.99460    
    3959.3918       144.63785       498.03317    
    3961.8638       182.60167       498.06183    
    3963.6863       220.60304       498.08057    
    3964.8992       258.62985       498.08957    
    3965.5349       296.66815       498.08896    
    3965.6208       334.71274       498.07892    
    3973.4333       27.527203       507.74844    
    3971.2307       27.834404       506.91071    
    3968.6541       28.193810       505.93066    
    3965.6394       28.614290       504.78406    
    3962.1123       29.106222       503.44260    
    3957.9861       29.681747       501.87320    
    3953.1587       30.355074       500.03708    
    4013.9531       30.278408       11.685072    
    4011.5996       30.604124       11.634063    
    4008.8462       30.985191       11.574385    
    4005.6250       31.431013       11.504566    
    4001.8564       31.952593       11.422883    
    3997.4475       32.562805       11.327319    
    3992.2893       33.276714       11.215516    
    3962.3022       689.41656      -25.136333    
    3963.0681       689.41437      -60.821648    
    3963.8330       689.41235      -96.507027    
    3964.5859       689.40900      -132.19254    
    3965.3054       689.40259      -167.88058    
    3965.9438       689.38855      -203.56474    
    3966.4216       689.36011      -239.25638    
    3966.5986       689.30396      -274.94965    
    3966.2695       689.20233      -310.64093    
    3965.1326       689.02771      -346.31506    
    3962.7734       688.74329      -381.92517    
    3958.6582       688.30188      -417.37308    
    3952.1409       687.64618      -452.44901    
    3960.0198       688.73486      -25.127390    
    3960.7791       688.73114      -60.754448    
    3961.5361       688.72717      -96.381569    
    3962.2827       688.72223      -132.00873    
    3962.9946       688.71393      -167.63829    
    3963.6287       688.69855      -203.26440    
    3964.1003       688.66821      -238.89754    
    3964.2756       688.61096      -274.53256    
    3963.9495       688.50885      -310.16537    
    3962.8228       688.33539      -345.78113    
    3960.4858       688.05518      -381.33368    
    3956.4055       687.62274      -416.72559    
    3949.9343       686.98279      -451.74939    
    3957.3513       687.93793      -25.117144    
    3958.1050       687.93298      -60.676270    
    3958.8564       687.92773      -96.235489    
    3959.5977       687.92163      -131.79463    
    3960.3049       687.91217      -167.35594    
    3960.9336       687.89551      -202.91443    
    3961.4028       687.86414      -238.47935    
    3961.5774       687.80603      -274.04642    
    3961.2556       687.70367      -309.61124    
    3960.1406       687.53137      -345.15881    
    3957.8289       687.25586      -380.64423    
    3953.7837       686.83221      -415.97061    
    3947.3584       686.20819      -450.93256    
    3954.2317       687.00629      -25.105398    
    3954.9814       687.00067      -60.585289    
    3955.7300       686.99506      -96.065269    
    3956.4668       686.98816      -131.54509    
    3957.1714       686.97833      -167.02690    
    3957.7964       686.96063      -202.50638    
    3958.2627       686.92828      -237.99178    
    3958.4395       686.86987      -273.47961    
    3958.1235       686.76752      -308.96500    
    3957.0234       686.59692      -344.43323    
    3954.7356       686.32538      -379.83997    
    3950.7288       685.91101      -415.08960    
    3944.3508       685.30365      -449.97849    
    3950.5840       685.91693      -25.091890    
    3951.3335       685.91180      -60.479294    
    3952.0791       685.90594      -95.866821    
    3952.8152       685.89929      -131.25407    
    3953.5171       685.88916      -166.64307    
    3954.1401       685.87115      -202.03032    
    3954.6079       685.83893      -237.42294    
    3954.7859       685.77997      -272.81821    
    3954.4785       685.67816      -308.21106    
    3953.3955       685.50940      -343.58661    
    3951.1345       685.24194      -378.90173    
    3947.1680       684.83698      -414.06134    
    3940.8401       684.24744      -448.86371    
    3946.3198       684.64343      -25.076307    
    3947.0693       684.63904      -60.355732    
    3947.8164       684.63422      -95.635300    
    3948.5518       684.62811      -130.91446    
    3949.2534       684.61841      -166.19525    
    3949.8794       684.60150      -201.47476    
    3950.3481       684.56934      -236.75912    
    3950.5320       684.51099      -272.04642    
    3950.2351       684.40991      -307.33118    
    3949.1702       684.24286      -342.59866    
    3946.9392       683.97968      -377.80637    
    3943.0154       683.58423      -412.86069    
    3936.7388       683.01331      -447.56122    
    3941.3484       683.15436      -25.734341    
    3942.1042       683.15118      -61.113018    
    3942.8784       683.14807      -97.393211    
    3943.6116       683.14362      -132.32085    
    3944.3455       683.13525      -169.05270    
    3944.9529       683.11884      -203.53040    
    3945.8545       683.23010      -236.05797    
    3945.5737       683.03790      -268.44067    
    3945.3523       682.94629      -302.92358    
    3944.3337       682.78021      -339.64429    
    3942.2395       682.53345      -374.50839    
    3938.3149       682.13977      -410.56894    
    3932.1174       681.59052      -445.38541    
    3933.6387       687.77820       466.96323    
    3942.2549       688.47632       426.24173    
    3947.9185       688.90759       384.99042    
    3951.5747       689.15771       343.51486    
    3953.9614       689.29346       301.94186    
    3955.5969       689.36127       260.33167    
    3956.8245       689.39227       218.70689    
    3957.8525       689.40527       177.07924    
    3958.7971       689.41077       135.44617    
    3959.7141       689.41376       93.813805    
    3960.6252       689.41620       52.181389    
    3931.4727       687.11670       466.18149    
    3940.0408       687.80017       425.51910    
    3945.6643       688.22272       384.33072    
    3949.2947       688.46857       342.92081    
    3951.6675       688.60272       301.41522    
    3953.2993       688.67108       259.87274    
    3954.5264       688.70306       218.31630    
    3955.5581       688.71783       176.75693    
    3956.5068       688.72504       135.19199    
    3957.4280       688.72980       93.627953    
    3958.3435       688.73395       52.063759    
    3928.9421       686.34375       465.26810    
    3937.4604       687.01221       424.67606    
    3943.0427       687.42627       383.56189    
    3946.6455       687.66785       342.22885    
    3949.0015       687.79999       300.80161    
    3950.6260       687.86816       259.33832    
    3951.8516       687.90094       217.86127    
    3952.8833       687.91644       176.38153    
    3953.8354       687.92523       134.89584    
    3954.7583       687.93103       93.411255    
    3955.6780       687.93695       51.926552    
    3925.9871       685.44086       464.20084    
    3934.4541       686.09393       423.69223    
    3939.9915       686.49915       382.66513    
    3943.5623       686.73590       341.42212    
    3945.9009       686.86639       300.08652    
    3947.5159       686.93402       258.71536    
    3948.7371       686.96686       217.33081    
    3949.7678       686.98297       175.94382    
    3950.7183       686.99200       134.55055    
    3951.6431       686.99896       93.158539    
    3952.5623       687.00531       51.766434    
    3922.5354       684.38611       462.95355    
    3930.9473       685.02271       422.54352    
    3936.4368       685.41895       381.61899    
    3939.9744       685.65143       340.48120    
    3942.2905       685.77936       299.25259    
    3943.8916       685.84546       257.98889    
    3945.1069       685.87817       216.71228    
    3946.1333       685.89404       175.43326    
    3947.0820       685.90332       134.14775    
    3948.0032       685.90991       92.863678    
    3948.9192       685.91608       51.579494    
    3918.5012       683.15289       461.49554    
    3926.8547       683.77240       421.20206    
    3932.2917       684.15948       380.39807    
    3935.7920       684.38733       339.38345    
    3938.0835       684.51263       298.27969    
    3939.6704       684.57764       257.14139    
    3940.8740       684.60864       215.99060    
    3941.8936       684.62372       174.83749    
    3942.8347       684.63165       133.67772    
    3943.7498       684.63727       92.519501    
    3944.6614       684.64294       51.361179    
    3913.7881       681.71173       459.79099    
    3922.0786       682.31305       419.63516    
    3927.4600       682.69122       378.97226    
    3930.9185       682.91431       338.10196    
    3933.1816       683.03680       297.14395    
    3934.7471       683.09888       256.15213    
    3935.9373       683.12805       215.14816    
    3936.9436       683.14062       174.14207    
    3937.8748       683.14673       133.12898    
    3938.7808       683.15057       92.117630    
    3939.6814       683.15393       51.106171    
    3932.0591       648.32544       506.84439    
    3929.9146       647.73853       506.00006    
    3927.4070       647.05157       505.01273    
    3924.4734       646.24786       503.85757    
    3921.0422       645.30780       502.50668    
    3917.0293       644.20789       500.92661    
    3912.3357       642.92108       499.07846    
    3942.3779       609.73206       507.06583    
    3940.2178       609.19934       506.21811    
    3937.6934       608.57599       505.22742    
    3934.7407       607.84692       504.06866    
    3931.2883       606.99359       502.71371    
    3927.2517       605.99524       501.12936    
    3922.5300       604.82709       499.27615    
    3952.0188       570.96387       507.27283    
    3949.8455       570.48578       506.42258    
    3947.3064       569.92627       505.42935    
    3944.3369       569.27197       504.26761    
    3940.8652       568.50604       502.90939    
    3936.8057       567.60968       501.32120    
    3932.0588       566.56049       499.46390    
    3961.0227       532.04321       507.46637    
    3958.8389       531.62012       506.61469    
    3956.2852       531.12500       505.61871    
    3953.3015       530.54572       504.45499    
    3949.8115       529.86755       503.09375    
    3945.7310       529.07343       501.50208    
    3940.9600       528.14374       499.64102    
    3969.4229       492.98700       507.64746    
    3967.2297       492.61935       506.79459    
    3964.6646       492.18900       505.79700    
    3961.6658       491.68512       504.63071    
    3958.1606       491.09488       503.26749    
    3954.0610       490.40356       501.67294    
    3949.2668       489.59369       499.80820    
    3977.2439       453.81409       507.81641    
    3975.0415       453.50211       506.96219    
    3972.4678       453.13632       505.96396    
    3969.4565       452.70798       504.79590    
    3965.9360       452.20593       503.43027    
    3961.8196       451.61737       501.83334    
    3957.0046       450.92731       499.96545    
    3984.5100       414.52759       507.97403    
    3982.3010       414.27139       507.11929    
    3979.7175       413.97098       506.11969    
    3976.6956       413.61865       504.95029    
    3973.1628       413.20514       503.58328    
    3969.0303       412.71976       501.98398    
    3964.1958       412.14999       500.11307    
    3997.4814       408.21643       45.754955    
    3997.0667       406.28329       80.561745    
    3996.3271       406.28329       114.58372    
    3995.5532       406.28244       149.77211    
    3994.7869       406.27927       183.40500    
    3993.9084       406.26993       218.97945    
    3993.2310       403.95532       256.30746    
    3991.4436       406.19476       293.60962    
    3989.6211       406.10040       329.14841    
    3987.1707       405.94614       362.69952    
    3983.4504       405.67844       397.69818    
    3978.2156       405.27176       431.31787    
    3970.1958       406.57617       465.24539    
    3991.7300       439.75171       46.214581    
    3991.4526       437.17999       81.219666    
    3990.6919       437.17975       116.21438    
    3989.9214       437.17896       151.20927    
    3989.1211       437.17563       186.20367    
    3988.2495       437.16608       221.19533    
    3987.2324       437.14334       256.18326    
    3985.9456       437.09717       291.16330    
    3984.1975       437.01022       326.12302    
    3981.7056       436.85678       361.03693    
    3978.0708       436.60092       395.85056    
    3972.7559       436.19363       430.44330    
    3964.6013       438.14761       464.57199    
    3985.1182       473.78522       46.072235    
    3985.5120       468.01175       81.092613    
    3984.7512       468.01172       116.08820    
    3983.9807       468.01108       151.08403    
    3983.1802       468.00778       186.07930    
    3982.3086       467.99841       221.07159    
    3981.2915       467.97540       256.06039    
    3980.0044       467.92981       291.04138    
    3978.2559       467.84393       326.00192    
    3975.7632       467.69254       360.91650    
    3972.1277       467.43997       395.73062    
    3966.8110       467.03839       430.32361    
    3957.9819       472.20428       464.44095    
    3978.8931       503.89297       45.938282    
    3979.2180       498.77304       80.958107    
    3978.4573       498.77310       115.95466    
    3977.6868       498.77240       150.95152    
    3976.8862       498.76935       185.94780    
    3976.0146       498.75970       220.94077    
    3974.9976       498.73657       255.93045    
    3973.7102       498.69144       290.91217    
    3971.9612       498.60669       325.87329    
    3969.4678       498.45721       360.78809    
    3965.8311       498.20840       395.60199    
    3960.5132       497.81223       430.19424    
    3951.7502       502.33224       464.31519    
    3972.4287       533.10541       49.133873    
    3972.5593       529.45825       80.815964    
    3971.7983       529.45844       115.81357    
    3971.0278       529.45752       150.81157    
    3970.2273       529.45441       185.80881    
    3969.3557       529.44495       220.80254    
    3968.3386       529.42133       255.79308    
    3967.0510       529.37677       290.77545    
    3965.3015       529.29333       325.73691    
    3962.8074       529.14624       360.65128    
    3959.1697       528.90106       395.46384    
    3953.8506       528.51044       430.05383    
    3946.2075       531.62567       460.95956    
    3964.6848       567.18524       40.964031    
    3965.5225       560.05829       80.665947    
    3964.7615       560.05835       115.66482    
    3963.9910       560.05780       150.66422    
    3963.1902       560.05463       185.66269    
    3962.3186       560.04523       220.65765    
    3961.3015       560.02130       255.64978    
    3960.0137       559.97717       290.63391    
    3958.2634       559.89502       325.59741    
    3955.7681       559.75037       360.51410    
    3952.1284       559.50903       395.32959    
    3946.8064       559.12421       429.92307    
    3936.1797       565.59399       468.51224    
    3957.1333       597.08954       48.805466    
    3958.0916       590.56531       80.507713    
    3957.3308       590.56537       115.50797    
    3956.5601       590.56451       150.50885    
    3955.7593       590.56177       185.50887    
    3954.8877       590.55212       220.50508    
    3953.8704       590.52777       255.49889    
    3952.5820       590.48462       290.48477    
    3950.8313       590.40350       325.45001    
    3948.3347       590.26141       360.36874    
    3944.6929       590.02429       395.18631    
    3939.3677       589.64526       429.78232    
    3930.8936       595.64337       460.66772    
    3949.9966       624.76093       45.317318    
    3950.2480       620.96851       80.340904    
    3949.4871       620.96857       115.34276    
    3948.7163       620.96808       150.34532    
    3947.9155       620.96497       185.34689    
    3947.0437       620.95557       220.34456    
    3946.0266       620.93054       255.34003    
    3944.7378       620.88800       290.32751    
    3942.9861       620.80865       325.29462    
    3940.4880       620.66925       360.21481    
    3936.8442       620.43628       395.03378    
    3931.5161       620.06305       429.63092    
    3922.8142       623.28711       463.75464    
    3942.9500       650.41608       45.814648    
    3942.0740       651.25568       75.303429    
    3941.3347       651.25562       109.33477    
    3940.5017       651.25543       147.25603    
    3939.7046       651.25269       182.25987    
    3938.7898       651.24292       219.20348    
    3937.7471       651.21716       255.17291    
    3936.4167       651.17267       291.13376    
    3934.5310       651.08545       328.04315    
    3931.9529       650.94299       362.95874    
    3927.8052       650.67920       400.65942    
    3922.3149       650.31079       434.24585    
    3915.9424       648.96942       462.98740    
    3988.9917       412.38260      -442.79147    
    3995.1748       413.00589      -408.35626    
    3998.9839       413.41821      -373.56842    
    4001.1050       413.67871      -338.63394    
    4002.0811       413.83615      -303.64706    
    4002.3120       413.92603      -268.64682    
    4002.0815       413.97391      -233.64554    
    4001.5815       413.99762      -198.64644    
    4000.9358       414.00772      -163.65002    
    4000.2192       414.01166      -128.65486    
    3999.4724       414.01285      -93.661156    
    3998.7163       414.01312      -58.666286    
    3997.9583       414.01337      -23.672121    
    3981.8286       450.99976      -442.95767    
    3988.0144       451.61224      -408.52213    
    3991.8250       452.01849      -373.73383    
    3993.9473       452.27582      -338.79883    
    3994.9236       452.43134      -303.81097    
    3995.1550       452.52008      -268.80975    
    3994.9248       452.56708      -233.80736    
    3994.4248       452.59024      -198.80734    
    3993.7793       452.59998      -163.81007    
    3993.0627       452.60367      -128.81395    
    3992.3162       452.60449      -93.819252    
    3991.5598       452.60431      -58.823444    
    3990.8020       452.60434      -23.828241    
    3974.1211       489.50742      -443.13794    
    3980.3098       490.10956      -408.70193    
    3984.1223       490.50998      -373.91278    
    3986.2454       490.76447      -338.97705    
    3987.2227       490.91827      -303.98828    
    3987.4543       491.00620      -268.98584    
    3987.2244       491.05276      -233.98206    
    3986.7246       491.07550      -198.98097    
    3986.0789       491.08527      -163.98277    
    3985.3623       491.08884      -128.98553    
    3984.6157       491.08984      -93.989616    
    3983.8594       491.08975      -58.992699    
    3983.1013       491.08984      -23.996311    
    3965.8469       527.89941      -443.33307    
    3972.0388       528.49121      -408.89609    
    3975.8533       528.88635      -374.10623    
    3977.9778       529.13739      -339.16949    
    3978.9558       529.28943      -304.17957    
    3979.1880       529.37598      -269.17557    
    3978.9583       529.42206      -234.17038    
    3978.4587       529.44427      -199.16798    
    3977.8132       529.45380      -164.16872    
    3977.0964       529.45715      -129.17012    
    3976.3499       529.45813      -94.172821    
    3975.5935       529.45831      -59.174576    
    3974.8354       529.45825      -24.176828    
    3956.9802       566.15918      -443.54404    
    3963.1763       566.74097      -409.10605    
    3966.9929       567.13037      -374.31506    
    3969.1191       567.37836      -339.37714    
    3970.0979       567.52802      -304.38556    
    3970.3306       567.61371      -269.38004    
    3970.1013       567.65881      -234.37300    
    3969.6018       567.68054      -199.36908    
    3968.9565       567.68964      -164.36850    
    3968.2397       567.69305      -129.36835    
    3967.4932       567.69403      -94.369469    
    3966.7368       567.69409      -59.369724    
    3965.9788       567.69403      -24.370363    
    3947.4895       604.26971      -443.77209    
    3953.6895       604.84222      -409.33279    
    3957.5093       605.22589      -374.54041    
    3959.6370       605.47009      -339.60086    
    3960.6169       605.61835      -304.60760    
    3960.8503       605.70245      -269.59998    
    3960.6216       605.74640      -234.59099    
    3960.1223       605.76770      -199.58536    
    3959.4771       605.77643      -164.58310    
    3958.7603       605.77991      -129.58116    
    3958.0137       605.78076      -94.580414    
    3957.2573       605.78064      -59.578896    
    3956.4993       605.78052      -24.577681    
    3937.4824       642.21692      -443.36313    
    3943.6650       642.78021      -408.68964    
    3947.5264       643.16309      -372.77090    
    3949.5667       643.39935      -338.04858    
    3950.5234       643.54602      -301.48090    
    3950.7036       643.62402      -267.14392    
    3951.4749       640.06018      -234.80305    
    3950.0251       643.68207      -202.51057    
    3949.4011       643.69122      -168.17963    
    3948.6562       643.69489      -131.60466    
    3947.9153       643.69574      -96.826103    
    3947.1348       643.69562      -60.700630    
    3946.3718       643.69586      -25.472765    
    3933.5491       642.91992      -479.65335    
    3938.3188       644.20612      -481.29639    
    3942.3967       645.30591      -482.70117    
    3945.8831       646.24615      -483.90225    
    3948.8630       647.04999      -484.92880    
    3951.4121       647.73724      -485.80695    
    3953.5916       648.32507      -486.55774    
    3943.7432       604.82465      -479.40927    
    3948.5403       605.99164      -481.05594    
    3952.6428       606.98950      -482.46414    
    3956.1501       607.84314      -483.66809    
    3959.1501       608.57294      -484.69785    
    3961.7148       609.19720      -485.57822    
    3963.9094       609.73096      -486.33157    
    3953.2708       566.55682      -479.18378    
    3958.0950       567.60413      -480.83386    
    3962.2188       568.49988      -482.24442    
    3965.7456       569.26630      -483.45084    
    3968.7632       569.92163      -484.48297    
    3971.3425       570.48260      -485.36533    
    3973.5500       570.96240      -486.12051    
    3962.1719       528.13892      -478.97519    
    3967.0195       529.06616      -480.62772    
    3971.1650       529.85938      -482.04095    
    3974.7104       530.53809      -483.24963    
    3977.7429       531.11890      -484.28345    
    3980.3362       531.61591      -485.16757    
    3982.5544       532.04108      -485.92389    
    3970.4780       489.58755      -478.78210    
    3975.3486       490.39432      -480.43723    
    3979.5142       491.08478      -481.85278    
    3983.0752       491.67563      -483.06293    
    3986.1213       492.18127      -484.09821    
    3988.7263       492.61386      -484.98349    
    3990.9543       492.98422      -485.74078    
    3978.2158       450.91989      -478.60403    
    3983.1072       451.60632      -480.26135    
    3987.2891       452.19385      -481.67831    
    3990.8660       452.69666      -482.89038    
    3993.9236       453.12695      -483.92648    
    3996.5393       453.49542      -484.81290    
    3998.7756       453.81088      -485.57074    
    3985.4062       412.14142      -478.43976    
    3990.3181       412.70679      -480.09946    
    3994.5156       413.19092      -481.51794    
    3998.1060       413.60532      -482.73123    
    4001.1746       413.96011      -483.76837    
    4003.7981       414.26389      -484.65503    
    4006.0413       414.52377      -485.41315    
    4027.8086       417.48184      -23.170788    
    4028.5784       417.48166      -58.707542    
    4029.3291       417.48148      -93.450226    
    4030.0952       417.48050      -129.38425    
    4030.7974       417.47687      -163.73091    
    4031.4634       417.46658      -200.06378    
    4032.5022       414.52240      -238.17599    
    4032.1628       417.38181      -276.31299    
    4031.7751       417.27570      -312.64957    
    4030.6108       417.10287      -346.98224    
    4028.1470       416.80673      -382.83694    
    4024.0413       416.36264      -417.33707    
    4017.4651       415.68842      -452.25186    
    4020.5515       456.81305      -23.923965    
    4021.3254       456.81326      -59.659248    
    4022.0974       456.81320      -95.394592    
    4022.8584       456.81247      -131.13011    
    4023.5854       456.80890      -166.86688    
    4024.2322       456.79816      -202.60373    
    4024.7148       456.77255      -238.34453    
    4024.8955       456.71991      -274.08771    
    4024.5640       456.62073      -309.82913    
    4023.4163       456.44696      -345.55310    
    4021.0366       456.16010      -381.21457    
    4016.8875       455.70993      -416.70917    
    4010.3276       455.03723      -451.82928    
    4012.7231       496.03635      -24.093670    
    4013.4971       496.03656      -59.828938    
    4014.2690       496.03625      -95.564270    
    4015.0300       496.03528      -131.29982    
    4015.7571       496.03134      -167.03683    
    4016.4041       496.02020      -202.77319    
    4016.8867       495.99454      -238.51418    
    4017.0674       495.94168      -274.25739    
    4016.7358       495.84201      -309.99872    
    4015.5881       495.66797      -345.72278    
    4013.2085       495.38080      -381.38385    
    4009.0596       494.93048      -416.87869    
    4002.5000       494.25754      -451.99860    
    4004.3147       535.14008      -24.275911    
    4005.0886       535.14020      -60.011189    
    4005.8606       535.14008      -95.746521    
    4006.6216       535.13892      -131.48209    
    4007.3486       535.13483      -167.21938    
    4007.9956       535.12384      -202.95518    
    4008.4783       535.09808      -238.69638    
    4008.6592       535.04486      -274.43958    
    4008.3274       534.94537      -310.18100    
    4007.1799       534.77094      -345.90506    
    4004.8003       534.48346      -381.56577    
    4000.6511       534.03326      -417.06067    
    3994.0916       533.36066      -452.18076    
    3995.3005       574.10773      -24.471302    
    3996.0745       574.10803      -60.206585    
    3996.8464       574.10779      -95.941902    
    3997.6074       574.10657      -131.67747    
    3998.3345       574.10278      -167.41501    
    3998.9812       574.09143      -203.15036    
    3999.4641       574.06549      -238.89174    
    3999.6450       574.01202      -274.63504    
    3999.3132       573.91235      -310.37631    
    3998.1658       573.73785      -346.10046    
    3995.7861       573.45032      -381.76086    
    3991.6372       572.99982      -417.25586    
    3985.0774       572.32782      -452.37589    
    3985.6479       612.92279      -24.680510    
    3986.4219       612.92273      -60.415791    
    3987.1938       612.92273      -96.151138    
    3987.9548       612.92139      -131.88672    
    3988.6821       612.91748      -167.62451    
    3989.3289       612.90625      -203.35938    
    3989.8118       612.88013      -239.10095    
    3989.9924       612.82660      -274.84418    
    3989.6611       612.72607      -310.58560    
    3988.5134       612.55133      -346.30972    
    3986.1340       612.26349      -381.96976    
    3981.9849       611.81329      -417.46497    
    3975.4253       611.14166      -452.58493    
    3975.3169       651.56250      -24.904451    
    3976.0908       651.56262      -60.639721    
    3976.8628       651.56256      -96.375076    
    3977.6238       651.56134      -132.11063    
    3978.3511       651.55682      -167.84871    
    3978.9978       651.54578      -203.58307    
    3979.4807       651.51941      -239.32483    
    3979.6616       651.46539      -275.06805    
    3979.3303       651.36469      -310.80939    
    3978.1829       651.18945      -346.53360    
    3975.8035       650.90131      -382.19351    
    3971.6543       650.45099      -417.68866    
    3965.0945       649.78009      -452.80872    
    3998.4006       409.78232       475.36874    
    4006.8293       408.48718       440.77808    
    4012.4270       408.93069       406.48578    
    4016.4426       409.22598       370.77020    
    4019.0935       409.39807       336.51941    
    4021.0554       409.50385       300.23270    
    4022.9375       407.22678       262.14319    
    4023.6604       409.58850       224.02425    
    4024.5693       409.59891       187.69618    
    4025.3562       409.60254       153.35153    
    4026.1477       409.60352       117.41792    
    4026.9031       409.60358       82.675377    
    4027.3289       411.57367       47.131161    
    3992.7275       441.94199       474.67404    
    4001.2939       439.99466       439.87814    
    4006.9783       440.44415       404.59317    
    4010.9016       440.72961       369.06631    
    4013.5967       440.90170       333.42426    
    4015.4768       440.99979       297.72937    
    4016.8452       441.05170       262.01138    
    4017.9116       441.07745       226.28313    
    4018.8137       441.08832       190.55087    
    4019.6360       441.09207       154.81659    
    4020.4241       441.09296       119.08152    
    4021.2012       441.09308       83.346344    
    4021.4868       443.71405       47.600433    
    3986.0066       476.63092       474.52933    
    3995.2556       471.42200       439.74692    
    4000.9402       471.87076       404.46219    
    4004.8638       472.15497       368.93539    
    4007.5591       472.32602       333.29352    
    4009.4395       472.42319       297.59860    
    4010.8079       472.47498       261.88046    
    4011.8743       472.50085       226.15227    
    4012.7766       472.51172       190.42014    
    4013.5986       472.51529       154.68578    
    4014.3870       472.51602       118.95066    
    4015.1641       472.51605       83.215454    
    4014.7671       478.40002       47.454769    
    3979.6763       507.31845       474.39011    
    3988.8560       502.77652       439.60403    
    3994.5400       503.22470       404.32077    
    3998.4639       503.50748       368.79492    
    4001.1592       503.67764       333.15402    
    4003.0398       503.77390       297.45938    
    4004.4084       503.82507       261.74158    
    4005.4746       503.85172       226.01335    
    4006.3770       503.86255       190.28146    
    4007.1990       503.86615       154.54710    
    4007.9873       503.86707       118.81193    
    4008.7644       503.86725       83.076752    
    4008.4368       509.08502       47.317558    
    3974.0657       537.16669       470.95584    
    3982.0820       534.05536       439.44852    
    3987.7656       534.50226       404.16827    
    3991.6895       534.78333       368.64465    
    3994.3850       534.95172       333.00522    
    3996.2659       535.04718       297.31146    
    3997.6345       535.09778       261.59415    
    3998.7007       535.12463       225.86621    
    3999.6030       535.13562       190.13458    
    4000.4250       535.13940       154.40036    
    4001.2134       535.14001       118.66510    
    4001.9905       535.14026       82.929932    
    4001.8599       538.85748       50.579990    
    3963.8208       571.73810       478.64008    
    3974.9172       565.24695       439.30084    
    3980.6018       565.69324       404.01810    
    3984.5266       565.97272       368.49258    
    3987.2229       566.13928       332.85205    
    3989.1042       566.23358       297.15741    
    3990.4731       566.28387       261.43958    
    3991.5391       566.31104       225.71123    
    3992.4414       566.32184       189.97952    
    3993.2634       566.32544       154.24521    
    3994.0518       566.32611       118.50990    
    3994.8289       566.32605       82.774696    
    3993.9788       573.58954       42.237274    
    3958.4924       602.37732       470.62424    
    3967.3491       596.34393       439.14081    
    3973.0344       596.78918       403.85678    
    3976.9600       597.06659       368.33044    
    3979.6567       597.23169       332.68930    
    3981.5386       597.32452       296.99414    
    3982.9077       597.37421       261.27582    
    3983.9736       597.40161       225.54729    
    3984.8760       597.41254       189.81567    
    3985.6982       597.41589       154.08128    
    3986.4863       597.41663       118.34595    
    3987.2637       597.41663       82.610733    
    3986.2896       604.06567       50.242485    
    3950.2539       630.51959       473.75302    
    3959.3582       627.33600       438.96786    
    3965.0439       627.77979       403.68365    
    3968.9702       628.05444       368.15738    
    3971.6680       628.21765       332.51633    
    3973.5500       628.30933       296.82126    
    3974.9194       628.35822       261.10275    
    3975.9854       628.38623       225.37413    
    3976.8877       628.39722       189.64264    
    3977.7100       628.40051       153.90823    
    3978.4980       628.40106       118.17276    
    3979.2754       628.40100       82.437576    
    3979.0210       632.26630       46.680000    
    3943.2659       656.68176       472.95102    
    3949.9553       658.14014       443.65057    
    3955.7983       658.58911       409.40170    
    3960.2615       658.90363       370.93887    
    3963.0449       659.07123       335.30533    
    3965.0715       659.17255       297.62976    
    3966.4851       659.22400       260.91974    
    3967.5776       659.25269       224.19861    
    3968.5237       659.26373       186.48222    
    3969.3418       659.26678       150.74747    
    3970.1936       659.26715       112.03410    
    3970.9485       659.26703       77.291504    
    3971.8420       658.41150       47.186466    
    4033.4766       342.20312       47.264400    
    4032.6992       343.17203       82.800987    
    4031.9438       343.17178       117.54359    
    4031.1523       343.17035       153.47711    
    4030.3655       343.16617       187.82181    
    4029.4568       343.15433       224.14980    
    4028.3076       345.70932       262.25952    
    4026.8521       343.06439       300.35785    
    4024.8906       342.95496       336.64426    
    4022.2402       342.77753       370.89450    
    4018.2251       342.47949       406.60925    
    4012.6279       342.03433       440.90027    
    4004.5505       340.39758       475.49802    
    4033.4688       306.99478       47.860138    
    4032.7017       308.28671       83.595551    
    4031.9243       308.28641       119.33076    
    4031.1362       308.28488       155.06586    
    4030.3145       308.28003       190.80016    
    4029.4124       308.26758       226.53229    
    4028.3462       308.24005       262.26041    
    4026.9783       308.18338       297.97827    
    4025.0984       308.07892       333.67267    
    4022.4043       307.89911       369.31409    
    4018.4817       307.60727       404.84012    
    4012.7979       307.15616       440.12363    
    4004.7134       305.19809       474.92834    
    4032.9873       270.49796       47.849693    
    4032.2690       273.40457       83.586189    
    4031.4919       273.40439       119.32140    
    4030.7039       273.40308       155.05653    
    4029.8821       273.39828       190.79086    
    4028.9797       273.38593       226.52301    
    4027.9136       273.35876       262.25116    
    4026.5457       273.30185       297.96921    
    4024.6660       273.19666       333.66388    
    4021.9717       273.01581       369.30566    
    4018.0488       272.72278       404.83209    
    4012.3647       272.27121       440.11624    
    4004.2312       268.70001       474.91931    
    4032.0544       235.94818       47.829483    
    4031.3657       238.53098       83.566620    
    4030.5886       238.53079       119.30182    
    4029.8005       238.52922       155.03703    
    4028.9785       238.52422       190.77138    
    4028.0764       238.51187       226.50340    
    4027.0103       238.48492       262.23175    
    4025.6421       238.42734       297.94989    
    4023.7622       238.32098       333.64490    
    4021.0679       238.13857       369.28662    
    4017.1448       237.84383       404.81339    
    4011.4607       237.39136       440.09793    
    4003.2971       234.14464       474.90219    
    4030.5093       198.83395       47.795994    
    4029.9688       203.67351       83.536331    
    4029.1914       203.67313       119.27154    
    4028.4033       203.67137       155.00681    
    4027.5813       203.66615       190.74120    
    4026.6792       203.65352       226.47314    
    4025.6130       203.62688       262.20151    
    4024.2449       203.56851       297.91983    
    4022.3650       203.46082       333.61490    
    4019.6704       203.27654       369.25644    
    4015.7471       202.97983       404.78326    
    4010.0627       202.52623       440.06805    
    4001.7512       197.02353       474.86920    
    4028.5803       164.97289       47.754185    
    4028.0515       168.84120       83.494759    
    4027.2744       168.84064       119.23001    
    4026.4863       168.83885       154.96530    
    4025.6643       168.83348       190.69975    
    4024.7622       168.82091       226.43144    
    4023.6960       168.79468       262.15988    
    4022.3279       168.73560       297.87830    
    4020.4475       168.62657       333.57330    
    4017.7527       168.44025       369.21484    
    4013.8293       168.14134       404.74158    
    4008.1448       167.68663       440.02591    
    3999.8210       163.15697       474.82867    
    4025.8098       127.28279       47.694130    
    4025.5820       134.04387       83.441269    
    4024.8049       134.04347       119.17645    
    4024.0168       134.04161       154.91185    
    4023.1948       134.03615       190.64624    
    4022.2927       134.02356       226.37787    
    4021.2266       133.99794       262.10645    
    4019.8582       133.93820       297.82458    
    4017.9778       133.82762       333.51962    
    4015.2825       133.63910       369.16071    
    4011.3589       133.33789       404.68689    
    4005.6746       132.88176       439.97067    
    3997.0493       125.46048       474.76862    
    4022.7893       94.150520       47.628681    
    4022.5210       99.293915       83.374893    
    4021.7439       99.293243       119.11014    
    4020.9556       99.291443       154.84552    
    4020.1335       99.285843       190.57994    
    4019.2314       99.273331       226.31140    
    4018.1655       99.248413       262.03986    
    4016.7969       99.187813       297.75806    
    4014.9160       99.075577       333.45282    
    4012.2205       98.884560       369.09317    
    4008.2966       98.580437       404.61853    
    4002.6123       98.122765       439.90118    
    3994.0283       92.321548       474.70108    
    4019.6296       65.033775       48.222260    
    4018.9268       64.606102       78.331429    
    4018.1719       64.605621       113.07401    
    4017.3203       64.603661       151.78740    
    4016.5024       64.598793       187.52206    
    4015.5564       64.586044       225.23848    
    4014.4636       64.561058       261.95938    
    4013.0510       64.498428       298.66919    
    4011.0256       64.377327       336.34430    
    4008.2446       64.174568       371.97720    
    4003.7842       63.822693       410.43887    
    3997.9443       63.335659       444.68628    
    3991.0610       63.216660       473.98151    
    4024.6907       333.85901      -452.10086    
    4031.2729       333.31601      -417.18533    
    4035.3789       333.76044      -382.68347    
    4037.8430       334.05777      -346.82755    
    4039.0068       334.23428      -312.49417    
    4039.3943       334.34332      -276.15695    
    4039.2026       337.63440      -238.03067    
    4038.6946       334.43332      -199.90723    
    4038.0283       334.44507      -163.57428    
    4037.3262       334.44937      -129.22754    
    4036.5601       334.45071      -93.293457    
    4035.8093       334.45102      -58.550827    
    4035.0349       335.66226      -23.014160    
    4024.6621       290.66949      -451.52985    
    4031.2039       289.72202      -416.40768    
    4035.3538       290.17206      -380.91003    
    4037.7336       290.46198      -345.24649    
    4038.8809       290.63974      -309.52090    
    4039.2124       290.74286      -273.77859    
    4039.0312       290.79871      -238.03487    
    4038.5483       290.82657      -202.29375    
    4037.9014       290.83893      -166.55673    
    4037.1743       290.84354      -130.81985    
    4036.4131       290.84488      -95.084282    
    4035.6411       290.84512      -59.348976    
    4034.8867       292.46014      -23.613260    
    4023.8396       249.09207      -451.55057    
    4030.2974       246.12654      -416.43011    
    4034.4475       246.57649      -380.93112    
    4036.8274       246.86627      -345.26721    
    4037.9749       247.04387      -309.54126    
    4038.3062       247.14687      -273.79849    
    4038.1252       247.20258      -238.05466    
    4037.6423       247.23027      -202.31326    
    4036.9954       247.24248      -166.57668    
    4036.2681       247.24707      -130.83952    
    4035.5071       247.24825      -95.103928    
    4034.7351       247.24838      -59.368618    
    4034.0652       250.88080      -23.631069    
    4020.9729       201.75995      -456.22638    
    4028.6287       202.55089      -416.46744    
    4032.7791       203.00095      -380.96802    
    4035.1589       203.29076      -345.30399    
    4036.3064       203.46835      -309.57776    
    4036.6379       203.57141      -273.83499    
    4036.4568       203.62712      -238.09088    
    4035.9739       203.65485      -202.34920    
    4035.3271       203.66722      -166.61310    
    4034.5999       203.67191      -130.87570    
    4033.8389       203.67334      -95.140121    
    4033.0669       203.67363      -59.404804    
    4032.1897       203.67368      -18.904774    
    4019.3403       154.72298      -451.64981    
    4026.1475       159.01651      -416.52106    
    4030.2976       159.46658      -381.02158    
    4032.6775       159.75615      -345.35797    
    4033.8252       159.93353      -309.63150    
    4034.1565       160.03632      -273.88873    
    4033.9756       160.09190      -238.14467    
    4033.4927       160.11943      -202.40274    
    4032.8457       160.13168      -166.66716    
    4032.1187       160.13634      -130.92952    
    4031.3577       160.13768      -95.193871    
    4030.5857       160.13799      -59.458557    
    4029.5662       156.51241      -23.728596    
    4016.0847       113.26527      -451.71838    
    4022.7886       115.54246      -416.59195    
    4026.9387       115.99250      -381.09283    
    4029.3186       116.28180      -345.42999    
    4030.4661       116.45874      -309.70386    
    4030.7974       116.56104      -273.96133    
    4030.6165       116.61620      -238.21732    
    4030.1335       116.64360      -202.47530    
    4029.4868       116.65559      -166.74022    
    4028.7595       116.66019      -131.00229    
    4027.9985       116.66145      -95.266708    
    4027.2266       116.66168      -59.531364    
    4026.3103       115.05295      -23.799147    
    4011.7734       70.280998      -451.80527    
    4018.4690       72.153908      -416.68130    
    4022.6187       72.603989      -381.18356    
    4024.9983       72.892876      -345.52206    
    4026.1458       73.069427      -309.79657    
    4026.4771       73.171234      -274.05432    
    4026.2961       73.226051      -238.31059    
    4025.8132       73.253021      -202.56859    
    4025.1663       73.264870      -166.83409    
    4024.4390       73.269295      -131.09592    
    4023.6780       73.270523      -95.360344    
    4022.9060       73.270744      -59.625000    
    4021.9973       72.067039      -23.892647    
    4013.2366       332.80539      -485.24960    
    4013.0508       289.65860      -485.24628    
    4012.2146       248.13416      -485.26062    
    4010.6838       200.98003      -485.38104    
    4007.7100       153.88484      -485.35880    
    4004.4661       112.47872      -485.43445    
    4000.1833       69.545502      -485.53925    
    4010.9817       331.45554      -484.48987    
    4010.7664       287.96982      -484.48718    
    4009.8418       244.49402      -484.50363    
    4008.1650       201.03787      -484.53961    
    4005.6880       157.62244      -484.59726    
    4002.3479       114.26590      -484.67886    
    3998.0630       70.992271      -484.78696    
    4008.3457       331.29169      -483.60367    
    4008.1262       287.88086      -483.60172    
    4007.2004       244.47990      -483.61957    
    4005.5237       201.09872      -483.65723    
    4003.0493       157.75809      -483.71735    
    3999.7141       114.47633      -483.80206    
    3995.4368       71.277214      -483.91431    
    4005.2617       331.10046      -482.56680    
    4005.0400       287.77701      -482.56662    
    4004.1116       244.46346      -482.58585    
    4002.4370       201.17001      -482.62619    
    3999.9651       157.91689      -482.68884    
    3996.6348       114.72250      -482.77686    
    3992.3650       71.610580      -482.89359    
    4001.6555       330.87708      -481.35449    
    4001.4307       287.65585      -481.35611    
    4000.5017       244.44452      -481.37772    
    3998.8276       201.25360      -481.42044    
    3996.3596       158.10269      -481.48654    
    3993.0349       115.01055      -481.57852    
    3988.7732       72.000610      -481.70007    
    3997.4377       330.61636      -479.93658    
    3997.2107       287.51468      -479.94083    
    3996.2812       244.42282      -479.96524    
    3994.6086       201.35167      -480.01117    
    3992.1443       158.32031      -480.08084    
    3988.8257       115.34760      -480.17725    
    3984.5730       72.456940      -480.30438    
    3992.5063       331.50543      -478.27997    
    3992.3005       288.94110      -478.28659    
    3991.4580       247.97670      -478.31277    
    3988.9060       201.48474      -478.10623    
    3986.9819       155.00252      -478.44760    
    3983.7703       114.15651      -478.54514    
    3979.5349       71.803970      -478.67838    
    4005.0457       333.76852      -23.518698    
    4005.8076       332.58090      -58.513023    
    4006.5640       332.58069      -93.508141    
    4007.3105       332.57950      -128.50208    
    4008.0271       332.57547      -163.49748    
    4008.6729       332.56497      -198.49425    
    4009.1729       332.54099      -233.49377    
    4009.4033       332.49203      -268.49557    
    4009.1726       332.40054      -303.49640    
    4008.1968       332.24005      -338.48434    
    4006.0759       331.97324      -373.42007    
    4002.2673       331.54880      -408.20966    
    3996.0815       332.08981      -442.64523    
    4004.8630       291.41473      -23.523872    
    4005.6011       289.83142      -58.520008    
    4006.3572       289.83121      -93.516289    
    4007.1040       289.82999      -128.51154    
    4007.8206       289.82590      -163.50821    
    4008.4663       289.81512      -198.50598    
    4008.9663       289.79077      -233.50677    
    4009.1965       289.74130      -268.51010    
    4008.9656       289.64859      -303.51266    
    4007.9895       289.48630      -338.50223    
    4005.8679       289.21591      -373.43936    
    4002.0583       288.78482      -408.23093    
    3995.8953       289.70923      -442.66760    
    4004.0378       250.65237      -23.543142    
    4004.6924       247.09119      -58.542660    
    4005.4487       247.09088      -93.540367    
    4006.1953       247.08960      -128.53711    
    4006.9121       247.08542      -163.53519    
    4007.5576       247.07446      -198.53435    
    4008.0576       247.04971      -233.53651    
    4008.2878       246.99950      -268.54175    
    4008.0566       246.90572      -303.54599    
    4007.0798       246.74126      -338.53717    
    4004.9578       246.46715      -373.47617    
    4001.1470       246.02936      -408.26917    
    3995.0657       248.92076      -442.70453    
    4002.1821       204.37314      -18.916555    
    4003.0413       204.37289      -58.581959    
    4003.7976       204.37251      -93.581360    
    4004.5444       204.37115      -128.57990    
    4005.2610       204.36674      -163.57973    
    4005.9067       204.35542      -198.58038    
    4006.4065       204.33008      -233.58427    
    4006.6367       204.27893      -268.59137    
    4006.4050       204.18362      -303.59769    
    4005.4277       204.01689      -338.59064    
    4003.3044       203.73886      -373.53134    
    3999.4922       203.29427      -408.32605    
    3992.2581       202.46573      -447.31195    
    3999.5984       158.13860      -23.643494    
    4000.5979       161.69287      -58.639111    
    4001.3542       161.69252      -93.640549    
    4002.1008       161.69112      -128.64117    
    4002.8176       161.68651      -163.64307    
    4003.4631       161.67491      -198.64560    
    4003.9629       161.64900      -233.65154    
    4004.1929       161.59686      -268.66098    
    4003.9607       161.50006      -303.66937    
    4002.9827       161.33083      -338.66434    
    4000.8582       161.04886      -373.60666    
    3997.0439       160.59749      -408.40302    
    3990.6123       156.34448      -442.85239    
    3996.4001       117.49406      -23.715288    
    3997.2979       119.07107      -58.715717    
    3998.0544       119.07061      -93.719604    
    3998.8010       119.06924      -128.72276    
    3999.5178       119.06461      -163.72717    
    4000.1633       119.05267      -198.73198    
    4000.6631       119.02602      -233.74025    
    4000.8926       118.97289      -268.75232    
    4000.6597       118.87439      -303.76321    
    3999.6807       118.70255      -338.76031    
    3997.5547       118.41648      -373.70444    
    3993.7385       117.95841      -408.50223    
    3987.4053       115.67258      -442.94986    
    3992.1833       75.352509      -24.483252    
    3993.0786       76.532433      -59.711376    
    3993.8591       76.532097      -95.840294    
    3994.6001       76.530563      -130.62212    
    3995.3452       76.525223      -167.20055    
    3995.9695       76.512161      -201.53479    
    3996.8708       80.533012      -233.84166    
    3996.6489       76.437149      -266.17465    
    3996.4692       76.345108      -300.51544    
    3995.5137       76.169777      -337.08755    
    3993.4749       75.892403      -371.81433    
    3989.6174       75.420418      -407.73804    
    3983.3103       73.524338      -442.41821    
    3976.2307       338.48611       465.37436    
    3983.9031       340.08020       431.44012    
    3989.1367       340.49918       397.82141    
    3992.8562       340.77457       362.82324    
    3995.3062       340.93613       329.27243    
    3997.1282       341.03458       293.73370    
    3998.4973       343.62241       256.42258    
    3999.5925       341.11481       219.10359    
    4000.4709       341.12546       183.52902    
    4001.2373       341.12915       149.89601    
    4002.0112       341.13040       114.70739    
    4002.7507       341.13068       80.685349    
    4003.5112       340.18079       45.885769    
    3976.3635       303.95691       464.82489    
    3984.0410       305.87656       430.68823    
    3989.3538       306.30655       396.09644    
    3992.9871       306.57864       361.28342    
    3995.4780       306.74326       326.36966    
    3997.2256       306.83777       291.41006    
    3998.5120       306.88858       256.42990    
    3999.5288       306.91318       221.44177    
    4000.4001       306.92432       186.44983    
    4001.2007       306.92877       151.45512    
    4001.9709       306.93008       116.45989    
    4002.7319       306.93048       81.464859    
    4003.4824       305.66403       46.469639    
    3975.8687       268.15182       464.82880    
    3983.5959       271.66522       430.69254    
    3988.9099       272.10156       396.09937    
    3992.5437       272.37759       361.28494    
    3995.0352       272.54449       326.37021    
    3996.7830       272.64020       291.40927    
    3998.0696       272.69156       256.42786    
    3999.0867       272.71594       221.43857    
    3999.9580       272.72714       186.44569    
    4000.7585       272.73157       151.44987    
    4001.5288       272.73303       116.45351    
    4002.2898       272.73337       81.457436    
    4002.9915       269.88406       46.460125    
    3974.9343       234.25568       464.82568    
    3982.6919       237.46133       430.68808    
    3988.0068       237.90430       396.09378    
    3991.6414       238.18452       361.27820    
    3994.1335       238.35393       326.36197    
    3995.8816       238.45111       291.39972    
    3997.1685       238.50305       256.41693    
    3998.1855       238.52724       221.42632    
    3999.0569       238.53850       186.43245    
    3999.8574       238.54315       151.43535    
    4000.6279       238.54469       116.43769    
    4001.3887       238.54510       81.440353    
    4002.0623       236.01332       46.441208    
    3973.4004       197.84309       464.81143    
    3981.3059       203.27272       430.67484    
    3986.6223       203.72241       396.07944    
    3990.2581       204.00714       361.26242    
    3992.7507       204.17931       326.34494    
    3994.4993       204.27798       291.38123    
    3995.7864       204.33076       256.39688    
    3996.8035       204.35468       221.40472    
    3997.6750       204.36597       186.40964    
    3998.4756       204.37076       151.41118    
    3999.2461       204.37241       116.41200    
    4000.0071       204.37292       81.413231    
    4000.5347       199.62859       46.409649    
    3971.4934       164.62212       464.79095    
    3979.4126       169.10829       430.65240    
    3984.7305       169.56487       396.05594    
    3988.3674       169.85431       361.23773    
    3990.8608       170.02950       326.31860    
    3992.6099       170.12976       291.35330    
    3993.8972       170.18320       256.36740    
    3994.9146       170.20673       221.37354    
    3995.7861       170.21809       186.37694    
    3996.5867       170.22287       151.37689    
    3997.3574       170.22462       116.37597    
    3998.1182       170.22517       81.375565    
    3998.6350       166.43294       46.370087    
    3968.7612       127.64417       464.75797    
    3976.9792       134.97777       430.62061    
    3982.2993       135.44131       396.02332    
    3985.9375       135.73572       361.20358    
    3988.4321       135.91402       326.28296    
    3990.1816       136.01604       291.31567    
    3991.4695       136.07028       256.32797    
    3992.4868       136.09325       221.33215    
    3993.3584       136.10460       186.33385    
    3994.1592       136.10947       151.33191    
    3994.9299       136.11115       116.32903    
    3995.6907       136.11169       81.326736    
    3995.9124       129.48340       46.313183    
    3965.7869       95.136993       464.71927    
    3973.9675       100.89263       430.57874    
    3979.2898       101.36346       395.98059    
    3982.9297       101.66302       361.15961    
    3985.4255       101.84476       326.23740    
    3987.1758       101.94871       291.26804    
    3988.4641       102.00382       256.27805    
    3989.4814       102.02605       221.28009    
    3990.3533       102.03728       186.27989    
    3991.1541       102.04224       151.27570    
    3991.9248       102.04401       116.27054    
    3992.6858       102.04446       81.266022    
    3992.9478       97.002235       46.251102    
    3962.8633       66.590034       464.04135    
    3969.4175       66.771362       435.30408    
    3974.8994       67.282806       401.71674    
    3979.0425       67.633987       364.01273    
    3981.6182       67.828232       329.09430    
    3983.5027       67.940819       292.18167    
    3984.8325       67.997864       256.21750    
    3985.8757       68.020226       220.24469    
    3986.7908       68.031609       183.29742    
    3987.5879       68.036011       148.29019    
    3988.4207       68.037659       110.36517    
    3989.1602       68.038055       76.330467    
    3989.8489       68.457466       46.834698    
    3978.6523       69.545364       507.84595    
    3982.9346       112.47935       507.92651    
    3986.1794       153.88600       507.99167    
    3989.1479       200.98152       508.14209    
    3990.6836       248.13704       508.08859    
    3991.5193       289.66208       508.11041    
    3991.7063       332.80930       508.12238    
    3976.5662       70.992790       507.00232    
    3980.8511       114.26773       507.07974    
    3984.1919       157.62523       507.14310    
    3986.6694       201.04189       507.19287    
    3988.3459       244.49951       507.22946    
    3989.2705       287.97629       507.25327    
    3989.4846       331.46313       507.26495    
    3973.9802       71.278320       506.01672    
    3978.2583       114.47913       506.08981    
    3981.5940       157.76236       506.14963    
    3984.0684       201.10464       506.19669    
    3985.7441       244.48764       506.23141    
    3986.6707       287.89014       506.25400    
    3986.8887       331.30261       506.26501    
    3970.9558       71.612122       504.86395    
    3975.2261       114.72606       504.93207    
    3978.5569       157.92221       504.98834    
    3981.0288       201.17731       505.03262    
    3982.7036       244.47293       505.06494    
    3983.6313       287.78839       505.08575    
    3983.8530       331.11371       505.09576    
    3967.4189       72.002373       503.51578    
    3971.6814       115.01442       503.57874    
    3975.0063       158.10854       503.63071    
    3977.4761       201.26152       503.67203    
    3979.1494       244.45467       503.70151    
    3980.0784       287.66806       503.72021    
    3980.3022       330.89130       503.72815    
    3963.2820       72.458618       501.93900    
    3967.5364       115.35119       501.99625    
    3970.8572       158.32570       502.04416    
    3973.3210       201.35886       502.08090    
    3974.9941       244.43204       502.10754    
    3975.9233       287.52582       502.12335    
    3976.1506       330.62924       502.12906    
    3958.3193       71.805084       500.09637    
    3962.5564       114.15889       500.14670    
    3965.7705       155.00597       500.18884    
    3967.7068       201.48894       499.93085    
    3970.2473       247.98283       500.24774    
    3971.0906       288.94849       500.25824    
    3971.2959       331.51413       500.26044    
    3965.5042       31.586826       460.95682    
    3973.7866       32.353607       420.79965    
    3979.1663       32.803486       380.13144    
    3982.6238       33.053112       339.25684    
    3984.8870       33.182949       298.29459    
    3986.4539       33.244698       257.29852    
    3987.6440       33.270557       216.29022    
    3988.6519       33.279133       175.27988    
    3989.5835       33.280495       134.26254    
    3990.4883       33.279667       93.246933    
    3991.3887       33.278286       52.231216    
    3970.3848       30.881790       462.65527    
    3978.7310       31.639843       422.36102    
    3984.1665       32.089939       381.55270    
    3987.6660       32.341671       340.53470    
    3989.9585       32.473030       299.42761    
    3991.5452       32.535366       258.28595    
    3992.7495       32.561047       217.13187    
    3993.7678       32.569122       175.97540    
    3994.7109       32.569492       134.81226    
    3995.6270       32.567581       93.650696    
    3996.5381       32.565155       52.488979    
    3974.5615       30.278866       464.10800    
    3982.9668       31.028559       423.69766    
    3988.4551       31.478003       382.76987    
    3991.9915       31.731335       341.62952    
    3994.3086       31.864082       300.39822    
    3995.9114       31.927038       259.13202    
    3997.1265       31.952774       217.85278    
    3998.1528       31.960560       176.57120    
    3999.1018       31.960629       135.28311    
    4000.0234       31.958342       93.996422    
    4000.9407       31.955446       52.709648    
    3978.1353       29.763281       465.35098    
    3986.5974       30.504797       424.84210    
    3992.1328       30.953238       383.81265    
    3995.7039       31.207489       342.56754    
    3998.0425       31.341364       301.23019    
    3999.6572       31.405125       259.85699    
    4000.8792       31.431246       218.47067    
    4001.9106       31.439037       177.08168    
    4002.8613       31.439306       135.68649    
    4003.7869       31.436827       94.292618    
    4004.7065       31.433916       52.898590    
    3981.1936       29.322290       466.41437    
    3989.7097       30.055914       425.82233    
    3995.2903       30.502741       384.70639    
    3998.8933       30.757442       343.37204    
    4001.2490       30.892443       301.94351    
    4002.8735       30.956978       260.47882    
    4004.0999       30.983646       219.00041    
    4005.1331       30.991821       177.51935    
    4006.0845       30.992369       136.03238    
    4007.0090       30.990316       94.546425    
    4007.9270       30.987917       53.060410    
    3983.8132       28.944727       467.32431    
    3992.3804       29.670872       426.66211    
    3998.0024       30.115782       385.47269    
    4001.6335       30.370762       344.06180    
    4004.0063       30.506403       302.55545    
    4005.6370       30.571928       261.01218    
    4006.8655       30.599291       219.45490    
    4007.8962       30.608332       177.89471    
    4008.8459       30.609442       136.32896    
    4009.7678       30.608017       94.764061    
    4010.6843       30.606062       53.199062    
    3986.0562       28.621601       468.10321    
    3994.6719       29.340546       427.38177    
    4000.3352       29.783033       386.13010    
    4003.9905       30.038157       344.65402    
    4006.3782       30.174353       303.08078    
    4008.0139       30.240755       261.47006    
    4009.2407       30.269182       219.84496    
    4010.2686       30.279089       178.21686    
    4011.2139       30.281088       136.58345    
    4012.1316       30.280457       94.950737    
    4013.0422       30.279514       53.317909    
    4004.5593       28.492666      -451.31674    
    4011.0745       29.170744      -416.24066    
    4015.1892       29.624193      -380.79266    
    4017.5483       29.913149      -345.18225    
    4018.6853       30.088362      -309.50793    
    4019.0151       30.188362      -273.81622    
    4018.8374       30.241449      -238.12259    
    4018.3616       30.266794      -202.43063    
    4017.7214       30.277451      -166.74612    
    4017.0024       30.280731      -131.05771    
    4016.2495       30.280970      -95.371887    
    4015.4858       30.280199      -59.686157    
    4014.7200       30.279272      -24.000526    
    4002.2754       28.816357      -450.62347    
    4008.7449       29.502707      -415.59946    
    4012.8245       29.959150      -380.20697    
    4015.1611       30.248381      -344.65387    
    4016.2878       30.422596      -309.03735    
    4016.6140       30.521429      -273.40381    
    4016.4387       30.573238      -237.76814    
    4015.9673       30.597528      -202.13426    
    4015.3340       30.607147      -166.50740    
    4014.6226       30.609455      -130.87708    
    4013.8757       30.608992      -95.249275    
    4013.1184       30.607510      -59.621399    
    4012.3596       30.605778      -23.993637    
    3999.6101       29.194250      -449.81387    
    4006.0322       29.889347      -414.85144    
    4010.0752       30.348639      -379.52423    
    4012.3879       30.637844      -344.03787    
    4013.5020       30.810953      -308.48904    
    4013.8245       30.908321      -272.92319    
    4013.6494       30.959009      -237.35492    
    4013.1826       30.982218      -201.78888    
    4012.5540       30.991056      -166.22920    
    4011.8467       30.992872      -130.66673    
    4011.1057       30.991768      -95.106453    
    4010.3540       30.989704      -59.546078    
    4009.6011       30.987366      -23.985788    
    3996.4995       29.635504      -448.86810    
    4002.8721       30.339954      -413.97873    
    4006.8770       30.801807      -378.72778    
    4009.1643       31.090593      -343.31952    
    4010.2639       31.262314      -307.84973    
    4010.5806       31.358244      -272.36258    
    4010.4053       31.407709      -236.87314    
    4009.9392       31.430235      -201.38605    
    4009.3140       31.438480      -165.90494    
    4008.6113       31.439758      -130.42149    
    4007.8740       31.438343      -94.940018    
    4007.1255       31.436069      -59.458382    
    4006.3755       31.433559      -23.976818    
    3992.8662       30.151138      -447.76334    
    3999.1877       30.865486      -412.95987    
    4003.1521       31.329657      -377.79846    
    4005.4121       31.617548      -342.48141    
    4006.4956       31.787590      -307.10361    
    4006.8044       31.881952      -271.70850    
    4006.6260       31.930368      -236.31100    
    4006.1597       31.952297      -200.91617    
    4005.5371       31.960041      -165.52667    
    4004.8350       31.961369      -130.13544    
    4004.0996       31.959915      -94.745926    
    4003.3542       31.957472      -59.356201    
    4002.6052       31.955099      -23.966568    
    3988.6223       30.753813      -446.47226    
    3994.8916       31.478559      -411.77032    
    3998.8127       31.944700      -376.71362    
    4001.0432       32.231148      -341.50314    
    4002.1084       32.399082      -306.23273    
    4002.4060       32.491959      -270.94516    
    4002.2231       32.539276      -235.65498    
    4001.7544       32.560818      -200.36774    
    4001.1304       32.568611      -165.08528    
    4000.4277       32.570118      -129.80161    
    3999.6921       32.568966      -94.519547    
    3998.9458       32.566971      -59.237110    
    3998.1973       32.564854      -23.954775    
    3983.8352       31.472229      -444.30978    
    3990.0225       32.206635      -409.49130    
    3993.9443       32.679180      -373.42755    
    3996.0374       32.956013      -338.55984    
    3997.0574       33.122169      -301.83536    
    3997.2798       33.207569      -267.34885    
    3997.5776       33.181713      -234.96196    
    3996.6604       33.269333      -202.43190    
    3996.0540       33.278118      -167.95062    
    3995.3198       33.280769      -131.21490    
    3994.5872       33.280411      -96.283600    
    3993.8137       33.279217      -59.999668    
    3993.0557       33.278114      -24.617279    

POLYGONS    3350   13400
        3       3      44     313
        3      37       3     313
        3      44      45     313
        3     314     313      45
        3      45      46     315
        3     314      45     315
        3      46      47     315
        3     316     315      47
        3      47      48     317
        3     316      47     317
        3      48      49     317
        3     318     317      49
        3      49      50     319
        3     318      49     319
        3      50      51     319
        3     320     319      51
        3      51      52     321
        3     320      51     321
        3      52      53     321
        3     322     321      53
        3      53      54     323
        3     322      53     323
        3      54      55     323
        3     324     323      55
        3      55      56     325
        3     324      55     325
        3      56       0     325
        3      18     325       0
        3      37     313      38
        3     326      38     313
        3     313     314     327
        3     326     313     327
        3     314     315     327
        3     328     327     315
        3     315     316     329
        3     328     315     329
        3     316     317     329
        3     330     329     317
        3     317     318     331
        3     330     317     331
        3     318     319     331
        3     332     331     319
        3     319     320     333
        3     332     319     333
        3     320     321     333
        3     334     333     321
        3     321     322     335
        3     334     321     335
        3     322     323     335
        3     336     335     323
        3     323     324     337
        3     336     323     337
        3     324     325     337
        3     338     337     325
        3     325      18      19
        3     338     325      19
        3      38     326     339
        3      39      38     339
        3     326     327     339
        3     340     339     327
        3     327     328     341
        3     340     327     341
        3     328     329     341
        3     342     341     329
        3     329     330     343
        3     342     329     343
        3     330     331     343
        3     344     343     331
        3     331     332     345
        3     344     331     345
        3     332     333     345
        3     346     345     333
        3     333     334     347
        3     346     333     347
        3     334     335     347
        3     348     347     335
        3     335     336     349
        3     348     335     349
        3     336     337     349
        3     350     349     337
        3     337     338     351
        3     350     337     351
        3     338      19     351
        3      20     351      19
        3      39     339      40
        3     352      40     339
        3     339     340     353
        3     352     339     353
        3     340     341     353
        3     354     353     341
        3     341     342     355
        3     354     341     355
        3     342     343     355
        3     356     355     343
        3     343     344     357
        3     356     343     357
        3     344     345     357
        3     358     357     345
        3     345     346     359
        3     358     345     359
        3     346     347     359
        3     360     359     347
        3     347     348     361
        3     360     347     361
        3     348     349     361
        3     362     361     349
        3     349     350     363
        3     362     349     363
        3     350     351     363
        3     364     363     351
        3     351      20      21
        3     364     351      21
        3      40     352     365
        3      41      40     365
        3     352     353     365
        3     366     365     353
        3     353     354     367
        3     366     353     367
        3     354     355     367
        3     368     367     355
        3     355     356     369
        3     368     355     369
        3     356     357     369
        3     370     369     357
        3     357     358     371
        3     370     357     371
        3     358     359     371
        3     372     371     359
        3     359     360     373
        3     372     359     373
        3     360     361     373
        3     374     373     361
        3     361     362     375
        3     374     361     375
        3     362     363     375
        3     376     375     363
        3     363     364     377
        3     376     363     377
        3     364      21     377
        3      22     377      21
        3      41     365      42
        3     378      42     365
        3     365     366     379
        3     378     365     379
        3     366     367     379
        3     380     379     367
        3     367     368     381
        3     380     367     381
        3     368     369     381
        3     382     381     369
        3     369     370     383
        3     382     369     383
        3     370     371     383
        3     384     383     371
        3     371     372     385
        3     384     371     385
        3     372     373     385
        3     386     385     373
        3     373     374     387
        3     386     373     387
        3     374     375     387
        3     388     387     375
        3     375     376     389
        3     388     375     389
        3     376     377     389
        3     390     389     377
        3     377      22      23
        3     390     377      23
        3      42     378     391
        3      43      42     391
        3     378     379     391
        3     392     391     379
        3     379     380     393
        3     392     379     393
        3     380     381     393
        3     394     393     381
        3     381     382     395
        3     394     381     395
        3     382     383     395
        3     396     395     383
        3     383     384     397
        3     396     383     397
        3     384     385     397
        3     398     397     385
        3     385     386     399
        3     398     385     399
        3     386     387     399
        3     400     399     387
        3     387     388     401
        3     400     387     401
        3     388     389     401
        3     402     401     389
        3     389     390     403
        3     402     389     403
        3     390      23     403
        3      24     403      23
        3      43     391       2
        3      25       2     391
        3     391     392      26
        3      25     391      26
        3     392     393      26
        3      27      26     393
        3     393     394      28
        3      27     393      28
        3     394     395      28
        3      29      28     395
        3     395     396      30
        3      29     395      30
        3     396     397      30
        3      31      30     397
        3     397     398      31
        3      36     403       1
        3     398     399      31
        3      32      31     399
        3     399     400      33
        3      32     399      33
        3     400     401      33
        3      34      33     401
        3     401     402      35
        3      34     401      35
        3     402     403      35
        3      36      35     403
        3     403      24       1
        3       4      85     404
        3      57       4     404
        3      85      84     404
        3     405     404      84
        3      84      83     406
        3     405      84     406
        3      83      82     406
        3     407     406      82
        3      82      81     408
        3     407      82     408
        3      81      80     408
        3     409     408      80
        3      80      79     410
        3     409      80     410
        3      79      78     410
        3     411     410      78
        3      78      77     412
        3     411      78     412
        3      77      76     412
        3     413     412      76
        3      76      75     414
        3     413      76     414
        3      75       3     414
        3      37     414       3
        3      57     404      58
        3     415      58     404
        3     404     405     416
        3     415     404     416
        3     405     406     416
        3     417     416     406
        3     406     407     418
        3     417     406     418
        3     407     408     418
        3     419     418     408
        3     408     409     420
        3     419     408     420
        3     409     410     420
        3     421     420     410
        3     410     411     422
        3     421     410     422
        3     411     412     422
        3     423     422     412
        3     412     413     424
        3     423     412     424
        3     413     414     424
        3     425     424     414
        3     414      37      38
        3     425     414      38
        3      58     415     426
        3      59      58     426
        3     415     416     426
        3     427     426     416
        3     416     417     428
        3     427     416     428
        3     417     418     428
        3     429     428     418
        3     418     419     430
        3     429     418     430
        3     419     420     430
        3     431     430     420
        3     420     421     432
        3     431     420     432
        3     421     422     432
        3     433     432     422
        3     422     423     434
        3     433     422     434
        3     423     424     434
        3     435     434     424
        3     424     425     436
        3     435     424     436
        3     425      38     436
        3      39     436      38
        3      59     426      60
        3     437      60     426
        3     426     427     438
        3     437     426     438
        3     427     428     438
        3     439     438     428
        3     428     429     440
        3     439     428     440
        3     429     430     440
        3     441     440     430
        3     430     431     442
        3     441     430     442
        3     431     432     442
        3     443     442     432
        3     432     433     444
        3     443     432     444
        3     433     434     444
        3     445     444     434
        3     434     435     446
        3     445     434     446
        3     435     436     446
        3     447     446     436
        3     436      39      40
        3     447     436      40
        3      60     437     448
        3      61      60     448
        3     437     438     448
        3     449     448     438
        3     438     439     450
        3     449     438     450
        3     439     440     450
        3     451     450     440
        3     440     441     452
        3     451     440     452
        3     441     442     452
        3     453     452     442
        3     442     443     454
        3     453     442     454
        3     443     444     454
        3     455     454     444
        3     444     445     456
        3     455     444     456
        3     445     446     456
        3     457     456     446
        3     446     447     458
        3     457     446     458
        3     447      40     458
        3      41     458      40
        3      61     448      62
        3     459      62     448
        3     448     449     460
        3     459     448     460
        3     449     450     460
        3     461     460     450
        3     450     451     462
        3     461     450     462
        3     451     452     462
        3     463     462     452
        3     452     453     464
        3     463     452     464
        3     453     454     464
        3     465     464     454
        3     454     455     466
        3     465     454     466
        3     455     456     466
        3     467     466     456
        3     456     457     468
        3     467     456     468
        3     457     458     468
        3     469     468     458
        3     458      41      42
        3     469     458      42
        3      62     459     470
        3      63      62     470
        3     459     460     470
        3     471     470     460
        3     460     461     472
        3     471     460     472
        3     461     462     472
        3     473     472     462
        3     462     463     474
        3     473     462     474
        3     463     464     474
        3     475     474     464
        3     464     465     476
        3     475     464     476
        3     465     466     476
        3     477     476     466
        3     466     467     478
        3     477     466     478
        3     467     468     478
        3     479     478     468
        3     468     469     480
        3     479     468     480
        3     469      42     480
        3      43     480      42
        3      63     470       5
        3      74       5     470
        3     470     471      73
        3      74     470      73
        3     471     472      73
        3      72      73     472
        3     472     473      71
        3      72     472      71
        3     473     474      71
        3      70      71     474
        3     474     475      69
        3      70     474      69
        3     475     476      69
        3      68      69     476
        3     476     477      67
        3      68     476      67
        3     477     478      67
        3      66      67     478
        3     478     479      65
        3      66     478      65
        3     479     480      65
        3      64      65     480
        3     480      43       2
        3      64     480       2
        3       4      57     481
        3     106       4     481
        3      57      58     481
        3     482     481      58
        3      58      59     483
        3     482      58     483
        3      59      60     483
        3     484     483      60
        3      60      61     485
        3     484      60     485
        3      61      62     485
        3     486     485      62
        3      62      63     487
        3     486      62     487
        3      63       5     487
        3      92     487       5
        3     106     481     105
        3     488     105     481
        3     481     482     489
        3     488     481     489
        3     482     483     489
        3     490     489     483
        3     483     484     491
        3     490     483     491
        3     484     485     491
        3     492     491     485
        3     485     486     493
        3     492     485     493
        3     486     487     493
        3     494     493     487
        3     487      92      91
        3     494     487      91
        3     105     488     495
        3     104     105     495
        3     488     489     495
        3     496     495     489
        3     489     490     497
        3     496     489     497
        3     490     491     497
        3     498     497     491
        3     491     492     499
        3     498     491     499
        3     492     493     499
        3     500     499     493
        3     493     494     501
        3     500     493     501
        3     494      91     501
        3      90     501      91
        3     104     495     103
        3     502     103     495
        3     495     496     503
        3     502     495     503
        3     496     497     503
        3     504     503     497
        3     497     498     505
        3     504     497     505
        3     498     499     505
        3     506     505     499
        3     499     500     507
        3     506     499     507
        3     500     501     507
        3     508     507     501
        3     501      90      89
        3     508     501      89
        3     103     502     509
        3     102     103     509
        3     502     503     509
        3     510     509     503
        3     503     504     511
        3     510     503     511
        3     504     505     511
        3     512     511     505
        3     505     506     513
        3     512     505     513
        3     506     507     513
        3     514     513     507
        3     507     508     515
        3     514     507     515
        3     508      89     515
        3      88     515      89
        3     102     509     101
        3     516     101     509
        3     509     510     517
        3     516     509     517
        3     510     511     517
        3     518     517     511
        3     511     512     519
        3     518     511     519
        3     512     513     519
        3     520     519     513
        3     513     514     521
        3     520     513     521
        3     514     515     521
        3     522     521     515
        3     515      88      87
        3     522     515      87
        3     101     516     523
        3     100     101     523
        3     516     517     523
        3     524     523     517
        3     517     518     525
        3     524     517     525
        3     518     519     525
        3     526     525     519
        3     519     520     527
        3     526     519     527
        3     520     521     527
        3     528     527     521
        3     521     522     529
        3     528     521     529
        3     522      87     529
        3      86     529      87
        3     100     523       7
        3      93       7     523
        3     523     524      94
        3      93     523      94
        3     524     525      94
        3      95      94     525
        3     525     526      96
        3      95     525      96
        3     526     527      96
        3      97      96     527
        3     527     528      98
        3      97     527      98
        3     528     529      98
        3      99      98     529
        3     529      86       6
        3      99     529       6
        3       8     114     530
        3     107       8     530
        3     114     115     530
        3     531     530     115
        3     115     116     532
        3     531     115     532
        3     116     117     532
        3     533     532     117
        3     117     118     534
        3     533     117     534
        3     118     119     534
        3     535     534     119
        3     119     120     536
        3     535     119     536
        3     121     122     536
        3     537     536     122
        3     122     123     538
        3     537     122     538
        3     123     124     538
        3     539     538     124
        3     124     125     540
        3     539     124     540
        3     125     126     540
        3     541     540     126
        3     126     127     542
        3     541     126     542
        3     127       6     542
        3      86     542       6
        3     107     530     108
        3     543     108     530
        3     530     531     544
        3     543     530     544
        3     531     532     544
        3     545     544     532
        3     532     533     546
        3     545     532     546
        3     533     534     546
        3     547     546     534
        3     534     535     548
        3     547     534     548
        3     535     536     548
        3     549     548     536
        3     536     537     550
        3     549     536     550
        3     537     538     550
        3     551     550     538
        3     538     539     552
        3     551     538     552
        3     539     540     552
        3     553     552     540
        3     540     541     554
        3     553     540     554
        3     541     542     554
        3     555     554     542
        3     542      86      87
        3     555     542      87
        3     108     543     556
        3     109     108     556
        3     543     544     556
        3     557     556     544
        3     544     545     558
        3     557     544     558
        3     545     546     558
        3     559     558     546
        3     546     547     560
        3     559     546     560
        3     547     548     560
        3     561     560     548
        3     548     549     562
        3     561     548     562
        3     549     550     562
        3     563     562     550
        3     550     551     564
        3     563     550     564
        3     551     552     564
        3     565     564     552
        3     552     553     566
        3     565     552     566
        3     553     554     566
        3     567     566     554
        3     554     555     568
        3     567     554     568
        3     555      87     568
        3      88     568      87
        3     109     556     110
        3     569     110     556
        3     556     557     570
        3     569     556     570
        3     557     558     570
        3     571     570     558
        3     558     559     572
        3     571     558     572
        3     559     560     572
        3     573     572     560
        3     560     561     574
        3     573     560     574
        3     561     562     574
        3     575     574     562
        3     562     563     576
        3     575     562     576
        3     563     564     576
        3     577     576     564
        3     564     565     578
        3     577     564     578
        3     565     566     578
        3     579     578     566
        3     566     567     580
        3     579     566     580
        3     567     568     580
        3     581     580     568
        3     568      88      89
        3     581     568      89
        3     110     569     582
        3     111     110     582
        3     569     570     582
        3     583     582     570
        3     570     571     584
        3     583     570     584
        3     571     572     584
        3     585     584     572
        3     572     573     586
        3     585     572     586
        3     573     574     586
        3     587     586     574
        3     574     575     588
        3     587     574     588
        3     575     576     588
        3     589     588     576
        3     576     577     590
        3     589     576     590
        3     577     578     590
        3     591     590     578
        3     578     579     592
        3     591     578     592
        3     579     580     592
        3     593     592     580
        3     580     581     594
        3     593     580     594
        3     581      89     594
        3      90     594      89
        3     111     582     595
        3     112     111     595
        3     582     583     596
        3     595     582     596
        3     583     584     596
        3     597     596     584
        3     584     585     598
        3     597     584     598
        3     585     586     598
        3     599     598     586
        3     586     587     600
        3     599     586     600
        3     587     588     600
        3     601     600     588
        3     588     589     602
        3     601     588     602
        3     589     590     602
        3     603     602     590
        3     590     591     604
        3     603     590     604
        3     591     592     604
        3     605     604     592
        3     592     593     606
        3     605     592     606
        3     593     594     606
        3     607     606     594
        3     594      90     607
        3      91     607      90
        3     120     121     536
        3     608     112     595
        3     595     596     608
        3     609     608     596
        3     596     597     610
        3     609     596     610
        3     597     598     610
        3     611     610     598
        3     598     599     612
        3     611     598     612
        3     599     600     612
        3     613     612     600
        3     600     601     614
        3     613     600     614
        3     601     602     614
        3     615     614     602
        3     602     603     616
        3     615     602     616
        3     603     604     616
        3     617     616     604
        3     604     605     618
        3     617     604     618
        3     605     606     618
        3     619     618     606
        3     606     607     620
        3     619     606     620
        3       5      74     646
        3     620     607      91
        3     112     608     113
        3     621     113     608
        3     608     609     622
        3     621     608     622
        3     609     610     622
        3     623     622     610
        3     610     611     624
        3     623     610     624
        3     611     612     624
        3     625     624     612
        3     612     613     626
        3     625     612     626
        3     613     614     626
        3     627     626     614
        3     614     615     628
        3     627     614     628
        3     615     616     628
        3     629     628     616
        3     616     617     630
        3     629     616     630
        3     617     618     630
        3     631     630     618
        3     618     619     632
        3     631     618     632
        3     619     620     632
        3     633     632     620
        3     620      91      92
        3     633     620      92
        3     113     621     634
        3       2     113     634
        3     621     622     634
        3     635     634     622
        3     622     623     636
        3     635     622     636
        3     623     624     636
        3     637     636     624
        3     624     625     638
        3     637     624     638
        3     625     626     638
        3     639     638     626
        3     626     627     640
        3     639     626     640
        3     627     628     640
        3     641     640     628
        3     628     629     642
        3     641     628     642
        3     629     630     642
        3     643     642     630
        3     630     631     644
        3     643     630     644
        3     631     632     644
        3     645     644     632
        3     632     633     646
        3     645     632     646
        3     633      92     646
        3       5     646      92
        3     634     635      64
        3       2     634      64
        3     635     636      64
        3      65      64     636
        3     636     637      66
        3      65     636      66
        3     637     638      66
        3      67      66     638
        3     638     639      68
        3      67     638      68
        3     639     640      68
        3      69      68     640
        3     640     641      70
        3      69     640      70
        3     641     642      70
        3      71      70     642
        3     642     643      72
        3      71     642      72
        3     643     644      72
        3      73      72     644
        3     644     645      74
        3      73     644      74
        3     645     646      74
        3       9     135     647
        3     128       9     647
        3     135     136     647
        3     648     647     136
        3     136     137     649
        3     648     136     649
        3     137     138     649
        3     650     649     138
        3     138     139     651
        3     650     138     651
        3     139     140     651
        3     652     651     140
        3     140     141     653
        3     652     140     653
        3     141     142     653
        3     654     653     142
        3     142     143     655
        3     654     142     655
        3     143     144     655
        3     656     655     144
        3     144     145     657
        3     656     144     657
        3     145     146     657
        3     658     657     146
        3     146     147     659
        3     658     146     659
        3     147       8     659
        3     107     659       8
        3     128     647     129
        3     660     129     647
        3     647     648     661
        3     660     647     661
        3     648     649     661
        3     662     661     649
        3     649     650     663
        3     662     649     663
        3     650     651     663
        3     664     663     651
        3     651     652     665
        3     664     651     665
        3     652     653     665
        3     666     665     653
        3     653     654     667
        3     666     653     667
        3     654     655     667
        3     668     667     655
        3     655     656     669
        3     668     655     669
        3     656     657     669
        3     670     669     657
        3     657     658     671
        3     670     657     671
        3     658     659     671
        3     672     671     659
        3     659     107     108
        3     672     659     108
        3     129     660     673
        3     130     129     673
        3     660     661     673
        3     674     673     661
        3     661     662     675
        3     674     661     675
        3     662     663     675
        3     676     675     663
        3     663     664     677
        3     676     663     677
        3     664     665     677
        3     678     677     665
        3     665     666     679
        3     678     665     679
        3     666     667     679
        3     680     679     667
        3     667     668     681
        3     680     667     681
        3     668     669     681
        3     682     681     669
        3     669     670     683
        3     682     669     683
        3     670     671     683
        3     684     683     671
        3     671     672     685
        3     684     671     685
        3     672     108     685
        3     109     685     108
        3     130     673     131
        3     686     131     673
        3     673     674     687
        3     686     673     687
        3     674     675     687
        3     688     687     675
        3     675     676     689
        3     688     675     689
        3     676     677     689
        3     690     689     677
        3     677     678     691
        3     690     677     691
        3     678     679     691
        3     692     691     679
        3     679     680     693
        3     692     679     693
        3     680     681     693
        3     694     693     681
        3     681     682     695
        3     694     681     695
        3     682     683     695
        3     696     695     683
        3     683     684     697
        3     696     683     697
        3     684     685     697
        3     698     697     685
        3     685     109     110
        3     698     685     110
        3     131     686     699
        3     132     131     699
        3     686     687     699
        3     700     699     687
        3     687     688     701
        3     700     687     701
        3     688     689     701
        3     702     701     689
        3     689     690     703
        3     702     689     703
        3     690     691     703
        3     704     703     691
        3     691     692     705
        3     704     691     705
        3     692     693     705
        3     706     705     693
        3     693     694     707
        3     706     693     707
        3     694     695     707
        3     708     707     695
        3     695     696     709
        3     708     695     709
        3     696     697     709
        3     710     709     697
        3     697     698     711
        3     710     697     711
        3     698     110     711
        3     111     711     110
        3     132     699     133
        3     712     133     699
        3     699     700     713
        3     712     699     713
        3     700     701     713
        3     714     713     701
        3     701     702     715
        3     714     701     715
        3     702     703     715
        3     716     715     703
        3     703     704     717
        3     716     703     717
        3     704     705     717
        3     718     717     705
        3     705     706     719
        3     718     705     719
        3     706     707     719
        3     720     719     707
        3     707     708     721
        3     720     707     721
        3     708     709     721
        3     722     721     709
        3     709     710     723
        3     722     709     723
        3     710     711     723
        3     724     723     711
        3     711     111     112
        3     724     711     112
        3     133     712     725
        3     134     133     725
        3     712     713     725
        3     726     725     713
        3     713     714     727
        3     726     713     727
        3     714     715     727
        3     728     727     715
        3     715     716     729
        3     728     715     729
        3     716     717     729
        3     730     729     717
        3     717     718     731
        3     730     717     731
        3     718     719     731
        3     732     731     719
        3     719     720     733
        3     732     719     733
        3     720     721     733
        3     734     733     721
        3     721     722     735
        3     734     721     735
        3     722     723     735
        3     736     735     723
        3     723     724     737
        3     736     723     737
        3     724     112     737
        3     113     737     112
        3     134     725       1
        3      36       1     725
        3     725     726      35
        3      36     725      35
        3     726     727      35
        3      34      35     727
        3     727     728      33
        3      34     727      33
        3     728     729      33
        3      32      33     729
        3     729     730      31
        3      32     729      31
        3     730     731      31
        3      30      31     731
        3     731     732      30
        3      25     737       2
        3     732     733      30
        3      29      30     733
        3     733     734      28
        3      29     733      28
        3     734     735      28
        3      27      28     735
        3     735     736      26
        3      27     735      26
        3     736     737      26
        3      25      26     737
        3     737     113       2
        3       1      24     738
        3     134       1     738
        3      24      23     738
        3     739     738      23
        3      23      22     740
        3     739      23     740
        3      22      21     740
        3     741     740      21
        3      21      20     742
        3     741      21     742
        3      20      19     742
        3     743     742      19
        3      19      18     744
        3     743      19     744
        3      18       0     744
        3     161     744       0
        3     134     738     133
        3     745     133     738
        3     738     739     746
        3     745     738     746
        3     739     740     746
        3     747     746     740
        3     740     741     748
        3     747     740     748
        3     741     742     748
        3     749     748     742
        3     742     743     750
        3     749     742     750
        3     743     744     750
        3     751     750     744
        3     744     161     160
        3     751     744     160
        3     133     745     752
        3     132     133     752
        3     745     746     752
        3     753     752     746
        3     746     747     754
        3     753     746     754
        3     747     748     754
        3     755     754     748
        3     748     749     756
        3     755     748     756
        3     749     750     756
        3     757     756     750
        3     750     751     758
        3     757     750     758
        3     751     160     758
        3     159     758     160
        3     132     752     131
        3     759     131     752
        3     752     753     760
        3     759     752     760
        3     753     754     760
        3     761     760     754
        3     754     755     762
        3     761     754     762
        3     755     756     762
        3     763     762     756
        3     756     757     764
        3     763     756     764
        3     757     758     764
        3     765     764     758
        3     758     159     158
        3     765     758     158
        3     131     759     766
        3     130     131     766
        3     759     760     766
        3     767     766     760
        3     760     761     768
        3     767     760     768
        3     761     762     768
        3     769     768     762
        3     762     763     770
        3     769     762     770
        3     763     764     770
        3     771     770     764
        3     764     765     772
        3     771     764     772
        3     765     158     772
        3     157     772     158
        3     130     766     129
        3     773     129     766
        3     766     767     774
        3     773     766     774
        3     767     768     774
        3     775     774     768
        3     768     769     776
        3     775     768     776
        3     769     770     776
        3     777     776     770
        3     770     771     778
        3     777     770     778
        3     771     772     778
        3     779     778     772
        3     772     157     156
        3     779     772     156
        3     129     773     780
        3     128     129     780
        3     773     774     780
        3     781     780     774
        3     774     775     782
        3     781     774     782
        3     775     776     782
        3     783     782     776
        3     776     777     784
        3     783     776     784
        3     777     778     784
        3     785     784     778
        3     778     779     786
        3     785     778     786
        3     779     156     786
        3     155     786     156
        3     128     780       9
        3     154       9     780
        3     780     781     153
        3     154     780     153
        3     781     782     153
        3     152     153     782
        3     782     783     151
        3     152     782     151
        3     783     784     151
        3     150     151     784
        3     784     785     149
        3     150     784     149
        3     785     786     149
        3     148     149     786
        3     786     155      10
        3     148     786      10
        3      11     162     787
        3     176      11     787
        3     162     163     787
        3     788     787     163
        3     163     164     789
        3     788     163     789
        3     164     165     789
        3     790     789     165
        3     165     166     791
        3     790     165     791
        3     166     167     791
        3     792     791     167
        3     167     168     793
        3     792     167     793
        3     169     170     793
        3     794     793     170
        3     170     171     795
        3     794     170     795
        3     171     172     795
        3     796     795     172
        3     172     173     797
        3     796     172     797
        3     173     174     797
        3     798     797     174
        3     174     175     799
        3     798     174     799
        3     175      10     799
        3     155     799      10
        3     176     787     177
        3     800     177     787
        3     787     788     801
        3     800     787     801
        3     788     789     801
        3     802     801     789
        3     789     790     803
        3     802     789     803
        3     790     791     803
        3     804     803     791
        3     791     792     805
        3     804     791     805
        3     792     793     805
        3     806     805     793
        3     793     794     807
        3     806     793     807
        3     794     795     807
        3     808     807     795
        3     795     796     809
        3     808     795     809
        3     796     797     809
        3     810     809     797
        3     797     798     811
        3     810     797     811
        3     798     799     811
        3     812     811     799
        3     799     155     156
        3     812     799     156
        3     177     800     813
        3     178     177     813
        3     800     801     813
        3     814     813     801
        3     801     802     815
        3     814     801     815
        3     802     803     815
        3     816     815     803
        3     803     804     817
        3     816     803     817
        3     804     805     817
        3     818     817     805
        3     805     806     819
        3     818     805     819
        3     806     807     819
        3     820     819     807
        3     807     808     821
        3     820     807     821
        3     808     809     821
        3     822     821     809
        3     809     810     823
        3     822     809     823
        3     810     811     823
        3     824     823     811
        3     811     812     825
        3     824     811     825
        3     812     156     825
        3     157     825     156
        3     178     813     179
        3     826     179     813
        3     813     814     827
        3     826     813     827
        3     814     815     827
        3     828     827     815
        3     815     816     829
        3     828     815     829
        3     816     817     829
        3     830     829     817
        3     817     818     831
        3     830     817     831
        3     818     819     831
        3     832     831     819
        3     819     820     833
        3     832     819     833
        3     820     821     833
        3     834     833     821
        3     821     822     835
        3     834     821     835
        3     822     823     835
        3     836     835     823
        3     823     824     837
        3     836     823     837
        3     824     825     837
        3     838     837     825
        3     825     157     158
        3     838     825     158
        3     179     826     839
        3     180     179     839
        3     826     827     839
        3     840     839     827
        3     827     828     841
        3     840     827     841
        3     828     829     841
        3     842     841     829
        3     829     830     843
        3     842     829     843
        3     830     831     843
        3     844     843     831
        3     831     832     845
        3     844     831     845
        3     832     833     845
        3     846     845     833
        3     833     834     847
        3     846     833     847
        3     834     835     847
        3     848     847     835
        3     835     836     849
        3     848     835     849
        3     836     837     849
        3     850     849     837
        3     837     838     851
        3     850     837     851
        3     838     158     851
        3     159     851     158
        3     180     839     181
        3     852     181     839
        3     839     840     853
        3     852     839     853
        3     840     841     853
        3     854     853     841
        3     841     842     855
        3     854     841     855
        3     842     843     855
        3     856     855     843
        3     843     844     857
        3     856     843     857
        3     844     845     857
        3     858     857     845
        3     845     846     859
        3     858     845     859
        3     846     847     859
        3     860     859     847
        3     847     848     861
        3     860     847     861
        3     848     849     861
        3     862     861     849
        3     849     850     863
        3     862     849     863
        3     850     851     863
        3     864     863     851
        3     851     159     160
        3     864     851     160
        3     181     852     865
        3     182     181     865
        3     852     853     865
        3     866     865     853
        3     853     854     867
        3     866     853     867
        3     854     855     867
        3     868     867     855
        3     855     856     869
        3     868     855     869
        3     856     857     869
        3     870     869     857
        3     857     858     871
        3     870     857     871
        3     858     859     871
        3     872     871     859
        3     859     860     873
        3     872     859     873
        3     860     861     873
        3     874     873     861
        3     861     862     875
        3     874     861     875
        3     862     863     875
        3     876     875     863
        3     863     864     877
        3     876     863     877
        3     864     160     877
        3     161     877     160
        3     182     865       3
        3      44       3     865
        3     865     866      45
        3      44     865      45
        3     866     867      45
        3      46      45     867
        3     867     868      47
        3      46     867      47
        3     868     869      47
        3      48      47     869
        3     869     870      49
        3      48     869      49
        3     870     871      49
        3      50      49     871
        3     871     872      51
        3      50     871      51
        3     872     873      51
        3      52      51     873
        3     873     874      53
        3      52     873      53
        3     874     875      53
        3      54      53     875
        3     875     876      55
        3      54     875      55
        3     876     877      55
        3      56      55     877
        3     877     161       0
        3      56     877       0
        3     168     169     793
        3       7     196     878
        3     100       7     878
        3     196     195     878
        3     879     878     195
        3     195     194     880
        3     879     195     880
        3     194     193     880
        3     881     880     193
        3     193     192     882
        3     881     193     882
        3     192     191     882
        3     883     882     191
        3     191     190     884
        3     883     191     884
        3     189     188     884
        3     885     884     188
        3     188     187     886
        3     885     188     886
        3     187     186     886
        3     887     886     186
        3     186     185     888
        3     887     186     888
        3     185     184     888
        3     889     888     184
        3     184     183     890
        3     889     184     890
        3     183      11     890
        3     176     890      11
        3     100     878     101
        3     891     101     878
        3     878     879     892
        3     891     878     892
        3     879     880     892
        3     893     892     880
        3     880     881     894
        3     893     880     894
        3     881     882     894
        3     895     894     882
        3     882     883     896
        3     895     882     896
        3     883     884     896
        3     897     896     884
        3     884     885     898
        3     897     884     898
        3     885     886     898
        3     899     898     886
        3     886     887     900
        3     899     886     900
        3     887     888     900
        3     901     900     888
        3     888     889     902
        3     901     888     902
        3     889     890     902
        3     903     902     890
        3     890     176     177
        3     903     890     177
        3     101     891     904
        3     102     101     904
        3     891     892     904
        3     905     904     892
        3     892     893     906
        3     905     892     906
        3     893     894     906
        3     907     906     894
        3     894     895     908
        3     907     894     908
        3     895     896     908
        3     909     908     896
        3     896     897     910
        3     909     896     910
        3     897     898     910
        3     911     910     898
        3     898     899     912
        3     911     898     912
        3     899     900     912
        3     913     912     900
        3     900     901     914
        3     913     900     914
        3     901     902     914
        3     915     914     902
        3     902     903     916
        3     915     902     916
        3     903     177     916
        3     178     916     177
        3     102     904     103
        3     917     103     904
        3     904     905     918
        3     917     904     918
        3     905     906     918
        3     919     918     906
        3     906     907     920
        3     919     906     920
        3     907     908     920
        3     921     920     908
        3     908     909     922
        3     921     908     922
        3     909     910     922
        3     923     922     910
        3     910     911     924
        3     923     910     924
        3     911     912     924
        3     925     924     912
        3     912     913     926
        3     925     912     926
        3     913     914     926
        3     927     926     914
        3     914     915     928
        3     927     914     928
        3     915     916     928
        3     929     928     916
        3     916     178     179
        3     929     916     179
        3     103     917     930
        3     104     103     930
        3     917     918     930
        3     931     930     918
        3     918     919     932
        3     931     918     932
        3     919     920     932
        3     933     932     920
        3     920     921     934
        3     933     920     934
        3     921     922     934
        3     935     934     922
        3     922     923     936
        3     935     922     936
        3     923     924     936
        3     937     936     924
        3     924     925     938
        3     937     924     938
        3     925     926     938
        3     939     938     926
        3     926     927     940
        3     939     926     940
        3     927     928     940
        3     941     940     928
        3     928     929     942
        3     941     928     942
        3     929     179     942
        3     180     942     179
        3     104     930     943
        3     105     104     943
        3     930     931     944
        3     943     930     944
        3     931     932     944
        3     945     944     932
        3     932     933     946
        3     945     932     946
        3     933     934     946
        3     947     946     934
        3     934     935     948
        3     947     934     948
        3     935     936     948
        3     949     948     936
        3     936     937     950
        3     949     936     950
        3     937     938     950
        3     951     950     938
        3     938     939     952
        3     951     938     952
        3     939     940     952
        3     953     952     940
        3     940     941     954
        3     953     940     954
        3     941     942     954
        3     955     954     942
        3     942     180     955
        3     181     955     180
        3     190     189     884
        3     956     105     943
        3     943     944     956
        3     957     956     944
        3     944     945     958
        3     957     944     958
        3     945     946     958
        3     959     958     946
        3     946     947     960
        3     959     946     960
        3     947     948     960
        3     961     960     948
        3     948     949     962
        3     961     948     962
        3     949     950     962
        3     963     962     950
        3     950     951     964
        3     963     950     964
        3     951     952     964
        3     965     964     952
        3     952     953     966
        3     965     952     966
        3     953     954     966
        3     967     966     954
        3     954     955     968
        3     967     954     968
        3       3      75     994
        3     968     955     181
        3     105     956     106
        3     969     106     956
        3     956     957     970
        3     969     956     970
        3     957     958     970
        3     971     970     958
        3     958     959     972
        3     971     958     972
        3     959     960     972
        3     973     972     960
        3     960     961     974
        3     973     960     974
        3     961     962     974
        3     975     974     962
        3     962     963     976
        3     975     962     976
        3     963     964     976
        3     977     976     964
        3     964     965     978
        3     977     964     978
        3     965     966     978
        3     979     978     966
        3     966     967     980
        3     979     966     980
        3     967     968     980
        3     981     980     968
        3     968     181     182
        3     981     968     182
        3     106     969     982
        3       4     106     982
        3     969     970     982
        3     983     982     970
        3     970     971     984
        3     983     970     984
        3     971     972     984
        3     985     984     972
        3     972     973     986
        3     985     972     986
        3     973     974     986
        3     987     986     974
        3     974     975     988
        3     987     974     988
        3     975     976     988
        3     989     988     976
        3     976     977     990
        3     989     976     990
        3     977     978     990
        3     991     990     978
        3     978     979     992
        3     991     978     992
        3     979     980     992
        3     993     992     980
        3     980     981     994
        3     993     980     994
        3     981     182     994
        3       3     994     182
        3     982     983      85
        3       4     982      85
        3     983     984      85
        3      84      85     984
        3     984     985      83
        3      84     984      83
        3     985     986      83
        3      82      83     986
        3     986     987      81
        3      82     986      81
        3     987     988      81
        3      80      81     988
        3     988     989      79
        3      80     988      79
        3     989     990      79
        3      78      79     990
        3     990     991      77
        3      78     990      77
        3     991     992      77
        3      76      77     992
        3     992     993      75
        3      76     992      75
        3     993     994      75
        3      11     183     995
        3     204      11     995
        3     183     184     995
        3     996     995     184
        3     184     185     997
        3     996     184     997
        3     185     186     997
        3     998     997     186
        3     186     187     999
        3     998     186     999
        3     187     188     999
        3    1000     999     188
        3     188     189    1001
        3    1000     188    1001
        3     190     191    1001
        3    1002    1001     191
        3     191     192    1003
        3    1002     191    1003
        3     192     193    1003
        3    1004    1003     193
        3     193     194    1005
        3    1004     193    1005
        3     194     195    1005
        3    1006    1005     195
        3     195     196    1007
        3    1006     195    1007
        3     196       7    1007
        3     223    1007       7
        3     204     995     203
        3    1008     203     995
        3     995     996    1009
        3    1008     995    1009
        3     996     997    1009
        3    1010    1009     997
        3     997     998    1011
        3    1010     997    1011
        3     998     999    1011
        3    1012    1011     999
        3     999    1000    1013
        3    1012     999    1013
        3    1000    1001    1013
        3    1014    1013    1001
        3    1001    1002    1015
        3    1014    1001    1015
        3    1002    1003    1015
        3    1016    1015    1003
        3    1003    1004    1017
        3    1016    1003    1017
        3    1004    1005    1017
        3    1018    1017    1005
        3    1005    1006    1019
        3    1018    1005    1019
        3    1006    1007    1019
        3    1020    1019    1007
        3    1007     223     222
        3    1020    1007     222
        3     203    1008    1021
        3     202     203    1021
        3    1008    1009    1021
        3    1022    1021    1009
        3    1009    1010    1023
        3    1022    1009    1023
        3    1010    1011    1023
        3    1024    1023    1011
        3    1011    1012    1025
        3    1024    1011    1025
        3    1012    1013    1025
        3    1026    1025    1013
        3    1013    1014    1027
        3    1026    1013    1027
        3    1014    1015    1027
        3    1028    1027    1015
        3    1015    1016    1029
        3    1028    1015    1029
        3    1016    1017    1029
        3    1030    1029    1017
        3    1017    1018    1031
        3    1030    1017    1031
        3    1018    1019    1031
        3    1032    1031    1019
        3    1019    1020    1033
        3    1032    1019    1033
        3    1020     222    1033
        3     221    1033     222
        3     202    1021     201
        3    1034     201    1021
        3    1021    1022    1035
        3    1034    1021    1035
        3    1022    1023    1035
        3    1036    1035    1023
        3    1023    1024    1037
        3    1036    1023    1037
        3    1024    1025    1037
        3    1038    1037    1025
        3    1025    1026    1039
        3    1038    1025    1039
        3    1026    1027    1039
        3    1040    1039    1027
        3    1027    1028    1041
        3    1040    1027    1041
        3    1028    1029    1041
        3    1042    1041    1029
        3    1029    1030    1043
        3    1042    1029    1043
        3    1030    1031    1043
        3    1044    1043    1031
        3    1031    1032    1045
        3    1044    1031    1045
        3    1032    1033    1045
        3    1046    1045    1033
        3    1033     221     220
        3    1046    1033     220
        3     201    1034    1047
        3     200     201    1047
        3    1034    1035    1047
        3    1048    1047    1035
        3    1035    1036    1049
        3    1048    1035    1049
        3    1036    1037    1049
        3    1050    1049    1037
        3    1037    1038    1051
        3    1050    1037    1051
        3    1038    1039    1051
        3    1052    1051    1039
        3    1039    1040    1053
        3    1052    1039    1053
        3    1040    1041    1053
        3    1054    1053    1041
        3    1041    1042    1055
        3    1054    1041    1055
        3    1042    1043    1055
        3    1056    1055    1043
        3    1043    1044    1057
        3    1056    1043    1057
        3    1044    1045    1057
        3    1058    1057    1045
        3    1045    1046    1059
        3    1058    1045    1059
        3    1046     220    1059
        3     219    1059     220
        3     200    1047     199
        3    1060     199    1047
        3    1047    1048    1061
        3    1060    1047    1061
        3    1048    1049    1061
        3    1062    1061    1049
        3    1049    1050    1063
        3    1062    1049    1063
        3    1050    1051    1063
        3    1064    1063    1051
        3    1051    1052    1065
        3    1064    1051    1065
        3    1052    1053    1065
        3    1066    1065    1053
        3    1053    1054    1067
        3    1066    1053    1067
        3    1054    1055    1067
        3    1068    1067    1055
        3    1055    1056    1069
        3    1068    1055    1069
        3    1056    1057    1069
        3    1070    1069    1057
        3    1057    1058    1071
        3    1070    1057    1071
        3    1058    1059    1071
        3    1072    1071    1059
        3    1059     219     218
        3    1072    1059     218
        3     199    1060    1073
        3     198     199    1073
        3    1060    1061    1073
        3    1074    1073    1061
        3    1061    1062    1075
        3    1074    1061    1075
        3    1062    1063    1075
        3    1076    1075    1063
        3    1063    1064    1077
        3    1076    1063    1077
        3    1064    1065    1077
        3    1078    1077    1065
        3    1065    1066    1079
        3    1078    1065    1079
        3    1066    1067    1079
        3    1080    1079    1067
        3    1067    1068    1081
        3    1080    1067    1081
        3    1068    1069    1081
        3    1082    1081    1069
        3    1069    1070    1083
        3    1082    1069    1083
        3    1070    1071    1083
        3    1084    1083    1071
        3    1071    1072    1085
        3    1084    1071    1085
        3    1072     218    1085
        3     217    1085     218
        3     198    1073     197
        3    1086     197    1073
        3    1073    1074    1087
        3    1086    1073    1087
        3    1074    1075    1087
        3    1088    1087    1075
        3    1075    1076    1089
        3    1088    1075    1089
        3    1076    1077    1089
        3    1090    1089    1077
        3    1077    1078    1091
        3    1090    1077    1091
        3    1078    1079    1091
        3    1092    1091    1079
        3    1079    1080    1093
        3    1092    1079    1093
        3    1080    1081    1093
        3    1094    1093    1081
        3    1081    1082    1095
        3    1094    1081    1095
        3    1082    1083    1095
        3    1096    1095    1083
        3    1083    1084    1097
        3    1096    1083    1097
        3    1084    1085    1097
        3    1098    1097    1085
        3    1085     217     216
        3    1098    1085     216
        3     197    1086    1099
        3      12     197    1099
        3    1086    1087    1099
        3    1100    1099    1087
        3    1087    1088    1101
        3    1100    1087    1101
        3    1088    1089    1101
        3    1102    1101    1089
        3    1089    1090    1103
        3    1102    1089    1103
        3    1090    1091    1103
        3    1104    1103    1091
        3    1091    1092    1105
        3    1104    1091    1105
        3    1092    1093    1105
        3    1106    1105    1093
        3    1093    1094    1107
        3    1106    1093    1107
        3    1094    1095    1107
        3    1108    1107    1095
        3    1095    1096    1109
        3    1108    1095    1109
        3    1096    1097    1109
        3    1110    1109    1097
        3    1097    1098    1111
        3    1110    1097    1111
        3    1098     216    1111
        3      13    1111     216
        3    1099    1100     205
        3      12    1099     205
        3    1100    1101     205
        3     206     205    1101
        3    1101    1102     207
        3     206    1101     207
        3    1102    1103     207
        3     208     207    1103
        3    1103    1104     209
        3     208    1103     209
        3    1104    1105     209
        3     210     209    1105
        3    1105    1106     211
        3     210    1105     211
        3    1106    1107     211
        3     212     211    1107
        3    1107    1108     213
        3     212    1107     213
        3    1108    1109     213
        3     214     213    1109
        3    1109    1110     215
        3     214    1109     215
        3    1110    1111     215
        3      13     215    1111
        3     189     190    1001
        3      10     175    1112
        3     231      10    1112
        3     175     174    1112
        3    1113    1112     174
        3     174     173    1114
        3    1113     174    1114
        3     173     172    1114
        3    1115    1114     172
        3     172     171    1116
        3    1115     172    1116
        3     171     170    1116
        3    1117    1116     170
        3     170     169    1118
        3    1117     170    1118
        3     168     167    1118
        3    1119    1118     167
        3     167     166    1120
        3    1119     167    1120
        3     166     165    1120
        3    1121    1120     165
        3     165     164    1122
        3    1121     165    1122
        3     164     163    1122
        3    1123    1122     163
        3     163     162    1124
        3    1123     163    1124
        3     162      11    1124
        3     204    1124      11
        3     231    1112     230
        3    1125     230    1112
        3    1112    1113    1126
        3    1125    1112    1126
        3    1113    1114    1126
        3    1127    1126    1114
        3    1114    1115    1128
        3    1127    1114    1128
        3    1115    1116    1128
        3    1129    1128    1116
        3    1116    1117    1130
        3    1129    1116    1130
        3    1117    1118    1130
        3    1131    1130    1118
        3    1118    1119    1132
        3    1131    1118    1132
        3    1119    1120    1132
        3    1133    1132    1120
        3    1120    1121    1134
        3    1133    1120    1134
        3    1121    1122    1134
        3    1135    1134    1122
        3    1122    1123    1136
        3    1135    1122    1136
        3    1123    1124    1136
        3    1137    1136    1124
        3    1124     204     203
        3    1137    1124     203
        3     230    1125    1138
        3     229     230    1138
        3    1125    1126    1138
        3    1139    1138    1126
        3    1126    1127    1140
        3    1139    1126    1140
        3    1127    1128    1140
        3    1141    1140    1128
        3    1128    1129    1142
        3    1141    1128    1142
        3    1129    1130    1142
        3    1143    1142    1130
        3    1130    1131    1144
        3    1143    1130    1144
        3    1131    1132    1144
        3    1145    1144    1132
        3    1132    1133    1146
        3    1145    1132    1146
        3    1133    1134    1146
        3    1147    1146    1134
        3    1134    1135    1148
        3    1147    1134    1148
        3    1135    1136    1148
        3    1149    1148    1136
        3    1136    1137    1150
        3    1149    1136    1150
        3    1137     203    1150
        3     202    1150     203
        3     229    1138     228
        3    1151     228    1138
        3    1138    1139    1152
        3    1151    1138    1152
        3    1139    1140    1152
        3    1153    1152    1140
        3    1140    1141    1154
        3    1153    1140    1154
        3    1141    1142    1154
        3    1155    1154    1142
        3    1142    1143    1156
        3    1155    1142    1156
        3    1143    1144    1156
        3    1157    1156    1144
        3    1144    1145    1158
        3    1157    1144    1158
        3    1145    1146    1158
        3    1159    1158    1146
        3    1146    1147    1160
        3    1159    1146    1160
        3    1147    1148    1160
        3    1161    1160    1148
        3    1148    1149    1162
        3    1161    1148    1162
        3    1149    1150    1162
        3    1163    1162    1150
        3    1150     202     201
        3    1163    1150     201
        3     227    1151    1164
        3     226     227    1164
        3    1151    1152    1164
        3    1165    1164    1152
        3    1152    1153    1166
        3    1165    1152    1166
        3    1153    1154    1166
        3    1167    1166    1154
        3    1154    1155    1168
        3    1167    1154    1168
        3    1155    1156    1168
        3    1169    1168    1156
        3    1156    1157    1170
        3    1169    1156    1170
        3    1157    1158    1170
        3    1171    1170    1158
        3    1158    1159    1172
        3    1171    1158    1172
        3    1159    1160    1172
        3    1173    1172    1160
        3    1160    1161    1174
        3    1173    1160    1174
        3    1161    1162    1174
        3    1175    1174    1162
        3    1162    1163    1176
        3    1175    1162    1176
        3    1163     200    1176
        3     199    1176     200
        3     226    1164     225
        3    1177     225    1164
        3    1164    1165    1178
        3    1177    1164    1178
        3    1165    1166    1178
        3    1179    1178    1166
        3    1166    1167    1180
        3    1179    1166    1180
        3    1167    1168    1180
        3    1181    1180    1168
        3    1168    1169    1182
        3    1181    1168    1182
        3    1169    1170    1182
        3    1183    1182    1170
        3    1170    1171    1184
        3    1183    1170    1184
        3    1171    1172    1184
        3    1185    1184    1172
        3    1172    1173    1186
        3    1185    1172    1186
        3    1173    1174    1186
        3    1187    1186    1174
        3    1174    1175    1188
        3    1187    1174    1188
        3    1175    1176    1188
        3    1189    1188    1176
        3    1176     199     198
        3    1189    1176     198
        3     225    1177    1190
        3     224     225    1190
        3    1177    1178    1190
        3    1191    1190    1178
        3    1178    1179    1192
        3    1191    1178    1192
        3    1179    1180    1192
        3    1193    1192    1180
        3    1180    1181    1194
        3    1193    1180    1194
        3    1181    1182    1194
        3    1195    1194    1182
        3    1182    1183    1196
        3    1195    1182    1196
        3    1183    1184    1196
        3    1197    1196    1184
        3    1184    1185    1198
        3    1197    1184    1198
        3    1185    1186    1198
        3    1199    1198    1186
        3    1186    1187    1200
        3    1199    1186    1200
        3    1187    1188    1200
        3    1201    1200    1188
        3    1188    1189    1202
        3    1201    1188    1202
        3    1189     198    1202
        3     197    1202     198
        3     224    1190      14
        3     244      14    1190
        3    1190    1191     243
        3     244    1190     243
        3    1191    1192     243
        3     242     243    1192
        3    1192    1193     241
        3     242    1192     241
        3    1193    1194     241
        3     240     241    1194
        3    1194    1195     239
        3     240    1194     239
        3    1195    1196     239
        3     238     239    1196
        3    1196    1197     237
        3     238    1196     237
        3    1197    1198     237
        3     236     237    1198
        3    1198    1199     235
        3     236    1198     235
        3    1199    1200     235
        3     234     235    1200
        3    1200    1201     233
        3     234    1200     233
        3    1201    1202     233
        3     232     233    1202
        3    1202     197      12
        3     232    1202      12
        3     169     168    1118
        3     201     200    1163
        3     227     228    1151
        3      10     231    1203
        3     148      10    1203
        3     231     230    1203
        3    1204    1203     230
        3     230     229    1205
        3    1204     230    1205
        3     229     228    1205
        3    1206    1205     228
        3     227     226    1207
        3    1206     227    1207
        3     226     225    1207
        3    1208    1207     225
        3     225     224    1209
        3    1208     225    1209
        3     224      14    1209
        3     253    1209      14
        3     148    1203     149
        3    1210     149    1203
        3    1203    1204    1211
        3    1210    1203    1211
        3    1204    1205    1211
        3    1212    1211    1205
        3    1205    1206    1213
        3    1212    1205    1213
        3    1206    1207    1213
        3    1214    1213    1207
        3    1207    1208    1215
        3    1214    1207    1215
        3    1208    1209    1215
        3    1216    1215    1209
        3    1209     253     254
        3    1216    1209     254
        3     149    1210    1217
        3     150     149    1217
        3    1210    1211    1217
        3    1218    1217    1211
        3    1211    1212    1219
        3    1218    1211    1219
        3    1212    1213    1219
        3    1220    1219    1213
        3    1213    1214    1221
        3    1220    1213    1221
        3    1214    1215    1221
        3    1222    1221    1215
        3    1215    1216    1223
        3    1222    1215    1223
        3    1216     254    1223
        3     255    1223     254
        3     150    1217     151
        3    1224     151    1217
        3    1217    1218    1225
        3    1224    1217    1225
        3    1218    1219    1225
        3    1226    1225    1219
        3    1219    1220    1227
        3    1226    1219    1227
        3    1220    1221    1227
        3    1228    1227    1221
        3    1221    1222    1229
        3    1228    1221    1229
        3    1222    1223    1229
        3    1230    1229    1223
        3    1223     255     256
        3    1230    1223     256
        3     151    1224    1231
        3     152     151    1231
        3    1224    1225    1231
        3    1232    1231    1225
        3    1225    1226    1233
        3    1232    1225    1233
        3    1226    1227    1233
        3    1234    1233    1227
        3    1227    1228    1235
        3    1234    1227    1235
        3    1228    1229    1235
        3    1236    1235    1229
        3    1229    1230    1237
        3    1236    1229    1237
        3    1230     256    1237
        3     257    1237     256
        3     152    1231     153
        3    1238     153    1231
        3    1231    1232    1239
        3    1238    1231    1239
        3    1232    1233    1239
        3    1240    1239    1233
        3    1233    1234    1241
        3    1240    1233    1241
        3    1234    1235    1241
        3    1242    1241    1235
        3    1235    1236    1243
        3    1242    1235    1243
        3    1236    1237    1243
        3    1244    1243    1237
        3    1237     257     258
        3    1244    1237     258
        3     153    1238    1245
        3     154     153    1245
        3    1238    1239    1245
        3    1246    1245    1239
        3    1239    1240    1247
        3    1246    1239    1247
        3    1240    1241    1247
        3    1248    1247    1241
        3    1241    1242    1249
        3    1248    1241    1249
        3    1242    1243    1249
        3    1250    1249    1243
        3    1243    1244    1251
        3    1250    1243    1251
        3    1244     258    1251
        3     259    1251     258
        3     154    1245       9
        3     252       9    1245
        3    1245    1246     251
        3     252    1245     251
        3    1246    1247     251
        3     250     251    1247
        3    1247    1248     249
        3     250    1247     249
        3    1248    1249     248
        3     247     248    1249
        3    1249    1250     246
        3     247    1249     246
        3    1250    1251     246
        3     245     246    1251
        3    1251     259      15
        3     245    1251      15
        3     228     227    1206
        3     248     249    1248
        3       8     147    1252
        3     279       8    1252
        3     147     146    1252
        3    1253    1252     146
        3     146     145    1254
        3    1253     146    1254
        3     145     144    1254
        3    1255    1254     144
        3     144     143    1256
        3    1255     144    1256
        3     143     142    1256
        3    1257    1256     142
        3     142     141    1258
        3    1257     142    1258
        3     141     140    1258
        3    1259    1258     140
        3     140     139    1260
        3    1259     140    1260
        3     139     138    1260
        3    1261    1260     138
        3     138     137    1262
        3    1261     138    1262
        3     137     136    1262
        3    1263    1262     136
        3     136     135    1264
        3    1263     136    1264
        3     135       9    1264
        3     252    1264       9
        3     279    1252     278
        3    1265     278    1252
        3    1252    1253    1266
        3    1265    1252    1266
        3    1253    1254    1266
        3    1267    1266    1254
        3    1254    1255    1268
        3    1267    1254    1268
        3    1255    1256    1268
        3    1269    1268    1256
        3    1256    1257    1270
        3    1269    1256    1270
        3    1257    1258    1270
        3    1271    1270    1258
        3    1258    1259    1272
        3    1271    1258    1272
        3    1259    1260    1272
        3    1273    1272    1260
        3    1260    1261    1274
        3    1273    1260    1274
        3    1261    1262    1274
        3    1275    1274    1262
        3    1262    1263    1276
        3    1275    1262    1276
        3    1263    1264    1276
        3    1277    1276    1264
        3    1264     252     251
        3    1277    1264     251
        3     278    1265    1278
        3     277     278    1278
        3    1265    1266    1278
        3    1279    1278    1266
        3    1266    1267    1280
        3    1279    1266    1280
        3    1267    1268    1280
        3    1281    1280    1268
        3    1268    1269    1282
        3    1281    1268    1282
        3    1269    1270    1282
        3    1283    1282    1270
        3    1270    1271    1284
        3    1283    1270    1284
        3    1271    1272    1284
        3    1285    1284    1272
        3    1272    1273    1286
        3    1285    1272    1286
        3    1273    1274    1286
        3    1287    1286    1274
        3    1274    1275    1288
        3    1287    1274    1288
        3    1275    1276    1288
        3    1289    1288    1276
        3    1276    1277    1290
        3    1289    1276    1290
        3    1277     251    1290
        3     250    1290     251
        3     277    1278     276
        3    1291     276    1278
        3    1278    1279    1292
        3    1291    1278    1292
        3    1279    1280    1292
        3    1293    1292    1280
        3    1280    1281    1294
        3    1293    1280    1294
        3    1281    1282    1294
        3    1295    1294    1282
        3    1282    1283    1296
        3    1295    1282    1296
        3    1283    1284    1296
        3    1297    1296    1284
        3    1284    1285    1298
        3    1297    1284    1298
        3    1285    1286    1298
        3    1299    1298    1286
        3    1286    1287    1300
        3    1299    1286    1300
        3    1287    1288    1300
        3    1301    1300    1288
        3    1288    1289    1302
        3    1301    1288    1302
        3    1289    1290    1302
        3    1303    1302    1290
        3    1290     250     249
        3    1303    1290     249
        3     275    1291    1304
        3     274     275    1304
        3    1291    1292    1304
        3    1305    1304    1292
        3    1292    1293    1306
        3    1305    1292    1306
        3    1293    1294    1306
        3    1307    1306    1294
        3    1294    1295    1308
        3    1307    1294    1308
        3    1295    1296    1308
        3    1309    1308    1296
        3    1296    1297    1310
        3    1309    1296    1310
        3    1297    1298    1310
        3    1311    1310    1298
        3    1298    1299    1312
        3    1311    1298    1312
        3    1299    1300    1312
        3    1313    1312    1300
        3    1300    1301    1314
        3    1313    1300    1314
        3    1301    1302    1314
        3    1315    1314    1302
        3    1302    1303    1316
        3    1315    1302    1316
        3    1303     248    1316
        3     247    1316     248
        3     274    1304     273
        3    1317     273    1304
        3    1304    1305    1318
        3    1317    1304    1318
        3    1305    1306    1318
        3    1319    1318    1306
        3    1306    1307    1320
        3    1319    1306    1320
        3    1307    1308    1320
        3    1321    1320    1308
        3    1308    1309    1322
        3    1321    1308    1322
        3    1309    1310    1322
        3    1323    1322    1310
        3    1310    1311    1324
        3    1323    1310    1324
        3    1311    1312    1324
        3    1325    1324    1312
        3    1312    1313    1326
        3    1325    1312    1326
        3    1313    1314    1326
        3    1327    1326    1314
        3    1314    1315    1328
        3    1327    1314    1328
        3    1315    1316    1328
        3    1329    1328    1316
        3    1316     247     246
        3    1329    1316     246
        3     273    1317    1330
        3     272     273    1330
        3    1317    1318    1330
        3    1331    1330    1318
        3    1318    1319    1332
        3    1331    1318    1332
        3    1319    1320    1332
        3    1333    1332    1320
        3    1320    1321    1334
        3    1333    1320    1334
        3    1321    1322    1334
        3    1335    1334    1322
        3    1322    1323    1336
        3    1335    1322    1336
        3    1323    1324    1336
        3    1337    1336    1324
        3    1324    1325    1338
        3    1337    1324    1338
        3    1325    1326    1338
        3    1339    1338    1326
        3    1326    1327    1340
        3    1339    1326    1340
        3    1327    1328    1340
        3    1341    1340    1328
        3    1328    1329    1342
        3    1341    1328    1342
        3    1329     246    1342
        3     245    1342     246
        3     272    1330      16
        3     260      16    1330
        3    1330    1331     261
        3     260    1330     261
        3    1331    1332     261
        3     262     261    1332
        3    1332    1333     263
        3     262    1332     263
        3    1333    1334     263
        3     264     263    1334
        3    1334    1335     265
        3     264    1334     265
        3    1335    1336     265
        3     266     265    1336
        3    1336    1337     266
        3     249     248    1303
        3    1337    1338     266
        3     267     266    1338
        3    1338    1339     268
        3     267    1338     268
        3    1339    1340     268
        3     269     268    1340
        3    1340    1341     270
        3     269    1340     270
        3    1341    1342     270
        3     271     270    1342
        3    1342     245      15
        3     271    1342      15
        3     275     276    1291
        3       6     127    1343
        3     298       6    1343
        3     127     126    1343
        3    1344    1343     126
        3     126     125    1345
        3    1344     126    1345
        3     125     124    1345
        3    1346    1345     124
        3     124     123    1347
        3    1346     124    1347
        3     123     122    1347
        3    1348    1347     122
        3     122     121    1349
        3    1348     122    1349
        3     120     119    1349
        3    1350    1349     119
        3     119     118    1351
        3    1350     119    1351
        3     118     117    1351
        3    1352    1351     117
        3     117     116    1353
        3    1352     117    1353
        3     116     115    1353
        3    1354    1353     115
        3     115     114    1355
        3    1354     115    1355
        3     114       8    1355
        3     279    1355       8
        3     298    1343     297
        3    1356     297    1343
        3    1343    1344    1357
        3    1356    1343    1357
        3    1344    1345    1357
        3    1358    1357    1345
        3    1345    1346    1359
        3    1358    1345    1359
        3    1346    1347    1359
        3    1360    1359    1347
        3    1347    1348    1361
        3    1360    1347    1361
        3    1348    1349    1361
        3    1362    1361    1349
        3    1349    1350    1363
        3    1362    1349    1363
        3    1350    1351    1363
        3    1364    1363    1351
        3    1351    1352    1365
        3    1364    1351    1365
        3    1352    1353    1365
        3    1366    1365    1353
        3    1353    1354    1367
        3    1366    1353    1367
        3    1354    1355    1367
        3    1368    1367    1355
        3    1355     279     278
        3    1368    1355     278
        3     297    1356    1369
        3     296     297    1369
        3    1356    1357    1369
        3    1370    1369    1357
        3    1357    1358    1371
        3    1370    1357    1371
        3    1358    1359    1371
        3    1372    1371    1359
        3    1359    1360    1373
        3    1372    1359    1373
        3    1360    1361    1373
        3    1374    1373    1361
        3    1361    1362    1375
        3    1374    1361    1375
        3    1362    1363    1375
        3    1376    1375    1363
        3    1363    1364    1377
        3    1376    1363    1377
        3    1364    1365    1377
        3    1378    1377    1365
        3    1365    1366    1379
        3    1378    1365    1379
        3    1366    1367    1379
        3    1380    1379    1367
        3    1367    1368    1381
        3    1380    1367    1381
        3    1368     278    1381
        3     277    1381     278
        3     296    1369     295
        3    1382     295    1369
        3    1369    1370    1383
        3    1382    1369    1383
        3    1370    1371    1383
        3    1384    1383    1371
        3    1371    1372    1385
        3    1384    1371    1385
        3    1372    1373    1385
        3    1386    1385    1373
        3    1373    1374    1387
        3    1386    1373    1387
        3    1374    1375    1387
        3    1388    1387    1375
        3    1375    1376    1389
        3    1388    1375    1389
        3    1376    1377    1389
        3    1390    1389    1377
        3    1377    1378    1391
        3    1390    1377    1391
        3    1378    1379    1391
        3    1392    1391    1379
        3    1379    1380    1393
        3    1392    1379    1393
        3    1380    1381    1393
        3    1394    1393    1381
        3    1381     277     276
        3    1394    1381     276
        3     295    1382    1395
        3     294     295    1395
        3    1382    1383    1395
        3    1396    1395    1383
        3    1383    1384    1397
        3    1396    1383    1397
        3    1384    1385    1397
        3    1398    1397    1385
        3    1385    1386    1399
        3    1398    1385    1399
        3    1386    1387    1399
        3    1400    1399    1387
        3    1387    1388    1401
        3    1400    1387    1401
        3    1388    1389    1401
        3    1402    1401    1389
        3    1389    1390    1403
        3    1402    1389    1403
        3    1390    1391    1403
        3    1404    1403    1391
        3    1391    1392    1405
        3    1404    1391    1405
        3    1392    1393    1405
        3    1406    1405    1393
        3    1393    1394    1407
        3    1406    1393    1407
        3    1394     276    1407
        3     275    1407     276
        3     294    1395     293
        3    1408     293    1395
        3    1395    1396    1409
        3    1408    1395    1409
        3    1396    1397    1409
        3    1410    1409    1397
        3    1397    1398    1411
        3    1410    1397    1411
        3    1398    1399    1411
        3    1412    1411    1399
        3    1399    1400    1413
        3    1412    1399    1413
        3    1400    1401    1413
        3    1414    1413    1401
        3    1401    1402    1415
        3    1414    1401    1415
        3    1402    1403    1415
        3    1416    1415    1403
        3    1403    1404    1417
        3    1416    1403    1417
        3    1404    1405    1417
        3    1418    1417    1405
        3    1405    1406    1419
        3    1418    1405    1419
        3    1406    1407    1419
        3    1420    1419    1407
        3    1407     275     274
        3    1420    1407     274
        3     293    1408    1421
        3     292     293    1421
        3    1408    1409    1421
        3    1422    1421    1409
        3    1409    1410    1423
        3    1422    1409    1423
        3    1410    1411    1423
        3    1424    1423    1411
        3    1411    1412    1425
        3    1424    1411    1425
        3    1412    1413    1425
        3    1426    1425    1413
        3    1413    1414    1427
        3    1426    1413    1427
        3    1414    1415    1427
        3    1428    1427    1415
        3    1415    1416    1429
        3    1428    1415    1429
        3    1416    1417    1429
        3    1430    1429    1417
        3    1417    1418    1431
        3    1430    1417    1431
        3    1418    1419    1431
        3    1432    1431    1419
        3    1419    1420    1433
        3    1432    1419    1433
        3    1420     274    1433
        3     273    1433     274
        3     292    1421     291
        3    1434     291    1421
        3    1421    1422    1435
        3    1434    1421    1435
        3    1422    1423    1435
        3    1436    1435    1423
        3    1423    1424    1437
        3    1436    1423    1437
        3    1424    1425    1437
        3    1438    1437    1425
        3    1425    1426    1439
        3    1438    1425    1439
        3    1426    1427    1439
        3    1440    1439    1427
        3    1427    1428    1441
        3    1440    1427    1441
        3    1428    1429    1441
        3    1442    1441    1429
        3    1429    1430    1443
        3    1442    1429    1443
        3    1430    1431    1443
        3    1444    1443    1431
        3    1431    1432    1445
        3    1444    1431    1445
        3    1432    1433    1445
        3    1446    1445    1433
        3    1433     273     272
        3    1446    1433     272
        3     291    1434    1447
        3      17     291    1447
        3    1434    1435    1447
        3    1448    1447    1435
        3    1435    1436    1449
        3    1448    1435    1449
        3    1436    1437    1449
        3    1450    1449    1437
        3    1437    1438    1451
        3    1450    1437    1451
        3    1438    1439    1451
        3    1452    1451    1439
        3    1439    1440    1453
        3    1452    1439    1453
        3    1440    1441    1453
        3    1454    1453    1441
        3    1441    1442    1455
        3    1454    1441    1455
        3    1442    1443    1455
        3    1456    1455    1443
        3    1443    1444    1457
        3    1456    1443    1457
        3    1444    1445    1457
        3    1458    1457    1445
        3    1445    1446    1459
        3    1458    1445    1459
        3    1446     272    1459
        3      16    1459     272
        3    1447    1448     290
        3      17    1447     290
        3    1448    1449     290
        3     289     290    1449
        3    1449    1450     288
        3     289    1449     288
        3    1450    1451     288
        3     287     288    1451
        3    1451    1452     286
        3     287    1451     286
        3    1452    1453     286
        3     285     286    1453
        3    1453    1454     284
        3     285    1453     284
        3    1454    1455     284
        3     283     284    1455
        3    1455    1456     282
        3     283    1455     282
        3    1456    1457     282
        3     281     282    1457
        3    1457    1458     280
        3     281    1457     280
        3    1458    1459     280
        3      16     280    1459
        3     121     120    1349
        3      13     216    1460
        3     299      13    1460
        3     216     217    1460
        3    1461    1460     217
        3     217     218    1462
        3    1461     217    1462
        3     218     219    1462
        3    1463    1462     219
        3     220     221    1464
        3    1463     220    1464
        3     221     222    1464
        3    1465    1464     222
        3     222     223    1466
        3    1465     222    1466
        3     223       7    1466
        3      93    1466       7
        3     299    1460     300
        3    1467     300    1460
        3    1460    1461    1468
        3    1467    1460    1468
        3    1461    1462    1468
        3    1469    1468    1462
        3    1462    1463    1470
        3    1469    1462    1470
        3    1463    1464    1470
        3    1471    1470    1464
        3    1464    1465    1472
        3    1471    1464    1472
        3    1465    1466    1472
        3    1473    1472    1466
        3    1466      93      94
        3    1473    1466      94
        3     300    1467    1474
        3     301     300    1474
        3    1467    1468    1474
        3    1475    1474    1468
        3    1468    1469    1476
        3    1475    1468    1476
        3    1469    1470    1476
        3    1477    1476    1470
        3    1470    1471    1478
        3    1477    1470    1478
        3    1471    1472    1478
        3    1479    1478    1472
        3    1472    1473    1480
        3    1479    1472    1480
        3    1473      94    1480
        3      95    1480      94
        3     301    1474     302
        3    1481     302    1474
        3    1474    1475    1482
        3    1481    1474    1482
        3    1475    1476    1482
        3    1483    1482    1476
        3    1476    1477    1484
        3    1483    1476    1484
        3    1477    1478    1484
        3    1485    1484    1478
        3    1478    1479    1486
        3    1485    1478    1486
        3    1479    1480    1486
        3    1487    1486    1480
        3    1480      95      96
        3    1487    1480      96
        3     302    1481    1488
        3     303     302    1488
        3    1481    1482    1488
        3    1489    1488    1482
        3    1482    1483    1490
        3    1489    1482    1490
        3    1483    1484    1490
        3    1491    1490    1484
        3    1484    1485    1492
        3    1491    1484    1492
        3    1485    1486    1492
        3    1493    1492    1486
        3    1486    1487    1494
        3    1493    1486    1494
        3    1487      96    1494
        3      97    1494      96
        3     303    1488     304
        3    1495     304    1488
        3    1488    1489    1496
        3    1495    1488    1496
        3    1489    1490    1496
        3    1497    1496    1490
        3    1490    1491    1498
        3    1497    1490    1498
        3    1491    1492    1498
        3    1499    1498    1492
        3    1492    1493    1500
        3    1499    1492    1500
        3    1493    1494    1500
        3    1501    1500    1494
        3    1494      97      98
        3    1501    1494      98
        3     304    1495    1502
        3     305     304    1502
        3    1495    1496    1502
        3    1503    1502    1496
        3    1496    1497    1504
        3    1503    1496    1504
        3    1497    1498    1504
        3    1505    1504    1498
        3    1498    1499    1506
        3    1505    1498    1506
        3    1499    1500    1506
        3    1507    1506    1500
        3    1500    1501    1508
        3    1507    1500    1508
        3    1501      98    1508
        3      99    1508      98
        3     305    1502      17
        3     291      17    1502
        3    1502    1503     292
        3     291    1502     292
        3    1503    1504     292
        3     293     292    1504
        3    1504    1505     294
        3     293    1504     294
        3    1505    1506     295
        3     296     295    1506
        3    1506    1507     297
        3     296    1506     297
        3    1507    1508     297
        3     298     297    1508
        3    1508      99       6
        3     298    1508       6
        3     219     220    1463
        3     295     294    1505
        3      17     290    1509
        3     305      17    1509
        3     290     289    1509
        3    1510    1509     289
        3     289     288    1511
        3    1510     289    1511
        3     288     287    1511
        3    1512    1511     287
        3     287     286    1513
        3    1512     287    1513
        3     286     285    1513
        3    1514    1513     285
        3     285     284    1515
        3    1514     285    1515
        3     284     283    1515
        3    1516    1515     283
        3     283     282    1517
        3    1516     283    1517
        3     282     281    1517
        3    1518    1517     281
        3     281     280    1519
        3    1518     281    1519
        3     280      16    1519
        3     312    1519      16
        3     305    1509     304
        3    1520     304    1509
        3    1509    1510    1521
        3    1520    1509    1521
        3    1510    1511    1521
        3    1522    1521    1511
        3    1511    1512    1523
        3    1522    1511    1523
        3    1512    1513    1523
        3    1524    1523    1513
        3    1513    1514    1525
        3    1524    1513    1525
        3    1514    1515    1525
        3    1526    1525    1515
        3    1515    1516    1527
        3    1526    1515    1527
        3    1516    1517    1527
        3    1528    1527    1517
        3    1517    1518    1529
        3    1528    1517    1529
        3    1518    1519    1529
        3    1530    1529    1519
        3    1519     312     311
        3    1530    1519     311
        3     304    1520    1531
        3     303     304    1531
        3    1520    1521    1531
        3    1532    1531    1521
        3    1521    1522    1533
        3    1532    1521    1533
        3    1522    1523    1533
        3    1534    1533    1523
        3    1523    1524    1535
        3    1534    1523    1535
        3    1524    1525    1535
        3    1536    1535    1525
        3    1525    1526    1537
        3    1536    1525    1537
        3    1526    1527    1537
        3    1538    1537    1527
        3    1527    1528    1539
        3    1538    1527    1539
        3    1528    1529    1539
        3    1540    1539    1529
        3    1529    1530    1541
        3    1540    1529    1541
        3    1530     311    1541
        3     310    1541     311
        3     303    1531     302
        3    1542     302    1531
        3    1531    1532    1543
        3    1542    1531    1543
        3    1532    1533    1543
        3    1544    1543    1533
        3    1533    1534    1545
        3    1544    1533    1545
        3    1534    1535    1545
        3    1546    1545    1535
        3    1535    1536    1547
        3    1546    1535    1547
        3    1536    1537    1547
        3    1548    1547    1537
        3    1537    1538    1549
        3    1548    1537    1549
        3    1538    1539    1549
        3    1550    1549    1539
        3    1539    1540    1551
        3    1550    1539    1551
        3    1540    1541    1551
        3    1552    1551    1541
        3    1541     310     309
        3    1552    1541     309
        3     302    1542    1553
        3     301     302    1553
        3    1542    1543    1553
        3    1554    1553    1543
        3    1543    1544    1555
        3    1554    1543    1555
        3    1544    1545    1555
        3    1556    1555    1545
        3    1545    1546    1557
        3    1556    1545    1557
        3    1546    1547    1557
        3    1558    1557    1547
        3    1547    1548    1559
        3    1558    1547    1559
        3    1548    1549    1559
        3    1560    1559    1549
        3    1549    1550    1561
        3    1560    1549    1561
        3    1550    1551    1561
        3    1562    1561    1551
        3    1551    1552    1563
        3    1562    1551    1563
        3    1552     309    1563
        3     308    1563     309
        3     301    1553     300
        3    1564     300    1553
        3    1553    1554    1565
        3    1564    1553    1565
        3    1554    1555    1565
        3    1566    1565    1555
        3    1555    1556    1567
        3    1566    1555    1567
        3    1556    1557    1567
        3    1568    1567    1557
        3    1557    1558    1569
        3    1568    1557    1569
        3    1558    1559    1569
        3    1570    1569    1559
        3    1559    1560    1571
        3    1570    1559    1571
        3    1560    1561    1571
        3    1572    1571    1561
        3    1561    1562    1573
        3    1572    1561    1573
        3    1562    1563    1573
        3    1574    1573    1563
        3    1563     308     307
        3    1574    1563     307
        3     300    1564    1575
        3     299     300    1575
        3    1564    1565    1575
        3    1576    1575    1565
        3    1565    1566    1577
        3    1576    1565    1577
        3    1566    1567    1577
        3    1578    1577    1567
        3    1567    1568    1579
        3    1578    1567    1579
        3    1568    1569    1579
        3    1580    1579    1569
        3    1569    1570    1581
        3    1580    1569    1581
        3    1570    1571    1581
        3    1582    1581    1571
        3    1571    1572    1583
        3    1582    1571    1583
        3    1572    1573    1583
        3    1584    1583    1573
        3    1573    1574    1585
        3    1584    1573    1585
        3    1574     307    1585
        3     306    1585     307
        3     299    1575      13
        3     215      13    1575
        3    1575    1576     214
        3     215    1575     214
        3    1576    1577     214
        3     213     214    1577
        3    1577    1578     212
        3     213    1577     212
        3    1578    1579     212
        3     211     212    1579
        3    1579    1580     210
        3     211    1579     210
        3    1580    1581     210
        3     209     210    1581
        3    1581    1582     208
        3     209    1581     208
        3    1582    1583     208
        3     207     208    1583
        3    1583    1584     206
        3     207    1583     206
        3    1584    1585     206
        3     205     206    1585
        3    1585     306      12
        3     205    1585      12
        3      14     244    1586
        3     253      14    1586
        3     244     243    1586
        3    1587    1586     243
        3     243     242    1588
        3    1587     243    1588
        3     242     241    1588
        3    1589    1588     241
        3     241     240    1590
        3    1589     241    1590
        3     240     239    1590
        3    1591    1590     239
        3     239     238    1592
        3    1591     239    1592
        3     238     237    1592
        3    1593    1592     237
        3     237     236    1594
        3    1593     237    1594
        3     236     235    1594
        3    1595    1594     235
        3     235     234    1596
        3    1595     235    1596
        3     234     233    1596
        3    1597    1596     233
        3     233     232    1598
        3    1597     233    1598
        3     232      12    1598
        3     306    1598      12
        3     253    1586     254
        3    1599     254    1586
        3    1586    1587    1600
        3    1599    1586    1600
        3    1587    1588    1600
        3    1601    1600    1588
        3    1588    1589    1602
        3    1601    1588    1602
        3    1589    1590    1602
        3    1603    1602    1590
        3    1590    1591    1604
        3    1603    1590    1604
        3    1591    1592    1604
        3    1605    1604    1592
        3    1592    1593    1606
        3    1605    1592    1606
        3    1593    1594    1606
        3    1607    1606    1594
        3    1594    1595    1608
        3    1607    1594    1608
        3    1595    1596    1608
        3    1609    1608    1596
        3    1596    1597    1610
        3    1609    1596    1610
        3    1597    1598    1610
        3    1611    1610    1598
        3    1598     306     307
        3    1611    1598     307
        3     254    1599    1612
        3     255     254    1612
        3    1599    1600    1612
        3    1613    1612    1600
        3    1600    1601    1614
        3    1613    1600    1614
        3    1601    1602    1614
        3    1615    1614    1602
        3    1602    1603    1616
        3    1615    1602    1616
        3    1603    1604    1616
        3    1617    1616    1604
        3    1604    1605    1618
        3    1617    1604    1618
        3    1605    1606    1618
        3    1619    1618    1606
        3    1606    1607    1620
        3    1619    1606    1620
        3    1607    1608    1620
        3    1621    1620    1608
        3    1608    1609    1622
        3    1621    1608    1622
        3    1609    1610    1622
        3    1623    1622    1610
        3    1610    1611    1624
        3    1623    1610    1624
        3    1611     307    1624
        3     308    1624     307
        3     255    1612     256
        3    1625     256    1612
        3    1612    1613    1626
        3    1625    1612    1626
        3    1613    1614    1626
        3    1627    1626    1614
        3    1614    1615    1628
        3    1627    1614    1628
        3    1615    1616    1628
        3    1629    1628    1616
        3    1616    1617    1630
        3    1629    1616    1630
        3    1617    1618    1630
        3    1631    1630    1618
        3    1618    1619    1632
        3    1631    1618    1632
        3    1619    1620    1632
        3    1633    1632    1620
        3    1620    1621    1634
        3    1633    1620    1634
        3    1621    1622    1634
        3    1635    1634    1622
        3    1622    1623    1636
        3    1635    1622    1636
        3    1623    1624    1636
        3    1637    1636    1624
        3    1624     308     309
        3    1637    1624     309
        3     256    1625    1638
        3     257     256    1638
        3    1625    1626    1638
        3    1639    1638    1626
        3    1626    1627    1640
        3    1639    1626    1640
        3    1627    1628    1640
        3    1641    1640    1628
        3    1628    1629    1642
        3    1641    1628    1642
        3    1629    1630    1642
        3    1643    1642    1630
        3    1630    1631    1644
        3    1643    1630    1644
        3    1631    1632    1644
        3    1645    1644    1632
        3    1632    1633    1646
        3    1645    1632    1646
        3    1633    1634    1646
        3    1647    1646    1634
        3    1634    1635    1648
        3    1647    1634    1648
        3    1635    1636    1648
        3    1649    1648    1636
        3    1636    1637    1650
        3    1649    1636    1650
        3    1637     309    1650
        3     310    1650     309
        3     257    1638     258
        3    1651     258    1638
        3    1638    1639    1652
        3    1651    1638    1652
        3    1639    1640    1652
        3    1653    1652    1640
        3    1640    1641    1654
        3    1653    1640    1654
        3    1641    1642    1654
        3    1655    1654    1642
        3    1642    1643    1656
        3    1655    1642    1656
        3    1643    1644    1656
        3    1657    1656    1644
        3    1644    1645    1658
        3    1657    1644    1658
        3    1645    1646    1658
        3    1659    1658    1646
        3    1646    1647    1660
        3    1659    1646    1660
        3    1647    1648    1660
        3    1661    1660    1648
        3    1648    1649    1662
        3    1661    1648    1662
        3    1649    1650    1662
        3    1663    1662    1650
        3    1650     310     311
        3    1663    1650     311
        3     258    1651    1664
        3     259     258    1664
        3    1651    1652    1664
        3    1665    1664    1652
        3    1652    1653    1666
        3    1665    1652    1666
        3    1653    1654    1666
        3    1667    1666    1654
        3    1654    1655    1668
        3    1667    1654    1668
        3    1655    1656    1668
        3    1669    1668    1656
        3    1656    1657    1670
        3    1669    1656    1670
        3    1657    1658    1670
        3    1671    1670    1658
        3    1658    1659    1672
        3    1671    1658    1672
        3    1659    1660    1672
        3    1673    1672    1660
        3    1660    1661    1674
        3    1673    1660    1674
        3    1661    1662    1674
        3    1675    1674    1662
        3    1662    1663    1676
        3    1675    1662    1676
        3    1663     311    1676
        3     312    1676     311
        3     259    1664      15
        3     271      15    1664
        3    1664    1665     270
        3     271    1664     270
        3    1665    1666     270
        3     269     270    1666
        3    1666    1667     268
        3     269    1666     268
        3    1667    1668     268
        3     267     268    1668
        3    1668    1669     266
        3     267    1668     266
        3    1669    1670     266
        3     265     266    1670
        3    1670    1671     265
        3     260    1676      16
        3    1671    1672     265
        3     264     265    1672
        3    1672    1673     263
        3     264    1672     263
        3    1673    1674     263
        3     262     263    1674
        3    1674    1675     261
        3     262    1674     261
        3    1675    1676     261
        3     260     261    1676
        3    1676     312      16

CELL_DATA    3350
SCALARS Surf int
LOOKUP_TABLE default
        1
        1
        1
        1
        1
        1
        1
        1
        1
        1
        1
        1
        1
        1
        1
        1
        1
        1
        1
        1
        1
        1
        1
        1
        1
        1
        1
        1
        1
        1
        1
        1
        1
        1
        1
        1
        1
        1
        1
        1
        1
        1
        1
        1
        1
        1
        1
        1
        1
        1
        1
        1
        1
        1
        1
        1
        1
        1
        1
        1
        1
        1
        1
        1
        1
        1
        1
        1
        1
        1
        1
        1
        1
        1
        1
        1
        1
        1
        1
        1
        1
        1
        1
        1
        1
        1
        1
        1
        1
        1
        1
        1
        1
        1
        1
        1
        1
        1
        1
        1
        1
        1
        1
        1
        1
        1
        1
        1
        1
        1
        1
        1
        1
        1
        1
        1
        1
        1
        1
        1
        1
        1
        1
        1
        1
        1
        1
        1
        1
        1
        1
        1
        1
        1
        1
        1
        1
        1
        1
        1
        1
        1
        1
        1
        1
        1
        1
        1
        1
        1
        1
        1
        1
        1
        1
        1
        1
        1
        1
        1
        1
        1
        1
        1
        1
        1
        1
        1
        1
        1
        1
        1
        1
        1
        1
        1
        1
        1
        1
        1
        1
        1
        1
        1
        1
        1
        1
        1
        1
        1
        1
        1
        1
        1
        1
        1
        1
        1
        1
        1
        1
        1
        1
        1
        1
        1
        1
        1
        1
        1
        1
        1
        1
        1
        1
        1
        1
        1
        1
        1
        1
        1
        1
        2
        2
        2
        2
        2
        2
        2
        2
        2
        2
        2
        2
        2
        2
        2
        2
        2
        2
        2
        2
        2
        2
        2
        2
        2
        2
        2
        2
        2
        2
        2
        2
        2
        2
        2
        2
        2
        2
        2
        2
        2
        2
        2
        2
        2
        2
        2
        2
        2
        2
        2
        2
        2
        2
        2
        2
        2
        2
        2
        2
        2
        2
        2
        2
        2
        2
        2
        2
        2
        2
        2
        2
        2
        2
        2
        2
        2
        2
        2
        2
        2
        2
        2
        2
        2
        2
        2
        2
        2
        2
        2
        2
        2
        2
        2
        2
        2
        2
        2
        2
        2
        2
        2
        2
        2
        2
        2
        2
        2
        2
        2
        2
        2
        2
        2
        2
        2
        2
        2
        2
        2
        2
        2
        2
        2
        2
        2
        2
        2
        2
        2
        2
        2
        2
        2
        2
        2
        2
        2
        2
        2
        2
        2
        2
        2
        2
        2
        2
        2
        2
        2
        2
        2
        2
        2
        2
        2
        2
        2
        2
        2
        2
        2
        2
        2
        2
        2
        2
        2
        2
        2
        2
        2
        2
        2
        2
        2
        2
        2
        2
        2
        2
        2
        2
        2
        2
        2
        2
        2
        2
        2
        2
        3
        3
        3
        3
        3
        3
        3
        3
        3
        3
        3
        3
        3
        3
        3
        3
        3
        3
        3
        3
        3
        3
        3
        3
        3
        3
        3
        3
        3
        3
        3
        3
        3
        3
        3
        3
        3
        3
        3
        3
        3
        3
        3
        3
        3
        3
        3
        3
        3
        3
        3
        3
        3
        3
        3
        3
        3
        3
        3
        3
        3
        3
        3
        3
        3
        3
        3
        3
        3
        3
        3
        3
        3
        3
        3
        3
        3
        3
        3
        3
        3
        3
        3
        3
        3
        3
        3
        3
        3
        3
        3
        3
        3
        3
        3
        3
        3
        3
        3
        3
        3
        3
        3
        3
        3
        3
        3
        3
        3
        3
        3
        3
        3
        3
        3
        3
        3
        3
        3
        3
        3
        3
        3
        3
        3
        3
        3
        3
        4
        4
        4
        4
        4
        4
        4
        4
        4
        4
        4
        4
        4
        4
        4
        4
        4
        4
        4
        4
        4
        4
        4
        4
        4
        4
        4
        4
        4
        4
        4
        4
        4
        4
        4
        4
        4
        4
        4
        4
        4
        4
        4
        4
        4
        4
        4
        4
        4
        4
        4
        4
        4
        4
        4
        4
        4
        4
        4
        4
        4
        4
        4
        4
        4
        4
        4
        4
        4
        4
        4
        4
        4
        4
        4
        4
        4
        4
        4
        4
        4
        4
        4
        4
        4
        4
        4
        4
        4
        4
        4
        4
        4
        4
        4
        4
        4
        4
        4
        4
        4
        4
        4
        4
        4
        4
        4
        4
        4
        4
        4
        4
        4
        4
        4
        4
        4
        4
        4
        4
        4
        4
        4
        4
        4
        4
        4
        4
        4
        4
        4
        4
        4
        4
        4
        4
        4
        4
        4
        4
        4
        4
        4
        4
        4
        4
        4
        4
        4
        4
        4
        4
        4
        4
        4
        4
        4
        4
        4
        4
        4
        4
        4
        4
        4
        4
        4
        4
        4
        4
        4
        4
        4
        4
        4
        4
        4
        4
        4
        4
        4
        4
        4
        4
        4
        4
        4
        4
        4
        4
        4
        4
        4
        4
        4
        4
        4
        4
        4
        4
        4
        4
        4
        4
        4
        4
        4
        4
        4
        4
        4
        4
        4
        4
        4
        4
        4
        4
        4
        4
        4
        4
        4
        4
        4
        4
        4
        4
        4
        4
        4
        4
        4
        4
        4
        4
        4
        4
        4
        4
        4
        4
        4
        4
        4
        4
        4
        4
        4
        4
        4
        4
        4
        4
        4
        4
        4
        4
        4
        4
        4
        4
        4
        4
        4
        4
        4
        4
        4
        4
        4
        4
        4
        4
        4
        5
        5
        5
        5
        5
        5
        5
        5
        5
        5
        5
        5
        5
        5
        5
        5
        5
        5
        5
        5
        5
        5
        5
        5
        5
        5
        5
        5
        5
        5
        5
        5
        5
        5
        5
        5
        5
        5
        5
        5
        5
        5
        5
        5
        5
        5
        5
        5
        5
        5
        5
        5
        5
        5
        5
        5
        5
        5
        5
        5
        5
        5
        5
        5
        5
        5
        5
        5
        5
        5
        5
        5
        5
        5
        5
        5
        5
        5
        5
        5
        5
        5
        5
        5
        5
        5
        5
        5
        5
        5
        5
        5
        5
        5
        5
        5
        5
        5
        5
        5
        5
        5
        5
        5
        5
        5
        5
        5
        5
        5
        5
        5
        5
        5
        5
        5
        5
        5
        5
        5
        5
        5
        5
        5
        5
        5
        5
        5
        5
        5
        5
        5
        5
        5
        5
        5
        5
        5
        5
        5
        5
        5
        5
        5
        5
        5
        5
        5
        5
        5
        5
        5
        5
        5
        5
        5
        5
        5
        5
        5
        5
        5
        5
        5
        5
        5
        5
        5
        5
        5
        5
        5
        5
        5
        5
        5
        5
        5
        5
        5
        5
        5
        5
        5
        5
        5
        5
        5
        5
        5
        5
        5
        5
        5
        5
        5
        5
        5
        5
        5
        5
        5
        5
        5
        5
        5
        5
        5
        5
        5
        5
        5
        5
        5
        5
        5
        5
        5
        5
        5
        5
        5
        5
        6
        6
        6
        6
        6
        6
        6
        6
        6
        6
        6
        6
        6
        6
        6
        6
        6
        6
        6
        6
        6
        6
        6
        6
        6
        6
        6
        6
        6
        6
        6
        6
        6
        6
        6
        6
        6
        6
        6
        6
        6
        6
        6
        6
        6
        6
        6
        6
        6
        6
        6
        6
        6
        6
        6
        6
        6
        6
        6
        6
        6
        6
        6
        6
        6
        6
        6
        6
        6
        6
        6
        6
        6
        6
        6
        6
        6
        6
        6
        6
        6
        6
        6
        6
        6
        6
        6
        6
        6
        6
        6
        6
        6
        6
        6
        6
        6
        6
        6
        6
        6
        6
        6
        6
        6
        6
        6
        6
        6
        6
        6
        6
        6
        6
        6
        6
        6
        6
        6
        6
        6
        6
        6
        6
        6
        6
        6
        6
        7
        7
        7
        7
        7
        7
        7
        7
        7
        7
        7
        7
        7
        7
        7
        7
        7
        7
        7
        7
        7
        7
        7
        7
        7
        7
        7
        7
        7
        7
        7
        7
        7
        7
        7
        7
        7
        7
        7
        7
        7
        7
        7
        7
        7
        7
        7
        7
        7
        7
        7
        7
        7
        7
        7
        7
        7
        7
        7
        7
        7
        7
        7
        7
        7
        7
        7
        7
        7
        7
        7
        7
        7
        7
        7
        7
        7
        7
        7
        7
        7
        7
        7
        7
        7
        7
        7
        7
        7
        7
        7
        7
        7
        7
        7
        7
        7
        7
        7
        7
        7
        7
        7
        7
        7
        7
        7
        7
        7
        7
        7
        7
        7
        7
        7
        7
        7
        7
        7
        7
        7
        7
        7
        7
        7
        7
        7
        7
        7
        7
        7
        7
        7
        7
        7
        7
        7
        7
        7
        7
        7
        7
        7
        7
        7
        7
        7
        7
        7
        7
        7
        7
        7
        7
        7
        7
        7
        7
        7
        7
        7
        7
        7
        7
        7
        7
        7
        7
        7
        7
        7
        7
        7
        7
        7
        7
        7
        7
        7
        7
        7
        7
        7
        7
        7
        7
        7
        7
        7
        7
        7
        7
        7
        7
        7
        7
        7
        7
        7
        7
        7
        7
        7
        7
        7
        7
        7
        7
        7
        7
        7
        7
        7
        7
        7
        7
        7
        7
        7
        7
        7
        7
        7
        7
        7
        8
        8
        8
        8
        8
        8
        8
        8
        8
        8
        8
        8
        8
        8
        8
        8
        8
        8
        8
        8
        8
        8
        8
        8
        8
        8
        8
        8
        8
        8
        8
        8
        8
        8
        8
        8
        8
        8
        8
        8
        8
        8
        8
        8
        8
        8
        8
        8
        8
        8
        8
        8
        8
        8
        8
        8
        8
        8
        8
        8
        8
        8
        8
        8
        8
        8
        8
        8
        8
        8
        8
        8
        8
        8
        8
        8
        8
        8
        8
        8
        8
        8
        8
        8
        8
        8
        8
        8
        8
        8
        8
        8
        8
        8
        8
        8
        8
        8
        8
        8
        8
        8
        8
        8
        8
        8
        8
        8
        8
        8
        8
        8
        8
        8
        8
        8
        8
        8
        8
        8
        8
        8
        8
        8
        8
        8
        8
        8
        8
        8
        8
        8
        8
        8
        8
        8
        8
        8
        8
        8
        8
        8
        8
        8
        8
        8
        8
        8
        8
        8
        8
        8
        8
        8
        8
        8
        8
        8
        8
        8
        8
        8
        8
        8
        8
        8
        8
        8
        8
        8
        8
        8
        8
        8
        8
        8
        8
        8
        8
        8
        8
        8
        8
        8
        8
        8
        8
        8
        8
        8
        8
        8
        8
        8
        8
        8
        8
        8
        8
        8
        8
        8
        8
        8
        8
        8
        8
        8
        8
        8
        8
        8
        8
        8
        8
        8
        8
        8
        8
        8
        8
        8
        8
        8
        8
        8
        8
        8
        8
        8
        8
        8
        8
        8
        8
        8
        8
        8
        8
        8
        8
        8
        8
        8
        8
        8
        8
        8
        8
        8
        8
        8
        8
        8
        8
        8
        8
        8
        8
        8
        8
        8
        8
        8
        8
        8
        8
        8
        8
        8
        8
        8
        8
        8
        8
        9
        9
        9
        9
        9
        9
        9
        9
        9
        9
        9
        9
        9
        9
        9
        9
        9
        9
        9
        9
        9
        9
        9
        9
        9
        9
        9
        9
        9
        9
        9
        9
        9
        9
        9
        9
        9
        9
        9
        9
        9
        9
        9
        9
        9
        9
        9
        9
        9
        9
        9
        9
        9
        9
        9
        9
        9
        9
        9
        9
        9
        9
        9
        9
        9
        9
        9
        9
        9
        9
        9
        9
        9
        9
        9
        9
        9
        9
        9
        9
        9
        9
        9
        9
        9
        9
        9
        9
        9
        9
        9
        9
        9
        9
        9
        9
        9
        9
        9
        9
        9
        9
        9
        9
        9
        9
        9
        9
        9
        9
        9
        9
        9
        9
        9
        9
        9
        9
        9
        9
        9
        9
        9
        9
        9
        9
        9
        9
        9
        9
        9
        9
        9
        9
        9
        9
        9
        9
        9
        9
        9
        9
        9
        9
        9
        9
        9
        9
        9
        9
        9
        9
        9
        9
        9
        9
        9
        9
        9
        9
        9
        9
        9
        9
        9
        9
        9
        9
        9
        9
        9
        9
        9
        9
        9
        9
        9
        9
        9
        9
        9
        9
        9
        9
        9
        9
        9
        9
        9
        9
        9
        9
        9
        9
        9
        9
        9
        9
        9
        9
        9
        9
        9
        9
        9
        9
        9
        9
        9
        9
        9
        9
        9
        9
        9
        9
        9
        9
        9
        9
        9
        9
        9
        9
        9
        9
        9
        9
        9
        9
        9
        9
        9
        9
        9
        9
        9
        9
        9
        9
        9
        9
        9
        9
        9
        9
        9
        9
        9
        9
        9
        9
        9
        9
        9
        9
        9
        9
        9
        9
        9
        9
        9
        9
        9
        9
        9
        9
        9
        9
        9
        9
        9
        9
        9
        9
        9
       10
       10
       10
       10
       10
       10
       10
       10
       10
       10
       10
       10
       10
       10
       10
       10
       10
       10
       10
       10
       10
       10
       10
       10
       10
       10
       10
       10
       10
       10
       10
       10
       10
       10
       10
       10
       10
       10
       10
       10
       10
       10
       10
       10
       10
       10
       10
       10
       10
       10
       10
       10
       10
       10
       10
       10
       10
       10
       10
       10
       10
       10
       10
       10
       10
       10
       10
       10
       10
       10
       10
       10
       10
       10
       10
       10
       10
       10
       10
       10
       10
       10
       10
       10
       10
       10
       10
       10
       10
       10
       10
       10
       10
       10
       10
       10
       10
       10
       10
       10
       10
       10
       10
       10
       10
       10
       10
       10
       10
       10
       10
       10
       10
       10
       10
       10
       10
       10
       10
       10
       10
       10
       10
       10
       10
       10
       10
       10
       10
       10
       10
       10
       10
       10
       10
       10
       10
       10
       10
       10
       10
       10
       10
       10
       10
       10
       10
       10
       10
       10
       10
       10
       10
       10
       10
       10
       10
       10
       10
       10
       10
       10
       10
       10
       10
       10
       10
       10
       10
       10
       10
       10
       10
       10
       10
       10
       10
       10
       10
       10
       10
       10
       10
       10
       10
       10
       10
       10
       10
       10
       10
       10
       10
       10
       10
       10
       10
       10
       10
       10
       10
       10
       10
       10
       10
       10
       10
       10
       10
       10
       10
       10
       10
       10
       10
       10
       10
       10
       10
       10
       10
       10
       10
       10
       10
       10
       10
       11
       11
       11
       11
       11
       11
       11
       11
       11
       11
       11
       11
       11
       11
       11
       11
       11
       11
       11
       11
       11
       11
       11
       11
       11
       11
       11
       11
       11
       11
       11
       11
       11
       11
       11
       11
       11
       11
       11
       11
       11
       11
       11
       11
       11
       11
       11
       11
       11
       11
       11
       11
       11
       11
       11
       11
       11
       11
       11
       11
       11
       11
       11
       11
       11
       11
       11
       11
       11
       11
       11
       11
       11
       11
       11
       11
       11
       11
       11
       11
       11
       11
       11
       11
       11
       11
       11
       11
       11
       11
       11
       11
       11
       11
       11
       11
       11
       11
       11
       11
       11
       11
       11
       11
       11
       11
       11
       11
       11
       11
       11
       11
       11
       11
       11
       11
       11
       11
       11
       11
       11
       11
       11
       11
       11
       11
       11
       11
       11
       11
       12
       12
       12
       12
       12
       12
       12
       12
       12
       12
       12
       12
       12
       12
       12
       12
       12
       12
       12
       12
       12
       12
       12
       12
       12
       12
       12
       12
       12
       12
       12
       12
       12
       12
       12
       12
       12
       12
       12
       12
       12
       12
       12
       12
       12
       12
       12
       12
       12
       12
       12
       12
       12
       12
       12
       12
       12
       12
       12
       12
       12
       12
       12
       12
       12
       12
       12
       12
       12
       12
       12
       12
       12
       12
       12
       12
       12
       12
       12
       12
       12
       12
       12
       12
       12
       12
       12
       12
       12
       12
       12
       12
       12
       12
       12
       12
       12
       12
       12
       12
       12
       12
       12
       12
       12
       12
       12
       12
       12
       12
       12
       12
       12
       12
       12
       12
       12
       12
       12
       12
       12
       12
       12
       12
       12
       12
       12
       12
       12
       12
       12
       12
       12
       12
       12
       12
       12
       12
       12
       12
       12
       12
       12
       12
       12
       12
       12
       12
       12
       12
       12
       12
       12
       12
       12
       12
       12
       12
       12
       12
       12
       12
       12
       12
       12
       12
       12
       12
       12
       12
       12
       12
       12
       12
       12
       12
       12
       12
       12
       12
       12
       12
       12
       12
       12
       12
       12
       12
       12
       12
       12
       12
       12
       12
       12
       12
       12
       12
       12
       12
       12
       12
       12
       12
       12
       12
       12
       12
       12
       12
       12
       12
       12
       12
       12
       12
       12
       12
       12
       12
       12
       12
       12
       12
       12
       13
       13
       13
       13
       13
       13
       13
       13
       13
       13
       13
       13
       13
       13
       13
       13
       13
       13
       13
       13
       13
       13
       13
       13
       13
       13
       13
       13
       13
       13
       13
       13
       13
       13
       13
       13
       13
       13
       13
       13
       13
       13
       13
       13
       13
       13
       13
       13
       13
       13
       13
       13
       13
       13
       13
       13
       13
       13
       13
       13
       13
       13
       13
       13
       13
       13
       13
       13
       13
       13
       13
       13
       13
       13
       13
       13
       13
       13
       13
       13
       13
       13
       13
       13
       13
       13
       13
       13
       13
       13
       13
       13
       13
       13
       13
       13
       13
       13
       13
       13
       13
       13
       13
       13
       13
       13
       13
       13
       13
       13
       13
       13
       13
       13
       13
       13
       13
       13
       13
       13
       13
       13
       13
       13
       13
       13
       13
       13
       13
       13
       13
       13
       13
       13
       13
       13
       13
       13
       13
       13
       13
       13
       13
       13
       13
       13
       13
       13
       13
       13
       13
       13
       13
       13
       13
       13
       13
       13
       13
       13
       13
       13
       13
       13
       13
       13
       13
       13
       13
       13
       13
       13
       13
       13
       13
       13
       13
       13
       13
       13
       13
       13
       13
       13
       13
       13
       13
       13
       13
       13
       13
       13
       13
       13
       13
       13
       13
       13
       13
       13
       13
       13
       13
       13
       13
       13
       13
       13
       13
       13
       13
       13
       13
       13
       13
       13
       13
       13
       13
       13
       13
       13
       13
       13
       13
       13
       13
       13
       13
       13
       13
       13
       13
       13
       13
       13
       13
       13
       13
       13
       13
       13
       13
       13
       13
       13
       13
       13
       13
       13
       13
       13
       13
       13
       13
       13
       13
       13
       13
       13
       13
       13
       13
       13
       13
       13
       13
       13
       13
       13
       13
       13
       13
       13
       13
       13
       13
       14
       14
       14
       14
       14
       14
       14
       14
       14
       14
       14
       14
       14
       14
       14
       14
       14
       14
       14
       14
       14
       14
       14
       14
       14
       14
       14
       14
       14
       14
       14
       14
       14
       14
       14
       14
       14
       14
       14
       14
       14
       14
       14
       14
       14
       14
       14
       14
       14
       14
       14
       14
       14
       14
       14
       14
       14
       14
       14
       14
       14
       14
       14
       14
       14
       14
       14
       14
       14
       14
       14
       14
       14
       14
       14
       14
       14
       14
       14
       14
       14
       14
       14
       14
       14
       14
       14
       14
       14
       14
       14
       14
       14
       14
       14
       14
       14
       14
       14
       14
       14
       14
       14
       14
       14
       14
       14
       14
       14
       14
       14
       14
       14
       14
       14
       14
       14
       14
       14
       14
       14
       14
       14
       14
       14
       14
       14
       14
       14
       14
       15
       15
       15
       15
       15
       15
       15
       15
       15
       15
       15
       15
       15
       15
       15
       15
       15
       15
       15
       15
       15
       15
       15
       15
       15
       15
       15
       15
       15
       15
       15
       15
       15
       15
       15
       15
       15
       15
       15
       15
       15
       15
       15
       15
       15
       15
       15
       15
       15
       15
       15
       15
       15
       15
       15
       15
       15
       15
       15
       15
       15
       15
       15
       15
       15
       15
       15
       15
       15
       15
       15
       15
       15
       15
       15
       15
       15
       15
       15
       15
       15
       15
       15
       15
       15
       15
       15
       15
       15
       15
       15
       15
       15
       15
       15
       15
       15
       15
       15
       15
       15
       15
       15
       15
       15
       15
       15
       15
       15
       15
       15
       15
       15
       15
       15
       15
       15
       15
       15
       15
       15
       15
       15
       15
       15
       15
       15
       15
       15
       15
       15
       15
       15
       15
       15
       15
       15
       15
       15
       15
       15
       15
       15
       15
       15
       15
       15
       15
       15
       15
       15
       15
       15
       15
       15
       15
       15
       15
       15
       15
       15
       15
       15
       15
       15
       15
       15
       15
       15
       15
       15
       15
       15
       15
       15
       15
       15
       15
       15
       15
       15
       15
       15
       15
       15
       15
       15
       15
       15
       15
       15
       15
       16
       16
       16
       16
       16
       16
       16
       16
       16
       16
       16
       16
       16
       16
       16
       16
       16
       16
       16
       16
       16
       16
       16
       16
       16
       16
       16
       16
       16
       16
       16
       16
       16
       16
       16
       16
       16
       16
       16
       16
       16
       16
       16
       16
       16
       16
       16
       16
       16
       16
       16
       16
       16
       16
       16
       16
       16
       16
       16
       16
       16
       16
       16
       16
       16
       16
       16
       16
       16
       16
       16
       16
       16
       16
       16
       16
       16
       16
       16
       16
       16
       16
       16
       16
       16
       16
       16
       16
       16
       16
       16
       16
       16
       16
       16
       16
       16
       16
       16
       16
       16
       16
       16
       16
       16
       16
       16
       16
       16
       16
       16
       16
       16
       16
       16
       16
       16
       16
       16
       16
       16
       16
       16
       16
       16
       16
       16
       16
       16
       16
       16
       16
       16
       16
       16
       16
       16
       16
       16
       16
       16
       16
       16
       16
       16
       16
       16
       16
       16
       16
       16
       16
       16
       16
       16
       16
       16
       16
       16
       16
       16
       16
       16
       16
       16
       16
       16
       16
       16
       16
       16
       16
       16
       16
       16
       16
       16
       16
       16
       16
       16
       16
       16
       16
       16
       16
       16
       16
       16
       16
       16
       16
       16
       16
       16
       16
       16
       16
       16
       16
       16
       16
       16
       16
       16
       16
       16
       16
       16
       16
       16
       16
       16
       16
       16
       16
       16
       16
       16
       16
       16
       16
       16

SCALARS Elt  int
LOOKUP_TABLE default
        1
        2
        3
        4
        5
        6
        7
        8
        9
       10
       11
       12
       13
       14
       15
       16
       17
       18
       19
       20
       21
       22
       23
       24
       25
       26
       27
       28
       29
       30
       31
       32
       33
       34
       35
       36
       37
       38
       39
       40
       41
       42
       43
       44
       45
       46
       47
       48
       49
       50
       51
       52
       53
       54
       55
       56
       57
       58
       59
       60
       61
       62
       63
       64
       65
       66
       67
       68
       69
       70
       71
       72
       73
       74
       75
       76
       77
       78
       79
       80
       81
       82
       83
       84
       85
       86
       87
       88
       89
       90
       91
       92
       93
       94
       95
       96
       97
       98
       99
      100
      101
      102
      103
      104
      105
      106
      107
      108
      109
      110
      111
      112
      113
      114
      115
      116
      117
      118
      119
      120
      121
      122
      123
      124
      125
      126
      127
      128
      129
      130
      131
      132
      133
      134
      135
      136
      137
      138
      139
      140
      141
      142
      143
      144
      145
      146
      147
      148
      149
      150
      151
      152
      153
      154
      155
      156
      157
      158
      159
      160
      161
      162
      163
      164
      165
      166
      167
      168
      169
      170
      171
      172
      173
      174
      175
      176
      177
      178
      179
      180
      181
      182
      183
      184
      185
      186
      187
      188
      189
      190
      191
      192
      193
      194
      195
      196
      197
      198
      199
      200
      201
      202
      203
      204
      205
      206
      207
      208
      209
      210
      211
      212
      213
      214
      215
      216
      217
      218
      219
      220
      221
      222
      223
      224
      225
      226
      227
      228
      229
      230
      231
      232
      233
      234
      235
      236
      237
      238
      239
      240
      241
      242
      243
      244
      245
      246
      247
      248
      249
      250
      251
      252
      253
      254
      255
      256
      257
      258
      259
      260
      261
      262
      263
      264
      265
      266
      267
      268
      269
      270
      271
      272
      273
      274
      275
      276
      277
      278
      279
      280
      281
      282
      283
      284
      285
      286
      287
      288
      289
      290
      291
      292
      293
      294
      295
      296
      297
      298
      299
      300
      301
      302
      303
      304
      305
      306
      307
      308
      309
      310
      311
      312
      313
      314
      315
      316
      317
      318
      319
      320
      321
      322
      323
      324
      325
      326
      327
      328
      329
      330
      331
      332
      333
      334
      335
      336
      337
      338
      339
      340
      341
      342
      343
      344
      345
      346
      347
      348
      349
      350
      351
      352
      353
      354
      355
      356
      357
      358
      359
      360
      361
      362
      363
      364
      365
      366
      367
      368
      369
      370
      371
      372
      373
      374
      375
      376
      377
      378
      379
      380
      381
      382
      383
      384
      385
      386
      387
      388
      389
      390
      391
      392
      393
      394
      395
      396
      397
      398
      399
      400
      401
      402
      403
      404
      405
      406
      407
      408
      409
      410
      411
      412
      413
      414
      415
      416
      417
      418
      419
      420
      421
      422
      423
      424
      425
      426
      427
      428
      429
      430
      431
      432
      433
      434
      435
      436
      437
      438
      439
      440
      441
      442
      443
      444
      445
      446
      447
      448
      449
      450
      451
      452
      453
      454
      455
      456
      457
      458
      459
      460
      461
      462
      463
      464
      465
      466
      467
      468
      469
      470
      471
      472
      473
      474
      475
      476
      477
      478
      479
      480
      481
      482
      483
      484
      485
      486
      487
      488
      489
      490
      491
      492
      493
      494
      495
      496
      497
      498
      499
      500
      501
      502
      503
      504
      505
      506
      507
      508
      509
      510
      511
      512
      513
      514
      515
      516
      517
      518
      519
      520
      521
      522
      523
      524
      525
      526
      527
      528
      529
      530
      531
      532
      533
      534
      535
      536
      537
      538
      539
      540
      541
      542
      543
      544
      545
      546
      547
      548
      549
      550
      551
      552
      553
      554
      555
      556
      557
      558
      559
      560
      561
      562
      563
      564
      565
      566
      567
      568
      569
      570
      571
      572
      573
      574
      575
      576
      577
      578
      579
      580
      581
      582
      583
      584
      585
      586
      587
      588
      589
      590
      591
      592
      593
      594
      595
      596
      597
      598
      599
      600
      601
      602
      603
      604
      605
      606
      607
      608
      609
      610
      611
      612
      613
      614
      615
      616
      617
      618
      619
      620
      621
      622
      623
      624
      625
      626
      627
      628
      629
      630
      631
      632
      633
      634
      635
      636
      637
      638
      639
      640
      641
      642
      643
      644
      645
      646
      647
      648
      649
      650
      651
      652
      653
      654
      655
      656
      657
      658
      659
      660
      661
      662
      663
      664
      665
      666
      667
      668
      669
      670
      671
      672
      673
      674
      675
      676
      677
      678
      679
      680
      681
      682
      683
      684
      685
      686
      687
      688
      689
      690
      691
      692
      693
      694
      695
      696
      697
      698
      699
      700
      701
      702
      703
      704
      705
      706
      707
      708
      709
      710
      711
      712
      713
      714
      715
      716
      717
      718
      719
      720
      721
      722
      723
      724
      725
      726
      727
      728
      729
      730
      731
      732
      733
      734
      735
      736
      737
      738
      739
      740
      741
      742
      743
      744
      745
      746
      747
      748
      749
      750
      751
      752
      753
      754
      755
      756
      757
      758
      759
      760
      761
      762
      763
      764
      765
      766
      767
      768
      769
      770
      771
      772
      773
      774
      775
      776
      777
      778
      779
      780
      781
      782
      783
      784
      785
      786
      787
      788
      789
      790
      791
      792
      793
      794
      795
      796
      797
      798
      799
      800
      801
      802
      803
      804
      805
      806
      807
      808
      809
      810
      811
      812
      813
      814
      815
      816
      817
      818
      819
      820
      821
      822
      823
      824
      825
      826
      827
      828
      829
      830
      831
      832
      833
      834
      835
      836
      837
      838
      839
      840
      841
      842
      843
      844
      845
      846
      847
      848
      849
      850
      851
      852
      853
      854
      855
      856
      857
      858
      859
      860
      861
      862
      863
      864
      865
      866
      867
      868
      869
      870
      871
      872
      873
      874
      875
      876
      877
      878
      879
      880
      881
      882
      883
      884
      885
      886
      887
      888
      889
      890
      891
      892
      893
      894
      895
      896
      897
      898
      899
      900
      901
      902
      903
      904
      905
      906
      907
      908
      909
      910
      911
      912
      913
      914
      915
      916
      917
      918
      919
      920
      921
      922
      923
      924
      925
      926
      927
      928
      929
      930
      931
      932
      933
      934
      935
      936
      937
      938
      939
      940
      941
      942
      943
      944
      945
      946
      947
      948
      949
      950
      951
      952
      953
      954
      955
      956
      957
      958
      959
      960
      961
      962
      963
      964
      965
      966
      967
      968
      969
      970
      971
      972
      973
      974
      975
      976
      977
      978
      979
      980
      981
      982
      983
      984
      985
      986
      987
      988
      989
      990
      991
      992
      993
      994
      995
      996
      997
      998
      999
     1000
     1001
     1002
     1003
     1004
     1005
     1006
     1007
     1008
     1009
     1010
     1011
     1012
     1013
     1014
     1015
     1016
     1017
     1018
     1019
     1020
     1021
     1022
     1023
     1024
     1025
     1026
     1027
     1028
     1029
     1030
     1031
     1032
     1033
     1034
     1035
     1036
     1037
     1038
     1039
     1040
     1041
     1042
     1043
     1044
     1045
     1046
     1047
     1048
     1049
     1050
     1051
     1052
     1053
     1054
     1055
     1056
     1057
     1058
     1059
     1060
     1061
     1062
     1063
     1064
     1065
     1066
     1067
     1068
     1069
     1070
     1071
     1072
     1073
     1074
     1075
     1076
     1077
     1078
     1079
     1080
     1081
     1082
     1083
     1084
     1085
     1086
     1087
     1088
     1089
     1090
     1091
     1092
     1093
     1094
     1095
     1096
     1097
     1098
     1099
     1100
     1101
     1102
     1103
     1104
     1105
     1106
     1107
     1108
     1109
     1110
     1111
     1112
     1113
     1114
     1115
     1116
     1117
     1118
     1119
     1120
     1121
     1122
     1123
     1124
     1125
     1126
     1127
     1128
     1129
     1130
     1131
     1132
     1133
     1134
     1135
     1136
     1137
     1138
     1139
     1140
     1141
     1142
     1143
     1144
     1145
     1146
     1147
     1148
     1149
     1150
     1151
     1152
     1153
     1154
     1155
     1156
     1157
     1158
     1159
     1160
     1161
     1162
     1163
     1164
     1165
     1166
     1167
     1168
     1169
     1170
     1171
     1172
     1173
     1174
     1175
     1176
     1177
     1178
     1179
     1180
     1181
     1182
     1183
     1184
     1185
     1186
     1187
     1188
     1189
     1190
     1191
     1192
     1193
     1194
     1195
     1196
     1197
     1198
     1199
     1200
     1201
     1202
     1203
     1204
     1205
     1206
     1207
     1208
     1209
     1210
     1211
     1212
     1213
     1214
     1215
     1216
     1217
     1218
     1219
     1220
     1221
     1222
     1223
     1224
     1225
     1226
     1227
     1228
     1229
     1230
     1231
     1232
     1233
     1234
     1235
     1236
     1237
     1238
     1239
     1240
     1241
     1242
     1243
     1244
     1245
     1246
     1247
     1248
     1249
     1250
     1251
     1252
     1253
     1254
     1255
     1256
     1257
     1258
     1259
     1260
     1261
     1262
     1263
     1264
     1265
     1266
     1267
     1268
     1269
     1270
     1271
     1272
     1273
     1274
     1275
     1276
     1277
     1278
     1279
     1280
     1281
     1282
     1283
     1284
     1285
     1286
     1287
     1288
     1289
     1290
     1291
     1292
     1293
     1294
     1295
     1296
     1297
     1298
     1299
     1300
     1301
     1302
     1303
     1304
     1305
     1306
     1307
     1308
     1309
     1310
     1311
     1312
     1313
     1314
     1315
     1316
     1317
     1318
     1319
     1320
     1321
     1322
     1323
     1324
     1325
     1326
     1327
     1328
     1329
     1330
     1331
     1332
     1333
     1334
     1335
     1336
     1337
     1338
     1339
     1340
     1341
     1342
     1343
     1344
     1345
     1346
     1347
     1348
     1349
     1350
     1351
     1352
     1353
     1354
     1355
     1356
     1357
     1358
     1359
     1360
     1361
     1362
     1363
     1364
     1365
     1366
     1367
     1368
     1369
     1370
     1371
     1372
     1373
     1374
     1375
     1376
     1377
     1378
     1379
     1380
     1381
     1382
     1383
     1384
     1385
     1386
     1387
     1388
     1389
     1390
     1391
     1392
     1393
     1394
     1395
     1396
     1397
     1398
     1399
     1400
     1401
     1402
     1403
     1404
     1405
     1406
     1407
     1408
     1409
     1410
     1411
     1412
     1413
     1414
     1415
     1416
     1417
     1418
     1419
     1420
     1421
     1422
     1423
     1424
     1425
     1426
     1427
     1428
     1429
     1430
     1431
     1432
     1433
     1434
     1435
     1436
     1437
     1438
     1439
     1440
     1441
     1442
     1443
     1444
     1445
     1446
     1447
     1448
     1449
     1450
     1451
     1452
     1453
     1454
     1455
     1456
     1457
     1458
     1459
     1460
     1461
     1462
     1463
     1464
     1465
     1466
     1467
     1468
     1469
     1470
     1471
     1472
     1473
     1474
     1475
     1476
     1477
     1478
     1479
     1480
     1481
     1482
     1483
     1484
     1485
     1486
     1487
     1488
     1489
     1490
     1491
     1492
     1493
     1494
     1495
     1496
     1497
     1498
     1499
     1500
     1501
     1502
     1503
     1504
     1505
     1506
     1507
     1508
     1509
     1510
     1511
     1512
     1513
     1514
     1515
     1516
     1517
     1518
     1519
     1520
     1521
     1522
     1523
     1524
     1525
     1526
     1527
     1528
     1529
     1530
     1531
     1532
     1533
     1534
     1535
     1536
     1537
     1538
     1539
     1540
     1541
     1542
     1543
     1544
     1545
     1546
     1547
     1548
     1549
     1550
     1551
     1552
     1553
     1554
     1555
     1556
     1557
     1558
     1559
     1560
     1561
     1562
     1563
     1564
     1565
     1566
     1567
     1568
     1569
     1570
     1571
     1572
     1573
     1574
     1575
     1576
     1577
     1578
     1579
     1580
     1581
     1582
     1583
     1584
     1585
     1586
     1587
     1588
     1589
     1590
     1591
     1592
     1593
     1594
     1595
     1596
     1597
     1598
     1599
     1600
     1601
     1602
     1603
     1604
     1605
     1606
     1607
     1608
     1609
     1610
     1611
     1612
     1613
     1614
     1615
     1616
     1617
     1618
     1619
     1620
     1621
     1622
     1623
     1624
     1625
     1626
     1627
     1628
     1629
     1630
     1631
     1632
     1633
     1634
     1635
     1636
     1637
     1638
     1639
     1640
     1641
     1642
     1643
     1644
     1645
     1646
     1647
     1648
     1649
     1650
     1651
     1652
     1653
     1654
     1655
     1656
     1657
     1658
     1659
     1660
     1661
     1662
     1663
     1664
     1665
     1666
     1667
     1668
     1669
     1670
     1671
     1672
     1673
     1674
     1675
     1676
     1677
     1678
     1679
     1680
     1681
     1682
     1683
     1684
     1685
     1686
     1687
     1688
     1689
     1690
     1691
     1692
     1693
     1694
     1695
     1696
     1697
     1698
     1699
     1700
     1701
     1702
     1703
     1704
     1705
     1706
     1707
     1708
     1709
     1710
     1711
     1712
     1713
     1714
     1715
     1716
     1717
     1718
     1719
     1720
     1721
     1722
     1723
     1724
     1725
     1726
     1727
     1728
     1729
     1730
     1731
     1732
     1733
     1734
     1735
     1736
     1737
     1738
     1739
     1740
     1741
     1742
     1743
     1744
     1745
     1746
     1747
     1748
     1749
     1750
     1751
     1752
     1753
     1754
     1755
     1756
     1757
     1758
     1759
     1760
     1761
     1762
     1763
     1764
     1765
     1766
     1767
     1768
     1769
     1770
     1771
     1772
     1773
     1774
     1775
     1776
     1777
     1778
     1779
     1780
     1781
     1782
     1783
     1784
     1785
     1786
     1787
     1788
     1789
     1790
     1791
     1792
     1793
     1794
     1795
     1796
     1797
     1798
     1799
     1800
     1801
     1802
     1803
     1804
     1805
     1806
     1807
     1808
     1809
     1810
     1811
     1812
     1813
     1814
     1815
     1816
     1817
     1818
     1819
     1820
     1821
     1822
     1823
     1824
     1825
     1826
     1827
     1828
     1829
     1830
     1831
     1832
     1833
     1834
     1835
     1836
     1837
     1838
     1839
     1840
     1841
     1842
     1843
     1844
     1845
     1846
     1847
     1848
     1849
     1850
     1851
     1852
     1853
     1854
     1855
     1856
     1857
     1858
     1859
     1860
     1861
     1862
     1863
     1864
     1865
     1866
     1867
     1868
     1869
     1870
     1871
     1872
     1873
     1874
     1875
     1876
     1877
     1878
     1879
     1880
     1881
     1882
     1883
     1884
     1885
     1886
     1887
     1888
     1889
     1890
     1891
     1892
     1893
     1894
     1895
     1896
     1897
     1898
     1899
     1900
     1901
     1902
     1903
     1904
     1905
     1906
     1907
     1908
     1909
     1910
     1911
     1912
     1913
     1914
     1915
     1916
     1917
     1918
     1919
     1920
     1921
     1922
     1923
     1924
     1925
     1926
     1927
     1928
     1929
     1930
     1931
     1932
     1933
     1934
     1935
     1936
     1937
     1938
     1939
     1940
     1941
     1942
     1943
     1944
     1945
     1946
     1947
     1948
     1949
     1950
     1951
     1952
     1953
     1954
     1955
     1956
     1957
     1958
     1959
     1960
     1961
     1962
     1963
     1964
     1965
     1966
     1967
     1968
     1969
     1970
     1971
     1972
     1973
     1974
     1975
     1976
     1977
     1978
     1979
     1980
     1981
     1982
     1983
     1984
     1985
     1986
     1987
     1988
     1989
     1990
     1991
     1992
     1993
     1994
     1995
     1996
     1997
     1998
     1999
     2000
     2001
     2002
     2003
     2004
     2005
     2006
     2007
     2008
     2009
     2010
     2011
     2012
     2013
     2014
     2015
     2016
     2017
     2018
     2019
     2020
     2021
     2022
     2023
     2024
     2025
     2026
     2027
     2028
     2029
     2030
     2031
     2032
     2033
     2034
     2035
     2036
     2037
     2038
     2039
     2040
     2041
     2042
     2043
     2044
     2045
     2046
     2047
     2048
     2049
     2050
     2051
     2052
     2053
     2054
     2055
     2056
     2057
     2058
     2059
     2060
     2061
     2062
     2063
     2064
     2065
     2066
     2067
     2068
     2069
     2070
     2071
     2072
     2073
     2074
     2075
     2076
     2077
     2078
     2079
     2080
     2081
     2082
     2083
     2084
     2085
     2086
     2087
     2088
     2089
     2090
     2091
     2092
     2093
     2094
     2095
     2096
     2097
     2098
     2099
     2100
     2101
     2102
     2103
     2104
     2105
     2106
     2107
     2108
     2109
     2110
     2111
     2112
     2113
     2114
     2115
     2116
     2117
     2118
     2119
     2120
     2121
     2122
     2123
     2124
     2125
     2126
     2127
     2128
     2129
     2130
     2131
     2132
     2133
     2134
     2135
     2136
     2137
     2138
     2139
     2140
     2141
     2142
     2143
     2144
     2145
     2146
     2147
     2148
     2149
     2150
     2151
     2152
     2153
     2154
     2155
     2156
     2157
     2158
     2159
     2160
     2161
     2162
     2163
     2164
     2165
     2166
     2167
     2168
     2169
     2170
     2171
     2172
     2173
     2174
     2175
     2176
     2177
     2178
     2179
     2180
     2181
     2182
     2183
     2184
     2185
     2186
     2187
     2188
     2189
     2190
     2191
     2192
     2193
     2194
     2195
     2196
     2197
     2198
     2199
     2200
     2201
     2202
     2203
     2204
     2205
     2206
     2207
     2208
     2209
     2210
     2211
     2212
     2213
     2214
     2215
     2216
     2217
     2218
     2219
     2220
     2221
     2222
     2223
     2224
     2225
     2226
     2227
     2228
     2229
     2230
     2231
     2232
     2233
     2234
     2235
     2236
     2237
     2238
     2239
     2240
     2241
     2242
     2243
     2244
     2245
     2246
     2247
     2248
     2249
     2250
     2251
     2252
     2253
     2254
     2255
     2256
     2257
     2258
     2259
     2260
     2261
     2262
     2263
     2264
     2265
     2266
     2267
     2268
     2269
     2270
     2271
     2272
     2273
     2274
     2275
     2276
     2277
     2278
     2279
     2280
     2281
     2282
     2283
     2284
     2285
     2286
     2287
     2288
     2289
     2290
     2291
     2292
     2293
     2294
     2295
     2296
     2297
     2298
     2299
     2300
     2301
     2302
     2303
     2304
     2305
     2306
     2307
     2308
     2309
     2310
     2311
     2312
     2313
     2314
     2315
     2316
     2317
     2318
     2319
     2320
     2321
     2322
     2323
     2324
     2325
     2326
     2327
     2328
     2329
     2330
     2331
     2332
     2333
     2334
     2335
     2336
     2337
     2338
     2339
     2340
     2341
     2342
     2343
     2344
     2345
     2346
     2347
     2348
     2349
     2350
     2351
     2352
     2353
     2354
     2355
     2356
     2357
     2358
     2359
     2360
     2361
     2362
     2363
     2364
     2365
     2366
     2367
     2368
     2369
     2370
     2371
     2372
     2373
     2374
     2375
     2376
     2377
     2378
     2379
     2380
     2381
     2382
     2383
     2384
     2385
     2386
     2387
     2388
     2389
     2390
     2391
     2392
     2393
     2394
     2395
     2396
     2397
     2398
     2399
     2400
     2401
     2402
     2403
     2404
     2405
     2406
     2407
     2408
     2409
     2410
     2411
     2412
     2413
     2414
     2415
     2416
     2417
     2418
     2419
     2420
     2421
     2422
     2423
     2424
     2425
     2426
     2427
     2428
     2429
     2430
     2431
     2432
     2433
     2434
     2435
     2436
     2437
     2438
     2439
     2440
     2441
     2442
     2443
     2444
     2445
     2446
     2447
     2448
     2449
     2450
     2451
     2452
     2453
     2454
     2455
     2456
     2457
     2458
     2459
     2460
     2461
     2462
     2463
     2464
     2465
     2466
     2467
     2468
     2469
     2470
     2471
     2472
     2473
     2474
     2475
     2476
     2477
     2478
     2479
     2480
     2481
     2482
     2483
     2484
     2485
     2486
     2487
     2488
     2489
     2490
     2491
     2492
     2493
     2494
     2495
     2496
     2497
     2498
     2499
     2500
     2501
     2502
     2503
     2504
     2505
     2506
     2507
     2508
     2509
     2510
     2511
     2512
     2513
     2514
     2515
     2516
     2517
     2518
     2519
     2520
     2521
     2522
     2523
     2524
     2525
     2526
     2527
     2528
     2529
     2530
     2531
     2532
     2533
     2534
     2535
     2536
     2537
     2538
     2539
     2540
     2541
     2542
     2543
     2544
     2545
     2546
     2547
     2548
     2549
     2550
     2551
     2552
     2553
     2554
     2555
     2556
     2557
     2558
     2559
     2560
     2561
     2562
     2563
     2564
     2565
     2566
     2567
     2568
     2569
     2570
     2571
     2572
     2573
     2574
     2575
     2576
     2577
     2578
     2579
     2580
     2581
     2582
     2583
     2584
     2585
     2586
     2587
     2588
     2589
     2590
     2591
     2592
     2593
     2594
     2595
     2596
     2597
     2598
     2599
     2600
     2601
     2602
     2603
     2604
     2605
     2606
     2607
     2608
     2609
     2610
     2611
     2612
     2613
     2614
     2615
     2616
     2617
     2618
     2619
     2620
     2621
     2622
     2623
     2624
     2625
     2626
     2627
     2628
     2629
     2630
     2631
     2632
     2633
     2634
     2635
     2636
     2637
     2638
     2639
     2640
     2641
     2642
     2643
     2644
     2645
     2646
     2647
     2648
     2649
     2650
     2651
     2652
     2653
     2654
     2655
     2656
     2657
     2658
     2659
     2660
     2661
     2662
     2663
     2664
     2665
     2666
     2667
     2668
     2669
     2670
     2671
     2672
     2673
     2674
     2675
     2676
     2677
     2678
     2679
     2680
     2681
     2682
     2683
     2684
     2685
     2686
     2687
     2688
     2689
     2690
     2691
     2692
     2693
     2694
     2695
     2696
     2697
     2698
     2699
     2700
     2701
     2702
     2703
     2704
     2705
     2706
     2707
     2708
     2709
     2710
     2711
     2712
     2713
     2714
     2715
     2716
     2717
     2718
     2719
     2720
     2721
     2722
     2723
     2724
     2725
     2726
     2727
     2728
     2729
     2730
     2731
     2732
     2733
     2734
     2735
     2736
     2737
     2738
     2739
     2740
     2741
     2742
     2743
     2744
     2745
     2746
     2747
     2748
     2749
     2750
     2751
     2752
     2753
     2754
     2755
     2756
     2757
     2758
     2759
     2760
     2761
     2762
     2763
     2764
     2765
     2766
     2767
     2768
     2769
     2770
     2771
     2772
     2773
     2774
     2775
     2776
     2777
     2778
     2779
     2780
     2781
     2782
     2783
     2784
     2785
     2786
     2787
     2788
     2789
     2790
     2791
     2792
     2793
     2794
     2795
     2796
     2797
     2798
     2799
     2800
     2801
     2802
     2803
     2804
     2805
     2806
     2807
     2808
     2809
     2810
     2811
     2812
     2813
     2814
     2815
     2816
     2817
     2818
     2819
     2820
     2821
     2822
     2823
     2824
     2825
     2826
     2827
     2828
     2829
     2830
     2831
     2832
     2833
     2834
     2835
     2836
     2837
     2838
     2839
     2840
     2841
     2842
     2843
     2844
     2845
     2846
     2847
     2848
     2849
     2850
     2851
     2852
     2853
     2854
     2855
     2856
     2857
     2858
     2859
     2860
     2861
     2862
     2863
     2864
     2865
     2866
     2867
     2868
     2869
     2870
     2871
     2872
     2873
     2874
     2875
     2876
     2877
     2878
     2879
     2880
     2881
     2882
     2883
     2884
     2885
     2886
     2887
     2888
     2889
     2890
     2891
     2892
     2893
     2894
     2895
     2896
     2897
     2898
     2899
     2900
     2901
     2902
     2903
     2904
     2905
     2906
     2907
     2908
     2909
     2910
     2911
     2912
     2913
     2914
     2915
     2916
     2917
     2918
     2919
     2920
     2921
     2922
     2923
     2924
     2925
     2926
     2927
     2928
     2929
     2930
     2931
     2932
     2933
     2934
     2935
     2936
     2937
     2938
     2939
     2940
     2941
     2942
     2943
     2944
     2945
     2946
     2947
     2948
     2949
     2950
     2951
     2952
     2953
     2954
     2955
     2956
     2957
     2958
     2959
     2960
     2961
     2962
     2963
     2964
     2965
     2966
     2967
     2968
     2969
     2970
     2971
     2972
     2973
     2974
     2975
     2976
     2977
     2978
     2979
     2980
     2981
     2982
     2983
     2984
     2985
     2986
     2987
     2988
     2989
     2990
     2991
     2992
     2993
     2994
     2995
     2996
     2997
     2998
     2999
     3000
     3001
     3002
     3003
     3004
     3005
     3006
     3007
     3008
     3009
     3010
     3011
     3012
     3013
     3014
     3015
     3016
     3017
     3018
     3019
     3020
     3021
     3022
     3023
     3024
     3025
     3026
     3027
     3028
     3029
     3030
     3031
     3032
     3033
     3034
     3035
     3036
     3037
     3038
     3039
     3040
     3041
     3042
     3043
     3044
     3045
     3046
     3047
     3048
     3049
     3050
     3051
     3052
     3053
     3054
     3055
     3056
     3057
     3058
     3059
     3060
     3061
     3062
     3063
     3064
     3065
     3066
     3067
     3068
     3069
     3070
     3071
     3072
     3073
     3074
     3075
     3076
     3077
     3078
     3079
     3080
     3081
     3082
     3083
     3084
     3085
     3086
     3087
     3088
     3089
     3090
     3091
     3092
     3093
     3094
     3095
     3096
     3097
     3098
     3099
     3100
     3101
     3102
     3103
     3104
     3105
     3106
     3107
     3108
     3109
     3110
     3111
     3112
     3113
     3114
     3115
     3116
     3117
     3118
     3119
     3120
     3121
     3122
     3123
     3124
     3125
     3126
     3127
     3128
     3129
     3130
     3131
     3132
     3133
     3134
     3135
     3136
     3137
     3138
     3139
     3140
     3141
     3142
     3143
     3144
     3145
     3146
     3147
     3148
     3149
     3150
     3151
     3152
     3153
     3154
     3155
     3156
     3157
     3158
     3159
     3160
     3161
     3162
     3163
     3164
     3165
     3166
     3167
     3168
     3169
     3170
     3171
     3172
     3173
     3174
     3175
     3176
     3177
     3178
     3179
     3180
     3181
     3182
     3183
     3184
     3185
     3186
     3187
     3188
     3189
     3190
     3191
     3192
     3193
     3194
     3195
     3196
     3197
     3198
     3199
     3200
     3201
     3202
     3203
     3204
     3205
     3206
     3207
     3208
     3209
     3210
     3211
     3212
     3213
     3214
     3215
     3216
     3217
     3218
     3219
     3220
     3221
     3222
     3223
     3224
     3225
     3226
     3227
     3228
     3229
     3230
     3231
     3232
     3233
     3234
     3235
     3236
     3237
     3238
     3239
     3240
     3241
     3242
     3243
     3244
     3245
     3246
     3247
     3248
     3249
     3250
     3251
     3252
     3253
     3254
     3255
     3256
     3257
     3258
     3259
     3260
     3261
     3262
     3263
     3264
     3265
     3266
     3267
     3268
     3269
     3270
     3271
     3272
     3273
     3274
     3275
     3276
     3277
     3278
     3279
     3280
     3281
     3282
     3283
     3284
     3285
     3286
     3287
     3288
     3289
     3290
     3291
     3292
     3293
     3294
     3295
     3296
     3297
     3298
     3299
     3300
     3301
     3302
     3303
     3304
     3305
     3306
     3307
     3308
     3309
     3310
     3311
     3312
     3313
     3314
     3315
     3316
     3317
     3318
     3319
     3320
     3321
     3322
     3323
     3324
     3325
     3326
     3327
     3328
     3329
     3330
     3331
     3332
     3333
     3334
     3335
     3336
     3337
     3338
     3339
     3340
     3341
     3342
     3343
     3344
     3345
     3346
     3347
     3348
     3349
     3350
