# vtk DataFile Version 2.0
converted dat file mesh30mm                                                     
ASCII
           
DATASET UNSTRUCTURED_GRID
POINTS     1918 float
  6315.1104       290.67197      -3253.9976    
  6323.4189       33.402344      -3255.2097    
  6323.9668     -0.21749607      -3252.3633    
  6322.1187       1.9145721      -3261.9568    
  6313.4888       324.22882      -3250.8342    
  6308.1685       354.47470      -3267.1104    
  6309.8608       356.63928      -3257.4954    
  5556.4727       314.58649      -4578.7646    
  5546.4917       313.97372      -4578.7671    
  5548.2373       285.53812      -4578.9014    
  5557.4097       1.5187050      -4580.2397    
  5567.4097       1.6043658      -4580.2393    
  5557.1665       30.006718      -4580.1055    
  5549.8325       257.09375      -4579.0352    
  6316.9458       291.79092      -3244.1733    
  6325.3262       32.311726      -3245.3960    
  5549.8330       256.95181      -4548.9102    
  5549.8335       256.78799      -4514.1455    
  5549.8340       256.64896      -4484.6392    
  5549.8345       256.50870      -4454.8701    
  5549.8350       256.36768      -4424.9438    
  5549.8350       256.22614      -4394.9053    
  5549.8354       256.08444      -4364.8335    
  5549.8359       255.94260      -4334.7285    
  5549.8364       255.80086      -4304.6455    
  5549.8369       255.65910      -4274.5635    
  5549.8374       255.51726      -4244.4575    
  5549.8374       255.37350      -4213.9482    
  5549.8379       255.23106      -4183.7207    
  5549.8384       255.08879      -4153.5244    
  5549.8389       254.94676      -4123.3823    
  5549.8394       254.80486      -4093.2649    
  5549.8398       254.66333      -4063.2292    
  5549.8398       254.52182      -4033.1958    
  5549.8403       254.38063      -4003.2327    
  5549.8408       254.24014      -3973.4165    
  5549.8413       254.10001      -3943.6772    
  5549.8418       253.95978      -3913.9150    
  5549.8423       253.81926      -3884.0923    
  5550.3267       253.70456      -3854.2639    
  5552.1768       253.66255      -3824.3728    
  5555.4360       253.69536      -3794.3782    
  5560.1060       253.80397      -3764.4768    
  5566.1812       253.98857      -3734.7703    
  5573.6333       254.24837      -3705.4072    
  5582.4663       254.58353      -3676.3774    
  5592.6655       254.99359      -3647.7544    
  5604.1899       255.47694      -3619.6575    
  5616.9565       256.02997      -3592.2593    
  5631.0005       256.65408      -3565.4666    
  5646.2842       257.34766      -3539.3552    
  5662.7939       258.11011      -3513.9548    
  5680.4844       258.93933      -3489.3435    
  5699.2837       259.83200      -3465.6179    
  5719.1499       260.78604      -3442.8237    
  5740.0747       261.80109      -3420.9690    
  5761.9868       262.87369      -3400.1289    
  5784.8516       264.00211      -3380.3357    
  5808.6299       265.18445      -3361.6252    
  5833.2520       266.41721      -3344.0532    
  5858.6484       267.69693      -3327.6667    
  5884.8003       269.02271      -3312.4775    
  5911.6304       270.39056      -3298.5322    
  5939.1035       271.79871      -3285.8506    
  5967.2524       273.24890      -3274.4287    
  5995.8096       274.72739      -3264.3765    
  6024.7188       276.23114      -3255.6992    
  6053.9629       277.75928      -3248.3931    
  6083.3599       279.30215      -3242.4890    
  6113.6787       280.90036      -3237.8704    
  6143.2886       282.46786      -3234.7710    
  6172.9453       284.04431      -3233.0439    
  6201.7983       285.58426      -3232.6765    
  6231.9429       287.19958      -3233.6726    
  6261.9229       288.81277      -3236.0688    
  6291.2686       290.39828      -3239.7871    
  6300.1475       32.009716      -3241.0852    
  6270.5620       31.660946      -3237.3154    
  6240.9590       31.318466      -3234.9214    
  6210.6182       30.974115      -3233.8823    
  6180.7749       30.641962      -3234.2505    
  6150.1875       30.308279      -3236.0613    
  6118.7354       29.972355      -3239.4490    
  6088.8955       29.660496      -3244.1157    
  6056.2295       29.326920      -3250.8838    
  6027.0679       29.036240      -3258.4360    
  5998.2920       28.756239      -3267.3376    
  5969.9609       28.487488      -3277.5703    
  5942.1333       28.230543      -3289.1135    
  5914.8745       27.986008      -3301.9402    
  5888.2461       27.754438      -3316.0210    
  5862.3027       27.536303      -3331.3269    
  5838.1626       27.340523      -3347.0947    
  5813.8457       27.150972      -3364.6055    
  5790.2246       26.974987      -3383.3416    
  5766.4697       26.807055      -3404.1052    
  5744.7598       26.662567      -3424.9893    
  5724.0430       26.533869      -3446.8652    
  5704.3706       26.421274      -3469.6797    
  5685.7837       26.325016      -3493.3835    
  5668.3203       26.245291      -3517.9285    
  5652.0166       26.182268      -3543.2642    
  5636.9116       26.136101      -3569.3306    
  5623.0396       26.106886      -3596.0688    
  5610.4272       26.094681      -3623.4243    
  5599.1016       26.099514      -3651.3411    
  5589.0884       26.121380      -3679.7566    
  5580.4111       26.160223      -3708.6033    
  5573.0869       26.215960      -3737.8218    
  5567.1313       26.288475      -3767.3521    
  5562.5571       26.377621      -3797.1316    
  5559.3755       26.483181      -3827.0876    
  5557.6177       26.601997      -3856.4766    
  5557.1758       26.732775      -3885.2795    
  5557.1758       26.873085      -3915.0574    
  5557.1753       27.014977      -3945.1707    
  5557.1748       27.160200      -3975.9915    
  5557.1743       27.302164      -4006.1206    
  5557.1738       27.444540      -4036.3367    
  5557.1733       27.586281      -4066.4185    
  5557.1729       27.727652      -4096.4214    
  5557.1729       27.869179      -4126.4575    
  5557.1724       28.010450      -4156.4395    
  5557.1719       28.153900      -4186.8833    
  5557.1714       28.294966      -4216.8218    
  5557.1709       28.436541      -4246.8682    
  5557.1704       28.578337      -4276.9614    
  5557.1704       28.719393      -4306.8975    
  5557.1699       28.860577      -4336.8608    
  5557.1694       29.003443      -4367.1812    
  5557.1689       29.144325      -4397.0806    
  5557.1685       29.286493      -4427.2524    
  5557.1680       29.429321      -4457.5649    
  5557.1675       29.572012      -4487.8481    
  5557.1675       29.713999      -4517.9819    
  5557.1670       29.869843      -4551.0562    
  5567.0444       40.141560      -4580.0576    
  5566.5771       69.744705      -4579.9185    
  5565.9424       99.546181      -4579.7778    
  5565.1514       129.05363      -4579.6387    
  5564.2056       158.37341      -4579.5005    
  5563.0928       187.87396      -4579.3618    
  5561.8091       217.58102      -4579.2217    
  5560.4009       246.50847      -4579.0854    
  5558.8564       274.77527      -4578.9517    
  5556.4731       314.48462      -4557.2363    
  5556.4736       314.33499      -4525.6504    
  5556.4741       314.19180      -4495.4399    
  5556.4746       314.05200      -4465.9404    
  5556.4751       313.91113      -4436.2236    
  5556.4756       313.76859      -4406.1465    
  5556.4761       313.62445      -4375.7402    
  5556.4766       313.48138      -4345.5527    
  5556.4771       313.33871      -4315.4536    
  5556.4771       313.19781      -4285.7236    
  5556.4775       313.05807      -4256.2441    
  5556.4780       312.91739      -4226.5596    
  5556.4785       312.77515      -4196.5503    
  5556.4790       312.63257      -4166.4683    
  5556.4795       312.49005      -4136.3960    
  5556.4800       312.34756      -4106.3276    
  5556.4805       312.20496      -4076.2361    
  5556.4810       312.06204      -4046.1182    
  5556.4814       311.91800      -4016.0291    
  5556.4824       311.76770      -3985.9773    
  5556.4844       311.60010      -3955.9849    
  5556.4868       311.52472      -3926.0999    
  5557.3164       311.44104      -3896.5056    
  5559.5430       311.41937      -3867.0630    
  5563.1411       311.46536      -3837.8977    
  5568.1538       311.30145      -3808.7612    
  5574.5205       310.80341      -3779.8633    
  5582.1812       310.28687      -3751.0200    
  5590.2900       310.30176      -3721.9177    
  5598.6436       310.72787      -3693.1409    
  5608.1475       311.19989      -3665.0503    
  5619.0034       311.76764      -3637.3794    
  5631.1465       312.42233      -3610.2986    
  5644.4814       313.15747      -3583.9802    
  5659.0288       313.97406      -3558.3525    
  5674.6978       314.86691      -3533.5518    
  5691.5635       315.84030      -3509.4519    
  5709.5962       316.89261      -3486.1162    
  5728.7905       318.02362      -3463.5740    
  5748.9551       319.22208      -3442.0510    
  5770.1782       320.49316      -3421.4504    
  5792.2295       321.82309      -3401.9885    
  5815.1694       323.21536      -3383.5957    
  5838.8149       324.65887      -3366.4031    
  5863.4575       326.17139      -3350.2075    
  5888.8271       327.73645      -3335.2063    
  5915.0361       329.36102      -3321.3469    
  5941.7817       331.02643      -3308.7959    
  5969.2759       332.74591      -3297.4609    
  5997.3638       334.50964      -3287.4285    
  6025.6973       336.29633      -3278.8135    
  6054.4863       338.11783      -3271.5425    
  6083.8916       339.98685      -3265.6038    
  6113.7109       341.88748      -3261.0728    
  6143.2412       343.77902      -3258.0342    
  6173.1294       345.69681      -3256.4041    
  6203.4951       347.65335      -3256.2258    
  6234.8857       349.68701      -3257.6074    
  6266.6807       351.74884      -3260.6377    
  6280.0938       354.70950      -3252.5549    
  6250.1235       352.77341      -3249.0457    
  6218.9082       350.76413      -3246.9265    
  6187.5859       348.75534      -3246.3606    
  6157.3359       346.82227      -3247.2932    
  6127.3003       344.90973      -3249.6641    
  6097.4497       343.01575      -3253.4619    
  6066.7305       341.07385      -3258.8997    
  6037.4590       339.23044      -3265.5615    
  6008.5327       337.41571      -3273.6111    
  5979.9434       335.62915      -3283.0571    
  5951.5107       333.85962      -3293.9917    
  5923.9692       332.15286      -3306.1316    
  5897.0928       330.49466      -3319.5425    
  5870.8984       328.88608      -3334.2090    
  5845.4336       327.32999      -3350.1033    
  5820.9971       325.84457      -3367.0120    
  5797.3818       324.41708      -3385.0527    
  5774.5229       323.04367      -3404.2881    
  5752.5322       321.73114      -3424.6475    
  5731.5093       320.48553      -3446.0493    
  5711.5161       319.31052      -3468.4353    
  5692.6030       318.20905      -3491.7505    
  5674.8105       317.18350      -3515.9465    
  5658.4458       316.25128      -3540.5488    
  5642.9858       315.38272      -3566.3469    
  5628.9087       314.60471      -3592.5742    
  5615.9355       313.90189      -3619.7559    
  5604.2627       313.28519      -3647.5400    
  5593.8594       312.75320      -3676.0396    
  5584.9370       312.31650      -3704.6396    
  5576.7324       311.92859      -3733.8254    
  5568.5391       311.54178      -3763.1021    
  5561.4072       311.22183      -3792.1316    
  5555.6206       310.99030      -3821.6519    
  5551.2456       310.85016      -3851.3711    
  5548.3022       310.80139      -3881.0298    
  5546.7515       310.84311      -3910.9531    
  5546.5005       310.96854      -3940.9788    
  5546.5000       311.10977      -3970.9563    
  5546.4995       311.25131      -4000.9973    
  5546.4990       311.39297      -4031.0613    
  5546.4985       311.53488      -4061.1765    
  5546.4980       311.67679      -4091.2893    
  5546.4980       311.81848      -4121.3643    
  5546.4976       311.96021      -4151.4424    
  5546.4971       312.10199      -4181.5342    
  5546.4966       312.24362      -4211.5913    
  5546.4961       312.38397      -4241.3809    
  5546.4956       312.52444      -4271.1899    
  5546.4956       312.66370      -4300.7402    
  5546.4951       312.80505      -4330.7441    
  5546.4946       312.94687      -4360.8418    
  5546.4941       313.08929      -4391.0688    
  5546.4937       313.23145      -4421.2388    
  5546.4932       313.37195      -4451.0532    
  5546.4932       313.51138      -4480.6470    
  5546.4927       313.65042      -4510.1543    
  5546.4922       313.79352      -4540.5249    
  6284.0244       322.47491      -3245.9138    
  6254.3623       320.71597      -3242.3794    
  6224.5669       318.95575      -3240.2388    
  6194.4263       317.18185      -3239.4966    
  6164.3818       315.42032      -3240.1760    
  6134.5332       313.67688      -3242.2590    
  6104.9067       311.95303      -3245.7273    
  6074.3574       310.18246      -3250.7903    
  6045.0874       308.49292      -3257.0903    
  6016.0908       306.82593      -3264.7734    
  5987.4272       305.18497      -3273.8323    
  5959.0205       303.56577      -3284.3115    
  5931.3433       301.99527      -3296.0364    
  5904.2568       300.46558      -3309.0476    
  5877.7632       298.97678      -3323.3479    
  5851.9678       297.53488      -3338.8850    
  5826.9927       296.14661      -3355.5791    
  5802.8584       294.81302      -3373.4077    
  5779.5747       293.53467      -3392.3616    
  5757.1611       292.31274      -3412.4312    
  5735.7031       291.15182      -3433.5479    
  5715.2539       290.05490      -3455.6614    
  5695.8613       289.02448      -3478.7227    
  5677.5732       288.06317      -3502.6760    
  5660.4751       287.17538      -3527.4014    
  5644.5449       286.35995      -3552.9233    
  5629.8408       285.61987      -3579.1484    
  5616.3604       284.95502      -3606.0864    
  5604.1401       284.36725      -3633.6804    
  5593.1807       283.85681      -3661.9680    
  5583.6094       283.42969      -3690.6240    
  5575.3853       283.08395      -3719.7590    
  5568.5562       282.82156      -3749.2053    
  5563.1411       282.64310      -3778.8308    
  5558.8701       282.53207      -3808.5149    
  5554.7041       282.42715      -3838.1709    
  5551.1733       282.35916      -3867.7468    
  5549.0200       282.37259      -3897.4380    
  5548.2485       282.46747      -3927.1833    
  5548.2456       282.60727      -3956.8823    
  5548.2456       282.74835      -3986.8230    
  5548.2451       282.88809      -4016.4839    
  5548.2446       283.02664      -4045.8921    
  5548.2441       283.16638      -4075.5552    
  5548.2437       283.30798      -4105.6084    
  5548.2432       283.44965      -4135.6616    
  5548.2432       283.59125      -4165.7153    
  5548.2427       283.73285      -4195.7686    
  5548.2422       283.87442      -4225.8218    
  5548.2417       284.01599      -4255.8755    
  5548.2412       284.15762      -4285.9287    
  5548.2407       284.29929      -4315.9819    
  5548.2407       284.44092      -4346.0352    
  5548.2402       284.58252      -4376.0879    
  5548.2397       284.72409      -4406.1328    
  5548.2393       284.86533      -4436.1118    
  5548.2388       285.00375      -4465.4946    
  5548.2383       285.14346      -4495.1426    
  5548.2383       285.26987      -4521.9683    
  5548.2378       285.39716      -4548.9756    
  5557.4102       1.4328033      -4562.0229    
  5557.4106       1.2937936      -4532.5132    
  5557.4111       1.1502813      -4502.0547    
  5557.4111       1.0072124      -4471.6904    
  5557.4116      0.86354458      -4441.2007    
  5557.4121      0.71989173      -4410.7183    
  5557.4126      0.57635075      -4380.2544    
  5557.4131      0.43278113      -4349.7856    
  5557.4136      0.28974602      -4319.4229    
  5557.4136      0.14736129      -4289.1958    
  5557.4141      0.39548562E-02  -4258.7568    
  5557.4146     -0.13559832      -4229.1450    
  5557.4150     -0.27675140      -4199.1987    
  5557.4155     -0.41813359      -4169.1963    
  5557.4160     -0.55656195      -4139.8154    
  5557.4160     -0.69849175      -4109.6855    
  5557.4165     -0.83855307      -4079.9558    
  5557.4170     -0.97991568      -4049.9612    
  5557.4175      -1.1216199      -4019.8953    
  5557.4180      -1.2666123      -3989.1243    
  5557.4185      -1.4146694      -3957.7014    
  5557.4243      -1.5566845      -3927.5559    
  5558.2373      -1.6915923      -3897.9067    
  5560.3926      -1.8167113      -3868.6560    
  5563.9751      -1.9358402      -3838.8906    
  5568.1230      -2.0502656      -3809.4131    
  5572.4707      -2.1662991      -3779.3486    
  5577.8843      -2.2728486      -3749.9673    
  5584.7090      -2.3705473      -3720.6963    
  5593.1704      -2.4609628      -3690.9116    
  5602.7725      -2.5387888      -3662.3706    
  5614.0225      -2.6082096      -3633.5596    
  5626.2861      -2.6653314      -3606.0964    
  5639.8115      -2.7119370      -3579.2698    
  5654.5889      -2.7481003      -3553.0957    
  5670.5840      -2.7737117      -3527.6392    
  5688.6968      -2.7891989      -3501.6819    
  5707.9883      -2.7928894      -3476.7554    
  5727.4180      -2.7855356      -3453.9978    
  5747.8911      -2.7676439      -3432.1738    
  5769.3643      -2.7392199      -3411.3306    
  5791.7871      -2.7003314      -3391.5156    
  5815.1128      -2.6510987      -3372.7712    
  5839.2905      -2.5916178      -3355.1379    
  5863.3545      -2.5246460      -3339.2280    
  5889.9863      -2.4423025      -3323.3586    
  5916.3945      -2.3528810      -3309.2817    
  5943.4321      -2.2539060      -3296.4556    
  5971.0396      -2.1455178      -3284.9087    
  5999.1577      -2.0279679      -3274.6658    
  6027.7246      -1.9015248      -3265.7493    
  6056.6758      -1.7664403      -3258.1792    
  6085.9487      -1.6230383      -3251.9722    
  6114.0669      -1.4790537      -3247.3401    
  6143.1465      -1.3238258      -3243.8901    
  6173.2759      -1.1562842      -3241.7302    
  6203.3467     -0.98239112      -3240.9956    
  6234.1382     -0.79742384      -3241.7095    
  6264.7393     -0.60670054      -3243.8936    
  6294.5591     -0.41404155      -3247.4507    
  6280.8550       1.6723279      -3255.4741    
  6249.1343       1.4923669      -3252.3767    
  6218.6973       1.3260800      -3250.9199    
  6188.5942       1.1679091      -3250.9285    
  6158.9126       1.0182489      -3252.3477    
  6129.9517      0.87822515      -3255.0920    
  6101.5635      0.74674582      -3259.1023    
  6073.2002      0.62105387      -3264.4404    
  6044.6313      0.50040877      -3271.1980    
  6016.3252      0.38741514      -3279.3054    
  5988.4009      0.28257015      -3288.7373    
  5960.9224      0.18607095      -3299.4766    
  5933.9619      0.98297663E-01  -3311.4983    
  5907.6387      0.19593406E-01  -3324.7463    
  5881.6831     -0.50881352E-01  -3339.3784    
  5856.7607     -0.11118199      -3355.0156    
  5832.8115     -0.16148867      -3371.6428    
  5809.3970     -0.20283423      -3389.5696    
  5786.8843     -0.23456797      -3408.5405    
  5765.2393     -0.25673500      -3428.5852    
  5744.6123     -0.26908141      -3449.5620    
  5724.9346     -0.27156284      -3471.5410    
  5705.8433     -0.26328608      -3495.0168    
  5687.5156     -0.24352825      -3519.9346    
  5670.7529     -0.21311878      -3545.2134    
  5655.4912     -0.17264611      -3570.8015    
  5641.5513     -0.12244010      -3596.8945    
  5628.7666     -0.61448991E-01  -3623.8054    
  5617.2251      0.11093733E-01  -3651.4016    
  5606.9697      0.94922371E-01  -3679.6235    
  5598.0752      0.18880677      -3708.2893    
  5590.5649      0.29328302      -3737.3091    
  5584.5098      0.40539560      -3766.2935    
  5579.8022      0.50862271      -3795.6772    
  5575.6733      0.50366676      -3825.2451    
  5571.7681      0.42964295E-01  -3854.8169    
  5569.0679     -0.63465703      -3883.8574    
  5567.6533      -1.2099599      -3912.7495    
  5567.4175      -1.3298974      -3942.0964    
  5567.4170      -1.1913415      -3973.4036    
  5567.4165      -1.0477656      -4004.4102    
  5567.4160     -0.90641695      -4034.7461    
  5567.4160     -0.76678330      -4064.8132    
  5567.4155     -0.62798965      -4094.7271    
  5567.4150     -0.48970449      -4124.5815    
  5567.4146     -0.35296699      -4154.1519    
  5567.4146     -0.21737468      -4183.5215    
  5567.4141     -0.79295591E-01  -4213.4673    
  5567.4136      0.56060404E-01  -4242.8447    
  5567.4131      0.19654348      -4273.3696    
  5567.4131      0.33694193      -4303.9155    
  5567.4126      0.47704536      -4334.4180    
  5567.4121      0.61704278      -4364.9102    
  5567.4116      0.75708818      -4395.4185    
  5567.4116      0.89693105      -4425.9189    
  5567.4111       1.0365137      -4456.4160    
  5567.4106       1.1755730      -4486.8506    
  5567.4102       1.3144511      -4517.2812    
  5567.4097       1.4541764      -4547.7598    
  6316.8521       256.40604      -3254.1614    
  6318.2954       224.37544      -3254.3125    
  6319.5073       194.05135      -3254.4553    
  6320.4941       166.04018      -3254.5874    
  6321.0659       147.85818      -3254.6729    
  6321.5820       129.75288      -3254.7583    
  6322.2866       101.24693      -3254.8926    
  6322.9023       70.271820      -3255.0386    
  6310.5527       333.03433      -3262.7014    
  5556.8379       54.436539      -4579.9902    
  5556.2778       84.638901      -4579.8481    
  5555.5649       114.24303      -4579.7085    
  5554.7021       143.44209      -4579.5708    
  5553.6802       172.65291      -4579.4331    
  5552.4854       202.18726      -4579.2939    
  5551.0962       232.37732      -4579.1519    
  6325.0225       55.525787      -3245.2866    
  6324.4604       87.532158      -3245.1360    
  6323.7837       117.47572      -3244.9949    
  6322.9468       147.89020      -3244.8516    
  6321.9565       178.39093      -3244.7078    
  6320.8550       207.88210      -3244.5688    
  6319.4829       240.25375      -3244.4163    
  6317.9712       272.00928      -3244.2666    
  6272.8120       266.82971      -3237.2561    
  6295.5903       261.62894      -3240.3569    
  6248.0718       258.35251      -3234.8047    
  6214.1265       259.87079      -3232.9998    
  6184.8760       258.57620      -3232.8816    
  6154.7231       257.03256      -3234.1509    
  6124.1553       255.41591      -3236.8877    
  6093.9346       253.82982      -3241.0464    
  6064.3115       252.28613      -3246.5522    
  6035.0273       250.76682      -3253.4229    
  6006.1021       249.26291      -3261.6494    
  5977.6167       247.77010      -3271.2068    
  5949.5366       246.29288      -3282.1096    
  5922.0210       244.87416      -3294.2986    
  5895.0840       243.50359      -3307.7673    
  5868.8096       242.16730      -3322.4749    
  5843.2603       240.87613      -3338.3845    
  5818.4834       239.63177      -3355.4651    
  5794.5454       238.44232      -3373.6685    
  5771.4692       237.30078      -3392.9758    
  5749.3252       236.21761      -3413.3289    
  5728.1631       235.18710      -3434.6782    
  5708.0005       234.21974      -3457.0076    
  5688.8691       233.31409      -3480.2876    
  5670.8862       232.47763      -3504.3730    
  5653.9600       231.68666      -3529.3965    
  5638.2729       230.98077      -3555.0908    
  5623.8057       230.34438      -3581.4734    
  5610.5806       229.77750      -3608.4990    
  5598.6240       229.28474      -3636.1160    
  5587.9277       228.81975      -3664.3674    
  5578.5947       228.47821      -3692.9683    
  5570.6016       228.20869      -3721.9690    
  5563.9551       227.98857      -3751.3613    
  5558.6753       227.81396      -3781.0947    
  5554.8003       227.78806      -3810.8904    
  5552.3096       227.79344      -3840.9048    
  5551.2197       227.85048      -3870.9224    
  5551.1655       227.94574      -3900.9204    
  5551.1650       228.09215      -3930.7039    
  5551.1646       228.23331      -3960.6384    
  5551.1646       228.36928      -3990.7068    
  5551.1636       228.52499      -4020.5430    
  5551.1631       228.66193      -4050.7517    
  5551.1626       228.80818      -4080.7429    
  5551.1621       228.94748      -4110.9106    
  5551.1621       229.08859      -4141.0361    
  5551.1616       229.23289      -4171.1479    
  5551.1611       229.37177      -4201.3179    
  5551.1606       229.51553      -4231.3057    
  5551.1602       229.65669      -4261.4785    
  5551.1602       229.79666      -4291.6567    
  5551.1592       229.94170      -4321.6343    
  5551.1592       230.08307      -4351.8027    
  5551.1587       230.22020      -4381.9814    
  5551.1597       230.33754      -4411.9644    
  5551.1631       230.40173      -4442.1519    
  5551.1621       230.54942      -4472.2812    
  5551.1597       230.73212      -4502.1025    
  5551.0840       232.40729      -4528.7710    
  5551.9380       214.42125      -4553.6313    
  5553.1392       186.40997      -4553.0405    
  5554.2163       157.77773      -4553.6509    
  5555.1372       129.27646      -4554.0312    
  5555.9043       100.88156      -4554.1665    
  5556.5215       72.485023      -4554.3003    
  5556.8364       54.335106      -4530.3872    
  5556.8125       55.720703      -4504.1357    
  5556.8135       55.567833      -4473.9072    
  5556.8140       55.419647      -4443.6416    
  5556.8149       55.214771      -4413.4497    
  5556.8159       55.068058      -4383.5210    
  5556.8159       54.922421      -4353.3506    
  5556.8164       54.782494      -4323.3745    
  5556.8174       54.627731      -4293.2031    
  5556.8174       54.482334      -4262.9966    
  5556.8179       54.357471      -4233.0278    
  5556.8184       54.216324      -4202.9771    
  5556.8188       54.059536      -4172.6611    
  5556.8188       53.932014      -4142.6465    
  5556.8198       53.775841      -4112.4434    
  5556.8198       53.633194      -4082.3413    
  5556.8203       53.490162      -4052.2393    
  5556.8208       53.345245      -4022.0842    
  5556.8213       53.209858      -3991.9614    
  5556.8218       53.060093      -3961.6433    
  5556.8223       52.913342      -3931.5024    
  5556.8223       52.786484      -3901.4927    
  5556.8794       52.655827      -3871.6599    
  5557.9590       52.470070      -3841.9497    
  5560.4194       52.318737      -3812.1636    
  5564.2852       52.219898      -3782.3137    
  5569.5605       52.191410      -3752.5471    
  5576.1865       52.107994      -3723.2080    
  5584.1641       52.037849      -3694.2268    
  5593.5459       52.063091      -3665.4561    
  5604.2085       52.048977      -3637.2959    
  5616.1543       52.038475      -3609.6980    
  5629.3604       52.044140      -3582.7048    
  5643.8564       52.096531      -3556.2668    
  5659.5464       52.154564      -3530.5701    
  5676.4883       52.260456      -3505.5283    
  5694.5210       52.359383      -3481.3853    
  5713.5835       52.461685      -3458.1968    
  5733.7627       52.590656      -3435.8528    
  5755.0649       52.735741      -3414.3721    
  5777.2534       52.892811      -3393.9949    
  5800.6699       53.064430      -3374.4324    
  5824.7158       53.239109      -3356.1897    
  5849.3877       53.441051      -3339.2195    
  5874.8164       53.673435      -3323.4109    
  5901.1294       53.885792      -3308.7021    
  5928.0591       54.140930      -3295.2546    
  5955.6333       54.367535      -3283.0562    
  5983.7568       54.584076      -3272.1528    
  6012.3267       54.854351      -3262.5823    
  6041.3101       55.115524      -3254.3540    
  6070.6675       55.445324      -3247.4800    
  6100.7632       55.770126      -3241.9102    
  6131.3413       56.092140      -3237.7427    
  6161.5942       56.418751      -3235.0708    
  6191.9082       56.730503      -3233.8235    
  6222.1738       57.033279      -3233.9978    
  6250.3955       57.438969      -3235.4387    
  6277.4214       56.385750      -3237.9873    
  6299.2041       75.096535      -3240.8354    
  6298.6772       103.94083      -3240.7097    
  6297.5649       132.39670      -3240.5164    
  6296.7100       161.58322      -3240.3818    
  6296.0957       190.08862      -3240.3037    
  6296.5605       216.90796      -3240.4072    
  6278.8354       239.99402      -3237.9644    
  6228.0322       234.16925      -3233.5867    
  6252.1665       229.58253      -3235.1660    
  6199.3169       233.25462      -3232.8928    
  6170.0400       231.88861      -3233.5032    
  6140.1953       230.29358      -3235.4993    
  6110.2065       228.70451      -3238.9143    
  6080.4419       227.17995      -3243.7224    
  6051.0112       225.62587      -3249.8992    
  6021.9492       224.18333      -3257.4258    
  5993.3652       222.68008      -3266.2656    
  5965.0742       221.05183      -3276.4819    
  5937.2729       219.56381      -3288.0110    
  5909.9092       218.19553      -3300.8867    
  5883.2231       216.87343      -3315.0049    
  5857.2837       215.56575      -3330.3203    
  5832.1519       214.28828      -3346.7849    
  5807.8501       213.05136      -3364.3728    
  5784.3208       211.88216      -3383.1282    
  5761.6421       210.78270      -3403.0017    
  5740.0498       209.72362      -3423.7776    
  5719.5522       208.73181      -3445.4111    
  5699.9248       207.82245      -3468.1453    
  5681.3394       206.97896      -3491.8127    
  5663.7505       206.16637      -3516.5049    
  5647.4419       205.44923      -3541.8230    
  5632.3237       204.79065      -3567.8828    
  5618.4971       204.23608      -3594.4888    
  5605.8848       203.73108      -3621.7847    
  5594.4619       203.20908      -3649.8904    
  5584.4370       202.83221      -3678.2808    
  5575.7900       202.60449      -3706.9268    
  5568.4194       202.33383      -3736.2114    
  5562.4102       202.09807      -3765.8911    
  5557.8213       202.04245      -3795.5830    
  5554.6040       201.98051      -3825.6284    
  5552.7949       202.05437      -3855.6414    
  5552.3550       202.13283      -3885.7756    
  5552.3550       202.26642      -3915.8052    
  5552.3525       202.45332      -3945.7234    
  5552.3540       202.55531      -3975.8889    
  5552.3535       202.69696      -4005.9636    
  5552.3521       202.86551      -4035.9783    
  5552.3535       202.96786      -4066.2324    
  5552.3516       203.13995      -4096.2295    
  5552.3525       203.24872      -4126.4834    
  5552.3516       203.40924      -4156.5391    
  5552.3501       203.57582      -4186.5796    
  5552.3511       203.68373      -4216.7983    
  5552.3511       203.80919      -4246.9751    
  5552.3486       203.99635      -4276.9561    
  5552.3501       204.10042      -4307.2056    
  5552.3491       204.25278      -4337.2632    
  5552.3477       204.41762      -4367.2959    
  5552.3501       204.49303      -4397.5503    
  5552.3589       204.43242      -4428.1260    
  5552.3799       204.08951      -4458.6719    
  5552.3574       204.73341      -4488.9058    
  5552.4287       203.24445      -4522.4326    
  5553.7070       171.71019      -4527.6450    
  5554.6978       143.34969      -4527.9668    
  5555.5410       114.91319      -4527.9824    
  5556.2988       83.440544      -4523.9116    
  5556.3354       81.548416      -4490.1538    
  5556.3271       81.825768      -4459.6304    
  5556.3384       81.159706      -4429.3105    
  5556.3408       80.926094      -4399.2812    
  5556.3413       80.788872      -4369.1904    
  5556.3423       80.599701      -4339.1680    
  5556.3423       80.488205      -4309.0234    
  5556.3433       80.324699      -4278.9106    
  5556.3433       80.198601      -4248.7861    
  5556.3433       80.075539      -4218.6680    
  5556.3442       79.905510      -4188.5630    
  5556.3442       79.788200      -4158.3955    
  5556.3452       79.622612      -4128.3159    
  5556.3452       79.482994      -4098.1802    
  5556.3457       79.341316      -4068.0630    
  5556.3467       79.180145      -4037.9602    
  5556.3467       79.055824      -4007.8062    
  5556.3472       78.910927      -3977.6479    
  5556.3477       78.772125      -3947.4805    
  5556.3496       78.549637      -3917.5190    
  5556.3491       78.459862      -3887.3940    
  5556.7461       78.263657      -3857.5039    
  5558.4985       78.169220      -3827.4639    
  5561.6250       77.979309      -3797.7234    
  5566.2065       78.016922      -3767.6611    
  5572.1113       77.891861      -3738.2449    
  5579.3765       77.801666      -3709.1248    
  5588.0503       77.824013      -3680.1665    
  5598.1079       77.895279      -3651.5386    
  5609.3374       77.837181      -3623.7925    
  5621.8838       77.845215      -3596.5024    
  5635.7969       77.944221      -3569.6150    
  5650.7822       77.978821      -3543.6926    
  5667.1699       78.114738      -3518.1653    
  5684.5732       78.224045      -3493.6553    
  5703.1787       78.363449      -3469.8813    
  5722.6772       78.509529      -3447.2197    
  5743.5283       78.678993      -3425.1541    
  5765.2231       78.851837      -3404.2480    
  5787.9888       79.027390      -3384.2744    
  5811.6787       79.226112      -3365.3784    
  5836.1548       79.429207      -3347.6636    
  5861.3438       79.647545      -3331.1667    
  5887.3169       79.867241      -3315.8362    
  5913.9653       80.121529      -3301.7390    
  5941.2603       80.380539      -3288.8916    
  5969.2412       80.477188      -3277.2886    
  5997.6963       80.485382      -3267.0227    
  6026.4712       80.836197      -3258.1318    
  6055.6328       81.069740      -3250.5911    
  6085.1758       81.465416      -3244.4038    
  6115.1553       81.683823      -3239.5793    
  6145.3140       82.124275      -3236.1675    
  6175.6689       82.514801      -3234.1726    
  6206.1284       82.690346      -3233.6094    
  6236.2314       82.741791      -3234.4636    
  6268.5142       85.574028      -3236.9370    
  6271.6001       117.24397      -3237.1875    
  6270.5068       146.02144      -3237.0195    
  6270.8823       174.82588      -3237.0259    
  6268.2554       206.09248      -3236.7197    
  6239.0894       208.25427      -3234.2488    
  6213.4521       208.18219      -3233.1699    
  6185.3901       207.10156      -3233.1597    
  6156.1992       205.27188      -3234.4502    
  6126.4282       203.61673      -3237.1367    
  6096.6240       202.16895      -3241.2283    
  6067.0410       200.81494      -3246.7046    
  6037.8125       199.24622      -3253.5398    
  6009.1777       197.93275      -3261.6487    
  5981.2866       196.14598      -3270.9568    
  5953.3442       194.10263      -3281.7402    
  5925.1211       192.77161      -3294.1741    
  5898.1152       191.40152      -3307.6321    
  5871.4678       190.27527      -3322.5076    
  5845.9033       188.98358      -3338.4026    
  5821.3691       187.66573      -3355.2856    
  5797.7729       186.36925      -3373.1763    
  5774.9458       185.19173      -3392.1936    
  5752.9375       184.15150      -3412.3123    
  5731.8047       183.20351      -3433.5027    
  5711.5571       182.32451      -3455.7837    
  5692.4077       181.51076      -3478.9336    
  5674.3057       180.75575      -3503.0156    
  5657.3799       180.07776      -3527.8599    
  5641.6274       179.46889      -3553.4614    
  5626.9458       178.84738      -3580.0322    
  5613.6562       178.35847      -3606.9778    
  5601.6162       177.92896      -3634.5510    
  5590.8828       177.58484      -3662.6182    
  5581.3809       177.19698      -3691.4392    
  5573.3252       177.00909      -3720.3215    
  5566.5566       176.76024      -3749.8589    
  5561.2329       176.74928      -3779.2878    
  5557.2432       176.66103      -3809.2710    
  5554.6602       176.65382      -3839.3662    
  5553.4844       176.85533      -3869.2024    
  5553.4023       176.92174      -3899.4639    
  5553.4009       177.09821      -3929.4856    
  5553.3999       177.25304      -3959.5378    
  5553.3994       177.39812      -3989.6348    
  5553.3975       177.57185      -4019.6709    
  5553.3955       177.75662      -4049.6858    
  5553.3979       177.81863      -4080.0103    
  5553.3950       178.03120      -4109.9541    
  5553.3975       178.10019      -4140.2676    
  5553.3936       178.32619      -4170.1714    
  5553.3950       178.42223      -4200.4102    
  5553.3970       178.50879      -4230.6768    
  5553.3945       178.70311      -4260.6670    
  5553.3921       178.88879      -4290.6782    
  5553.3955       178.94255      -4321.0225    
  5553.3931       179.12535      -4351.0132    
  5553.3931       179.25987      -4381.0425    
  5553.4033       179.13474      -4411.6011    
  5553.4307       178.56900      -4443.8408    
  5553.5845       174.72063      -4475.0830    
  5553.2900       182.41312      -4503.2031    
  5554.2212       157.42030      -4501.9614    
  5555.1377       129.03171      -4502.0962    
  5555.8301       103.68002      -4503.9399    
  5555.6538       110.46606      -4476.2012    
  5555.7524       106.51722      -4444.9072    
  5555.7593       106.11919      -4415.7393    
  5555.7573       106.07360      -4385.8857    
  5555.7588       105.89880      -4355.9517    
  5555.7603       105.71133      -4325.9692    
  5555.7593       105.62209      -4295.7461    
  5555.7588       105.52480      -4265.5303    
  5555.7607       105.31020      -4235.5752    
  5555.7593       105.24487      -4205.2876    
  5555.7607       105.06606      -4175.2393    
  5555.7612       104.90990      -4145.1470    
  5555.7627       104.72729      -4115.1094    
  5555.7612       104.66521      -4084.8157    
  5555.7637       104.44909      -4054.8494    
  5555.7622       104.37830      -4024.5718    
  5555.7646       104.15292      -3994.6196    
  5555.7637       104.06207      -3964.3762    
  5555.7666       103.83395      -3934.4292    
  5555.7642       103.78971      -3904.1248    
  5555.7930       103.52971      -3874.2756    
  5556.7656       103.45387      -3844.0830    
  5559.1489       103.39654      -3813.9478    
  5562.8901       103.19980      -3784.3101    
  5568.0801       103.22072      -3754.4265    
  5574.5884       103.13344      -3725.1465    
  5582.4370       103.07185      -3696.2346    
  5591.7461       103.18816      -3667.3335    
  5602.3604       103.27303      -3639.0083    
  5614.1201       103.26105      -3611.5842    
  5627.3452       103.42157      -3584.3101    
  5641.8350       103.58959      -3557.6860    
  5657.3701       103.70743      -3532.0645    
  5674.0771       103.87479      -3507.1873    
  5692.1201       104.11465      -3482.8506    
  5711.2490       104.35425      -3459.4265    
  5731.2231       104.61192      -3437.1670    
  5752.6206       104.87574      -3415.4526    
  5774.6729       105.17341      -3395.0750    
  5798.0552       105.40632      -3375.4182    
  5822.1455       105.68504      -3357.0286    
  5847.3320       105.85863      -3339.6191    
  5872.8594       106.18994      -3323.6880    
  5899.2388       106.46970      -3308.8899    
  5926.3501       106.75729      -3295.3093    
  5954.1973       107.19659      -3282.9590    
  5983.0215       106.40582      -3271.7979    
  6011.8765       105.55873      -3262.1699    
  6040.7456       106.00684      -3253.9978    
  6070.0347       106.44952      -3247.1597    
  6099.6587       106.91086      -3241.6831    
  6129.6260       107.33356      -3237.5798    
  6159.9619       107.98093      -3234.8674    
  6191.3394       108.79619      -3233.5701    
  6222.4849       107.97012      -3233.7974    
  6248.5249       105.46906      -3235.1445    
  6244.3682       129.44937      -3234.7874    
  6240.8931       160.47816      -3234.4780    
  6248.5166       186.63863      -3234.9407    
  6226.6538       183.39905      -3233.6753    
  6200.1826       183.71651      -3233.1250    
  6172.0664       181.41371      -3233.7419    
  6142.8213       178.35385      -3235.6968    
  6112.7827       177.66650      -3239.0842    
  6083.0864       176.15768      -3243.8545    
  6053.6270       175.23329      -3250.0002    
  6024.7554       173.59845      -3257.4463    
  5997.4443       172.64183      -3265.8149    
  5971.1177       169.01408      -3275.2092    
  5942.7666       166.06410      -3286.7891    
  5916.3467       163.95917      -3299.0249    
  5888.3721       163.52022      -3313.5735    
  5862.3179       162.43816      -3328.7620    
  5834.6631       162.42212      -3346.7166    
  5811.3252       160.82390      -3363.5532    
  5789.4595       159.25116      -3380.8376    
  5767.0034       158.29416      -3400.2517    
  5745.3247       157.47357      -3420.8101    
  5724.5376       156.72940      -3442.4355    
  5704.6294       156.04424      -3465.1765    
  5685.8677       155.40152      -3488.7419    
  5668.2231       154.81366      -3513.1558    
  5651.7388       154.27904      -3538.3577    
  5636.4263       153.78697      -3564.3350    
  5622.3359       153.34468      -3591.0085    
  5609.5186       152.96745      -3618.2776    
  5597.9873       152.64755      -3646.1072    
  5587.7520       152.36765      -3674.4805    
  5578.8511       152.14630      -3703.2976    
  5571.3062       151.98814      -3732.4817    
  5565.1309       151.89505      -3761.9739    
  5560.3384       151.86678      -3791.6987    
  5556.9355       151.90645      -3821.5881    
  5554.9297       152.06305      -3851.4697    
  5554.3110       152.15111      -3881.6772    
  5554.3081       152.35962      -3911.6501    
  5554.3076       152.50352      -3941.7654    
  5554.3096       152.58821      -3972.0144    
  5554.3062       152.81447      -4001.9448    
  5554.3042       152.99350      -4031.9832    
  5554.3042       153.13158      -4062.1169    
  5554.3037       153.27164      -4092.2454    
  5554.3032       153.41289      -4122.3711    
  5554.3027       153.55740      -4152.4888    
  5554.3022       153.70503      -4182.5991    
  5554.3022       153.83257      -4212.7578    
  5554.3018       153.97505      -4242.8804    
  5554.3008       154.13055      -4272.9712    
  5554.3008       154.26357      -4303.1133    
  5554.3008       154.39555      -4333.2456    
  5554.3008       154.53104      -4363.3130    
  5554.3042       154.56279      -4393.3745    
  5554.3218       154.18265      -4423.2749    
  5554.4014       151.96521      -4451.8418    
  5554.7290       142.15881      -4477.2700    
  5555.1455       128.58232      -4456.5122    
  5555.0942       130.20944      -4432.5591    
  5555.0786       130.59683      -4403.7622    
  5555.0747       130.60379      -4373.9087    
  5555.0747       130.48146      -4343.8755    
  5555.0747       130.34450      -4313.7715    
  5555.0747       130.21930      -4283.6182    
  5555.0752       130.07416      -4253.5044    
  5555.0757       129.93042      -4223.3862    
  5555.0757       129.79509      -4193.2476    
  5555.0767       129.64760      -4163.1357    
  5555.0771       129.49673      -4133.0322    
  5555.0776       129.36018      -4102.8970    
  5555.0776       129.22014      -4072.7700    
  5555.0781       129.07912      -4042.6443    
  5555.0786       128.92931      -4012.5376    
  5555.0806       128.73773      -3982.5254    
  5555.0830       128.53015      -3952.5518    
  5555.0815       128.45570      -3922.2710    
  5555.0825       128.30055      -3892.1819    
  5555.3262       128.08881      -3862.2168    
  5556.8584       128.02008      -3832.0142    
  5559.7686       127.85792      -3802.2175    
  5564.0776       127.79550      -3772.4385    
  5569.7793       127.79713      -3742.8320    
  5576.8428       127.82862      -3713.5671    
  5585.2739       127.92103      -3684.6208    
  5595.0596       128.06270      -3656.0566    
  5606.1445       128.21747      -3628.0374    
  5618.5210       128.41455      -3600.5681    
  5632.1919       128.66914      -3573.6509    
  5647.0845       128.94777      -3547.4351    
  5663.1553       129.25299      -3521.9834    
  5680.4106       129.60379      -3497.2837    
  5698.7939       130.00003      -3473.4182    
  5718.1904       130.43335      -3450.5232    
  5738.8467       130.89389      -3428.3298    
  5760.7964       131.33881      -3406.8735    
  5783.4570       131.77859      -3386.7239    
  5807.4307       132.14207      -3367.3594    
  5831.9619       132.55392      -3349.3940    
  5858.0562       132.64647      -3332.1418    
  5883.9473       133.09200      -3316.7310    
  5910.6157       133.50519      -3302.5002    
  5937.1602       134.71565      -3289.8572    
  5967.7427       135.63780      -3277.0767    
  5997.8813       129.24403      -3266.3372    
  6026.1182       129.53931      -3257.6687    
  6055.0200       130.34634      -3250.2239    
  6084.4375       131.04745      -3244.0854    
  6114.1748       131.70761      -3239.3127    
  6144.1938       132.41205      -3235.9224    
  6174.6909       133.81097      -3233.9202    
  6210.7241       137.73326      -3233.4075    
  6213.4307       164.79503      -3233.3403    
  6188.4390       159.12875      -3233.3596    
  6158.5420       156.54398      -3234.6421    
  6128.5869       155.11647      -3237.3201    
  6098.7778       153.97736      -3241.3901    
  6069.2744       152.63132      -3246.8293    
  6040.0693       151.81596      -3253.6238    
  6012.1675       150.71024      -3261.4775    
  5988.9785       151.15405      -3269.0305    
  6323.8159      -37.282654      -3255.5430    
  6316.9453      -327.13977      -3256.9087    
  5560.0059      -314.57697      -4581.7290    
  5550.0186      -314.07657      -4581.7266    
  6315.5234      -360.73401      -3254.0618    
  6313.8008      -358.49722      -3263.6550    
  5567.4268      -1.4920566      -4580.2539    
  6322.1621      -5.7492838      -3261.9929    
  5551.4448      -285.62326      -4581.5923    
  6323.9863      -3.6870954      -3252.3796    
  5557.5034      -30.007622      -4580.3882    
  5557.4268      -1.5187021      -4580.2539    
  6325.7109      -36.263214      -3245.7192    
  6318.7881      -328.34039      -3247.0955    
  6300.5210      -36.284630      -3241.4055    
  6270.9434      -36.303673      -3237.6355    
  6241.3457      -36.316238      -3235.2405    
  6210.9980      -36.322460      -3234.1995    
  6180.7280      -36.321968      -3234.5813    
  6150.5347      -36.314812      -3236.3774    
  6118.8228      -36.300064      -3239.7991    
  6089.1890      -36.279476      -3244.4402    
  6056.5977      -36.249069      -3251.1929    
  6027.4341      -36.214756      -3258.7434    
  5998.6562      -36.174065      -3267.6436    
  5970.3237      -36.127083      -3277.8748    
  5942.4941      -36.073902      -3289.4165    
  5915.2339      -36.014652      -3302.2419    
  5888.6035      -35.949463      -3316.3213    
  5862.6587      -35.878475      -3331.6260    
  5838.5186      -35.805233      -3347.3914    
  5814.2012      -35.723789      -3364.8997    
  5790.5947      -35.636597      -3383.6213    
  5766.8198      -35.539722      -3404.3992    
  5745.1084      -35.442265      -3425.2820    
  5724.3906      -35.340088      -3447.1570    
  5704.7168      -35.233448      -3469.9702    
  5686.1284      -35.122566      -3493.6733    
  5668.6641      -35.007671      -3518.2173    
  5652.3594      -34.889004      -3543.5522    
  5637.2539      -34.766838      -3569.6177    
  5623.3804      -34.641453      -3596.3552    
  5610.7676      -34.513107      -3623.7102    
  5599.4414      -34.382061      -3651.6262    
  5589.4272      -34.248604      -3680.0410    
  5580.7495      -34.113060      -3708.8875    
  5573.5410      -33.978115      -3737.5928    
  5567.6440      -33.841446      -3766.6526    
  5563.0381      -33.701885      -3796.3132    
  5559.7993      -33.560570      -3826.3347    
  5557.9839      -33.420959      -3855.9802    
  5557.5132      -33.282509      -3885.3682    
  5557.5127      -33.141766      -3915.2380    
  5557.5122      -32.999454      -3945.4402    
  5557.5117      -32.854172      -3976.2739    
  5557.5112      -32.712200      -4006.4041    
  5557.5107      -32.570595      -4036.4565    
  5557.5103      -32.428349      -4066.6455    
  5557.5103      -32.286671      -4096.7139    
  5557.5098      -32.145164      -4126.7461    
  5557.5093      -32.003738      -4156.7603    
  5557.5088      -31.862925      -4186.6450    
  5557.5083      -31.722689      -4216.4072    
  5557.5078      -31.581596      -4246.3511    
  5557.5078      -31.439808      -4276.4429    
  5557.5073      -31.296312      -4306.8965    
  5557.5068      -31.151709      -4337.5859    
  5557.5063      -31.010130      -4367.6333    
  5557.5059      -30.869101      -4397.5635    
  5557.5054      -30.727997      -4427.5098    
  5557.5054      -30.587234      -4457.3833    
  5557.5049      -30.443844      -4487.8154    
  5557.5044      -30.304798      -4517.3247    
  5557.5039      -30.147673      -4550.6714    
  5557.4272      -1.6102424      -4560.8120    
  5557.4277      -1.7537351      -4530.3667    
  5557.4282      -1.8983688      -4499.6733    
  5557.4282      -2.0414178      -4469.3140    
  5557.4287      -2.1811256      -4439.6631    
  5557.4292      -2.3235857      -4409.4243    
  5557.4297      -2.4662161      -4379.1538    
  5557.4302      -2.6084008      -4348.9775    
  5557.4307      -2.7498376      -4318.9668    
  5557.4307      -2.8962433      -4287.9048    
  5557.4312      -3.0387239      -4257.6694    
  5557.4316      -3.1760364      -4228.5225    
  5557.4321      -3.3127995      -4199.4873    
  5557.4326      -3.4515855      -4170.0298    
  5557.4331      -3.5923793      -4140.1514    
  5557.4331      -3.7343731      -4110.0244    
  5557.4336      -3.8757765      -4080.0190    
  5557.4341      -4.0172782      -4049.9819    
  5557.4346      -4.1589327      -4019.9106    
  5557.4351      -4.3039250      -3989.1384    
  5557.4355      -4.4519892      -3957.7158    
  5557.4414      -4.5939956      -3927.5703    
  5558.2544      -4.7293682      -3897.9211    
  5560.4097      -4.8557053      -3868.6699    
  5563.9922      -4.9768481      -3838.9048    
  5568.1572      -5.0941129      -3809.3054    
  5572.4878      -5.2120924      -3779.3630    
  5577.9014      -5.3216305      -3749.9817    
  5584.7266      -5.4231286      -3720.7104    
  5593.1875      -5.5183740      -3690.9260    
  5602.7896      -5.6016741      -3662.3850    
  5614.0400      -5.6774158      -3633.5740    
  5626.3032      -5.7413745      -3606.1108    
  5639.8286      -5.7956781      -3579.2842    
  5654.6064      -5.8402090      -3553.1104    
  5670.6016      -5.8748584      -3527.6538    
  5688.7144      -5.9005656      -3501.6965    
  5708.0059      -5.9151201      -3476.7700    
  5727.4355      -5.9187226      -3454.0125    
  5747.9087      -5.9123454      -3432.1887    
  5769.3818      -5.8960328      -3411.3455    
  5791.8052      -5.8698206      -3391.5305    
  5815.1309      -5.8337288      -3372.7864    
  5839.3086      -5.7878428      -3355.1528    
  5863.3726      -5.7344880      -3339.2429    
  5890.0044      -5.6672797      -3323.3738    
  5916.4126      -5.5927720      -3309.2969    
  5943.4507      -5.5089574      -3296.4709    
  5971.0581      -5.4161034      -3284.9241    
  5999.1763      -5.3143888      -3274.6812    
  6027.7432      -5.2040253      -3265.7646    
  6056.6943      -5.0852938      -3258.1948    
  6085.9673      -4.9584274      -3251.9878    
  6114.0713      -4.8303332      -3247.3579    
  6142.7383      -4.6934996      -3243.9470    
  6173.0415      -4.5422206      -3241.7583    
  6203.3311      -4.3842030      -3241.0117    
  6234.1577      -4.2164340      -3241.7256    
  6264.7583      -4.0428987      -3243.9097    
  6294.5776      -3.8671329      -3247.4668    
  6293.6138      -327.16553      -3242.7742    
  6264.0786      -325.78110      -3238.9993    
  6234.1035      -324.36948      -3236.5740    
  6204.0249      -322.94632      -3235.5481    
  6173.9219      -321.51535      -3235.9265    
  6142.1265      -319.99680      -3237.8560    
  6109.1465      -318.41376      -3241.5327    
  6080.8345      -317.04822      -3246.0723    
  6049.9907      -315.55359      -3252.5056    
  6020.8599      -314.13507      -3260.0491    
  5992.1118      -312.72833      -3268.9431    
  5963.8091      -311.33646      -3279.1682    
  5936.0132      -309.96249      -3290.7024    
  5908.7847      -308.60944      -3303.5200    
  5882.1841      -307.28027      -3317.5933    
  5856.2671      -305.97778      -3332.8918    
  5832.1812      -304.76013      -3348.6331    
  5807.8643      -303.52310      -3366.1533    
  5784.2808      -302.31528      -3384.8718    
  5760.5396      -301.09036      -3405.6372    
  5738.8530      -299.96240      -3426.5139    
  5718.1616      -298.87704      -3448.3792    
  5698.5103      -297.83664      -3471.1858    
  5679.9414      -296.84344      -3494.8843    
  5662.4961      -295.89960      -3519.4233    
  5646.2109      -295.00714      -3544.7498    
  5631.1221      -294.16803      -3570.8093    
  5617.2627      -293.38409      -3597.5435    
  5604.6626      -292.65701      -3624.8950    
  5593.3486      -291.98840      -3652.8047    
  5583.3457      -291.37973      -3681.2122    
  5574.6758      -290.83218      -3710.0559    
  5567.3574      -290.34708      -3739.2732    
  5561.4062      -289.92542      -3768.8003    
  5556.8359      -289.56812      -3798.5725    
  5553.6553      -289.27603      -3828.5273    
  5551.8975      -289.05420      -3857.9084    
  5551.4541      -288.89737      -3886.7300    
  5551.4536      -288.75787      -3916.3315    
  5551.4531      -288.61447      -3946.7693    
  5551.4531      -288.46991      -3977.4465    
  5551.4526      -288.32794      -4007.5767    
  5551.4521      -288.18640      -4037.6150    
  5551.4517      -288.04465      -4067.7041    
  5551.4512      -287.90335      -4097.6914    
  5551.4507      -287.76193      -4127.6987    
  5551.4507      -287.62054      -4157.7070    
  5551.4502      -287.47681      -4188.2124    
  5551.4497      -287.33521      -4218.2671    
  5551.4492      -287.19296      -4248.4531    
  5551.4487      -287.05182      -4278.4092    
  5551.4482      -286.91162      -4308.1611    
  5551.4482      -286.76974      -4338.2729    
  5551.4478      -286.62854      -4368.2432    
  5551.4473      -286.48730      -4398.2139    
  5551.4468      -286.34421      -4428.5840    
  5551.4463      -286.20282      -4458.5874    
  5551.4458      -286.05954      -4488.9956    
  5551.4453      -285.91840      -4518.9536    
  5551.4453      -285.76303      -4551.9263    
  5567.4272      -1.6626461      -4544.7290    
  5567.4277      -1.8099741      -4514.3032    
  5567.4282      -1.9578321      -4483.8818    
  5567.4287      -2.1037652      -4453.8164    
  5567.4292      -2.2490134      -4423.8457    
  5567.4292      -2.3949699      -4393.6792    
  5567.4297      -2.5400007      -4363.6719    
  5567.4302      -2.6859651      -4333.4668    
  5567.4307      -2.8310046      -4303.4414    
  5567.4312      -2.9787698      -4272.8315    
  5567.4316      -3.1234071      -4242.8335    
  5567.4316      -3.2642939      -4213.5815    
  5567.4321      -3.4047019      -4184.4082    
  5567.4326      -3.5465670      -4154.8970    
  5567.4331      -3.6903045      -4124.9507    
  5567.4336      -3.8342552      -4094.9099    
  5567.4341      -3.9780259      -4064.8577    
  5567.4341      -4.1219945      -4034.7371    
  5567.4346      -4.2664275      -4004.4214    
  5567.4351      -4.4150352      -3973.4182    
  5567.4355      -4.5691423      -3942.5662    
  5567.6699      -4.9614115      -3912.9426    
  5569.0967      -5.7969503      -3883.8818    
  5571.8062      -6.7178392      -3854.8486    
  5575.7085      -7.4122553      -3825.3516    
  5579.8481      -7.6505132      -3795.7166    
  5584.5474      -7.7711601      -3766.3794    
  5590.5957      -7.8641667      -3737.4116    
  5598.1064      -7.9488668      -3708.3794    
  5607.0063      -8.0253077      -3679.6895    
  5617.2705      -8.0923357      -3651.4397    
  5628.8120      -8.1502352      -3623.8435    
  5641.5835      -8.1992168      -3596.9590    
  5655.5103      -8.2383347      -3570.8860    
  5670.7866      -8.2676411      -3545.2695    
  5687.5605      -8.2872152      -3519.9727    
  5705.8887      -8.2964449      -3495.0544    
  5724.9800      -8.2949905      -3471.5786    
  5744.6572      -8.2836065      -3449.5996    
  5765.2842      -8.2619772      -3428.6226    
  5786.9312      -8.2299433      -3408.5767    
  5809.4414      -8.1876211      -3389.6079    
  5832.8550      -8.1349411      -3371.6814    
  5856.8120      -8.0729465      -3355.0491    
  5881.7319      -8.0007162      -3339.4136    
  5907.6646      -7.9176550      -3324.7937    
  5934.0308      -7.8254209      -3311.5239    
  5960.9834      -7.7237163      -3299.5071    
  5988.4458      -7.6128721      -3288.7744    
  6016.3682      -7.4929957      -3279.3430    
  6044.6729      -7.3644943      -3271.2356    
  6073.2451      -7.2279506      -3264.4773    
  6101.5767      -7.0855660      -3259.1443    
  6129.7949      -6.9369340      -3255.1523    
  6158.6753      -6.7780595      -3252.4045    
  6188.4883      -6.6070352      -3250.9688    
  6218.7046      -6.4265447      -3250.9556    
  6249.1724      -6.2370801      -3252.4128    
  6280.8970      -6.0315742      -3255.5103    
  5550.0186      -314.16861      -4562.2109    
  5550.0190      -314.31256      -4531.6504    
  5550.0195      -314.45471      -4501.4785    
  5550.0200      -314.60089      -4470.4531    
  5550.0205      -314.74362      -4440.1631    
  5550.0210      -314.88449      -4410.2744    
  5550.0210      -315.02353      -4380.7676    
  5550.0215      -315.16745      -4350.2188    
  5550.0220      -315.30936      -4320.0962    
  5550.0225      -315.44919      -4290.4116    
  5550.0229      -315.59164      -4260.1763    
  5550.0234      -315.73032      -4230.7539    
  5550.0234      -315.87445      -4200.1719    
  5550.0239      -316.01654      -4170.0171    
  5550.0244      -316.15457      -4140.7222    
  5550.0249      -316.29434      -4111.0483    
  5550.0254      -316.43396      -4081.4163    
  5550.0259      -316.57532      -4051.4233    
  5550.0259      -316.71698      -4021.3628    
  5550.0264      -316.86197      -3990.5955    
  5550.0269      -317.01001      -3959.1753    
  5550.0327      -317.15222      -3929.0586    
  5550.8535      -317.33612      -3899.2202    
  5553.0303      -317.58957      -3869.8020    
  5556.5762      -317.91544      -3840.3657    
  5560.7192      -318.27295      -3810.8855    
  5565.0610      -318.64377      -3780.8228    
  5570.4683      -319.06760      -3751.4429    
  5577.2842      -319.56522      -3722.1760    
  5585.7339      -320.15146      -3692.3960    
  5595.3228      -320.79199      -3663.8586    
  5606.5571      -321.52063      -3635.0537    
  5618.8032      -322.29636      -3607.5959    
  5632.3105      -323.13559      -3580.7729    
  5647.0684      -324.03775      -3554.6028    
  5663.0415      -325.00070      -3529.1511    
  5681.1270      -326.07748      -3503.2024    
  5700.3901      -327.21158      -3478.2837    
  5719.7935      -328.34283      -3455.5315    
  5740.2383      -329.52472      -3433.7134    
  5761.6821      -330.75464      -3412.8760    
  5784.0742      -332.02982      -3393.0671    
  5807.3677      -333.34750      -3374.3293    
  5831.5127      -334.70490      -3356.7026    
  5855.5449      -336.04819      -3340.7983    
  5882.1387      -337.52646      -3324.9375    
  5908.5103      -338.98459      -3310.8677    
  5935.5112      -340.47009      -3298.0491    
  5963.0806      -341.97958      -3286.5098    
  5991.1602      -343.50980      -3276.2747    
  6019.6875      -345.05743      -3267.3660    
  6048.5991      -346.61899      -3259.8040    
  6077.8320      -348.19104      -3253.6050    
  6105.8970      -349.69406      -3248.9829    
  6134.4766      -351.21851      -3245.5842    
  6164.5010      -352.81335      -3243.4131    
  6194.6724      -354.40927      -3242.6611    
  6225.0029      -356.00687      -3243.3450    
  6255.4287      -357.60266      -3245.4854    
  6286.1528      -359.20700      -3249.1406    
  6272.2725      -356.30429      -3257.1208    
  6240.8364      -354.63803      -3254.0488    
  6210.0303      -352.99866      -3252.5779    
  6179.9951      -351.39398      -3252.6011    
  6150.3726      -349.80511      -3254.0330    
  6121.6592      -348.25900      -3256.7661    
  6093.5181      -346.73807      -3260.7461    
  6065.2329      -345.20370      -3266.0701    
  6036.7021      -343.65005      -3272.8201    
  6008.4370      -342.10434      -3280.9197    
  5980.5537      -340.57288      -3290.3433    
  5953.1299      -339.06000      -3301.0681    
  5926.2153      -337.56830      -3313.0774    
  5899.8857      -336.10202      -3326.3398    
  5873.9897      -334.65277      -3340.9521    
  5849.1050      -333.25272      -3356.5808    
  5825.1812      -331.89911      -3373.2065    
  5801.8003      -330.56839      -3391.1267    
  5779.3213      -329.28098      -3410.0894    
  5757.7046      -328.03461      -3430.1294    
  5737.1069      -326.83820      -3451.1006    
  5717.4570      -325.68756      -3473.0740    
  5698.3926      -324.56055      -3496.5439    
  5680.0928      -323.46689      -3521.4539    
  5663.3423      -322.45352      -3546.7454    
  5648.0879      -321.51782      -3572.3557    
  5634.1807      -320.65152      -3598.4248    
  5621.4268      -319.84213      -3625.3064    
  5609.9019      -319.09329      -3652.8979    
  5599.6528      -318.40796      -3681.1411    
  5590.7656      -317.79245      -3709.8271    
  5583.2656      -317.24780      -3738.8557    
  5577.2251      -316.78125      -3767.8237    
  5572.5278      -316.40247      -3797.1841    
  5568.4033      -316.16553      -3826.7119    
  5564.4814      -316.39426      -3856.1726    
  5561.7339      -316.91138      -3885.1917    
  5560.2710      -317.40479      -3914.1672    
  5560.0181      -317.51199      -3943.4209    
  5560.0171      -317.37289      -3974.8564    
  5560.0166      -317.22931      -4005.8662    
  5560.0161      -317.08856      -4036.0769    
  5560.0156      -316.94897      -4066.1294    
  5560.0151      -316.80960      -4096.1680    
  5560.0146      -316.67224      -4125.8257    
  5560.0142      -316.53799      -4154.8550    
  5560.0137      -316.40015      -4184.7075    
  5560.0132      -316.26062      -4214.9717    
  5560.0127      -316.12338      -4244.7559    
  5560.0117      -315.98401      -4275.0366    
  5560.0112      -315.84723      -4304.7974    
  5560.0107      -315.70938      -4334.8027    
  5560.0103      -315.57083      -4364.9819    
  5560.0098      -315.43570      -4394.4185    
  5560.0088      -315.29691      -4424.6816    
  5560.0083      -315.15903      -4454.8013    
  5560.0078      -315.01886      -4485.4761    
  5560.0073      -314.87982      -4515.9390    
  5560.0063      -314.74115      -4546.2036    
  5561.9019      -276.03378      -4581.5474    
  5563.1709      -246.42073      -4581.4077    
  5564.2754      -216.84393      -4581.2686    
  5565.2070      -187.64027      -4581.1309    
  5565.9912      -157.97266      -4580.9912    
  5566.6108      -128.37177      -4580.8516    
  5567.0630      -99.176552      -4580.7144    
  5567.3594      -69.659843      -4580.5752    
  5567.4946      -40.062641      -4580.4355    
  6323.7104      -74.632454      -3255.7214    
  6323.4341      -106.13385      -3255.8699    
  6323.0239      -135.98114      -3256.0105    
  6322.5078      -163.95541      -3256.1423    
  6322.0986      -182.37029      -3256.2290    
  6321.6382      -200.63368      -3256.3149    
  6320.8267      -228.64163      -3256.4470    
  6319.8228      -258.44641      -3256.5874    
  6318.6055      -289.92340      -3256.7356    
  5552.5508      -261.15024      -4581.4771    
  5553.7656      -230.85345      -4581.3345    
  5554.7856      -201.30460      -4581.1953    
  5555.6289      -172.32681      -4581.0586    
  5556.3179      -143.23460      -4580.9214    
  5556.8491      -114.18034      -4580.7847    
  5557.2275      -84.744835      -4580.6460    
  5557.4487      -54.478657      -4580.5034    
  6319.8486      -305.06973      -3246.9858    
  6321.1782      -272.67239      -3246.8330    
  6322.2627      -242.50020      -3246.6909    
  6323.1797      -213.01633      -3246.5520    
  6323.9805      -182.45627      -3246.4080    
  6324.6328      -151.70746      -3246.2632    
  6325.1143      -122.23948      -3246.1243    
  6325.4604      -92.052582      -3245.9822    
  6325.6680      -59.584576      -3245.8291    
  6278.0601      -61.072990      -3238.5386    
  6251.0913      -62.321400      -3236.0046    
  6222.8096      -62.352150      -3234.5593    
  6192.7300      -62.357780      -3234.3818    
  6162.1909      -62.321587      -3235.6348    
  6131.2461      -62.302006      -3238.3862    
  6101.0107      -62.283752      -3242.5332    
  6071.3477      -62.261139      -3248.0305    
  6042.0142      -62.236221      -3254.8953    
  6013.0283      -62.217297      -3263.1201    
  5984.4468      -62.186554      -3272.6904    
  5956.3477      -62.137535      -3283.5798    
  5928.7983      -62.089489      -3295.7617    
  5901.8364      -62.025425      -3309.2188    
  5875.5483      -61.951572      -3323.9070    
  5850.1475      -61.863792      -3339.6895    
  5825.5103      -61.781395      -3356.6243    
  5801.2935      -61.691936      -3374.9897    
  5778.0332      -61.605286      -3394.4146    
  5755.8169      -61.498371      -3414.8040    
  5734.5933      -61.399860      -3436.1890    
  5714.3984      -61.295586      -3458.5278    
  5695.2598      -61.188515      -3481.7908    
  5677.2173      -61.072475      -3505.9319    
  5660.3228      -60.956059      -3530.8831    
  5644.6206      -60.839706      -3556.5742    
  5630.1240      -60.716545      -3582.9827    
  5616.8682      -60.584423      -3610.0500    
  5604.8896      -60.454334      -3637.7019    
  5594.2148      -60.322388      -3665.8765    
  5584.8687      -60.185444      -3694.5049    
  5576.8760      -60.043900      -3723.4939    
  5570.2573      -59.906021      -3752.7395    
  5564.9849      -59.769421      -3782.3704    
  5561.0991      -59.625591      -3812.2000    
  5558.6045      -59.480247      -3842.1787    
  5557.5117      -59.339493      -3871.9448    
  5557.4512      -59.199924      -3901.8135    
  5557.4507      -59.059254      -3931.9246    
  5557.4502      -58.917114      -3962.1006    
  5557.4497      -58.775475      -3992.4414    
  5557.4497      -58.632767      -4022.5537    
  5557.4492      -58.490715      -4052.7207    
  5557.4487      -58.349144      -4082.8679    
  5557.4482      -58.206890      -4112.9521    
  5557.4478      -58.064983      -4143.0215    
  5557.4473      -57.924252      -4173.1548    
  5557.4468      -57.782585      -4203.1655    
  5557.4468      -57.640209      -4233.2178    
  5557.4463      -57.498299      -4263.4766    
  5557.4458      -57.355488      -4293.6260    
  5557.4453      -57.213741      -4323.7998    
  5557.4448      -57.071941      -4353.7681    
  5557.4443      -56.931732      -4383.9126    
  5557.4438      -56.800930      -4413.9712    
  5557.4434      -56.714703      -4444.0879    
  5557.4429      -56.566883      -4474.2788    
  5557.4429      -56.405838      -4504.2202    
  5557.4497      -54.720444      -4530.3926    
  5557.3369      -72.746407      -4554.9819    
  5557.0386      -101.15739      -4555.1157    
  5556.5898      -129.56473      -4555.2490    
  5555.9922      -157.95557      -4555.2983    
  5555.2437      -186.37502      -4555.5176    
  5554.3457      -214.77264      -4555.6514    
  5553.2979      -243.16586      -4555.7852    
  5552.5518      -261.37668      -4531.6777    
  5552.6182      -259.95767      -4505.4878    
  5552.6187      -260.09595      -4475.5674    
  5552.6187      -260.24686      -4445.1431    
  5552.6172      -260.43018      -4414.9355    
  5552.6177      -260.57889      -4384.9043    
  5552.6177      -260.72278      -4354.7129    
  5552.6182      -260.86502      -4324.4614    
  5552.6187      -261.00607      -4294.4150    
  5552.6191      -261.14682      -4264.4170    
  5552.6196      -261.28851      -4234.4463    
  5552.6201      -261.43146      -4204.2432    
  5552.6206      -261.57224      -4174.2632    
  5552.6206      -261.71405      -4144.0210    
  5552.6211      -261.85678      -4113.8037    
  5552.6216      -261.99759      -4083.7720    
  5552.6221      -262.14038      -4053.6401    
  5552.6226      -262.28311      -4023.4731    
  5552.6230      -262.42432      -3993.3591    
  5552.6230      -262.56790      -3963.0452    
  5552.6235      -262.70956      -3932.8591    
  5552.6240      -262.85373      -3902.6860    
  5552.6836      -262.99683      -3872.9590    
  5553.7715      -263.18661      -3843.2214    
  5556.2422      -263.43304      -3813.4060    
  5560.1172      -263.79193      -3783.5347    
  5565.3809      -264.17130      -3753.8735    
  5572.0181      -264.62488      -3724.4917    
  5580.0171      -265.11496      -3695.4504    
  5589.3589      -265.69528      -3666.8105    
  5600.0220      -266.33420      -3638.6428    
  5611.9829      -267.03192      -3611.0049    
  5625.2183      -267.78659      -3583.9536    
  5639.6997      -268.59946      -3557.5466    
  5655.3901      -269.46301      -3531.8506    
  5672.2651      -270.38382      -3506.9058    
  5690.2793      -271.35107      -3482.7798    
  5709.3955      -272.36691      -3459.5222    
  5729.5757      -273.40909      -3437.1802    
  5750.7749      -274.49850      -3415.8022    
  5772.9468      -275.63956      -3395.4353    
  5796.1797      -276.77664      -3376.0171    
  5820.3145      -278.00357      -3357.6958    
  5844.7949      -279.35745      -3340.8430    
  5870.3496      -280.51230      -3324.9487    
  5896.6187      -281.81061      -3310.2598    
  5923.5488      -283.12195      -3296.8093    
  5951.0679      -284.58167      -3284.6316    
  5979.1245      -285.98917      -3273.7512    
  6007.6548      -287.45087      -3264.1919    
  6036.5864      -288.87881      -3255.9775    
  6065.8726      -290.30927      -3249.1196    
  6095.4482      -291.74127      -3243.6343    
  6125.2339      -293.17831      -3239.5352    
  6156.1079      -294.63504      -3236.7671    
  6186.6196      -296.02893      -3235.4932    
  6216.9497      -297.47260      -3235.6587    
  6245.4727      -298.86597      -3237.1184    
  6272.3530      -301.37061      -3239.6694    
  6295.1143      -283.56366      -3242.5063    
  6296.2681      -254.36783      -3242.3757    
  6297.2036      -225.59122      -3242.2371    
  6297.8906      -196.55415      -3242.0791    
  6298.5972      -166.93817      -3241.9404    
  6299.2861      -137.91483      -3241.8247    
  6299.7114      -109.12531      -3241.6914    
  6299.9438      -79.907555      -3241.5471    
  6269.4775      -90.683731      -3237.7654    
  6236.0776      -88.321129      -3235.2134    
  6206.0586      -88.489555      -3234.4116    
  6176.3032      -88.301720      -3234.9912    
  6146.2192      -88.231567      -3236.9749    
  6115.9673      -88.256920      -3240.3992    
  6086.2974      -88.207138      -3245.1719    
  6056.7466      -88.205780      -3251.3496    
  6027.6265      -88.234558      -3258.8691    
  5998.7764      -88.307320      -3267.7717    
  5970.3726      -88.324623      -3278.0117    
  5942.4897      -88.255928      -3289.5610    
  5915.2017      -88.237968      -3302.3867    
  5888.5493      -88.143127      -3316.4658    
  5862.6187      -87.957870      -3331.7493    
  5837.4238      -87.861671      -3348.2256    
  5812.9668      -87.751114      -3365.8999    
  5789.4004      -87.725380      -3384.6628    
  5766.7212      -87.580910      -3404.5149    
  5744.9912      -87.475441      -3425.4031    
  5724.2603      -87.383110      -3447.2788    
  5704.5742      -87.267975      -3470.0938    
  5685.9741      -87.134293      -3493.7996    
  5668.5010      -87.007339      -3518.3435    
  5652.1982      -86.885033      -3543.6611    
  5637.0762      -86.765312      -3569.7393    
  5623.1885      -86.630531      -3596.4900    
  5610.5674      -86.493958      -3623.8491    
  5599.2310      -86.360191      -3651.7747    
  5589.2124      -86.249863      -3680.1875    
  5580.5229      -86.102600      -3709.0547    
  5573.1943      -85.958504      -3738.2729    
  5567.2314      -85.830368      -3767.8179    
  5562.6533      -85.678024      -3797.6033    
  5559.4673      -85.548782      -3827.5769    
  5557.6880      -85.392464      -3857.4973    
  5557.2642      -85.253113      -3887.5713    
  5557.2637      -85.113594      -3917.5891    
  5557.2637      -84.972176      -3947.7048    
  5557.2632      -84.831261      -3977.8860    
  5557.2627      -84.689758      -4008.0530    
  5557.2622      -84.546326      -4038.1641    
  5557.2617      -84.405258      -4068.3176    
  5557.2612      -84.263428      -4098.4390    
  5557.2612      -84.121841      -4128.5518    
  5557.2607      -83.980911      -4158.6855    
  5557.2603      -83.838074      -4188.7583    
  5557.2598      -83.697441      -4218.8950    
  5557.2593      -83.553749      -4248.9893    
  5557.2588      -83.413048      -4279.1748    
  5557.2583      -83.270050      -4309.2788    
  5557.2583      -83.127686      -4339.3608    
  5557.2578      -82.986839      -4369.4819    
  5557.2573      -82.853401      -4399.6221    
  5557.2563      -82.772881      -4429.7417    
  5557.2529      -82.932991      -4460.1792    
  5557.2559      -82.428131      -4490.2651    
  5557.2388      -83.965050      -4523.9155    
  5556.8325      -115.52258      -4529.0356    
  5556.3101      -143.89160      -4529.4395    
  5555.6367      -172.30350      -4529.4819    
  5554.8120      -200.74103      -4529.4619    
  5553.7236      -232.26280      -4525.1982    
  5553.6602      -234.11198      -4491.6167    
  5553.6704      -233.99834      -4460.9805    
  5553.6616      -234.39287      -4430.5366    
  5553.6621      -234.52885      -4400.5742    
  5553.6616      -234.69583      -4370.2617    
  5553.6621      -234.83105      -4340.0591    
  5553.6626      -234.97313      -4309.9033    
  5553.6631      -235.10823      -4279.7935    
  5553.6636      -235.24760      -4249.7461    
  5553.6641      -235.39056      -4219.6240    
  5553.6646      -235.53268      -4189.5112    
  5553.6650      -235.67500      -4159.3745    
  5553.6655      -235.81491      -4129.2554    
  5553.6660      -235.95721      -4099.1152    
  5553.6660      -236.10062      -4068.9792    
  5553.6665      -236.24135      -4038.8787    
  5553.6670      -236.38527      -4008.7073    
  5553.6675      -236.52690      -3978.5618    
  5553.6680      -236.66937      -3948.3989    
  5553.6685      -236.81245      -3918.2368    
  5553.6685      -236.95514      -3888.2405    
  5554.0923      -237.12285      -3858.1982    
  5555.8711      -237.32932      -3828.2739    
  5559.0513      -237.68500      -3798.3081    
  5563.6221      -238.09586      -3768.5276    
  5569.5767      -238.51570      -3738.9919    
  5576.9019      -238.97565      -3709.7634    
  5585.5801      -239.48312      -3680.9070    
  5595.5928      -240.03912      -3652.4885    
  5606.9155      -240.71230      -3624.5671    
  5619.5264      -241.44351      -3597.2053    
  5633.3916      -242.22403      -3570.4719    
  5648.4829      -243.05109      -3544.4199    
  5664.7822      -243.92513      -3519.0820    
  5682.2383      -244.81369      -3494.5422    
  5700.8193      -245.80840      -3470.8381    
  5720.4834      -246.78232      -3448.0303    
  5741.1860      -247.78960      -3426.1665    
  5762.8877      -248.89742      -3405.2866    
  5785.5342      -249.98814      -3385.4468    
  5809.0923      -251.07498      -3366.6760    
  5833.4878      -252.40361      -3349.0288    
  5858.6577      -253.61690      -3332.5542    
  5884.5879      -254.75281      -3317.2607    
  5911.2109      -255.97580      -3303.1877    
  5938.4570      -257.50140      -3290.3701    
  5966.2700      -258.97644      -3278.8394    
  5994.5376      -260.66306      -3268.6350    
  6023.2104      -262.24191      -3259.7712    
  6052.2354      -263.71985      -3252.2585    
  6081.6562      -265.13535      -3246.0881    
  6111.3164      -266.56036      -3241.2974    
  6141.2588      -267.96796      -3237.8845    
  6171.4810      -269.32214      -3235.8669    
  6201.7446      -270.44623      -3235.2688    
  6231.6880      -272.20041      -3236.0781    
  6265.1797      -271.39487      -3238.6155    
  6270.9863      -239.03435      -3238.9541    
  6271.7573      -210.16611      -3238.8052    
  6272.4976      -181.10297      -3238.6663    
  6273.1401      -152.08957      -3238.5322    
  6273.7310      -123.27399      -3238.4087    
  6249.7588      -111.56118      -3236.1697    
  6221.8916      -118.11922      -3234.8098    
  6190.5840      -114.10030      -3234.6575    
  6161.2969      -113.96125      -3235.9075    
  6131.3735      -114.09761      -3238.5652    
  6101.4707      -114.11039      -3242.6311    
  6071.9932      -114.01773      -3248.0452    
  6042.4863      -114.07426      -3254.9001    
  6013.5664      -114.39844      -3263.0574    
  5984.8203      -114.84036      -3272.6338    
  5956.4580      -114.95499      -3283.5859    
  5928.7148      -114.76031      -3295.8250    
  5901.6772      -114.66510      -3309.2979    
  5875.3657      -114.38977      -3323.9800    
  5849.7720      -114.21216      -3339.8684    
  5824.9229      -114.13251      -3356.9478    
  5800.8984      -114.05632      -3375.1663    
  5777.7773      -113.83074      -3394.4617    
  5755.5586      -113.71066      -3414.8323    
  5734.3125      -113.56973      -3436.2175    
  5714.0894      -113.41283      -3458.5669    
  5694.9219      -113.26795      -3481.8442    
  5676.8740      -113.10446      -3505.9719    
  5659.9668      -112.94519      -3530.9187    
  5644.2378      -112.78390      -3556.6318    
  5629.7188      -112.61126      -3583.0608    
  5616.4575      -112.46165      -3610.1167    
  5604.4702      -112.34876      -3637.7627    
  5593.7842      -112.26553      -3665.9375    
  5584.4165      -112.10120      -3694.6023    
  5576.3984      -111.94846      -3723.6636    
  5569.7441      -111.78039      -3753.0664    
  5564.4663      -111.64536      -3782.7517    
  5560.5781      -111.54845      -3812.6558    
  5558.0884      -111.43896      -3842.7109    
  5557.0039      -111.29784      -3872.8403    
  5556.9517      -111.15659      -3902.9060    
  5556.9512      -111.01705      -3933.0117    
  5556.9512      -110.87553      -3963.1301    
  5556.9507      -110.73682      -3993.3079    
  5556.9502      -110.59485      -4023.4343    
  5556.9497      -110.45232      -4053.5547    
  5556.9492      -110.31097      -4083.6848    
  5556.9487      -110.16933      -4113.8086    
  5556.9482      -110.02972      -4143.9541    
  5556.9482      -109.88577      -4174.0547    
  5556.9478      -109.74364      -4204.1709    
  5556.9473      -109.60129      -4234.2896    
  5556.9468      -109.46197      -4264.4448    
  5556.9463      -109.31783      -4294.5459    
  5556.9458      -109.17548      -4324.6597    
  5556.9458      -109.02464      -4354.7549    
  5556.9453      -108.88257      -4384.8770    
  5556.9448      -108.75629      -4415.0283    
  5556.9443      -108.61234      -4445.2031    
  5556.8921      -111.98184      -4476.6768    
  5556.9941      -104.72970      -4504.6260    
  5556.5908      -129.80948      -4503.3135    
  5555.9907      -158.28566      -4503.5029    
  5555.2441      -186.61894      -4503.5815    
  5554.4497      -211.96487      -4505.3584    
  5554.6758      -205.26224      -4477.0190    
  5554.5713      -208.61990      -4445.0684    
  5554.5698      -208.82811      -4415.4136    
  5554.5723      -208.90714      -4385.3628    
  5554.5757      -208.95563      -4355.2090    
  5554.5796      -208.99156      -4325.1069    
  5554.5820      -209.06659      -4295.0381    
  5554.5825      -209.21307      -4264.8677    
  5554.5830      -209.35545      -4234.7437    
  5554.5830      -209.49757      -4204.6211    
  5554.5835      -209.63722      -4174.5151    
  5554.5840      -209.78076      -4144.3755    
  5554.5845      -209.92061      -4114.2676    
  5554.5850      -210.06281      -4084.1396    
  5554.5854      -210.20662      -4053.9993    
  5554.5859      -210.34691      -4023.8877    
  5554.5859      -210.49144      -3993.7344    
  5554.5864      -210.63647      -3963.5657    
  5554.5869      -210.77928      -3933.4209    
  5554.5874      -210.92099      -3903.3296    
  5554.6396      -211.06979      -3873.2539    
  5555.7231      -211.27098      -3843.1602    
  5558.2051      -211.63654      -3813.1238    
  5562.0835      -212.09503      -3783.2288    
  5567.3516      -212.55290      -3753.5491    
  5573.9995      -212.95981      -3724.1497    
  5582.0093      -213.43736      -3695.0916    
  5591.3687      -213.90219      -3666.4314    
  5602.0459      -214.52286      -3638.2495    
  5614.0220      -215.21759      -3610.6001    
  5627.2803      -215.92264      -3583.5281    
  5641.7837      -216.68246      -3557.1064    
  5657.4927      -217.45662      -3531.4077    
  5674.3813      -218.23535      -3506.4702    
  5692.4185      -219.10513      -3482.3389    
  5711.5596      -219.97102      -3459.0771    
  5731.7632      -220.82922      -3436.7354    
  5752.9883      -221.82805      -3415.3538    
  5775.1826      -222.88763      -3394.9893    
  5798.2979      -223.85751      -3375.6873    
  5822.2900      -224.82405      -3357.4829    
  5847.1021      -225.95757      -3340.4155    
  5872.6792      -227.19571      -3324.5249    
  5898.9800      -228.27124      -3309.8411    
  5925.9741      -229.50888      -3296.3809    
  5953.6094      -231.01082      -3284.1768    
  5981.6260      -233.24966      -3273.3318    
  6009.8911      -235.63324      -3263.8745    
  6038.5317      -237.28586      -3255.7466    
  6067.5156      -238.72681      -3248.9504    
  6096.9341      -240.11026      -3243.4741    
  6126.9966      -241.40480      -3239.3191    
  6156.9658      -242.83121      -3236.5996    
  6187.7944      -244.11726      -3235.2644    
  6218.7012      -241.40453      -3235.3831    
  6246.4316      -249.55460      -3236.8159    
  6245.4146      -223.81918      -3236.5640    
  6246.1919      -194.93988      -3236.4248    
  6246.9214      -165.80655      -3236.2903    
  6247.4648      -137.27533      -3236.1560    
  6201.3081      -136.54138      -3234.6367    
  6176.6284      -138.87563      -3235.1890    
  6147.6548      -139.66656      -3237.0327    
  6117.8223      -139.75114      -3240.3005    
  6087.8223      -139.68042      -3245.0120    
  6058.4536      -139.52606      -3251.0400    
  6028.9414      -139.78976      -3258.5498    
  6000.1191      -141.48915      -3267.3379    
  5971.0835      -142.57947      -3277.7078    
  5942.4438      -142.36896      -3289.5095    
  5914.9028      -141.85033      -3302.4216    
  5888.1733      -141.72868      -3316.5161    
  5862.2007      -141.34834      -3331.8030    
  5836.9780      -141.00787      -3348.2769    
  5812.5298      -140.83916      -3365.9224    
  5788.9385      -140.60326      -3384.6824    
  5766.2334      -140.40222      -3404.5342    
  5744.5083      -140.05212      -3425.3953    
  5723.7480      -139.84837      -3447.2773    
  5704.0513      -139.56789      -3470.0808    
  5685.4194      -139.35579      -3493.8013    
  5667.9302      -139.09860      -3518.3430    
  5651.5884      -138.86836      -3543.6973    
  5636.4590      -138.62808      -3569.7651    
  5622.5518      -138.37697      -3596.5298    
  5609.9185      -138.18808      -3623.8879    
  5598.5884      -138.23883      -3651.7566    
  5588.5337      -137.89871      -3680.2427    
  5579.8330      -137.77872      -3709.1125    
  5572.4863      -137.53094      -3738.3743    
  5566.5117      -137.49080      -3767.9324    
  5561.9204      -137.48428      -3797.7446    
  5558.7246      -137.44188      -3827.7502    
  5556.9341      -137.31693      -3857.8743    
  5556.5146      -137.18741      -3888.0188    
  5556.5142      -137.05121      -3918.1677    
  5556.5137      -136.91376      -3948.2981    
  5556.5132      -136.76935      -3978.4036    
  5556.5127      -136.63011      -4008.5442    
  5556.5127      -136.48819      -4038.6670    
  5556.5122      -136.34625      -4068.7900    
  5556.5117      -136.20432      -4098.9126    
  5556.5112      -136.06238      -4129.0356    
  5556.5107      -135.92044      -4159.1587    
  5556.5103      -135.77850      -4189.2812    
  5556.5103      -135.63657      -4219.4043    
  5556.5098      -135.49463      -4249.5269    
  5556.5093      -135.35269      -4279.6499    
  5556.5088      -135.21077      -4309.7729    
  5556.5083      -135.06883      -4339.8955    
  5556.5093      -134.86246      -4370.0176    
  5556.5073      -134.78494      -4400.1411    
  5556.5073      -134.64302      -4430.2642    
  5556.5615      -131.63600      -4455.7051    
  5556.3140      -143.96812      -4477.5806    
  5555.6216      -173.14516      -4477.6865    
  5555.2734      -185.86333      -4455.8311    
  5555.3428      -183.55991      -4430.3394    
  5555.3340      -184.02126      -4400.3872    
  5555.3403      -183.95064      -4370.2241    
  5555.3608      -183.38467      -4340.1050    
  5555.3613      -183.52754      -4309.9795    
  5555.3755      -183.18657      -4279.8530    
  5555.3760      -183.32852      -4249.7280    
  5555.3765      -183.47044      -4219.6030    
  5555.3765      -183.61240      -4189.4780    
  5555.3770      -183.75435      -4159.3535    
  5555.3774      -183.89629      -4129.2285    
  5555.3779      -184.03824      -4099.1035    
  5555.3784      -184.18018      -4068.9785    
  5555.3789      -184.32213      -4038.8535    
  5555.3789      -184.46407      -4008.7285    
  5555.3794      -184.60603      -3978.6035    
  5555.3799      -184.74817      -3948.4783    
  5555.3804      -184.88853      -3918.3562    
  5555.3809      -185.03688      -3888.2209    
  5555.7998      -185.20424      -3858.0825    
  5557.5874      -185.43384      -3827.9746    
  5560.7642      -186.14195      -3797.9858    
  5565.3374      -186.83257      -3768.1768    
  5571.2954      -187.53522      -3738.6208    
  5578.6436      -187.67593      -3709.3643    
  5587.3340      -188.13902      -3680.5024    
  5597.3623      -188.63498      -3652.0713    
  5608.7051      -189.19514      -3624.1367    
  5621.3413      -189.80096      -3596.7542    
  5635.2339      -190.40060      -3570.0051    
  5650.3569      -191.01540      -3543.9365    
  5666.6880      -191.63283      -3518.5874    
  5684.1787      -192.28682      -3494.0347    
  5702.7896      -192.97192      -3470.3308    
  5722.4502      -193.58934      -3447.5618    
  5743.1846      -194.31024      -3425.6941    
  5764.9170      -195.07640      -3404.8159    
  5787.5942      -195.84496      -3384.9783    
  5811.1699      -196.60760      -3366.2207    
  5835.5913      -197.41299      -3348.5842    
  5860.8135      -198.28282      -3332.1018    
  5886.7910      -199.16483      -3316.8052    
  5913.5127      -200.11238      -3302.7075    
  5941.0186      -201.37100      -3289.8047    
  5969.2251      -203.75305      -3278.1555    
  5996.9229      -208.91170      -3268.1836    
  6024.5698      -211.68335      -3259.6389    
  6052.7524      -212.77521      -3252.3076    
  6081.7959      -214.00165      -3246.1492    
  6111.3223      -215.22664      -3241.3005    
  6141.6211      -216.40671      -3237.7712    
  6171.8477      -217.92645      -3235.6875    
  6197.7900      -220.88512      -3235.0403    
  6219.7188      -208.59970      -3235.2283    
  6220.1548      -178.73137      -3235.0781    
  6222.2300      -149.59396      -3234.9829    
  6195.9199      -160.42964      -3234.7825    
  6166.6382      -164.73351      -3235.7703    
  6135.7578      -165.25769      -3238.2366    
  6105.5342      -164.98109      -3242.0999    
  6075.8306      -164.58195      -3247.3218    
  6046.3818      -164.39656      -3253.9285    
  6015.9038      -165.08427      -3262.3118    
  5988.6401      -174.30171      -3271.1665    
  5956.5542      -172.31137      -3283.3779    
  5928.1021      -171.21614      -3295.8877    
  5900.9028      -170.50769      -3309.4226    
  5874.5322      -169.93495      -3324.1243    
  5848.9204      -169.36469      -3340.0137    
  5824.0811      -168.83838      -3357.0764    
  5800.0596      -168.34718      -3375.2812    
  5776.9146      -167.86427      -3394.5854    
  5754.6958      -167.37025      -3414.9463    
  5733.4463      -166.88426      -3436.3250    
  5713.2144      -166.42181      -3458.6738    
  5694.0933      -165.92007      -3481.8828    
  5676.0264      -165.51123      -3506.0190    
  5659.1011      -165.11736      -3530.9761    
  5643.3555      -164.72357      -3556.7007    
  5628.8320      -164.32315      -3583.1230    
  5615.5581      -163.92038      -3610.1907    
  5603.5596      -163.56030      -3637.8501    
  5592.8604      -163.25415      -3666.0447    
  5583.4883      -162.99904      -3694.7034    
  5575.4580      -162.75706      -3723.7878    
  5568.7954      -162.95691      -3753.1565    
  5563.4990      -163.23222      -3782.8501    
  5559.5923      -163.47205      -3812.7761    
  5557.0942      -163.32664      -3842.8789    
  5556.0054      -163.19260      -3873.0466    
  5555.9521      -163.06317      -3903.2104    
  5555.9517      -162.93188      -3933.3513    
  5555.9512      -162.79440      -3963.4819    
  5555.9507      -162.65269      -3993.6052    
  5555.9502      -162.51077      -4023.7280    
  5555.9497      -162.36884      -4053.8508    
  5555.9497      -162.22690      -4083.9739    
  5555.9492      -162.08496      -4114.0967    
  5555.9487      -161.94302      -4144.2197    
  5555.9482      -161.80109      -4174.3423    
  5555.9478      -161.65915      -4204.4653    
  5555.9473      -161.51723      -4234.5879    
  5555.9473      -161.37529      -4264.7109    
  5555.9468      -161.23335      -4294.8335    
  5555.9463      -161.09142      -4324.9565    
  5555.9561      -160.52295      -4355.0752    
  5555.9556      -160.38414      -4385.1982    
  5555.9756      -159.38120      -4415.8643    
  5555.9829      -158.91032      -4448.9805    
  6012.5054      -188.28697      -3263.2852    
  6036.1890      -188.35838      -3256.5156    
  6064.5459      -188.88341      -3249.6714    
  6093.8828      -189.67075      -3243.9946    
  6123.8232      -190.49222      -3239.6350    
  6154.9668      -191.28662      -3236.6060    
  6190.2378      -192.24400      -3235.0034    
 
CELLS     3548   14192
        3       14       75      465
        3       75       74      466
        3      465       75      467
        3       75      466      467
        3       74       73      468
        3      466       74      468
        3       73       72      469
        3      468       73      469
        3       72       71      470
        3      469       72      470
        3       71       70      471
        3      470       71      471
        3       70       69      472
        3      471       70      472
        3       69       68      473
        3      472       69      473
        3       68       67      474
        3      473       68      474
        3       67       66      475
        3      474       67      475
        3       66       65      476
        3      475       66      476
        3       65       64      477
        3      476       65      477
        3       64       63      478
        3      477       64      478
        3       63       62      479
        3      478       63      479
        3       62       61      480
        3      479       62      480
        3       61       60      481
        3      480       61      481
        3       60       59      482
        3      481       60      482
        3       59       58      483
        3      482       59      483
        3       58       57      484
        3      483       58      484
        3       57       56      485
        3      484       57      485
        3       56       55      486
        3      485       56      486
        3       55       54      487
        3      486       55      487
        3       54       53      488
        3      487       54      488
        3       53       52      489
        3      488       53      489
        3       52       51      490
        3      489       52      490
        3       51       50      491
        3      490       51      491
        3       50       49      492
        3      491       50      492
        3       49       48      493
        3      492       49      493
        3       48       47      494
        3      493       48      494
        3       47       46      495
        3      494       47      495
        3       46       45      496
        3      495       46      496
        3       45       44      497
        3      496       45      497
        3       44       43      498
        3      497       44      498
        3       43       42      499
        3      498       43      499
        3       42       41      500
        3      499       42      500
        3       41       40      501
        3      500       41      501
        3       40       39      502
        3      501       40      502
        3       39       38      503
        3      502       39      503
        3       38       37      504
        3      503       38      504
        3       37       36      505
        3      504       37      505
        3       36       35      506
        3      505       36      506
        3       35       34      507
        3      506       35      507
        3       34       33      508
        3      507       34      508
        3       33       32      509
        3      508       33      509
        3       32       31      510
        3      509       32      510
        3       31       30      511
        3      510       31      511
        3       30       29      512
        3      511       30      512
        3       29       28      513
        3      512       29      513
        3       28       27      514
        3      513       28      514
        3       27       26      515
        3      514       27      515
        3       26       25      516
        3      515       26      516
        3       25       24      517
        3      516       25      517
        3       24       23      518
        3      517       24      518
        3       23       22      519
        3      518       23      519
        3       22       21      520
        3      519       22      520
        3       21       20      521
        3      520       21      521
        3       20       19      522
        3      521       20      522
        3       19       18      523
        3      522       19      523
        3       18       17      524
        3      523       18      524
        3       17       16      525
        3      524       17      525
        3       16       13      457
        3      457      456      526
        3      456      455      527
        3      526      456      527
        3      455      454      528
        3      527      455      528
        3      454      453      529
        3      528      454      529
        3      453      452      530
        3      529      453      530
        3      452      451      531
        3      530      452      531
        3      451       12      135
        3      531      451      135
        3      135      134      532
        3      531      135      532
        3      134      133      533
        3      532      134      533
        3      133      132      534
        3      533      133      534
        3      132      131      535
        3      534      132      535
        3      131      130      536
        3      535      131      536
        3      130      129      537
        3      536      130      537
        3      129      128      538
        3      537      129      538
        3      128      127      539
        3      538      128      539
        3      127      126      540
        3      539      127      540
        3      126      125      541
        3      540      126      541
        3      125      124      542
        3      541      125      542
        3      124      123      543
        3      542      124      543
        3      123      122      544
        3      543      123      544
        3      122      121      545
        3      544      122      545
        3      121      120      546
        3      545      121      546
        3      120      119      547
        3      546      120      547
        3      119      118      548
        3      547      119      548
        3      118      117      549
        3      548      118      549
        3      117      116      550
        3      549      117      550
        3      116      115      551
        3      550      116      551
        3      115      114      552
        3      551      115      552
        3      114      113      553
        3      552      114      553
        3      113      112      554
        3      553      113      554
        3      112      111      555
        3      554      112      555
        3      111      110      556
        3      555      111      556
        3      110      109      557
        3      556      110      557
        3      109      108      558
        3      557      109      558
        3      108      107      559
        3      558      108      559
        3      107      106      560
        3      559      107      560
        3      106      105      561
        3      560      106      561
        3      105      104      562
        3      561      105      562
        3      104      103      563
        3      562      104      563
        3      103      102      564
        3      563      103      564
        3      102      101      565
        3      564      102      565
        3      101      100      566
        3      565      101      566
        3      100       99      567
        3      566      100      567
        3       99       98      568
        3      567       99      568
        3       98       97      569
        3      568       98      569
        3       97       96      570
        3      569       97      570
        3       96       95      571
        3      570       96      571
        3       95       94      572
        3      571       95      572
        3       94       93      573
        3      572       94      573
        3       93       92      574
        3      573       93      574
        3       92       91      575
        3      574       92      575
        3       91       90      576
        3      575       91      576
        3       90       89      577
        3      576       90      577
        3       89       88      578
        3      577       89      578
        3       88       87      579
        3      578       88      579
        3       87       86      580
        3      579       87      580
        3       86       85      581
        3      580       86      581
        3       85       84      582
        3      581       85      582
        3       84       83      583
        3      582       84      583
        3       83       82      584
        3      583       83      584
        3       82       81      585
        3      584       82      585
        3       81       80      586
        3      585       81      586
        3       80       79      587
        3      586       80      587
        3       79       78      588
        3      587       79      588
        3       78       77      589
        3      588       78      589
        3       77       76      590
        3      589       77      590
        3       76       15      458
        3      458      459      591
        3      459      460      592
        3      591      459      592
        3      460      461      593
        3      592      460      593
        3      461      462      594
        3      593      461      594
        3      462      463      595
        3      594      462      595
        3      463      464      596
        3      595      463      596
        3      464      465      467
        3      467      466      597
        3      466      468      597
        3      468      469      598
        3      597      468      599
        3      468      598      599
        3      469      470      600
        3      598      469      600
        3      470      471      601
        3      600      470      601
        3      471      472      602
        3      601      471      602
        3      472      473      603
        3      602      472      603
        3      473      474      604
        3      603      473      604
        3      474      475      605
        3      604      474      605
        3      475      476      606
        3      605      475      606
        3      476      477      607
        3      606      476      607
        3      477      478      608
        3      607      477      608
        3      478      479      609
        3      608      478      609
        3      479      480      610
        3      609      479      610
        3      480      481      611
        3      610      480      611
        3      481      482      612
        3      611      481      612
        3      482      483      613
        3      612      482      613
        3      483      484      614
        3      613      483      614
        3      484      485      615
        3      614      484      615
        3      485      486      616
        3      615      485      616
        3      486      487      617
        3      616      486      617
        3      487      488      618
        3      617      487      618
        3      488      489      619
        3      618      488      619
        3      489      490      620
        3      619      489      620
        3      490      491      621
        3      620      490      621
        3      491      492      622
        3      621      491      622
        3      492      493      623
        3      622      492      623
        3      493      494      624
        3      623      493      624
        3      494      495      625
        3      624      494      625
        3      495      496      626
        3      625      495      626
        3      496      497      627
        3      626      496      627
        3      497      498      628
        3      627      497      628
        3      498      499      629
        3      628      498      629
        3      499      500      630
        3      629      499      630
        3      500      501      631
        3      630      500      631
        3      501      502      632
        3      631      501      632
        3      502      503      633
        3      632      502      633
        3      503      504      634
        3      633      503      634
        3      504      505      635
        3      634      504      635
        3      505      506      636
        3      635      505      636
        3      506      507      637
        3      636      506      637
        3      507      508      638
        3      637      507      638
        3      508      509      639
        3      638      508      639
        3      509      510      640
        3      639      509      640
        3      510      511      641
        3      640      510      641
        3      511      512      642
        3      641      511      642
        3      512      513      643
        3      642      512      643
        3      513      514      644
        3      643      513      644
        3      514      515      645
        3      644      514      645
        3      515      516      646
        3      645      515      646
        3      516      517      647
        3      646      516      647
        3      517      518      648
        3      647      517      648
        3      518      519      649
        3      648      518      649
        3      519      520      650
        3      649      519      650
        3      520      521      651
        3      650      520      651
        3      521      522      652
        3      651      521      652
        3      522      523      653
        3      652      522      653
        3      523      524      654
        3      653      523      654
        3      524      525      655
        3      654      524      655
        3      525      526      655
        3      526      527      655
        3      527      528      656
        3      655      527      656
        3      528      529      657
        3      656      528      657
        3      529      530      658
        3      657      529      658
        3      530      531      659
        3      658      530      659
        3      531      532      659
        3      532      533      659
        3      533      534      660
        3      659      533      660
        3      534      535      661
        3      660      534      661
        3      535      536      662
        3      661      535      662
        3      536      537      663
        3      662      536      663
        3      537      538      664
        3      663      537      664
        3      538      539      665
        3      664      538      665
        3      539      540      666
        3      665      539      666
        3      540      541      667
        3      666      540      667
        3      541      542      668
        3      667      541      668
        3      542      543      669
        3      668      542      669
        3      543      544      670
        3      669      543      670
        3      544      545      671
        3      670      544      671
        3      545      546      672
        3      671      545      672
        3      546      547      673
        3      672      546      673
        3      547      548      674
        3      673      547      674
        3      548      549      675
        3      674      548      675
        3      549      550      676
        3      675      549      676
        3      550      551      677
        3      676      550      677
        3      551      552      678
        3      677      551      678
        3      552      553      679
        3      678      552      679
        3      553      554      680
        3      679      553      680
        3      554      555      681
        3      680      554      681
        3      555      556      682
        3      681      555      682
        3      556      557      683
        3      682      556      683
        3      557      558      684
        3      683      557      684
        3      558      559      685
        3      684      558      685
        3      559      560      686
        3      685      559      686
        3      560      561      687
        3      686      560      687
        3      561      562      688
        3      687      561      688
        3      562      563      689
        3      688      562      689
        3      563      564      690
        3      689      563      690
        3      564      565      691
        3      690      564      691
        3      565      566      692
        3      691      565      692
        3      566      567      693
        3      692      566      693
        3      567      568      694
        3      693      567      694
        3      568      569      695
        3      694      568      695
        3      569      570      696
        3      695      569      696
        3      570      571      697
        3      696      570      697
        3      571      572      698
        3      697      571      698
        3      572      573      699
        3      698      572      699
        3      573      574      700
        3      699      573      700
        3      574      575      701
        3      700      574      701
        3      575      576      702
        3      701      575      702
        3      576      577      703
        3      702      576      703
        3      577      578      704
        3      703      577      704
        3      578      579      705
        3      704      578      705
        3      579      580      706
        3      705      579      706
        3      580      581      707
        3      706      580      707
        3      581      582      708
        3      707      581      708
        3      582      583      709
        3      708      582      709
        3      583      584      710
        3      709      583      710
        3      584      585      711
        3      710      584      711
        3      585      586      712
        3      711      585      712
        3      586      587      713
        3      712      586      713
        3      587      588      714
        3      713      587      714
        3      588      589      715
        3      714      588      715
        3      589      590      716
        3      715      589      716
        3      590      591      716
        3      591      592      716
        3      592      593      717
        3      716      592      717
        3      593      594      718
        3      717      593      718
        3      594      595      719
        3      718      594      719
        3      595      596      720
        3      719      595      720
        3      596      597      720
        3      597      599      720
        3      599      598      721
        3      598      600      722
        3      721      598      722
        3      720      599      721
        3      600      601      723
        3      722      600      723
        3      601      602      724
        3      723      601      724
        3      602      603      725
        3      724      602      725
        3      603      604      726
        3      725      603      726
        3      604      605      727
        3      726      604      727
        3      605      606      728
        3      727      605      728
        3      606      607      729
        3      728      606      729
        3      607      608      730
        3      729      607      730
        3      608      609      731
        3      730      608      731
        3      609      610      732
        3      731      609      732
        3      610      611      733
        3      732      610      733
        3      611      612      734
        3      733      611      734
        3      612      613      735
        3      734      612      735
        3      613      614      736
        3      735      613      736
        3      614      615      737
        3      736      614      737
        3      615      616      738
        3      737      615      738
        3      616      617      739
        3      738      616      739
        3      617      618      740
        3      739      617      740
        3      618      619      741
        3      740      618      741
        3      619      620      742
        3      741      619      742
        3      620      621      743
        3      742      620      743
        3      621      622      744
        3      743      621      744
        3      622      623      745
        3      744      622      745
        3      623      624      746
        3      745      623      746
        3      624      625      747
        3      746      624      747
        3      625      626      748
        3      747      625      748
        3      626      627      749
        3      748      626      749
        3      627      628      750
        3      749      627      750
        3      628      629      751
        3      750      628      751
        3      629      630      752
        3      751      629      752
        3      630      631      753
        3      752      630      753
        3      631      632      754
        3      753      631      754
        3      632      633      755
        3      754      632      755
        3      633      634      756
        3      755      633      756
        3      634      635      757
        3      756      634      757
        3      635      636      758
        3      757      635      758
        3      636      637      759
        3      758      636      759
        3      637      638      760
        3      759      637      760
        3      638      639      761
        3      760      638      761
        3      639      640      762
        3      761      639      762
        3      640      641      763
        3      762      640      763
        3      641      642      764
        3      763      641      764
        3      642      643      765
        3      764      642      765
        3      643      644      766
        3      765      643      766
        3      644      645      767
        3      766      644      767
        3      645      646      768
        3      767      645      768
        3      646      647      769
        3      768      646      769
        3      647      648      770
        3      769      647      770
        3      648      649      771
        3      770      648      771
        3      649      650      772
        3      771      649      772
        3      650      651      773
        3      772      650      773
        3      651      652      774
        3      773      651      774
        3      652      653      775
        3      774      652      775
        3      653      654      776
        3      775      653      776
        3      654      655      777
        3      776      654      777
        3      655      656      777
        3      656      657      778
        3      777      656      778
        3      657      658      779
        3      778      657      779
        3      658      659      780
        3      779      658      780
        3      659      660      780
        3      660      661      781
        3      780      660      781
        3      661      662      782
        3      781      661      782
        3      662      663      783
        3      782      662      783
        3      663      664      784
        3      783      663      784
        3      664      665      785
        3      784      664      785
        3      665      666      786
        3      785      665      786
        3      666      667      787
        3      786      666      787
        3      667      668      788
        3      787      667      788
        3      668      669      789
        3      788      668      789
        3      669      670      790
        3      789      669      790
        3      670      671      791
        3      790      670      791
        3      671      672      792
        3      791      671      792
        3      672      673      793
        3      792      672      793
        3      673      674      794
        3      793      673      794
        3      674      675      795
        3      794      674      795
        3      675      676      796
        3      795      675      796
        3      676      677      797
        3      796      676      797
        3      677      678      798
        3      797      677      798
        3      678      679      799
        3      798      678      799
        3      679      680      800
        3      799      679      800
        3      680      681      801
        3      800      680      801
        3      681      682      802
        3      801      681      802
        3      682      683      803
        3      802      682      803
        3      683      684      804
        3      803      683      804
        3      684      685      805
        3      804      684      805
        3      685      686      806
        3      805      685      806
        3      686      687      807
        3      806      686      807
        3      687      688      808
        3      807      687      808
        3      688      689      809
        3      808      688      809
        3      689      690      810
        3      809      689      810
        3      690      691      811
        3      810      690      811
        3      691      692      812
        3      811      691      812
        3      692      693      813
        3      812      692      813
        3      693      694      814
        3      813      693      814
        3      694      695      815
        3      814      694      815
        3      695      696      816
        3      815      695      816
        3      696      697      817
        3      816      696      817
        3      697      698      818
        3      817      697      818
        3      698      699      819
        3      818      698      819
        3      699      700      820
        3      819      699      820
        3      700      701      821
        3      820      700      821
        3      701      702      822
        3      821      701      822
        3      702      703      823
        3      822      702      823
        3      703      704      824
        3      823      703      824
        3      704      705      825
        3      824      704      825
        3      705      706      826
        3      825      705      826
        3      706      707      827
        3      826      706      827
        3      707      708      828
        3      827      707      828
        3      708      709      829
        3      828      708      829
        3      709      710      830
        3      829      709      830
        3      710      711      831
        3      830      710      831
        3      711      712      832
        3      831      711      832
        3      712      713      833
        3      832      712      833
        3      713      714      834
        3      833      713      834
        3      714      715      835
        3      834      714      835
        3      715      716      836
        3      835      715      836
        3      716      717      836
        3      717      718      837
        3      836      717      837
        3      718      719      838
        3      837      718      838
        3      719      720      839
        3      838      719      839
        3      720      721      839
        3      721      722      840
        3      839      721      840
        3      722      723      841
        3      840      722      841
        3      723      724      842
        3      841      723      842
        3      724      725      843
        3      842      724      843
        3      725      726      844
        3      843      725      844
        3      726      727      845
        3      844      726      845
        3      727      728      846
        3      845      727      846
        3      728      729      847
        3      846      728      847
        3      729      730      848
        3      847      729      848
        3      730      731      849
        3      848      730      849
        3      731      732      850
        3      849      731      850
        3      732      733      851
        3      850      732      851
        3      733      734      852
        3      851      733      852
        3      734      735      853
        3      852      734      853
        3      735      736      854
        3      853      735      854
        3      736      737      855
        3      854      736      855
        3      737      738      856
        3      855      737      856
        3      738      739      857
        3      856      738      857
        3      739      740      858
        3      857      739      858
        3      740      741      859
        3      858      740      859
        3      741      742      860
        3      859      741      860
        3      742      743      861
        3      860      742      861
        3      743      744      862
        3      861      743      862
        3      744      745      863
        3      862      744      863
        3      745      746      864
        3      863      745      864
        3      746      747      865
        3      864      746      865
        3      747      748      866
        3      865      747      866
        3      748      749      867
        3      866      748      867
        3      749      750      868
        3      867      749      868
        3      750      751      869
        3      868      750      869
        3      751      752      870
        3      869      751      870
        3      752      753      871
        3      870      752      871
        3      753      754      872
        3      871      753      872
        3      754      755      873
        3      872      754      873
        3      755      756      874
        3      873      755      874
        3      756      757      875
        3      874      756      875
        3      757      758      876
        3      875      757      876
        3      758      759      877
        3      876      758      877
        3      759      760      878
        3      877      759      878
        3      760      761      879
        3      878      760      879
        3      761      762      880
        3      879      761      880
        3      762      763      881
        3      880      762      881
        3      763      764      882
        3      881      763      882
        3      764      765      883
        3      882      764      883
        3      765      766      884
        3      883      765      884
        3      766      767      885
        3      884      766      885
        3      767      768      886
        3      885      767      886
        3      768      769      887
        3      886      768      887
        3      769      770      888
        3      887      769      888
        3      770      771      889
        3      888      770      889
        3      771      772      890
        3      889      771      890
        3      772      773      891
        3      890      772      891
        3      773      774      892
        3      891      773      892
        3      774      775      893
        3      892      774      893
        3      775      776      894
        3      893      775      894
        3      776      777      778
        3      778      779      895
        3      779      780      781
        3      895      779      781
        3      781      782      896
        3      895      781      896
        3      782      783      897
        3      896      782      897
        3      783      784      898
        3      897      783      898
        3      784      785      899
        3      898      784      899
        3      785      786      900
        3      899      785      900
        3      786      787      901
        3      900      786      901
        3      787      788      902
        3      901      787      902
        3      788      789      903
        3      902      788      903
        3      789      790      904
        3      903      789      904
        3      790      791      905
        3      904      790      905
        3      791      792      906
        3      905      791      906
        3      792      793      907
        3      906      792      907
        3      793      794      908
        3      907      793      908
        3      794      795      909
        3      908      794      909
        3      795      796      910
        3      909      795      910
        3      796      797      911
        3      910      796      911
        3      797      798      912
        3      911      797      912
        3      798      799      913
        3      912      798      913
        3      799      800      914
        3      913      799      914
        3      800      801      915
        3      914      800      915
        3      801      802      916
        3      915      801      916
        3      802      803      917
        3      916      802      917
        3      803      804      918
        3      917      803      918
        3      804      805      919
        3      918      804      919
        3      805      806      920
        3      919      805      920
        3      806      807      921
        3      920      806      921
        3      807      808      922
        3      921      807      922
        3      808      809      923
        3      922      808      923
        3      809      810      924
        3      923      809      924
        3      810      811      925
        3      924      810      925
        3      811      812      926
        3      925      811      926
        3      812      813      927
        3      926      812      927
        3      813      814      928
        3      927      813      928
        3      814      815      929
        3      928      814      929
        3      815      816      930
        3      929      815      930
        3      816      817      931
        3      930      816      931
        3      817      818      932
        3      931      817      932
        3      818      819      933
        3      932      818      933
        3      819      820      934
        3      933      819      934
        3      820      821      935
        3      934      820      935
        3      821      822      936
        3      935      821      936
        3      822      823      937
        3      936      822      937
        3      823      824      938
        3      937      823      938
        3      824      825      939
        3      938      824      939
        3      825      826      940
        3      939      825      940
        3      826      827      941
        3      940      826      941
        3      827      828      942
        3      941      827      942
        3      828      829      943
        3      942      828      943
        3      829      830      944
        3      943      829      944
        3      830      831      945
        3      944      830      945
        3      831      832      946
        3      945      831      946
        3      832      833      947
        3      946      832      947
        3      833      834      948
        3      947      833      948
        3      834      835      949
        3      948      834      949
        3      835      836      837
        3      949      835      837
        3      837      838      949
        3      838      839      840
        3      949      838      950
        3      838      840      950
        3      840      841      950
        3      841      842      951
        3      950      841      951
        3      842      843      952
        3      951      842      952
        3      843      844      953
        3      952      843      953
        3      844      845      954
        3      953      844      954
        3      845      846      955
        3      954      845      955
        3      846      847      956
        3      955      846      956
        3      847      848      957
        3      956      847      957
        3      848      849      958
        3      957      848      958
        3      849      850      941
        3      958      849      941
        3      850      851      940
        3      941      850      940
        3      851      852      939
        3      940      851      939
        3      852      853      938
        3      939      852      938
        3      853      854      937
        3      938      853      937
        3      854      855      936
        3      937      854      936
        3      855      856      935
        3      936      855      935
        3      856      857      934
        3      935      856      934
        3      857      858      933
        3      934      857      933
        3      858      859      932
        3      933      858      932
        3      859      860      931
        3      932      859      931
        3      860      861      930
        3      931      860      930
        3      861      862      929
        3      930      861      929
        3      862      863      928
        3      929      862      928
        3      863      864      927
        3      928      863      927
        3      864      865      926
        3      927      864      926
        3      865      866      925
        3      926      865      925
        3      866      867      924
        3      925      866      924
        3      867      868      923
        3      924      867      923
        3      868      869      922
        3      923      868      922
        3      869      870      921
        3      922      869      921
        3      870      871      920
        3      921      870      920
        3      871      872      919
        3      920      871      919
        3      872      873      918
        3      919      872      918
        3      873      874      917
        3      918      873      917
        3      874      875      916
        3      917      874      916
        3      875      876      915
        3      916      875      915
        3      876      877      914
        3      915      876      914
        3      877      878      913
        3      914      877      913
        3      878      879      912
        3      913      878      912
        3      879      880      911
        3      912      879      911
        3      880      881      910
        3      911      880      910
        3      881      882      909
        3      910      881      909
        3      882      883      908
        3      909      882      908
        3      883      884      907
        3      908      883      907
        3      884      885      906
        3      907      884      906
        3      885      886      905
        3      906      885      905
        3      886      887      904
        3      905      886      904
        3      887      888      903
        3      904      887      903
        3      888      889      902
        3      903      888      902
        3      889      890      901
        3      902      889      901
        3      890      891      900
        3      901      890      900
        3      891      892      899
        3      900      891      899
        3      892      893      898
        3      899      892      898
        3      893      894      897
        3      898      893      897
        3      894      895      896
        3      897      894      896
        3      941      942      958
        3      942      943      957
        3      958      942      957
        3      943      944      956
        3      957      943      956
        3      944      945      955
        3      956      944      955
        3      945      946      954
        3      955      945      954
        3      946      947      953
        3      954      946      953
        3      947      948      952
        3      953      947      952
        3      948      949      951
        3      952      948      951
        3      949      950      951
        3      894      776      895
        3      776      778      895
        3      596      464      597
        3      464      467      597
        3      525       16      526
        3       16      457      526
        3      590       76      591
        3       76      458      591
        3       11       10       12
        3      136       11       12
        3       12      451      136
        3      451      452      137
        3      136      451      137
        3      452      453      138
        3      137      452      138
        3      453      454      139
        3      138      453      139
        3      454      455      140
        3      139      454      140
        3      455      456      141
        3      140      455      141
        3      456      457      142
        3      141      456      142
        3      457       13      143
        3      142      457      143
        3       13        9      144
        3      143       13      144
        3        9        8        7
        3      144        9        7
        3        6        5      204
        3        5      203      204
        3      203      202      205
        3      204      203      205
        3      202      201      206
        3      205      202      206
        3      201      200      207
        3      206      201      207
        3      200      199      208
        3      207      200      208
        3      199      198      209
        3      208      199      209
        3      198      197      210
        3      209      198      210
        3      197      196      211
        3      210      197      211
        3      196      195      212
        3      211      196      212
        3      195      194      213
        3      212      195      213
        3      194      193      214
        3      213      194      214
        3      193      192      215
        3      214      193      215
        3      192      191      216
        3      215      192      216
        3      191      190      217
        3      216      191      217
        3      190      189      218
        3      217      190      218
        3      189      188      219
        3      218      189      219
        3      188      187      220
        3      219      188      220
        3      187      186      221
        3      220      187      221
        3      186      185      222
        3      221      186      222
        3      185      184      223
        3      222      185      223
        3      184      183      224
        3      223      184      224
        3      183      182      225
        3      224      183      225
        3      182      181      226
        3      225      182      226
        3      181      180      227
        3      226      181      227
        3      180      179      228
        3      227      180      228
        3      179      178      229
        3      228      179      229
        3      178      177      230
        3      229      178      230
        3      177      176      231
        3      230      177      231
        3      176      175      232
        3      231      176      232
        3      175      174      233
        3      232      175      233
        3      174      173      234
        3      233      174      234
        3      173      172      235
        3      234      173      235
        3      172      171      236
        3      235      172      236
        3      171      170      237
        3      236      171      237
        3      170      169      238
        3      237      170      238
        3      169      168      239
        3      238      169      239
        3      168      167      240
        3      239      168      240
        3      167      166      241
        3      240      167      241
        3      166      165      242
        3      241      166      242
        3      165      164      243
        3      242      165      243
        3      164      163      244
        3      243      164      244
        3      163      162      245
        3      244      163      245
        3      162      161      246
        3      245      162      246
        3      161      160      247
        3      246      161      247
        3      160      159      248
        3      247      160      248
        3      159      158      249
        3      248      159      249
        3      158      157      250
        3      249      158      250
        3      157      156      251
        3      250      157      251
        3      156      155      252
        3      251      156      252
        3      155      154      253
        3      252      155      253
        3      154      153      254
        3      253      154      254
        3      153      152      255
        3      254      153      255
        3      152      151      256
        3      255      152      256
        3      151      150      257
        3      256      151      257
        3      150      149      258
        3      257      150      258
        3      149      148      259
        3      258      149      259
        3      148      147      260
        3      259      148      260
        3      147      146      261
        3      260      147      261
        3      146      145      262
        3      261      146      262
        3      145        7        8
        3      262      145        8
        3      322      321      262
        3      321      320      261
        3      262      321      261
        3      320      319      260
        3      261      320      260
        3      319      318      259
        3      260      319      259
        3      318      317      258
        3      259      318      258
        3      317      316      257
        3      258      317      257
        3      316      315      256
        3      257      316      256
        3      315      314      255
        3      256      315      255
        3      314      313      254
        3      255      314      254
        3      313      312      253
        3      254      313      253
        3      312      311      252
        3      253      312      252
        3      311      310      251
        3      252      311      251
        3      310      309      250
        3      251      310      250
        3      309      308      249
        3      250      309      249
        3      308      307      248
        3      249      308      248
        3      307      306      247
        3      248      307      247
        3      306      305      246
        3      247      306      246
        3      305      304      245
        3      246      305      245
        3      304      303      244
        3      245      304      244
        3      303      302      243
        3      244      303      243
        3      302      301      242
        3      243      302      242
        3      301      300      241
        3      242      301      241
        3      300      299      240
        3      241      300      240
        3      299      298      239
        3      240      299      239
        3      298      297      238
        3      239      298      238
        3      297      296      237
        3      238      297      237
        3      296      295      236
        3      237      296      236
        3      295      294      235
        3      236      295      235
        3      294      293      234
        3      235      294      234
        3      293      292      233
        3      234      293      233
        3      292      291      232
        3      233      292      232
        3      291      290      231
        3      232      291      231
        3      290      289      230
        3      231      290      230
        3      289      288      229
        3      230      289      229
        3      288      287      228
        3      229      288      228
        3      287      286      227
        3      228      287      227
        3      286      285      226
        3      227      286      226
        3      285      284      225
        3      226      285      225
        3      284      283      224
        3      225      284      224
        3      283      282      223
        3      224      283      223
        3      282      281      222
        3      223      282      222
        3      281      280      221
        3      222      281      221
        3      280      279      220
        3      221      280      220
        3      279      278      219
        3      220      279      219
        3      278      277      218
        3      219      278      218
        3      277      276      217
        3      218      277      217
        3      276      275      216
        3      217      276      216
        3      275      274      215
        3      216      275      215
        3      274      273      214
        3      215      274      214
        3      273      272      213
        3      214      273      213
        3      272      271      212
        3      213      272      212
        3      271      270      211
        3      212      271      211
        3      270      269      210
        3      211      270      210
        3      269      268      209
        3      210      269      209
        3      268      267      208
        3      209      268      208
        3      267      266      207
        3      208      267      207
        3      266      265      206
        3      207      266      206
        3      265      264      205
        3      206      265      205
        3      264      263      204
        3      205      264      204
        3      263        4        6
        3      204      263        6
        3        9      322        8
        3      322      262        8
        3        3        2      382
        3      383        3      382
        3      382      381      383
        3      381      380      384
        3      383      381      384
        3      380      379      385
        3      384      380      385
        3      379      378      386
        3      385      379      386
        3      378      377      387
        3      386      378      387
        3      377      376      388
        3      387      377      388
        3      376      375      389
        3      388      376      389
        3      375      374      390
        3      389      375      390
        3      374      373      391
        3      390      374      391
        3      373      372      392
        3      391      373      392
        3      372      371      393
        3      392      372      393
        3      371      370      394
        3      393      371      394
        3      370      369      395
        3      394      370      395
        3      369      368      396
        3      395      369      396
        3      368      367      397
        3      396      368      397
        3      367      366      398
        3      397      367      398
        3      366      365      399
        3      398      366      399
        3      365      364      400
        3      399      365      400
        3      364      363      401
        3      400      364      401
        3      363      362      402
        3      401      363      402
        3      362      361      403
        3      402      362      403
        3      361      360      404
        3      403      361      404
        3      360      359      405
        3      404      360      405
        3      359      358      406
        3      405      359      406
        3      358      357      407
        3      406      358      407
        3      357      356      408
        3      407      357      408
        3      356      355      409
        3      408      356      409
        3      355      354      410
        3      409      355      410
        3      354      353      411
        3      410      354      411
        3      353      352      412
        3      411      353      412
        3      352      351      413
        3      412      352      413
        3      351      350      414
        3      413      351      414
        3      350      349      415
        3      414      350      415
        3      349      348      416
        3      415      349      416
        3      348      347      417
        3      416      348      417
        3      347      346      418
        3      417      347      418
        3      346      345      419
        3      418      346      419
        3      345      344      420
        3      419      345      420
        3      344      343      421
        3      420      344      421
        3      343      342      422
        3      421      343      422
        3      342      341      423
        3      422      342      423
        3      341      340      424
        3      423      341      424
        3      340      339      425
        3      424      340      425
        3      339      338      426
        3      425      339      426
        3      338      337      427
        3      426      338      427
        3      337      336      428
        3      427      337      428
        3      336      335      429
        3      428      336      429
        3      335      334      430
        3      429      335      430
        3      334      333      431
        3      430      334      431
        3      333      332      432
        3      431      333      432
        3      332      331      433
        3      432      332      433
        3      331      330      434
        3      433      331      434
        3      330      329      435
        3      434      330      435
        3      329      328      436
        3      435      329      436
        3      328      327      437
        3      436      328      437
        3      327      326      438
        3      437      327      438
        3      326      325      439
        3      438      326      439
        3      325      324      440
        3      439      325      440
        3      324      323      441
        3      440      324      441
        3      323       10       11
        3      441      323       11
        3       16       17      321
        3       16      321      322
        3       17       18      320
        3      321       17      320
        3       18       19      319
        3      320       18      319
        3       19       20      318
        3      319       19      318
        3       20       21      317
        3      318       20      317
        3       21       22      316
        3      317       21      316
        3       22       23      315
        3      316       22      315
        3       23       24      314
        3      315       23      314
        3       24       25      313
        3      314       24      313
        3       25       26      312
        3      313       25      312
        3       26       27      311
        3      312       26      311
        3       27       28      310
        3      311       27      310
        3       28       29      309
        3      310       28      309
        3       29       30      308
        3      309       29      308
        3       30       31      307
        3      308       30      307
        3       31       32      306
        3      307       31      306
        3       32       33      305
        3      306       32      305
        3       33       34      304
        3      305       33      304
        3       34       35      303
        3      304       34      303
        3       35       36      302
        3      303       35      302
        3       36       37      301
        3      302       36      301
        3       37       38      300
        3      301       37      300
        3       38       39      299
        3      300       38      299
        3       39       40      298
        3      299       39      298
        3       40       41      297
        3      298       40      297
        3       41       42      296
        3      297       41      296
        3       42       43      295
        3      296       42      295
        3       43       44      294
        3      295       43      294
        3       44       45      293
        3      294       44      293
        3       45       46      292
        3      293       45      292
        3       46       47      291
        3      292       46      291
        3       47       48      290
        3      291       47      290
        3       48       49      289
        3      290       48      289
        3       49       50      288
        3      289       49      288
        3       50       51      287
        3      288       50      287
        3       51       52      286
        3      287       51      286
        3       52       53      285
        3      286       52      285
        3       53       54      284
        3      285       53      284
        3       54       55      283
        3      284       54      283
        3       55       56      282
        3      283       55      282
        3       56       57      281
        3      282       56      281
        3       57       58      280
        3      281       57      280
        3       58       59      279
        3      280       58      279
        3       59       60      278
        3      279       59      278
        3       60       61      277
        3      278       60      277
        3       61       62      276
        3      277       61      276
        3       62       63      275
        3      276       62      275
        3       63       64      274
        3      275       63      274
        3       64       65      273
        3      274       64      273
        3       65       66      272
        3      273       65      272
        3       66       67      271
        3      272       66      271
        3       67       68      270
        3      271       67      270
        3       68       69      269
        3      270       68      269
        3       69       70      268
        3      269       69      268
        3       70       71      267
        3      268       70      267
        3       71       72      266
        3      267       71      266
        3       72       73      265
        3      266       72      265
        3       73       74      264
        3      265       73      264
        3       74       75      263
        3      264       74      263
        3       75       14        4
        3      263       75        4
        3        9       13      322
        3       13       16      322
        3        1      449      458
        3        3        1        2
        3        1      458       15
        3        2        1       15
        3      449      448      459
        3      458      449      459
        3      448      447      460
        3      459      448      460
        3      447      446      461
        3      460      447      461
        3      446      445      461
        3      445      444      462
        3      461      445      462
        3      444      443      463
        3      462      444      463
        3      443      442      464
        3      463      443      464
        3      442        0      465
        3      464      442      465
        3        0      450        4
        3      465        0       14
        3        0        4       14
        3      450        5        6
        3        4      450        6
        3      323      324      135
        3      324      325      134
        3      135      324      134
        3      325      326      133
        3      134      325      133
        3      326      327      132
        3      133      326      132
        3      327      328      131
        3      132      327      131
        3      328      329      130
        3      131      328      130
        3      329      330      129
        3      130      329      129
        3      330      331      128
        3      129      330      128
        3      331      332      127
        3      128      331      127
        3      332      333      126
        3      127      332      126
        3      333      334      125
        3      126      333      125
        3      334      335      124
        3      125      334      124
        3      335      336      123
        3      124      335      123
        3      336      337      122
        3      123      336      122
        3      337      338      121
        3      122      337      121
        3      338      339      120
        3      121      338      120
        3      339      340      119
        3      120      339      119
        3      340      341      118
        3      119      340      118
        3      341      342      117
        3      118      341      117
        3      342      343      116
        3      117      342      116
        3      343      344      115
        3      116      343      115
        3      344      345      114
        3      115      344      114
        3      345      346      113
        3      114      345      113
        3      346      347      112
        3      113      346      112
        3      347      348      111
        3      112      347      111
        3      348      349      110
        3      111      348      110
        3      349      350      109
        3      110      349      109
        3      350      351      108
        3      109      350      108
        3      351      352      107
        3      108      351      107
        3      352      353      106
        3      107      352      106
        3      353      354      105
        3      106      353      105
        3      354      355      104
        3      105      354      104
        3      355      356      103
        3      104      355      103
        3      356      357      102
        3      103      356      102
        3      357      358      101
        3      102      357      101
        3      358      359      100
        3      101      358      100
        3      359      360       99
        3      100      359       99
        3      360      361       98
        3       99      360       98
        3      361      362       97
        3       98      361       97
        3      362      363       96
        3       97      362       96
        3      363      364       95
        3       96      363       95
        3      364      365       94
        3       95      364       94
        3      365      366       93
        3       94      365       93
        3      366      367       92
        3       93      366       92
        3      367      368       91
        3       92      367       91
        3      368      369       90
        3       91      368       90
        3      369      370       89
        3       90      369       89
        3      370      371       88
        3       89      370       88
        3      371      372       87
        3       88      371       87
        3      372      373       86
        3       87      372       86
        3      373      374       85
        3       86      373       85
        3      374      375       84
        3       85      374       84
        3      375      376       83
        3       84      375       83
        3      376      377       82
        3       83      376       82
        3      377      378       81
        3       82      377       81
        3      378      379       80
        3       81      378       80
        3      379      380       79
        3       80      379       79
        3      380      381       78
        3       79      380       78
        3      381      382       77
        3       78      381       77
        3      382        2       76
        3       77      382       76
        3        2       15       76
        3      135       12      323
        3       12       10      323
        3      971      973     1365
        3      973      974     1366
        3      974      975     1367
        3     1366      974     1367
        3      975      976     1368
        3     1367      975     1368
        3      976      977     1369
        3     1368      976     1369
        3      977      978     1370
        3     1369      977     1370
        3      978      979     1371
        3     1370      978     1371
        3      979      980     1372
        3     1371      979     1372
        3      980      981     1373
        3     1372      980     1373
        3      981      982     1374
        3     1373      981     1374
        3      982      983     1375
        3     1374      982     1375
        3      983      984     1376
        3     1375      983     1376
        3      984      985     1377
        3     1376      984     1377
        3      985      986     1378
        3     1377      985     1378
        3      986      987     1379
        3     1378      986     1379
        3      987      988     1380
        3     1379      987     1380
        3      988      989     1381
        3     1380      988     1381
        3      989      990     1382
        3     1381      989     1382
        3      990      991     1383
        3     1382      990     1383
        3      991      992     1384
        3     1383      991     1384
        3      992      993     1385
        3     1384      992     1385
        3      993      994     1386
        3     1385      993     1386
        3      994      995     1387
        3     1386      994     1387
        3      995      996     1388
        3     1387      995     1388
        3      996      997     1389
        3     1388      996     1389
        3      997      998     1390
        3     1389      997     1390
        3      998      999     1391
        3     1390      998     1391
        3      999     1000     1392
        3     1391      999     1392
        3     1000     1001     1393
        3     1392     1000     1393
        3     1001     1002     1394
        3     1393     1001     1394
        3     1002     1003     1395
        3     1394     1002     1395
        3     1003     1004     1396
        3     1395     1003     1396
        3     1004     1005     1397
        3     1396     1004     1397
        3     1005     1006     1398
        3     1397     1005     1398
        3     1006     1007     1399
        3     1398     1006     1399
        3     1007     1008     1400
        3     1399     1007     1400
        3     1008     1009     1401
        3     1400     1008     1401
        3     1009     1010     1402
        3     1401     1009     1402
        3     1010     1011     1403
        3     1402     1010     1403
        3     1011     1012     1404
        3     1403     1011     1404
        3     1012     1013     1405
        3     1404     1012     1405
        3     1013     1014     1406
        3     1405     1013     1406
        3     1014     1015     1407
        3     1406     1014     1407
        3     1015     1016     1408
        3     1407     1015     1408
        3     1016     1017     1409
        3     1408     1016     1409
        3     1017     1018     1410
        3     1409     1017     1410
        3     1018     1019     1411
        3     1410     1018     1411
        3     1019     1020     1412
        3     1411     1019     1412
        3     1020     1021     1413
        3     1412     1020     1413
        3     1021     1022     1414
        3     1413     1021     1414
        3     1022     1023     1415
        3     1414     1022     1415
        3     1023     1024     1416
        3     1415     1023     1416
        3     1024     1025     1417
        3     1416     1024     1417
        3     1025     1026     1418
        3     1417     1025     1418
        3     1026     1027     1419
        3     1418     1026     1419
        3     1027     1028     1420
        3     1419     1027     1420
        3     1028     1029     1421
        3     1420     1028     1421
        3     1029     1030     1422
        3     1421     1029     1422
        3     1030     1031     1423
        3     1422     1030     1423
        3     1031     1032     1424
        3     1423     1031     1424
        3     1032      969     1356
        3     1356     1355     1425
        3     1355     1354     1426
        3     1425     1355     1426
        3     1354     1353     1427
        3     1426     1354     1427
        3     1353     1352     1428
        3     1427     1353     1428
        3     1352     1351     1429
        3     1428     1352     1429
        3     1351     1350     1430
        3     1429     1351     1430
        3     1350     1349     1431
        3     1430     1350     1431
        3     1349      967     1152
        3     1431     1349     1152
        3     1152     1151     1432
        3     1431     1152     1432
        3     1151     1150     1433
        3     1432     1151     1433
        3     1150     1149     1434
        3     1433     1150     1434
        3     1149     1148     1435
        3     1434     1149     1435
        3     1148     1147     1436
        3     1435     1148     1436
        3     1147     1146     1437
        3     1436     1147     1437
        3     1146     1145     1438
        3     1437     1146     1438
        3     1145     1144     1439
        3     1438     1145     1439
        3     1144     1143     1440
        3     1439     1144     1440
        3     1143     1142     1441
        3     1440     1143     1441
        3     1142     1141     1442
        3     1441     1142     1442
        3     1141     1140     1443
        3     1442     1141     1443
        3     1140     1139     1444
        3     1443     1140     1444
        3     1139     1138     1445
        3     1444     1139     1445
        3     1138     1137     1446
        3     1445     1138     1446
        3     1137     1136     1447
        3     1446     1137     1447
        3     1136     1135     1448
        3     1447     1136     1448
        3     1135     1134     1449
        3     1448     1135     1449
        3     1134     1133     1450
        3     1449     1134     1450
        3     1133     1132     1451
        3     1450     1133     1451
        3     1132     1131     1452
        3     1451     1132     1452
        3     1131     1130     1453
        3     1452     1131     1453
        3     1130     1129     1454
        3     1453     1130     1454
        3     1129     1128     1455
        3     1454     1129     1455
        3     1128     1127     1456
        3     1455     1128     1456
        3     1127     1126     1457
        3     1456     1127     1457
        3     1126     1125     1458
        3     1457     1126     1458
        3     1125     1124     1459
        3     1458     1125     1459
        3     1124     1123     1460
        3     1459     1124     1460
        3     1123     1122     1461
        3     1460     1123     1461
        3     1122     1121     1462
        3     1461     1122     1462
        3     1121     1120     1463
        3     1462     1121     1463
        3     1120     1119     1464
        3     1463     1120     1464
        3     1119     1118     1465
        3     1464     1119     1465
        3     1118     1117     1466
        3     1465     1118     1466
        3     1117     1116     1467
        3     1466     1117     1467
        3     1116     1115     1468
        3     1467     1116     1468
        3     1115     1114     1469
        3     1468     1115     1469
        3     1114     1113     1470
        3     1469     1114     1470
        3     1113     1112     1471
        3     1470     1113     1471
        3     1112     1111     1472
        3     1471     1112     1472
        3     1111     1110     1473
        3     1472     1111     1473
        3     1110     1109     1474
        3     1473     1110     1474
        3     1109     1108     1475
        3     1474     1109     1475
        3     1108     1107     1476
        3     1475     1108     1476
        3     1107     1106     1477
        3     1476     1107     1477
        3     1106     1105     1478
        3     1477     1106     1478
        3     1105     1104     1479
        3     1478     1105     1479
        3     1104     1103     1480
        3     1479     1104     1480
        3     1103     1102     1481
        3     1480     1103     1481
        3     1102     1101     1482
        3     1481     1102     1482
        3     1101     1100     1483
        3     1482     1101     1483
        3     1100     1099     1484
        3     1483     1100     1484
        3     1099     1098     1485
        3     1484     1099     1485
        3     1098     1097     1486
        3     1485     1098     1486
        3     1097     1096     1487
        3     1486     1097     1487
        3     1096     1095     1488
        3     1487     1096     1488
        3     1095     1094     1489
        3     1488     1095     1489
        3     1094     1093     1490
        3     1489     1094     1490
        3     1093      972     1357
        3     1357     1358     1491
        3     1358     1359     1492
        3     1491     1358     1492
        3     1359     1360     1493
        3     1492     1359     1493
        3     1360     1361     1494
        3     1493     1360     1494
        3     1361     1362     1495
        3     1494     1361     1495
        3     1362     1363     1496
        3     1495     1362     1496
        3     1363     1364     1497
        3     1496     1363     1497
        3     1364     1365     1498
        3     1497     1364     1498
        3     1366     1367     1499
        3     1498     1366     1499
        3     1367     1368     1500
        3     1499     1367     1500
        3     1368     1369     1501
        3     1500     1368     1501
        3     1369     1370     1502
        3     1501     1369     1502
        3     1370     1371     1503
        3     1502     1370     1503
        3     1371     1372     1504
        3     1503     1371     1504
        3     1372     1373     1505
        3     1504     1372     1505
        3     1373     1374     1506
        3     1505     1373     1506
        3     1374     1375     1507
        3     1506     1374     1507
        3     1375     1376     1508
        3     1507     1375     1508
        3     1376     1377     1509
        3     1508     1376     1509
        3     1377     1378     1510
        3     1509     1377     1510
        3     1378     1379     1511
        3     1510     1378     1511
        3     1379     1380     1512
        3     1511     1379     1512
        3     1380     1381     1513
        3     1512     1380     1513
        3     1381     1382     1514
        3     1513     1381     1514
        3     1382     1383     1515
        3     1514     1382     1515
        3     1383     1384     1516
        3     1515     1383     1516
        3     1384     1385     1517
        3     1516     1384     1517
        3     1385     1386     1518
        3     1517     1385     1518
        3     1386     1387     1519
        3     1518     1386     1519
        3     1387     1388     1520
        3     1519     1387     1520
        3     1388     1389     1521
        3     1520     1388     1521
        3     1389     1390     1522
        3     1521     1389     1522
        3     1390     1391     1523
        3     1522     1390     1523
        3     1391     1392     1524
        3     1523     1391     1524
        3     1392     1393     1525
        3     1524     1392     1525
        3     1393     1394     1526
        3     1525     1393     1526
        3     1394     1395     1527
        3     1526     1394     1527
        3     1395     1396     1528
        3     1527     1395     1528
        3     1396     1397     1529
        3     1528     1396     1529
        3     1397     1398     1530
        3     1529     1397     1530
        3     1398     1399     1531
        3     1530     1398     1531
        3     1399     1400     1532
        3     1531     1399     1532
        3     1400     1401     1533
        3     1532     1400     1533
        3     1401     1402     1534
        3     1533     1401     1534
        3     1402     1403     1535
        3     1534     1402     1535
        3     1403     1404     1536
        3     1535     1403     1536
        3     1404     1405     1537
        3     1536     1404     1537
        3     1405     1406     1538
        3     1537     1405     1538
        3     1406     1407     1539
        3     1538     1406     1539
        3     1407     1408     1540
        3     1539     1407     1540
        3     1408     1409     1541
        3     1540     1408     1541
        3     1409     1410     1542
        3     1541     1409     1542
        3     1410     1411     1543
        3     1542     1410     1543
        3     1411     1412     1544
        3     1543     1411     1544
        3     1412     1413     1545
        3     1544     1412     1545
        3     1413     1414     1546
        3     1545     1413     1546
        3     1414     1415     1547
        3     1546     1414     1547
        3     1415     1416     1548
        3     1547     1415     1548
        3     1416     1417     1549
        3     1548     1416     1549
        3     1417     1418     1550
        3     1549     1417     1550
        3     1418     1419     1551
        3     1550     1418     1551
        3     1419     1420     1552
        3     1551     1419     1552
        3     1420     1421     1553
        3     1552     1420     1553
        3     1421     1422     1554
        3     1553     1421     1554
        3     1422     1423     1555
        3     1554     1422     1555
        3     1423     1424     1556
        3     1555     1423     1556
        3     1424     1425     1556
        3     1425     1426     1556
        3     1426     1427     1557
        3     1556     1426     1557
        3     1427     1428     1558
        3     1557     1427     1558
        3     1428     1429     1559
        3     1558     1428     1559
        3     1429     1430     1560
        3     1559     1429     1560
        3     1430     1431     1561
        3     1560     1430     1561
        3     1431     1432     1561
        3     1432     1433     1561
        3     1433     1434     1562
        3     1561     1433     1562
        3     1434     1435     1563
        3     1562     1434     1563
        3     1435     1436     1564
        3     1563     1435     1564
        3     1436     1437     1565
        3     1564     1436     1565
        3     1437     1438     1566
        3     1565     1437     1566
        3     1438     1439     1567
        3     1566     1438     1567
        3     1439     1440     1568
        3     1567     1439     1568
        3     1440     1441     1569
        3     1568     1440     1569
        3     1441     1442     1570
        3     1569     1441     1570
        3     1442     1443     1571
        3     1570     1442     1571
        3     1443     1444     1572
        3     1571     1443     1572
        3     1444     1445     1573
        3     1572     1444     1573
        3     1445     1446     1574
        3     1573     1445     1574
        3     1446     1447     1575
        3     1574     1446     1575
        3     1447     1448     1576
        3     1575     1447     1576
        3     1448     1449     1577
        3     1576     1448     1577
        3     1449     1450     1578
        3     1577     1449     1578
        3     1450     1451     1579
        3     1578     1450     1579
        3     1451     1452     1580
        3     1579     1451     1580
        3     1452     1453     1581
        3     1580     1452     1581
        3     1453     1454     1582
        3     1581     1453     1582
        3     1454     1455     1583
        3     1582     1454     1583
        3     1455     1456     1584
        3     1583     1455     1584
        3     1456     1457     1585
        3     1584     1456     1585
        3     1457     1458     1586
        3     1585     1457     1586
        3     1458     1459     1587
        3     1586     1458     1587
        3     1459     1460     1588
        3     1587     1459     1588
        3     1460     1461     1589
        3     1588     1460     1589
        3     1461     1462     1590
        3     1589     1461     1590
        3     1462     1463     1591
        3     1590     1462     1591
        3     1463     1464     1592
        3     1591     1463     1592
        3     1464     1465     1593
        3     1592     1464     1593
        3     1465     1466     1594
        3     1593     1465     1594
        3     1466     1467     1595
        3     1594     1466     1595
        3     1467     1468     1596
        3     1595     1467     1596
        3     1468     1469     1597
        3     1596     1468     1597
        3     1469     1470     1598
        3     1597     1469     1598
        3     1470     1471     1599
        3     1598     1470     1599
        3     1471     1472     1600
        3     1599     1471     1600
        3     1472     1473     1601
        3     1600     1472     1601
        3     1473     1474     1602
        3     1601     1473     1602
        3     1474     1475     1603
        3     1602     1474     1603
        3     1475     1476     1604
        3     1603     1475     1604
        3     1476     1477     1605
        3     1604     1476     1605
        3     1477     1478     1606
        3     1605     1477     1606
        3     1478     1479     1607
        3     1606     1478     1607
        3     1479     1480     1608
        3     1607     1479     1608
        3     1480     1481     1609
        3     1608     1480     1609
        3     1481     1482     1610
        3     1609     1481     1610
        3     1482     1483     1611
        3     1610     1482     1611
        3     1483     1484     1612
        3     1611     1483     1612
        3     1484     1485     1613
        3     1612     1484     1613
        3     1485     1486     1614
        3     1613     1485     1614
        3     1486     1487     1615
        3     1614     1486     1615
        3     1487     1488     1616
        3     1615     1487     1616
        3     1488     1489     1617
        3     1616     1488     1617
        3     1489     1490     1618
        3     1617     1489     1618
        3     1490     1491     1618
        3     1491     1492     1618
        3     1492     1493     1619
        3     1618     1492     1619
        3     1493     1494     1620
        3     1619     1493     1620
        3     1494     1495     1621
        3     1620     1494     1621
        3     1495     1496     1622
        3     1621     1495     1622
        3     1496     1497     1623
        3     1622     1496     1623
        3     1497     1498     1499
        3     1623     1497     1499
        3     1499     1500     1624
        3     1623     1499     1624
        3     1500     1501     1625
        3     1624     1500     1625
        3     1501     1502     1626
        3     1625     1501     1626
        3     1502     1503     1627
        3     1626     1502     1627
        3     1503     1504     1628
        3     1627     1503     1628
        3     1504     1505     1629
        3     1628     1504     1629
        3     1505     1506     1630
        3     1629     1505     1630
        3     1506     1507     1631
        3     1630     1506     1631
        3     1507     1508     1632
        3     1631     1507     1632
        3     1508     1509     1633
        3     1632     1508     1633
        3     1509     1510     1634
        3     1633     1509     1634
        3     1510     1511     1635
        3     1634     1510     1635
        3     1511     1512     1636
        3     1635     1511     1636
        3     1512     1513     1637
        3     1636     1512     1637
        3     1513     1514     1638
        3     1637     1513     1638
        3     1514     1515     1639
        3     1638     1514     1639
        3     1515     1516     1640
        3     1639     1515     1640
        3     1516     1517     1641
        3     1640     1516     1641
        3     1517     1518     1642
        3     1641     1517     1642
        3     1518     1519     1643
        3     1642     1518     1643
        3     1519     1520     1644
        3     1643     1519     1644
        3     1520     1521     1645
        3     1644     1520     1645
        3     1521     1522     1646
        3     1645     1521     1646
        3     1522     1523     1647
        3     1646     1522     1647
        3     1523     1524     1648
        3     1647     1523     1648
        3     1524     1525     1649
        3     1648     1524     1649
        3     1525     1526     1650
        3     1649     1525     1650
        3     1526     1527     1651
        3     1650     1526     1651
        3     1527     1528     1652
        3     1651     1527     1652
        3     1528     1529     1653
        3     1652     1528     1653
        3     1529     1530     1654
        3     1653     1529     1654
        3     1530     1531     1655
        3     1654     1530     1655
        3     1531     1532     1656
        3     1655     1531     1656
        3     1532     1533     1657
        3     1656     1532     1657
        3     1533     1534     1658
        3     1657     1533     1658
        3     1534     1535     1659
        3     1658     1534     1659
        3     1535     1536     1660
        3     1659     1535     1660
        3     1536     1537     1661
        3     1660     1536     1661
        3     1537     1538     1662
        3     1661     1537     1662
        3     1538     1539     1663
        3     1662     1538     1663
        3     1539     1540     1664
        3     1663     1539     1664
        3     1540     1541     1665
        3     1664     1540     1665
        3     1541     1542     1666
        3     1665     1541     1666
        3     1542     1543     1667
        3     1666     1542     1667
        3     1543     1544     1668
        3     1667     1543     1668
        3     1544     1545     1669
        3     1668     1544     1669
        3     1545     1546     1670
        3     1669     1545     1670
        3     1546     1547     1671
        3     1670     1546     1671
        3     1547     1548     1672
        3     1671     1547     1672
        3     1548     1549     1673
        3     1672     1548     1673
        3     1549     1550     1674
        3     1673     1549     1674
        3     1550     1551     1675
        3     1674     1550     1675
        3     1551     1552     1676
        3     1675     1551     1676
        3     1552     1553     1677
        3     1676     1552     1677
        3     1553     1554     1678
        3     1677     1553     1678
        3     1554     1555     1679
        3     1678     1554     1679
        3     1555     1556     1680
        3     1679     1555     1680
        3     1556     1557     1680
        3     1557     1558     1681
        3     1680     1557     1681
        3     1558     1559     1682
        3     1681     1558     1682
        3     1559     1560     1683
        3     1682     1559     1683
        3     1560     1561     1684
        3     1683     1560     1684
        3     1561     1562     1684
        3     1562     1563     1685
        3     1684     1562     1685
        3     1563     1564     1686
        3     1685     1563     1686
        3     1564     1565     1687
        3     1686     1564     1687
        3     1565     1566     1688
        3     1687     1565     1688
        3     1566     1567     1689
        3     1688     1566     1689
        3     1567     1568     1690
        3     1689     1567     1690
        3     1568     1569     1691
        3     1690     1568     1691
        3     1569     1570     1692
        3     1691     1569     1692
        3     1570     1571     1693
        3     1692     1570     1693
        3     1571     1572     1694
        3     1693     1571     1694
        3     1572     1573     1695
        3     1694     1572     1695
        3     1573     1574     1696
        3     1695     1573     1696
        3     1574     1575     1697
        3     1696     1574     1697
        3     1575     1576     1698
        3     1697     1575     1698
        3     1576     1577     1699
        3     1698     1576     1699
        3     1577     1578     1700
        3     1699     1577     1700
        3     1578     1579     1701
        3     1700     1578     1701
        3     1579     1580     1702
        3     1701     1579     1702
        3     1580     1581     1703
        3     1702     1580     1703
        3     1581     1582     1704
        3     1703     1581     1704
        3     1582     1583     1705
        3     1704     1582     1705
        3     1583     1584     1706
        3     1705     1583     1706
        3     1584     1585     1707
        3     1706     1584     1707
        3     1585     1586     1708
        3     1707     1585     1708
        3     1586     1587     1709
        3     1708     1586     1709
        3     1587     1588     1710
        3     1709     1587     1710
        3     1588     1589     1711
        3     1710     1588     1711
        3     1589     1590     1712
        3     1711     1589     1712
        3     1590     1591     1713
        3     1712     1590     1713
        3     1591     1592     1714
        3     1713     1591     1714
        3     1592     1593     1715
        3     1714     1592     1715
        3     1593     1594     1716
        3     1715     1593     1716
        3     1594     1595     1717
        3     1716     1594     1717
        3     1595     1596     1718
        3     1717     1595     1718
        3     1596     1597     1719
        3     1718     1596     1719
        3     1597     1598     1720
        3     1719     1597     1720
        3     1598     1599     1721
        3     1720     1598     1721
        3     1599     1600     1722
        3     1721     1599     1722
        3     1600     1601     1723
        3     1722     1600     1723
        3     1601     1602     1724
        3     1723     1601     1724
        3     1602     1603     1725
        3     1724     1602     1725
        3     1603     1604     1726
        3     1725     1603     1726
        3     1604     1605     1727
        3     1726     1604     1727
        3     1605     1606     1728
        3     1727     1605     1728
        3     1606     1607     1729
        3     1728     1606     1729
        3     1607     1608     1730
        3     1729     1607     1730
        3     1608     1609     1731
        3     1730     1608     1731
        3     1609     1610     1732
        3     1731     1609     1732
        3     1610     1611     1733
        3     1732     1610     1733
        3     1611     1612     1734
        3     1733     1611     1734
        3     1612     1613     1735
        3     1734     1612     1735
        3     1613     1614     1736
        3     1735     1613     1736
        3     1614     1615     1737
        3     1736     1614     1737
        3     1615     1616     1738
        3     1737     1615     1738
        3     1616     1617     1739
        3     1738     1616     1739
        3     1617     1618     1740
        3     1739     1617     1740
        3     1618     1619     1740
        3     1619     1620     1741
        3     1740     1619     1741
        3     1620     1621     1742
        3     1741     1620     1742
        3     1621     1622     1743
        3     1742     1621     1743
        3     1622     1623     1744
        3     1743     1622     1744
        3     1623     1624     1744
        3     1624     1625     1744
        3     1625     1626     1745
        3     1626     1627     1746
        3     1745     1626     1746
        3     1627     1628     1747
        3     1746     1627     1747
        3     1628     1629     1748
        3     1747     1628     1748
        3     1629     1630     1749
        3     1748     1629     1749
        3     1630     1631     1750
        3     1749     1630     1750
        3     1631     1632     1751
        3     1750     1631     1751
        3     1632     1633     1752
        3     1751     1632     1752
        3     1633     1634     1753
        3     1752     1633     1753
        3     1634     1635     1754
        3     1753     1634     1754
        3     1635     1636     1755
        3     1754     1635     1755
        3     1636     1637     1756
        3     1755     1636     1756
        3     1637     1638     1757
        3     1756     1637     1757
        3     1638     1639     1758
        3     1757     1638     1758
        3     1639     1640     1759
        3     1758     1639     1759
        3     1640     1641     1760
        3     1759     1640     1760
        3     1641     1642     1761
        3     1760     1641     1761
        3     1642     1643     1762
        3     1761     1642     1762
        3     1643     1644     1763
        3     1762     1643     1763
        3     1644     1645     1764
        3     1763     1644     1764
        3     1645     1646     1765
        3     1764     1645     1765
        3     1646     1647     1766
        3     1765     1646     1766
        3     1647     1648     1767
        3     1766     1647     1767
        3     1648     1649     1768
        3     1767     1648     1768
        3     1649     1650     1769
        3     1768     1649     1769
        3     1650     1651     1770
        3     1769     1650     1770
        3     1651     1652     1771
        3     1770     1651     1771
        3     1652     1653     1772
        3     1771     1652     1772
        3     1653     1654     1773
        3     1772     1653     1773
        3     1654     1655     1774
        3     1773     1654     1774
        3     1655     1656     1775
        3     1774     1655     1775
        3     1656     1657     1776
        3     1775     1656     1776
        3     1657     1658     1777
        3     1776     1657     1777
        3     1658     1659     1778
        3     1777     1658     1778
        3     1659     1660     1779
        3     1778     1659     1779
        3     1660     1661     1780
        3     1779     1660     1780
        3     1661     1662     1781
        3     1780     1661     1781
        3     1662     1663     1782
        3     1781     1662     1782
        3     1663     1664     1783
        3     1782     1663     1783
        3     1664     1665     1784
        3     1783     1664     1784
        3     1665     1666     1785
        3     1784     1665     1785
        3     1666     1667     1786
        3     1785     1666     1786
        3     1667     1668     1787
        3     1786     1667     1787
        3     1668     1669     1788
        3     1787     1668     1788
        3     1669     1670     1789
        3     1788     1669     1789
        3     1670     1671     1790
        3     1789     1670     1790
        3     1671     1672     1791
        3     1790     1671     1791
        3     1672     1673     1792
        3     1791     1672     1792
        3     1673     1674     1793
        3     1792     1673     1793
        3     1674     1675     1794
        3     1793     1674     1794
        3     1675     1676     1795
        3     1794     1675     1795
        3     1676     1677     1796
        3     1795     1676     1796
        3     1677     1678     1797
        3     1796     1677     1797
        3     1678     1679     1798
        3     1797     1678     1798
        3     1679     1680     1681
        3     1681     1682     1799
        3     1682     1683     1800
        3     1799     1682     1800
        3     1683     1684     1685
        3     1800     1683     1685
        3     1685     1686     1801
        3     1800     1685     1801
        3     1686     1687     1802
        3     1801     1686     1802
        3     1687     1688     1803
        3     1802     1687     1803
        3     1688     1689     1804
        3     1803     1688     1804
        3     1689     1690     1805
        3     1804     1689     1805
        3     1690     1691     1806
        3     1805     1690     1806
        3     1691     1692     1807
        3     1806     1691     1807
        3     1692     1693     1808
        3     1807     1692     1808
        3     1693     1694     1809
        3     1808     1693     1809
        3     1694     1695     1810
        3     1809     1694     1810
        3     1695     1696     1811
        3     1810     1695     1811
        3     1696     1697     1812
        3     1811     1696     1812
        3     1697     1698     1813
        3     1812     1697     1813
        3     1698     1699     1814
        3     1813     1698     1814
        3     1699     1700     1815
        3     1814     1699     1815
        3     1700     1701     1816
        3     1815     1700     1816
        3     1701     1702     1817
        3     1816     1701     1817
        3     1702     1703     1818
        3     1817     1702     1818
        3     1703     1704     1819
        3     1818     1703     1819
        3     1704     1705     1820
        3     1819     1704     1820
        3     1705     1706     1821
        3     1820     1705     1821
        3     1706     1707     1822
        3     1821     1706     1822
        3     1707     1708     1823
        3     1822     1707     1823
        3     1708     1709     1824
        3     1823     1708     1824
        3     1709     1710     1825
        3     1824     1709     1825
        3     1710     1711     1826
        3     1825     1710     1826
        3     1711     1712     1827
        3     1826     1711     1827
        3     1712     1713     1828
        3     1827     1712     1828
        3     1713     1714     1829
        3     1828     1713     1829
        3     1714     1715     1830
        3     1829     1714     1830
        3     1715     1716     1831
        3     1830     1715     1831
        3     1716     1717     1832
        3     1831     1716     1832
        3     1717     1718     1833
        3     1832     1717     1833
        3     1718     1719     1834
        3     1833     1718     1834
        3     1719     1720     1835
        3     1834     1719     1835
        3     1720     1721     1836
        3     1835     1720     1836
        3     1721     1722     1837
        3     1836     1721     1837
        3     1722     1723     1838
        3     1837     1722     1838
        3     1723     1724     1839
        3     1838     1723     1839
        3     1724     1725     1840
        3     1839     1724     1840
        3     1725     1726     1841
        3     1840     1725     1841
        3     1726     1727     1842
        3     1841     1726     1842
        3     1727     1728     1843
        3     1842     1727     1843
        3     1728     1729     1844
        3     1843     1728     1844
        3     1729     1730     1845
        3     1844     1729     1845
        3     1730     1731     1846
        3     1845     1730     1846
        3     1731     1732     1847
        3     1846     1731     1847
        3     1732     1733     1848
        3     1847     1732     1848
        3     1733     1734     1849
        3     1848     1733     1849
        3     1734     1735     1850
        3     1849     1734     1850
        3     1735     1736     1851
        3     1850     1735     1851
        3     1736     1737     1852
        3     1851     1736     1852
        3     1737     1738     1853
        3     1852     1737     1853
        3     1738     1739     1854
        3     1853     1738     1854
        3     1739     1740     1741
        3     1741     1742     1855
        3     1742     1743     1856
        3     1855     1742     1856
        3     1743     1744     1857
        3     1856     1743     1857
        3     1745     1746     1858
        3     1857     1745     1858
        3     1746     1747     1859
        3     1858     1746     1859
        3     1747     1748     1860
        3     1859     1747     1860
        3     1748     1749     1861
        3     1860     1748     1861
        3     1749     1750     1862
        3     1861     1749     1862
        3     1750     1751     1863
        3     1862     1750     1863
        3     1751     1752     1864
        3     1863     1751     1864
        3     1752     1753     1865
        3     1864     1752     1865
        3     1753     1754     1866
        3     1865     1753     1866
        3     1754     1755     1867
        3     1866     1754     1867
        3     1755     1756     1868
        3     1867     1755     1868
        3     1756     1757     1869
        3     1868     1756     1869
        3     1757     1758     1870
        3     1869     1757     1870
        3     1758     1759     1871
        3     1870     1758     1871
        3     1759     1760     1872
        3     1871     1759     1872
        3     1760     1761     1873
        3     1872     1760     1873
        3     1761     1762     1874
        3     1873     1761     1874
        3     1762     1763     1875
        3     1874     1762     1875
        3     1763     1764     1876
        3     1875     1763     1876
        3     1764     1765     1877
        3     1876     1764     1877
        3     1765     1766     1878
        3     1877     1765     1878
        3     1766     1767     1879
        3     1878     1766     1879
        3     1767     1768     1880
        3     1879     1767     1880
        3     1768     1769     1881
        3     1880     1768     1881
        3     1769     1770     1882
        3     1881     1769     1882
        3     1770     1771     1883
        3     1882     1770     1883
        3     1771     1772     1884
        3     1883     1771     1884
        3     1772     1773     1885
        3     1884     1772     1885
        3     1773     1774     1886
        3     1885     1773     1886
        3     1774     1775     1887
        3     1886     1774     1887
        3     1775     1776     1888
        3     1887     1775     1888
        3     1776     1777     1889
        3     1888     1776     1889
        3     1777     1778     1890
        3     1889     1777     1890
        3     1778     1779     1891
        3     1890     1778     1891
        3     1779     1780     1892
        3     1891     1779     1892
        3     1780     1781     1893
        3     1892     1780     1893
        3     1781     1782     1894
        3     1893     1781     1894
        3     1782     1783     1895
        3     1894     1782     1895
        3     1783     1784     1896
        3     1895     1783     1896
        3     1784     1785     1897
        3     1896     1784     1897
        3     1785     1786     1898
        3     1897     1785     1898
        3     1786     1787     1899
        3     1898     1786     1899
        3     1787     1788     1900
        3     1899     1787     1900
        3     1788     1789     1901
        3     1900     1788     1901
        3     1789     1790     1902
        3     1901     1789     1902
        3     1790     1791     1903
        3     1902     1790     1903
        3     1791     1792     1904
        3     1903     1791     1904
        3     1792     1793     1905
        3     1904     1792     1905
        3     1793     1794     1906
        3     1905     1793     1906
        3     1794     1795     1907
        3     1906     1794     1907
        3     1795     1796     1908
        3     1907     1795     1908
        3     1796     1797     1909
        3     1908     1796     1909
        3     1797     1798     1910
        3     1909     1797     1910
        3     1798     1799     1910
        3     1799     1800     1910
        3     1800     1801     1910
        3     1801     1802     1910
        3     1802     1803     1909
        3     1910     1802     1909
        3     1803     1804     1908
        3     1909     1803     1908
        3     1804     1805     1907
        3     1908     1804     1907
        3     1805     1806     1906
        3     1907     1805     1906
        3     1806     1807     1905
        3     1906     1806     1905
        3     1807     1808     1904
        3     1905     1807     1904
        3     1808     1809     1903
        3     1904     1808     1903
        3     1809     1810     1902
        3     1903     1809     1902
        3     1810     1811     1901
        3     1902     1810     1901
        3     1811     1812     1900
        3     1901     1811     1900
        3     1812     1813     1899
        3     1900     1812     1899
        3     1813     1814     1898
        3     1899     1813     1898
        3     1814     1815     1897
        3     1898     1814     1897
        3     1815     1816     1896
        3     1897     1815     1896
        3     1816     1817     1895
        3     1896     1816     1895
        3     1817     1818     1894
        3     1895     1817     1894
        3     1818     1819     1893
        3     1894     1818     1893
        3     1819     1820     1892
        3     1893     1819     1892
        3     1820     1821     1891
        3     1892     1820     1891
        3     1821     1822     1890
        3     1891     1821     1890
        3     1822     1823     1889
        3     1890     1822     1889
        3     1823     1824     1888
        3     1889     1823     1888
        3     1824     1825     1887
        3     1888     1824     1887
        3     1825     1826     1886
        3     1887     1825     1886
        3     1826     1827     1885
        3     1886     1826     1885
        3     1827     1828     1884
        3     1885     1827     1884
        3     1828     1829     1883
        3     1884     1828     1883
        3     1829     1830     1882
        3     1883     1829     1882
        3     1830     1831     1881
        3     1882     1830     1881
        3     1831     1832     1880
        3     1881     1831     1880
        3     1832     1833     1879
        3     1880     1832     1879
        3     1833     1834     1878
        3     1879     1833     1878
        3     1834     1835     1877
        3     1878     1834     1877
        3     1835     1836     1876
        3     1877     1835     1876
        3     1836     1837     1875
        3     1876     1836     1875
        3     1837     1838     1874
        3     1875     1837     1874
        3     1838     1839     1873
        3     1874     1838     1873
        3     1839     1840     1872
        3     1873     1839     1872
        3     1840     1841     1871
        3     1872     1840     1871
        3     1841     1842     1870
        3     1871     1841     1870
        3     1842     1843     1869
        3     1870     1842     1869
        3     1843     1844     1868
        3     1869     1843     1868
        3     1844     1845     1867
        3     1868     1844     1867
        3     1845     1846     1866
        3     1867     1845     1866
        3     1846     1847     1865
        3     1866     1846     1865
        3     1847     1848     1911
        3     1865     1847     1911
        3     1848     1849     1912
        3     1911     1848     1912
        3     1849     1850     1913
        3     1912     1849     1913
        3     1850     1851     1914
        3     1913     1850     1914
        3     1851     1852     1915
        3     1914     1851     1915
        3     1852     1853     1916
        3     1915     1852     1916
        3     1853     1854     1917
        3     1916     1853     1917
        3     1854     1855     1917
        3     1855     1856     1917
        3     1856     1857     1858
        3     1917     1856     1858
        3     1858     1859     1917
        3     1859     1860     1916
        3     1917     1859     1916
        3     1860     1861     1915
        3     1916     1860     1915
        3     1861     1862     1914
        3     1915     1861     1914
        3     1862     1863     1913
        3     1914     1862     1913
        3     1863     1864     1912
        3     1913     1863     1912
        3     1864     1865     1911
        3     1912     1864     1911
        3     1744     1625     1857
        3     1625     1745     1857
        3     1798     1679     1799
        3     1679     1681     1799
        3     1854     1739     1855
        3     1739     1741     1855
        3     1424     1032     1425
        3     1032     1356     1425
        3     1490     1093     1491
        3     1093     1357     1491
        3     1365      973     1498
        3      973     1366     1498
        3     1032     1031     1034
        3     1033     1032     1034
        3     1031     1030     1035
        3     1034     1031     1035
        3     1030     1029     1036
        3     1035     1030     1036
        3     1029     1028     1037
        3     1036     1029     1037
        3     1028     1027     1038
        3     1037     1028     1038
        3     1027     1026     1039
        3     1038     1027     1039
        3     1026     1025     1040
        3     1039     1026     1040
        3     1025     1024     1041
        3     1040     1025     1041
        3     1024     1023     1042
        3     1041     1024     1042
        3     1023     1022     1043
        3     1042     1023     1043
        3     1022     1021     1044
        3     1043     1022     1044
        3     1021     1020     1045
        3     1044     1021     1045
        3     1020     1019     1046
        3     1045     1020     1046
        3     1019     1018     1047
        3     1046     1019     1047
        3     1018     1017     1048
        3     1047     1018     1048
        3     1017     1016     1049
        3     1048     1017     1049
        3     1016     1015     1050
        3     1049     1016     1050
        3     1015     1014     1051
        3     1050     1015     1051
        3     1014     1013     1052
        3     1051     1014     1052
        3     1013     1012     1053
        3     1052     1013     1053
        3     1012     1011     1054
        3     1053     1012     1054
        3     1011     1010     1055
        3     1054     1011     1055
        3     1010     1009     1056
        3     1055     1010     1056
        3     1009     1008     1057
        3     1056     1009     1057
        3     1008     1007     1058
        3     1057     1008     1058
        3     1007     1006     1059
        3     1058     1007     1059
        3     1006     1005     1060
        3     1059     1006     1060
        3     1005     1004     1061
        3     1060     1005     1061
        3     1004     1003     1062
        3     1061     1004     1062
        3     1003     1002     1063
        3     1062     1003     1063
        3     1002     1001     1064
        3     1063     1002     1064
        3     1001     1000     1065
        3     1064     1001     1065
        3     1000      999     1066
        3     1065     1000     1066
        3      999      998     1067
        3     1066      999     1067
        3      998      997     1068
        3     1067      998     1068
        3      997      996     1069
        3     1068      997     1069
        3      996      995     1070
        3     1069      996     1070
        3      995      994     1071
        3     1070      995     1071
        3      994      993     1072
        3     1071      994     1072
        3      993      992     1073
        3     1072      993     1073
        3      992      991     1074
        3     1073      992     1074
        3      991      990     1075
        3     1074      991     1075
        3      990      989     1076
        3     1075      990     1076
        3      989      988     1077
        3     1076      989     1077
        3      988      987     1078
        3     1077      988     1078
        3      987      986     1079
        3     1078      987     1079
        3      986      985     1080
        3     1079      986     1080
        3      985      984     1081
        3     1080      985     1081
        3      984      983     1082
        3     1081      984     1082
        3      983      982     1083
        3     1082      983     1083
        3      982      981     1084
        3     1083      982     1084
        3      981      980     1085
        3     1084      981     1085
        3      980      979     1086
        3     1085      980     1086
        3      979      978     1087
        3     1086      979     1087
        3      978      977     1088
        3     1087      978     1088
        3      977      976     1089
        3     1088      977     1089
        3      976      975     1090
        3     1089      976     1090
        3      975      974     1091
        3     1090      975     1091
        3      974      973     1092
        3     1091      974     1092
        3      973      971      968
        3     1092      973      968
        3      970      969     1033
        3      969     1032     1033
        3      966     1211     1092
        3      968      966     1092
        3     1211     1210     1091
        3     1092     1211     1091
        3     1210     1209     1090
        3     1091     1210     1090
        3     1209     1208     1089
        3     1090     1209     1089
        3     1208     1207     1088
        3     1089     1208     1088
        3     1207     1206     1087
        3     1088     1207     1087
        3     1206     1205     1086
        3     1087     1206     1086
        3     1205     1204     1085
        3     1086     1205     1085
        3     1204     1203     1084
        3     1085     1204     1084
        3     1203     1202     1083
        3     1084     1203     1083
        3     1202     1201     1082
        3     1083     1202     1082
        3     1201     1200     1081
        3     1082     1201     1081
        3     1200     1199     1080
        3     1081     1200     1080
        3     1199     1198     1079
        3     1080     1199     1079
        3     1198     1197     1078
        3     1079     1198     1078
        3     1197     1196     1077
        3     1078     1197     1077
        3     1196     1195     1076
        3     1077     1196     1076
        3     1195     1194     1075
        3     1076     1195     1075
        3     1194     1193     1074
        3     1075     1194     1074
        3     1193     1192     1073
        3     1074     1193     1073
        3     1192     1191     1072
        3     1073     1192     1072
        3     1191     1190     1071
        3     1072     1191     1071
        3     1190     1189     1070
        3     1071     1190     1070
        3     1189     1188     1069
        3     1070     1189     1069
        3     1188     1187     1068
        3     1069     1188     1068
        3     1187     1186     1067
        3     1068     1187     1067
        3     1186     1185     1066
        3     1067     1186     1066
        3     1185     1184     1065
        3     1066     1185     1065
        3     1184     1183     1064
        3     1065     1184     1064
        3     1183     1182     1063
        3     1064     1183     1063
        3     1182     1181     1062
        3     1063     1182     1062
        3     1181     1180     1061
        3     1062     1181     1061
        3     1180     1179     1060
        3     1061     1180     1060
        3     1179     1178     1059
        3     1060     1179     1059
        3     1178     1177     1058
        3     1059     1178     1058
        3     1177     1176     1057
        3     1058     1177     1057
        3     1176     1175     1056
        3     1057     1176     1056
        3     1175     1174     1055
        3     1056     1175     1055
        3     1174     1173     1054
        3     1055     1174     1054
        3     1173     1172     1053
        3     1054     1173     1053
        3     1172     1171     1052
        3     1053     1172     1052
        3     1171     1170     1051
        3     1052     1171     1051
        3     1170     1169     1050
        3     1051     1170     1050
        3     1169     1168     1049
        3     1050     1169     1049
        3     1168     1167     1048
        3     1049     1168     1048
        3     1167     1166     1047
        3     1048     1167     1047
        3     1166     1165     1046
        3     1047     1166     1046
        3     1165     1164     1045
        3     1046     1165     1045
        3     1164     1163     1044
        3     1045     1164     1044
        3     1163     1162     1043
        3     1044     1163     1043
        3     1162     1161     1042
        3     1043     1162     1042
        3     1161     1160     1041
        3     1042     1161     1041
        3     1160     1159     1040
        3     1041     1160     1040
        3     1159     1158     1039
        3     1040     1159     1039
        3     1158     1157     1038
        3     1039     1158     1038
        3     1157     1156     1037
        3     1038     1157     1037
        3     1156     1155     1036
        3     1037     1156     1036
        3     1155     1154     1035
        3     1036     1155     1035
        3     1154     1153     1034
        3     1035     1154     1034
        3     1153      965     1033
        3     1034     1153     1033
        3      965      970     1033
        3      964      963     1271
        3     1272      964     1271
        3     1271     1270     1272
        3     1270     1269     1273
        3     1272     1270     1273
        3     1269     1268     1274
        3     1273     1269     1274
        3     1268     1267     1275
        3     1274     1268     1275
        3     1267     1266     1276
        3     1275     1267     1276
        3     1266     1265     1277
        3     1276     1266     1277
        3     1265     1264     1278
        3     1277     1265     1278
        3     1264     1263     1279
        3     1278     1264     1279
        3     1263     1262     1280
        3     1279     1263     1280
        3     1262     1261     1281
        3     1280     1262     1281
        3     1261     1260     1282
        3     1281     1261     1282
        3     1260     1259     1283
        3     1282     1260     1283
        3     1259     1258     1284
        3     1283     1259     1284
        3     1258     1257     1285
        3     1284     1258     1285
        3     1257     1256     1286
        3     1285     1257     1286
        3     1256     1255     1287
        3     1286     1256     1287
        3     1255     1254     1288
        3     1287     1255     1288
        3     1254     1253     1289
        3     1288     1254     1289
        3     1253     1252     1290
        3     1289     1253     1290
        3     1252     1251     1291
        3     1290     1252     1291
        3     1251     1250     1292
        3     1291     1251     1292
        3     1250     1249     1293
        3     1292     1250     1293
        3     1249     1248     1294
        3     1293     1249     1294
        3     1248     1247     1295
        3     1294     1248     1295
        3     1247     1246     1296
        3     1295     1247     1296
        3     1246     1245     1297
        3     1296     1246     1297
        3     1245     1244     1298
        3     1297     1245     1298
        3     1244     1243     1299
        3     1298     1244     1299
        3     1243     1242     1300
        3     1299     1243     1300
        3     1242     1241     1301
        3     1300     1242     1301
        3     1241     1240     1302
        3     1301     1241     1302
        3     1240     1239     1303
        3     1302     1240     1303
        3     1239     1238     1304
        3     1303     1239     1304
        3     1238     1237     1305
        3     1304     1238     1305
        3     1237     1236     1306
        3     1305     1237     1306
        3     1236     1235     1307
        3     1306     1236     1307
        3     1235     1234     1308
        3     1307     1235     1308
        3     1234     1233     1309
        3     1308     1234     1309
        3     1233     1232     1310
        3     1309     1233     1310
        3     1232     1231     1311
        3     1310     1232     1311
        3     1231     1230     1312
        3     1311     1231     1312
        3     1230     1229     1313
        3     1312     1230     1313
        3     1229     1228     1314
        3     1313     1229     1314
        3     1228     1227     1315
        3     1314     1228     1315
        3     1227     1226     1316
        3     1315     1227     1316
        3     1226     1225     1317
        3     1316     1226     1317
        3     1225     1224     1318
        3     1317     1225     1318
        3     1224     1223     1319
        3     1318     1224     1319
        3     1223     1222     1320
        3     1319     1223     1320
        3     1222     1221     1321
        3     1320     1222     1321
        3     1221     1220     1322
        3     1321     1221     1322
        3     1220     1219     1323
        3     1322     1220     1323
        3     1219     1218     1324
        3     1323     1219     1324
        3     1218     1217     1325
        3     1324     1218     1325
        3     1217     1216     1326
        3     1325     1217     1326
        3     1216     1215     1327
        3     1326     1216     1327
        3     1215     1214     1328
        3     1327     1215     1328
        3     1214     1213     1329
        3     1328     1214     1329
        3     1213     1212     1330
        3     1329     1213     1330
        3     1212      962      961
        3     1330     1212      961
        3      970      965      969
        3      965     1339      969
        3     1339     1338     1356
        3      969     1339     1356
        3     1338     1337     1355
        3     1356     1338     1355
        3     1337     1336     1354
        3     1355     1337     1354
        3     1336     1335     1353
        3     1354     1336     1353
        3     1335     1334     1352
        3     1353     1335     1352
        3     1334     1333     1351
        3     1352     1334     1351
        3     1333     1332     1350
        3     1351     1333     1350
        3     1332     1331     1349
        3     1350     1332     1349
        3     1331      961      967
        3     1349     1331      967
        3      961      962      967
        3     1212     1213     1152
        3     1213     1214     1151
        3     1152     1213     1151
        3     1214     1215     1150
        3     1151     1214     1150
        3     1215     1216     1149
        3     1150     1215     1149
        3     1216     1217     1148
        3     1149     1216     1148
        3     1217     1218     1147
        3     1148     1217     1147
        3     1218     1219     1146
        3     1147     1218     1146
        3     1219     1220     1145
        3     1146     1219     1145
        3     1220     1221     1144
        3     1145     1220     1144
        3     1221     1222     1143
        3     1144     1221     1143
        3     1222     1223     1142
        3     1143     1222     1142
        3     1223     1224     1141
        3     1142     1223     1141
        3     1224     1225     1140
        3     1141     1224     1140
        3     1225     1226     1139
        3     1140     1225     1139
        3     1226     1227     1138
        3     1139     1226     1138
        3     1227     1228     1137
        3     1138     1227     1137
        3     1228     1229     1136
        3     1137     1228     1136
        3     1229     1230     1135
        3     1136     1229     1135
        3     1230     1231     1134
        3     1135     1230     1134
        3     1231     1232     1133
        3     1134     1231     1133
        3     1232     1233     1132
        3     1133     1232     1132
        3     1233     1234     1131
        3     1132     1233     1131
        3     1234     1235     1130
        3     1131     1234     1130
        3     1235     1236     1129
        3     1130     1235     1129
        3     1236     1237     1128
        3     1129     1236     1128
        3     1237     1238     1127
        3     1128     1237     1127
        3     1238     1239     1126
        3     1127     1238     1126
        3     1239     1240     1125
        3     1126     1239     1125
        3     1240     1241     1124
        3     1125     1240     1124
        3     1241     1242     1123
        3     1124     1241     1123
        3     1242     1243     1122
        3     1123     1242     1122
        3     1243     1244     1121
        3     1122     1243     1121
        3     1244     1245     1120
        3     1121     1244     1120
        3     1245     1246     1119
        3     1120     1245     1119
        3     1246     1247     1118
        3     1119     1246     1118
        3     1247     1248     1117
        3     1118     1247     1117
        3     1248     1249     1116
        3     1117     1248     1116
        3     1249     1250     1115
        3     1116     1249     1115
        3     1250     1251     1114
        3     1115     1250     1114
        3     1251     1252     1113
        3     1114     1251     1113
        3     1252     1253     1112
        3     1113     1252     1112
        3     1253     1254     1111
        3     1112     1253     1111
        3     1254     1255     1110
        3     1111     1254     1110
        3     1255     1256     1109
        3     1110     1255     1109
        3     1256     1257     1108
        3     1109     1256     1108
        3     1257     1258     1107
        3     1108     1257     1107
        3     1258     1259     1106
        3     1107     1258     1106
        3     1259     1260     1105
        3     1106     1259     1105
        3     1260     1261     1104
        3     1105     1260     1104
        3     1261     1262     1103
        3     1104     1261     1103
        3     1262     1263     1102
        3     1103     1262     1102
        3     1263     1264     1101
        3     1102     1263     1101
        3     1264     1265     1100
        3     1101     1264     1100
        3     1265     1266     1099
        3     1100     1265     1099
        3     1266     1267     1098
        3     1099     1266     1098
        3     1267     1268     1097
        3     1098     1267     1097
        3     1268     1269     1096
        3     1097     1268     1096
        3     1269     1270     1095
        3     1096     1269     1095
        3     1270     1271     1094
        3     1095     1270     1094
        3     1271      963     1093
        3     1094     1271     1093
        3      963      972     1093
        3     1152      967     1212
        3      967      962     1212
        3      966      968      959
        3      968      971      959
        3      971     1365      959
        3     1365     1364     1340
        3      959     1365     1340
        3     1364     1363     1341
        3     1340     1364     1341
        3     1363     1362     1342
        3     1341     1363     1342
        3     1362     1361     1343
        3     1342     1362     1343
        3     1361     1360     1345
        3     1343     1361     1344
        3     1361     1345     1344
        3     1360     1359     1346
        3     1345     1360     1346
        3     1359     1358     1347
        3     1346     1359     1347
        3     1358     1357     1348
        3     1347     1358     1348
        3     1357      972      960
        3     1348     1357      960
        3      972      963      960
        3      963      964      960
 
CELL_TYPES     3548
        5
        5
        5
        5
        5
        5
        5
        5
        5
        5
        5
        5
        5
        5
        5
        5
        5
        5
        5
        5
        5
        5
        5
        5
        5
        5
        5
        5
        5
        5
        5
        5
        5
        5
        5
        5
        5
        5
        5
        5
        5
        5
        5
        5
        5
        5
        5
        5
        5
        5
        5
        5
        5
        5
        5
        5
        5
        5
        5
        5
        5
        5
        5
        5
        5
        5
        5
        5
        5
        5
        5
        5
        5
        5
        5
        5
        5
        5
        5
        5
        5
        5
        5
        5
        5
        5
        5
        5
        5
        5
        5
        5
        5
        5
        5
        5
        5
        5
        5
        5
        5
        5
        5
        5
        5
        5
        5
        5
        5
        5
        5
        5
        5
        5
        5
        5
        5
        5
        5
        5
        5
        5
        5
        5
        5
        5
        5
        5
        5
        5
        5
        5
        5
        5
        5
        5
        5
        5
        5
        5
        5
        5
        5
        5
        5
        5
        5
        5
        5
        5
        5
        5
        5
        5
        5
        5
        5
        5
        5
        5
        5
        5
        5
        5
        5
        5
        5
        5
        5
        5
        5
        5
        5
        5
        5
        5
        5
        5
        5
        5
        5
        5
        5
        5
        5
        5
        5
        5
        5
        5
        5
        5
        5
        5
        5
        5
        5
        5
        5
        5
        5
        5
        5
        5
        5
        5
        5
        5
        5
        5
        5
        5
        5
        5
        5
        5
        5
        5
        5
        5
        5
        5
        5
        5
        5
        5
        5
        5
        5
        5
        5
        5
        5
        5
        5
        5
        5
        5
        5
        5
        5
        5
        5
        5
        5
        5
        5
        5
        5
        5
        5
        5
        5
        5
        5
        5
        5
        5
        5
        5
        5
        5
        5
        5
        5
        5
        5
        5
        5
        5
        5
        5
        5
        5
        5
        5
        5
        5
        5
        5
        5
        5
        5
        5
        5
        5
        5
        5
        5
        5
        5
        5
        5
        5
        5
        5
        5
        5
        5
        5
        5
        5
        5
        5
        5
        5
        5
        5
        5
        5
        5
        5
        5
        5
        5
        5
        5
        5
        5
        5
        5
        5
        5
        5
        5
        5
        5
        5
        5
        5
        5
        5
        5
        5
        5
        5
        5
        5
        5
        5
        5
        5
        5
        5
        5
        5
        5
        5
        5
        5
        5
        5
        5
        5
        5
        5
        5
        5
        5
        5
        5
        5
        5
        5
        5
        5
        5
        5
        5
        5
        5
        5
        5
        5
        5
        5
        5
        5
        5
        5
        5
        5
        5
        5
        5
        5
        5
        5
        5
        5
        5
        5
        5
        5
        5
        5
        5
        5
        5
        5
        5
        5
        5
        5
        5
        5
        5
        5
        5
        5
        5
        5
        5
        5
        5
        5
        5
        5
        5
        5
        5
        5
        5
        5
        5
        5
        5
        5
        5
        5
        5
        5
        5
        5
        5
        5
        5
        5
        5
        5
        5
        5
        5
        5
        5
        5
        5
        5
        5
        5
        5
        5
        5
        5
        5
        5
        5
        5
        5
        5
        5
        5
        5
        5
        5
        5
        5
        5
        5
        5
        5
        5
        5
        5
        5
        5
        5
        5
        5
        5
        5
        5
        5
        5
        5
        5
        5
        5
        5
        5
        5
        5
        5
        5
        5
        5
        5
        5
        5
        5
        5
        5
        5
        5
        5
        5
        5
        5
        5
        5
        5
        5
        5
        5
        5
        5
        5
        5
        5
        5
        5
        5
        5
        5
        5
        5
        5
        5
        5
        5
        5
        5
        5
        5
        5
        5
        5
        5
        5
        5
        5
        5
        5
        5
        5
        5
        5
        5
        5
        5
        5
        5
        5
        5
        5
        5
        5
        5
        5
        5
        5
        5
        5
        5
        5
        5
        5
        5
        5
        5
        5
        5
        5
        5
        5
        5
        5
        5
        5
        5
        5
        5
        5
        5
        5
        5
        5
        5
        5
        5
        5
        5
        5
        5
        5
        5
        5
        5
        5
        5
        5
        5
        5
        5
        5
        5
        5
        5
        5
        5
        5
        5
        5
        5
        5
        5
        5
        5
        5
        5
        5
        5
        5
        5
        5
        5
        5
        5
        5
        5
        5
        5
        5
        5
        5
        5
        5
        5
        5
        5
        5
        5
        5
        5
        5
        5
        5
        5
        5
        5
        5
        5
        5
        5
        5
        5
        5
        5
        5
        5
        5
        5
        5
        5
        5
        5
        5
        5
        5
        5
        5
        5
        5
        5
        5
        5
        5
        5
        5
        5
        5
        5
        5
        5
        5
        5
        5
        5
        5
        5
        5
        5
        5
        5
        5
        5
        5
        5
        5
        5
        5
        5
        5
        5
        5
        5
        5
        5
        5
        5
        5
        5
        5
        5
        5
        5
        5
        5
        5
        5
        5
        5
        5
        5
        5
        5
        5
        5
        5
        5
        5
        5
        5
        5
        5
        5
        5
        5
        5
        5
        5
        5
        5
        5
        5
        5
        5
        5
        5
        5
        5
        5
        5
        5
        5
        5
        5
        5
        5
        5
        5
        5
        5
        5
        5
        5
        5
        5
        5
        5
        5
        5
        5
        5
        5
        5
        5
        5
        5
        5
        5
        5
        5
        5
        5
        5
        5
        5
        5
        5
        5
        5
        5
        5
        5
        5
        5
        5
        5
        5
        5
        5
        5
        5
        5
        5
        5
        5
        5
        5
        5
        5
        5
        5
        5
        5
        5
        5
        5
        5
        5
        5
        5
        5
        5
        5
        5
        5
        5
        5
        5
        5
        5
        5
        5
        5
        5
        5
        5
        5
        5
        5
        5
        5
        5
        5
        5
        5
        5
        5
        5
        5
        5
        5
        5
        5
        5
        5
        5
        5
        5
        5
        5
        5
        5
        5
        5
        5
        5
        5
        5
        5
        5
        5
        5
        5
        5
        5
        5
        5
        5
        5
        5
        5
        5
        5
        5
        5
        5
        5
        5
        5
        5
        5
        5
        5
        5
        5
        5
        5
        5
        5
        5
        5
        5
        5
        5
        5
        5
        5
        5
        5
        5
        5
        5
        5
        5
        5
        5
        5
        5
        5
        5
        5
        5
        5
        5
        5
        5
        5
        5
        5
        5
        5
        5
        5
        5
        5
        5
        5
        5
        5
        5
        5
        5
        5
        5
        5
        5
        5
        5
        5
        5
        5
        5
        5
        5
        5
        5
        5
        5
        5
        5
        5
        5
        5
        5
        5
        5
        5
        5
        5
        5
        5
        5
        5
        5
        5
        5
        5
        5
        5
        5
        5
        5
        5
        5
        5
        5
        5
        5
        5
        5
        5
        5
        5
        5
        5
        5
        5
        5
        5
        5
        5
        5
        5
        5
        5
        5
        5
        5
        5
        5
        5
        5
        5
        5
        5
        5
        5
        5
        5
        5
        5
        5
        5
        5
        5
        5
        5
        5
        5
        5
        5
        5
        5
        5
        5
        5
        5
        5
        5
        5
        5
        5
        5
        5
        5
        5
        5
        5
        5
        5
        5
        5
        5
        5
        5
        5
        5
        5
        5
        5
        5
        5
        5
        5
        5
        5
        5
        5
        5
        5
        5
        5
        5
        5
        5
        5
        5
        5
        5
        5
        5
        5
        5
        5
        5
        5
        5
        5
        5
        5
        5
        5
        5
        5
        5
        5
        5
        5
        5
        5
        5
        5
        5
        5
        5
        5
        5
        5
        5
        5
        5
        5
        5
        5
        5
        5
        5
        5
        5
        5
        5
        5
        5
        5
        5
        5
        5
        5
        5
        5
        5
        5
        5
        5
        5
        5
        5
        5
        5
        5
        5
        5
        5
        5
        5
        5
        5
        5
        5
        5
        5
        5
        5
        5
        5
        5
        5
        5
        5
        5
        5
        5
        5
        5
        5
        5
        5
        5
        5
        5
        5
        5
        5
        5
        5
        5
        5
        5
        5
        5
        5
        5
        5
        5
        5
        5
        5
        5
        5
        5
        5
        5
        5
        5
        5
        5
        5
        5
        5
        5
        5
        5
        5
        5
        5
        5
        5
        5
        5
        5
        5
        5
        5
        5
        5
        5
        5
        5
        5
        5
        5
        5
        5
        5
        5
        5
        5
        5
        5
        5
        5
        5
        5
        5
        5
        5
        5
        5
        5
        5
        5
        5
        5
        5
        5
        5
        5
        5
        5
        5
        5
        5
        5
        5
        5
        5
        5
        5
        5
        5
        5
        5
        5
        5
        5
        5
        5
        5
        5
        5
        5
        5
        5
        5
        5
        5
        5
        5
        5
        5
        5
        5
        5
        5
        5
        5
        5
        5
        5
        5
        5
        5
        5
        5
        5
        5
        5
        5
        5
        5
        5
        5
        5
        5
        5
        5
        5
        5
        5
        5
        5
        5
        5
        5
        5
        5
        5
        5
        5
        5
        5
        5
        5
        5
        5
        5
        5
        5
        5
        5
        5
        5
        5
        5
        5
        5
        5
        5
        5
        5
        5
        5
        5
        5
        5
        5
        5
        5
        5
        5
        5
        5
        5
        5
        5
        5
        5
        5
        5
        5
        5
        5
        5
        5
        5
        5
        5
        5
        5
        5
        5
        5
        5
        5
        5
        5
        5
        5
        5
        5
        5
        5
        5
        5
        5
        5
        5
        5
        5
        5
        5
        5
        5
        5
        5
        5
        5
        5
        5
        5
        5
        5
        5
        5
        5
        5
        5
        5
        5
        5
        5
        5
        5
        5
        5
        5
        5
        5
        5
        5
        5
        5
        5
        5
        5
        5
        5
        5
        5
        5
        5
        5
        5
        5
        5
        5
        5
        5
        5
        5
        5
        5
        5
        5
        5
        5
        5
        5
        5
        5
        5
        5
        5
        5
        5
        5
        5
        5
        5
        5
        5
        5
        5
        5
        5
        5
        5
        5
        5
        5
        5
        5
        5
        5
        5
        5
        5
        5
        5
        5
        5
        5
        5
        5
        5
        5
        5
        5
        5
        5
        5
        5
        5
        5
        5
        5
        5
        5
        5
        5
        5
        5
        5
        5
        5
        5
        5
        5
        5
        5
        5
        5
        5
        5
        5
        5
        5
        5
        5
        5
        5
        5
        5
        5
        5
        5
        5
        5
        5
        5
        5
        5
        5
        5
        5
        5
        5
        5
        5
        5
        5
        5
        5
        5
        5
        5
        5
        5
        5
        5
        5
        5
        5
        5
        5
        5
        5
        5
        5
        5
        5
        5
        5
        5
        5
        5
        5
        5
        5
        5
        5
        5
        5
        5
        5
        5
        5
        5
        5
        5
        5
        5
        5
        5
        5
        5
        5
        5
        5
        5
        5
        5
        5
        5
        5
        5
        5
        5
        5
        5
        5
        5
        5
        5
        5
        5
        5
        5
        5
        5
        5
        5
        5
        5
        5
        5
        5
        5
        5
        5
        5
        5
        5
        5
        5
        5
        5
        5
        5
        5
        5
        5
        5
        5
        5
        5
        5
        5
        5
        5
        5
        5
        5
        5
        5
        5
        5
        5
        5
        5
        5
        5
        5
        5
        5
        5
        5
        5
        5
        5
        5
        5
        5
        5
        5
        5
        5
        5
        5
        5
        5
        5
        5
        5
        5
        5
        5
        5
        5
        5
        5
        5
        5
        5
        5
        5
        5
        5
        5
        5
        5
        5
        5
        5
        5
        5
        5
        5
        5
        5
        5
        5
        5
        5
        5
        5
        5
        5
        5
        5
        5
        5
        5
        5
        5
        5
        5
        5
        5
        5
        5
        5
        5
        5
        5
        5
        5
        5
        5
        5
        5
        5
        5
        5
        5
        5
        5
        5
        5
        5
        5
        5
        5
        5
        5
        5
        5
        5
        5
        5
        5
        5
        5
        5
        5
        5
        5
        5
        5
        5
        5
        5
        5
        5
        5
        5
        5
        5
        5
        5
        5
        5
        5
        5
        5
        5
        5
        5
        5
        5
        5
        5
        5
        5
        5
        5
        5
        5
        5
        5
        5
        5
        5
        5
        5
        5
        5
        5
        5
        5
        5
        5
        5
        5
        5
        5
        5
        5
        5
        5
        5
        5
        5
        5
        5
        5
        5
        5
        5
        5
        5
        5
        5
        5
        5
        5
        5
        5
        5
        5
        5
        5
        5
        5
        5
        5
        5
        5
        5
        5
        5
        5
        5
        5
        5
        5
        5
        5
        5
        5
        5
        5
        5
        5
        5
        5
        5
        5
        5
        5
        5
        5
        5
        5
        5
        5
        5
        5
        5
        5
        5
        5
        5
        5
        5
        5
        5
        5
        5
        5
        5
        5
        5
        5
        5
        5
        5
        5
        5
        5
        5
        5
        5
        5
        5
        5
        5
        5
        5
        5
        5
        5
        5
        5
        5
        5
        5
        5
        5
        5
        5
        5
        5
        5
        5
        5
        5
        5
        5
        5
        5
        5
        5
        5
        5
        5
        5
        5
        5
        5
        5
        5
        5
        5
        5
        5
        5
        5
        5
        5
        5
        5
        5
        5
        5
        5
        5
        5
        5
        5
        5
        5
        5
        5
        5
        5
        5
        5
        5
        5
        5
        5
        5
        5
        5
        5
        5
        5
        5
        5
        5
        5
        5
        5
        5
        5
        5
        5
        5
        5
        5
        5
        5
        5
        5
        5
        5
        5
        5
        5
        5
        5
        5
        5
        5
        5
        5
        5
        5
        5
        5
        5
        5
        5
        5
        5
        5
        5
        5
        5
        5
        5
        5
        5
        5
        5
        5
        5
        5
        5
        5
        5
        5
        5
        5
        5
        5
        5
        5
        5
        5
        5
        5
        5
        5
        5
        5
        5
        5
        5
        5
        5
        5
        5
        5
        5
        5
        5
        5
        5
        5
        5
        5
        5
        5
        5
        5
        5
        5
        5
        5
        5
        5
        5
        5
        5
        5
        5
        5
        5
        5
        5
        5
        5
        5
        5
        5
        5
        5
        5
        5
        5
        5
        5
        5
        5
        5
        5
        5
        5
        5
        5
        5
        5
        5
        5
        5
        5
        5
        5
        5
        5
        5
        5
        5
        5
        5
        5
        5
        5
        5
        5
        5
        5
        5
        5
        5
        5
        5
        5
        5
        5
        5
        5
        5
        5
        5
        5
        5
        5
        5
        5
        5
        5
        5
        5
        5
        5
        5
        5
        5
        5
        5
        5
        5
        5
        5
        5
        5
        5
        5
        5
        5
        5
        5
        5
        5
        5
        5
        5
        5
        5
        5
        5
        5
        5
        5
        5
        5
        5
        5
        5
        5
        5
        5
        5
        5
        5
        5
        5
        5
        5
        5
        5
        5
        5
        5
        5
        5
        5
        5
        5
        5
        5
        5
        5
        5
        5
        5
        5
        5
        5
        5
        5
        5
        5
        5
        5
        5
        5
        5
        5
        5
        5
        5
        5
        5
        5
        5
        5
        5
        5
        5
        5
        5
        5
        5
        5
        5
        5
        5
        5
        5
        5
        5
        5
        5
        5
        5
        5
        5
        5
        5
        5
        5
        5
        5
        5
        5
        5
        5
        5
        5
        5
        5
        5
        5
        5
        5
        5
        5
        5
        5
        5
        5
        5
        5
        5
        5
        5
        5
        5
        5
        5
        5
        5
        5
        5
        5
        5
        5
        5
        5
        5
        5
        5
        5
        5
        5
        5
        5
        5
        5
        5
        5
        5
        5
        5
        5
        5
        5
        5
        5
        5
        5
        5
        5
        5
        5
        5
        5
        5
        5
        5
        5
        5
        5
        5
        5
        5
        5
        5
        5
        5
        5
        5
        5
        5
        5
        5
        5
        5
        5
        5
        5
        5
        5
        5
        5
        5
        5
        5
        5
        5
        5
        5
        5
        5
        5
        5
        5
        5
        5
        5
        5
        5
        5
        5
        5
        5
        5
        5
        5
        5
        5
        5
        5
        5
        5
        5
        5
        5
        5
        5
        5
        5
        5
        5
        5
        5
        5
        5
        5
        5
        5
        5
        5
        5
        5
        5
        5
        5
        5
        5
        5
        5
        5
        5
        5
        5
        5
        5
        5
        5
        5
        5
        5
        5
        5
        5
        5
        5
        5
        5
        5
        5
        5
        5
        5
        5
        5
        5
        5
        5
        5
        5
        5
        5
        5
        5
        5
        5
        5
        5
        5
        5
        5
        5
        5
        5
        5
        5
        5
        5
        5
        5
        5
        5
        5
        5
        5
        5
        5
        5
        5
        5
        5
        5
        5
        5
        5
        5
        5
        5
        5
        5
        5
        5
        5
        5
        5
        5
        5
        5
        5
        5
        5
        5
        5
        5
        5
        5
        5
        5
        5
        5
        5
        5
        5
        5
        5
        5
        5
        5
        5
        5
        5
        5
        5
        5
        5
        5
        5
        5
        5
        5
        5
        5
        5
        5
        5
        5
        5
        5
        5
        5
        5
        5
        5
        5
        5
        5
        5
        5
        5
        5
        5
        5
        5
        5
        5
        5
        5
        5
        5
        5
        5
        5
        5
        5
        5
        5
        5
        5
        5
        5
        5
        5
        5
        5
        5
        5
        5
        5
        5
        5
        5
        5
        5
        5
        5
        5
        5
        5
        5
        5
        5
        5
        5
        5
        5
        5
        5
        5
        5
        5
        5
        5
        5
        5
        5
        5
        5
        5
        5
        5
        5
        5
        5
        5
        5
        5
        5
        5
        5
        5
        5
        5
        5
        5
        5
        5
        5
        5
        5
        5
        5
        5
        5
        5
        5
        5
        5
        5
        5
        5
        5
        5
        5
        5
        5
        5
        5
        5
        5
        5
        5
        5
        5
        5
        5
        5
        5
        5
        5
        5
        5
        5
        5
        5
        5
        5
        5
        5
        5
        5
        5
        5
        5
        5
        5
        5
        5
        5
        5
        5
        5
        5
        5
        5
        5
        5
        5
        5
        5
        5
        5
        5
        5
        5
        5
        5
        5
        5
        5
        5
        5
        5
        5
        5
        5
        5
        5
        5
        5
        5
        5
        5
        5
        5
        5
        5
        5
        5
        5
        5
        5
        5
        5
        5
        5
        5
        5
        5
        5
        5
        5
        5
        5
        5
        5
        5
        5
        5
        5
        5
        5
        5
        5
        5
        5
        5
        5
        5
        5
        5
        5
        5
        5
        5
        5
        5
        5
        5
        5
        5
        5
        5
        5
        5
        5
        5
        5
        5
        5
        5
        5
        5
        5
        5
        5
        5
        5
        5
        5
        5
        5
        5
        5
        5
        5
        5
        5
        5
        5
        5
        5
        5
        5
        5
        5
        5
        5
        5
        5
        5
        5
        5
        5
        5
        5
        5
        5
        5
        5
        5
        5
        5
        5
        5
        5
        5
        5
        5
        5
        5
        5
        5
        5
        5
        5
        5
        5
        5
        5
        5
        5
        5
        5
        5
        5
        5
        5
        5
        5
        5
        5
        5
        5
        5
        5
        5
        5
        5
        5
        5
        5
        5
        5
        5
        5
        5
        5
        5
        5
        5
        5
        5
        5
        5
        5
        5
        5
        5
        5
        5
        5
        5
        5
        5
        5
        5
        5
        5
        5
        5
        5
        5
        5
        5
        5
        5
        5
        5
        5
        5
        5
        5
        5
        5
        5
        5
        5
        5
        5
        5
        5
        5
        5
        5
        5
        5
        5
        5
        5
        5
        5
        5
        5
        5
        5
        5
        5
        5
        5
        5
        5
        5
        5
        5
        5
        5
        5
        5
        5
        5
        5
        5
        5
        5
        5
        5
        5
        5
        5
        5
        5
        5
        5
        5
        5
        5
        5
        5
        5
        5
        5
        5
        5
        5
        5
        5
        5
        5
        5
        5
        5
        5
        5
        5
        5
        5
        5
        5
        5
        5
        5
        5
        5
        5
        5
        5
        5
        5
        5
        5
        5
        5
        5
        5
        5
        5
        5
        5
        5
        5
        5
        5
        5
        5
        5
        5
        5
        5
        5
        5
        5
        5
        5
        5
        5
        5
        5
        5
        5
        5
        5
        5
        5
        5
        5
        5
        5
        5
        5
        5
        5
        5
        5
        5
        5
        5
        5
        5
        5
        5
        5
        5
        5
        5
        5
        5
        5
        5
        5
        5
        5
        5
        5
        5
        5
        5
        5
        5
        5
        5
        5
        5
        5
        5
        5
        5
        5
        5
        5
        5
        5
        5
        5
        5
        5
        5
        5
        5
        5
        5
        5
        5
        5
        5
        5
        5
        5
        5
        5
        5
        5
        5
        5
        5
        5
        5
        5
        5
        5
        5
        5
        5
        5
        5
        5
        5
        5
        5
        5
        5
        5
        5
        5
        5
        5
        5
        5
        5
        5
        5
        5
        5
        5
        5
        5
        5
        5
        5
        5
        5
        5
        5
        5
        5
        5
        5
        5
        5
        5
        5
        5
        5
        5
        5
        5
        5
        5
        5
        5
        5
        5
        5
        5
        5
        5
        5
        5
        5
        5
        5
        5
        5
        5
        5
        5
        5
        5
        5
        5
        5
        5
        5
        5
        5
        5
        5
        5
        5
        5
        5
        5
        5
        5
        5
        5
        5
        5
        5
        5
        5
        5
        5
        5
        5
        5
        5
        5
        5
        5
        5
        5
        5
        5
        5
        5
        5
        5
        5
        5
        5
        5
        5
        5
        5
        5
        5
        5
        5
        5
        5
        5
        5
        5
        5
        5
        5
        5
        5
        5
        5
        5
        5
        5
        5
        5
        5
        5
        5
        5
        5
        5
        5
        5
        5
        5
        5
        5
        5
        5
        5
        5
        5
        5
        5
        5
        5
        5
        5
        5
        5
        5
        5
        5
        5
        5
        5
        5
        5
        5
        5
        5
        5
        5
        5
        5
        5
        5
        5
        5
        5
        5
        5
        5
        5
        5
        5
        5
        5
        5
        5
        5
        5
        5
        5
        5
        5
        5
        5
        5
        5
        5
        5
        5
        5
        5
        5
        5
        5
        5
        5
        5
        5
        5
        5
        5
        5
        5
        5
        5
        5
        5
        5
        5
        5
        5
        5
        5
        5
        5
        5
        5
        5
        5
        5
        5
        5
        5
        5
        5
        5
        5
        5
        5
        5
        5
        5
        5
        5
        5
        5
        5
        5
        5
        5
        5
        5
        5
        5
        5
        5
        5
        5
        5
        5
        5
        5
        5
        5
        5
        5
        5
        5
        5
        5
        5
        5
        5
        5
        5
        5
        5
        5
        5
        5
        5
        5
        5
        5
        5
        5
        5
        5
        5
        5
        5
        5
        5
        5
        5
        5
        5
        5
        5
        5
        5
        5
        5
        5
        5
        5
        5
        5
        5
        5
        5
        5
        5
        5
        5
        5
        5
        5
        5
        5
        5
        5
        5
        5
        5
        5
        5
        5
        5
        5
        5
        5
        5
        5
        5
        5
        5
        5
        5
        5
        5
        5
        5
        5
        5
        5
        5
        5
        5
        5
        5
        5
        5
        5
        5
        5
        5
        5
        5
        5
        5
        5
        5
        5
        5
        5
        5
        5
        5
        5
        5
        5
        5
        5
        5
        5
        5
        5
        5
        5
        5
        5
        5
        5
        5
        5
        5
        5
        5
        5
        5
        5
        5
        5
        5
        5
        5
        5
        5
        5
        5
        5
        5
        5
        5
        5
        5
        5
        5
        5
        5
        5
        5
        5
        5
        5
        5
        5
        5
        5
        5
        5
        5
        5
        5
        5
        5
        5
        5
        5
        5
        5
        5
        5
        5
        5
        5
        5
        5
        5
        5
        5
        5
        5
        5
        5
        5
        5
        5
        5
        5
        5
        5
        5
        5
        5
        5
        5
        5
        5
        5
        5
        5
        5
        5
        5
        5
        5
        5
        5
        5
        5
        5
        5
        5
CELL_DATA    3548
SCALARS Body int 
LOOKUP_TABLE default
        1
        1
        1
        1
        1
        1
        1
        1
        1
        1
        1
        1
        1
        1
        1
        1
        1
        1
        1
        1
        1
        1
        1
        1
        1
        1
        1
        1
        1
        1
        1
        1
        1
        1
        1
        1
        1
        1
        1
        1
        1
        1
        1
        1
        1
        1
        1
        1
        1
        1
        1
        1
        1
        1
        1
        1
        1
        1
        1
        1
        1
        1
        1
        1
        1
        1
        1
        1
        1
        1
        1
        1
        1
        1
        1
        1
        1
        1
        1
        1
        1
        1
        1
        1
        1
        1
        1
        1
        1
        1
        1
        1
        1
        1
        1
        1
        1
        1
        1
        1
        1
        1
        1
        1
        1
        1
        1
        1
        1
        1
        1
        1
        1
        1
        1
        1
        1
        1
        1
        1
        1
        1
        1
        1
        1
        1
        1
        1
        1
        1
        1
        1
        1
        1
        1
        1
        1
        1
        1
        1
        1
        1
        1
        1
        1
        1
        1
        1
        1
        1
        1
        1
        1
        1
        1
        1
        1
        1
        1
        1
        1
        1
        1
        1
        1
        1
        1
        1
        1
        1
        1
        1
        1
        1
        1
        1
        1
        1
        1
        1
        1
        1
        1
        1
        1
        1
        1
        1
        1
        1
        1
        1
        1
        1
        1
        1
        1
        1
        1
        1
        1
        1
        1
        1
        1
        1
        1
        1
        1
        1
        1
        1
        1
        1
        1
        1
        1
        1
        1
        1
        1
        1
        1
        1
        1
        1
        1
        1
        1
        1
        1
        1
        1
        1
        1
        1
        1
        1
        1
        1
        1
        1
        1
        1
        1
        1
        1
        1
        1
        1
        1
        1
        1
        1
        1
        1
        1
        1
        1
        1
        1
        1
        1
        1
        1
        1
        1
        1
        1
        1
        1
        1
        1
        1
        1
        1
        1
        1
        1
        1
        1
        1
        1
        1
        1
        1
        1
        1
        1
        1
        1
        1
        1
        1
        1
        1
        1
        1
        1
        1
        1
        1
        1
        1
        1
        1
        1
        1
        1
        1
        1
        1
        1
        1
        1
        1
        1
        1
        1
        1
        1
        1
        1
        1
        1
        1
        1
        1
        1
        1
        1
        1
        1
        1
        1
        1
        1
        1
        1
        1
        1
        1
        1
        1
        1
        1
        1
        1
        1
        1
        1
        1
        1
        1
        1
        1
        1
        1
        1
        1
        1
        1
        1
        1
        1
        1
        1
        1
        1
        1
        1
        1
        1
        1
        1
        1
        1
        1
        1
        1
        1
        1
        1
        1
        1
        1
        1
        1
        1
        1
        1
        1
        1
        1
        1
        1
        1
        1
        1
        1
        1
        1
        1
        1
        1
        1
        1
        1
        1
        1
        1
        1
        1
        1
        1
        1
        1
        1
        1
        1
        1
        1
        1
        1
        1
        1
        1
        1
        1
        1
        1
        1
        1
        1
        1
        1
        1
        1
        1
        1
        1
        1
        1
        1
        1
        1
        1
        1
        1
        1
        1
        1
        1
        1
        1
        1
        1
        1
        1
        1
        1
        1
        1
        1
        1
        1
        1
        1
        1
        1
        1
        1
        1
        1
        1
        1
        1
        1
        1
        1
        1
        1
        1
        1
        1
        1
        1
        1
        1
        1
        1
        1
        1
        1
        1
        1
        1
        1
        1
        1
        1
        1
        1
        1
        1
        1
        1
        1
        1
        1
        1
        1
        1
        1
        1
        1
        1
        1
        1
        1
        1
        1
        1
        1
        1
        1
        1
        1
        1
        1
        1
        1
        1
        1
        1
        1
        1
        1
        1
        1
        1
        1
        1
        1
        1
        1
        1
        1
        1
        1
        1
        1
        1
        1
        1
        1
        1
        1
        1
        1
        1
        1
        1
        1
        1
        1
        1
        1
        1
        1
        1
        1
        1
        1
        1
        1
        1
        1
        1
        1
        1
        1
        1
        1
        1
        1
        1
        1
        1
        1
        1
        1
        1
        1
        1
        1
        1
        1
        1
        1
        1
        1
        1
        1
        1
        1
        1
        1
        1
        1
        1
        1
        1
        1
        1
        1
        1
        1
        1
        1
        1
        1
        1
        1
        1
        1
        1
        1
        1
        1
        1
        1
        1
        1
        1
        1
        1
        1
        1
        1
        1
        1
        1
        1
        1
        1
        1
        1
        1
        1
        1
        1
        1
        1
        1
        1
        1
        1
        1
        1
        1
        1
        1
        1
        1
        1
        1
        1
        1
        1
        1
        1
        1
        1
        1
        1
        1
        1
        1
        1
        1
        1
        1
        1
        1
        1
        1
        1
        1
        1
        1
        1
        1
        1
        1
        1
        1
        1
        1
        1
        1
        1
        1
        1
        1
        1
        1
        1
        1
        1
        1
        1
        1
        1
        1
        1
        1
        1
        1
        1
        1
        1
        1
        1
        1
        1
        1
        1
        1
        1
        1
        1
        1
        1
        1
        1
        1
        1
        1
        1
        1
        1
        1
        1
        1
        1
        1
        1
        1
        1
        1
        1
        1
        1
        1
        1
        1
        1
        1
        1
        1
        1
        1
        1
        1
        1
        1
        1
        1
        1
        1
        1
        1
        1
        1
        1
        1
        1
        1
        1
        1
        1
        1
        1
        1
        1
        1
        1
        1
        1
        1
        1
        1
        1
        1
        1
        1
        1
        1
        1
        1
        1
        1
        1
        1
        1
        1
        1
        1
        1
        1
        1
        1
        1
        1
        1
        1
        1
        1
        1
        1
        1
        1
        1
        1
        1
        1
        1
        1
        1
        1
        1
        1
        1
        1
        1
        1
        1
        1
        1
        1
        1
        1
        1
        1
        1
        1
        1
        1
        1
        1
        1
        1
        1
        1
        1
        1
        1
        1
        1
        1
        1
        1
        1
        1
        1
        1
        1
        1
        1
        1
        1
        1
        1
        1
        1
        1
        1
        1
        1
        1
        1
        1
        1
        1
        1
        1
        1
        1
        1
        1
        1
        1
        1
        1
        1
        1
        1
        1
        1
        1
        1
        1
        1
        1
        1
        1
        1
        1
        1
        1
        1
        1
        1
        1
        1
        1
        1
        1
        1
        1
        1
        1
        1
        1
        1
        1
        1
        1
        1
        1
        1
        1
        1
        1
        1
        1
        1
        1
        1
        1
        1
        1
        1
        1
        1
        1
        1
        1
        1
        1
        1
        1
        1
        1
        1
        1
        1
        1
        1
        1
        1
        1
        1
        1
        1
        1
        1
        1
        1
        1
        1
        1
        1
        1
        1
        1
        1
        1
        1
        1
        1
        1
        1
        1
        1
        1
        1
        1
        1
        1
        1
        1
        1
        1
        1
        1
        1
        1
        1
        1
        1
        1
        1
        1
        1
        1
        1
        1
        1
        1
        1
        1
        1
        1
        1
        1
        1
        1
        1
        1
        1
        1
        1
        1
        1
        1
        1
        1
        1
        1
        1
        1
        1
        1
        1
        1
        1
        1
        1
        1
        1
        1
        1
        1
        1
        1
        1
        1
        1
        1
        1
        1
        1
        1
        1
        1
        1
        1
        1
        1
        1
        1
        1
        1
        1
        1
        1
        1
        1
        1
        1
        1
        1
        1
        1
        1
        1
        1
        1
        1
        1
        1
        1
        1
        1
        1
        1
        1
        1
        1
        1
        1
        1
        1
        1
        1
        1
        1
        1
        1
        1
        1
        1
        1
        1
        1
        1
        1
        1
        1
        1
        1
        1
        1
        1
        1
        1
        1
        1
        1
        1
        1
        1
        1
        1
        1
        1
        1
        1
        1
        1
        1
        1
        1
        1
        1
        1
        1
        1
        1
        1
        1
        1
        1
        1
        1
        1
        1
        1
        1
        1
        1
        1
        1
        1
        1
        1
        1
        1
        1
        1
        1
        1
        1
        1
        1
        1
        1
        1
        1
        1
        1
        1
        1
        1
        1
        1
        1
        1
        1
        1
        1
        1
        1
        1
        1
        1
        1
        1
        1
        1
        1
        1
        1
        1
        1
        1
        1
        1
        1
        1
        1
        1
        1
        1
        1
        1
        1
        1
        1
        1
        1
        1
        1
        1
        1
        1
        1
        1
        1
        1
        1
        1
        1
        1
        1
        1
        1
        1
        1
        1
        1
        1
        1
        1
        1
        1
        1
        1
        1
        1
        1
        1
        1
        1
        1
        1
        1
        1
        1
        1
        1
        1
        1
        1
        1
        1
        1
        1
        1
        1
        1
        1
        1
        1
        1
        1
        1
        1
        1
        1
        1
        1
        1
        1
        1
        1
        1
        1
        1
        1
        1
        1
        1
        1
        1
        1
        1
        1
        1
        1
        1
        1
        1
        1
        1
        1
        1
        1
        1
        1
        1
        1
        1
        1
        1
        1
        1
        1
        1
        1
        1
        1
        1
        1
        1
        1
        1
        1
        1
        1
        1
        1
        1
        1
        1
        1
        1
        1
        1
        1
        1
        1
        1
        1
        1
        1
        1
        1
        1
        1
        1
        1
        1
        1
        1
        1
        1
        1
        1
        1
        1
        1
        1
        1
        1
        1
        1
        1
        1
        1
        1
        1
        1
        1
        1
        1
        1
        1
        1
        1
        1
        1
        1
        1
        1
        1
        1
        1
        1
        1
        1
        1
        1
        1
        1
        1
        1
        1
        1
        1
        1
        1
        1
        1
        1
        1
        1
        1
        1
        1
        1
        1
        1
        1
        1
        1
        1
        1
        1
        1
        1
        1
        1
        1
        1
        1
        1
        1
        1
        1
        1
        1
        1
        1
        1
        1
        1
        1
        1
        1
        1
        1
        1
        1
        1
        1
        1
        1
        1
        1
        1
        1
        1
        1
        1
        1
        1
        1
        1
        1
        1
        1
        1
        1
        1
        1
        1
        1
        1
        1
        1
        1
        1
        1
        1
        1
        1
        1
        1
        1
        1
        1
        1
        1
        1
        1
        1
        1
        1
        1
        1
        1
        1
        1
        1
        1
        1
        1
        1
        1
        1
        1
        1
        1
        1
        1
        1
        1
        1
        1
        1
        1
        1
        1
        1
        1
        1
        1
        1
        1
        1
        1
        1
        1
        1
        1
        1
        1
        1
        1
        1
        1
        1
        1
        1
        1
        1
        1
        1
        1
        1
        1
        1
        1
        1
        1
        1
        1
        1
        1
        1
        1
        1
        1
        1
        1
        1
        1
        1
        1
        1
        1
        1
        1
        1
        1
        1
        1
        1
        1
        1
        1
        1
        1
        1
        1
        1
        1
        1
        1
        1
        1
        1
        1
        1
        1
        1
        1
        1
        1
        1
        1
        1
        1
        1
        1
        1
        1
        1
        1
        1
        1
        1
        1
        1
        1
        1
        1
        1
        1
        1
        1
        1
        1
        1
        1
        1
        1
        1
        1
        1
        1
        1
        1
        1
        1
        1
        1
        1
        1
        1
        1
        1
        1
        1
        1
        1
        1
        1
        1
        1
        1
        1
        1
        1
        1
        1
        1
        1
        1
        1
        1
        1
        1
        1
        1
        1
        1
        1
        1
        1
        1
        1
        1
        1
        1
        1
        1
        1
        1
        1
        1
        1
        1
        1
        1
        1
        1
        1
        1
        1
        1
        1
        1
        1
        1
        1
        1
        1
        1
        1
        1
        1
        1
        1
        1
        1
        1
        1
        1
        1
        1
        1
        1
        1
        1
        1
        1
        1
        1
        1
        1
        1
        1
        1
        1
        1
        1
        1
        1
        1
        1
        1
        1
        1
        1
        1
        1
        1
        1
        1
        1
        1
        1
        1
        1
        1
        1
        1
        1
        1
        1
        1
        1
        1
        1
        1
        1
        1
        1
        1
        1
        1
        1
        1
        1
        1
        1
        1
        1
        1
        1
        1
        1
        1
        1
        1
        1
        1
        1
        1
        1
        1
        1
        1
        1
        1
        1
        1
        1
        1
        1
        2
        2
        2
        2
        2
        2
        2
        2
        2
        2
        2
        2
        2
        2
        2
        2
        2
        2
        2
        2
        2
        2
        2
        2
        2
        2
        2
        2
        2
        2
        2
        2
        2
        2
        2
        2
        2
        2
        2
        2
        2
        2
        2
        2
        2
        2
        2
        2
        2
        2
        2
        2
        2
        2
        2
        2
        2
        2
        2
        2
        2
        2
        2
        2
        2
        2
        2
        2
        2
        2
        2
        2
        2
        2
        2
        2
        2
        2
        2
        2
        2
        2
        2
        2
        2
        2
        2
        2
        2
        2
        2
        2
        2
        2
        2
        2
        2
        2
        2
        2
        2
        2
        2
        2
        2
        2
        2
        2
        2
        2
        2
        2
        2
        2
        2
        2
        2
        2
        2
        2
        2
        2
        2
        2
        2
        2
        2
        2
        2
        2
        2
        2
        2
        2
        2
        2
        2
        2
        2
        2
        2
        2
        2
        2
        2
        2
        2
        2
        2
        2
        2
        2
        2
        2
        2
        2
        2
        2
        2
        2
        2
        2
        2
        2
        2
        2
        2
        2
        2
        2
        2
        2
        2
        2
        2
        2
        2
        2
        2
        2
        2
        2
        2
        2
        2
        2
        2
        2
        2
        2
        2
        2
        2
        2
        2
        2
        2
        2
        2
        2
        2
        2
        2
        2
        2
        2
        2
        2
        2
        2
        2
        2
        2
        2
        2
        2
        2
        2
        2
        2
        2
        2
        2
        2
        2
        2
        2
        2
        2
        2
        2
        2
        2
        2
        2
        2
        2
        2
        2
        2
        2
        2
        2
        2
        2
        2
        2
        2
        2
        2
        2
        2
        2
        2
        2
        2
        2
        2
        2
        2
        2
        2
        2
        2
        2
        2
        2
        2
        2
        2
        2
        2
        2
        2
        2
        2
        2
        2
        2
        2
        2
        2
        2
        2
        2
        2
        2
        2
        2
        2
        2
        2
        2
        2
        2
        2
        2
        2
        2
        2
        2
        2
        2
        2
        2
        2
        2
        2
        2
        2
        2
        2
        2
        2
        2
        2
        2
        2
        2
        2
        2
        2
        2
        2
        2
        2
        2
        2
        2
        2
        2
        2
        2
        2
        2
        2
        2
        2
        2
        2
        2
        2
        2
        2
        2
        2
        2
        2
        2
        2
        2
        2
        2
        2
        2
        2
        2
        2
        2
        2
        2
        2
        2
        2
        2
        2
        2
        2
        2
        2
        2
        2
        2
        2
        2
        2
        2
        2
        2
        2
        2
        2
        2
        2
        2
        2
        2
        2
        2
        2
        2
        2
        2
        2
        2
        2
        2
        2
        2
        2
        2
        2
        2
        2
        2
        2
        2
        2
        2
        2
        2
        2
        2
        2
        2
        2
        2
        2
        2
        2
        2
        2
        2
        2
        2
        2
        2
        2
        2
        2
        2
        2
        2
        2
        2
        2
        2
        2
        2
        2
        2
        2
        2
        2
        2
        2
        2
        2
        2
        2
        2
        2
        2
        2
        2
        2
        2
        2
        2
        2
        2
        2
        2
        2
        2
        2
        2
        2
        2
        2
        2
        2
        2
        2
        2
        2
        2
        2
        2
        2
        2
        2
        2
        2
        2
        2
        2
        2
        2
        2
        2
        2
        2
        2
        2
        2
        2
        2
        2
        2
        2
        2
        2
        2
        2
        2
        2
        2
        2
        2
        2
        2
        2
        2
        2
        2
        2
        2
        2
        2
        2
        2
        2
        2
        2
        2
        2
        2
        2
        2
        2
        2
        2
        2
        2
        2
        2
        2
        2
        2
        2
        2
        2
        2
        2
        2
        2
        2
        2
        2
        2
        2
        2
        2
        2
        2
        2
        2
        2
        2
        2
        2
        2
        2
        2
        2
        2
        2
        2
        2
        2
        2
        2
        2
        2
        2
        2
        2
        2
        2
        2
        2
        2
        2
        2
        2
        2
        2
        2
        2
        2
        2
        2
        2
        2
        2
        2
        2
        2
        2
        2
        2
        2
        2
        2
        2
        2
        2
        2
        2
        2
        2
        2
        2
        2
        2
        2
        2
        2
        2
        2
        2
        2
        2
        2
        2
        2
        2
        2
        2
        2
        2
        2
        2
        2
        2
        2
        2
        2
        2
        2
        2
        2
        2
        2
        2
        2
        2
        2
        2
        2
        2
        2
        2
        2
        2
        2
        2
        2
        2
        2
        2
        2
        2
        2
        2
        2
        2
        2
        2
        2
        2
        2
        2
        2
        2
        2
        2
        2
        2
        2
        2
        2
        2
        2
        2
        2
        2
        2
        2
        2
        2
        2
        2
        2
        2
        2
        2
        2
        2
        2
        2
        2
        2
        2
        2
        2
        2
        2
        2
        2
        2
        2
        2
        2
        2
        2
        2
        2
        2
        2
        2
        2
        2
        2
        2
        2
        2
        2
        2
        2
        2
        2
        2
        2
        2
        2
        2
        2
        2
        2
        2
        2
        2
        2
        2
        2
        2
        2
        2
        2
        2
        2
        2
        2
        2
        2
        2
        2
        2
        2
        2
        2
        2
        2
        2
        2
        2
        2
        2
        2
        2
        2
        2
        2
        2
        2
        2
        2
        2
        2
        2
        2
        2
        2
        2
        2
        2
        2
        2
        2
        2
        2
        2
        2
        2
        2
        2
        2
        2
        2
        2
        2
        2
        2
        2
        2
        2
        2
        2
        2
        2
        2
        2
        2
        2
        2
        2
        2
        2
        2
        2
        2
        2
        2
        2
        2
        2
        2
        2
        2
        2
        2
        2
        2
        2
        2
        2
        2
        2
        2
        2
        2
        2
        2
        2
        2
        2
        2
        2
        2
        2
        2
        2
        2
        2
        2
        2
        2
        2
        2
        2
        2
        2
        2
        2
        2
        2
        2
        2
        2
        2
        2
        2
        2
        2
        2
        2
        2
        2
        2
        2
        2
        2
        2
        2
        2
        2
        2
        2
        2
        2
        2
        2
        2
        2
        2
        2
        2
        2
        2
        2
        2
        2
        2
        2
        2
        2
        2
        2
        2
        2
        2
        2
        2
        2
        2
        2
        2
        2
        2
        2
        2
        2
        2
        2
        2
        2
        2
        2
        2
        2
        2
        2
        2
        2
        2
        2
        2
        2
        2
        2
        2
        2
        2
        2
        2
        2
        2
        2
        2
        2
        2
        2
        2
        2
        2
        2
        2
        2
        2
        2
        2
        2
        2
        2
        2
        2
        2
        2
        2
        2
        2
        2
        2
        2
        2
        2
        2
        2
        2
        2
        2
        2
        2
        2
        2
        2
        2
        2
        2
        2
        2
        2
        2
        2
        2
        2
        2
        2
        2
        2
        2
        2
        2
        2
        2
        2
        2
        2
        2
        2
        2
        2
        2
        2
        2
        2
        2
        2
        2
        2
        2
        2
        2
        2
        2
        2
        2
        2
        2
        2
        2
        2
        2
        2
        2
        2
        2
        2
        2
        2
        2
        2
        2
        2
        2
        2
        2
        2
        2
        2
        2
        2
        2
        2
        2
        2
        2
        2
        2
        2
        2
        2
        2
        2
        2
        2
        2
        2
        2
        2
        2
        2
        2
        2
        2
        2
        2
        2
        2
        2
        2
        2
        2
        2
        2
        2
        2
        2
        2
        2
        2
        2
        2
        2
        2
        2
        2
        2
        2
        2
        2
        2
        2
        2
        2
        2
        2
        2
        2
        2
        2
        2
        2
        2
        2
        2
        2
        2
        2
        2
        2
        2
        2
        2
        2
        2
        2
        2
        2
        2
        2
        2
        2
        2
        2
        2
        2
        2
        2
        2
        2
        2
        2
        2
        2
        2
        2
        2
        2
        2
        2
        2
        2
        2
        2
        2
        2
        2
        2
        2
        2
        2
        2
        2
        2
        2
        2
        2
        2
        2
        2
        2
        2
        2
        2
        2
        2
        2
        2
        2
        2
        2
        2
        2
        2
        2
        2
        2
        2
        2
        2
        2
        2
        2
        2
        2
        2
        2
        2
        2
        2
        2
        2
        2
        2
        2
        2
        2
        2
        2
        2
        2
        2
        2
        2
        2
        2
        2
        2
        2
        2
        2
        2
        2
        2
        2
        2
        2
        2
        2
        2
        2
        2
        2
        2
        2
        2
        2
        2
        2
        2
        2
        2
        2
        2
        2
        2
        2
        2
        2
        2
        2
        2
        2
        2
        2
        2
        2
        2
        2
        2
        2
        2
        2
        2
        2
        2
        2
        2
        2
        2
        2
        2
        2
        2
        2
        2
        2
        2
        2
        2
        2
        2
        2
        2
        2
        2
        2
        2
        2
        2
        2
        2
        2
        2
        2
        2
        2
        2
        2
        2
        2
        2
        2
        2
        2
        2
        2
        2
        2
        2
        2
        2
        2
        2
        2
        2
        2
        2
        2
        2
        2
        2
        2
        2
        2
        2
        2
        2
        2
        2
        2
        2
        2
        2
        2
        2
        2
        2
        2
        2
        2
        2
        2
        2
        2
        2
        2
        2
        2
        2
        2
        2
        2
        2
        2
        2
        2
        2
        2
        2
        2
        2
        2
        2
        2
        2
        2
        2
        2
        2
        2
        2
        2
        2
        2
        2
        2
        2
        2
        2
        2
        2
        2
        2
        2
        2
        2
        2
        2
        2
        2
        2
        2
        2
        2
        2
        2
        2
        2
        2
        2
        2
        2
        2
        2
        2
        2
        2
        2
        2
        2
        2
        2
        2
        2
        2
        2
        2
        2
        2
        2
        2
        2
        2
        2
        2
        2
        2
        2
        2
        2
        2
        2
        2
        2
        2
        2
        2
        2
        2
        2
        2
        2
        2
        2
        2
        2
        2
        2
        2
        2
        2
        2
        2
        2
        2
        2
        2
        2
        2
        2
        2
        2
        2
        2
        2
        2
        2
        2
        2
        2
        2
        2
        2
        2
        2
        2
        2
        2
        2
        2
        2
        2
        2
        2
        2
        2
        2
        2
        2
        2
        2
        2
        2
        2
        2
        2
        2
        2
        2
        2
        2
        2
        2
        2
        2
        2
        2
        2
        2
        2
        2
        2
        2
        2
        2
        2
        2
        2
        2
        2
        2
        2
        2
        2
        2
        2
        2
        2
        2
        2
        2
        2
        2
        2
        2
        2
        2
        2
        2
        2
        2
        2
        2
        2
        2
        2
        2
        2
        2
        2
        2
        2
        2
        2
        2
        2
        2
        2
        2
        2
        2
        2
        2
        2
        2
        2
        2
        2
        2
        2
        2
        2
        2
        2
        2
        2
        2
        2
        2
        2
        2
        2
        2
        2
        2
        2
        2
        2
        2
        2
        2
        2
        2
        2
        2
        2
        2
        2
        2
        2
        2
        2
        2
        2
        2
        2
        2
        2
        2
        2
        2
        2
        2
        2
        2
        2
        2
        2
        2
        2
        2
        2
        2
        2
        2
        2
        2
        2
        2
        2
        2
        2
        2
        2
        2
        2
        2
        2
        2
        2
        2
        2
        2
        2
        2
        2
        2
        2
        2
        2
        2
        2
        2
        2
        2
        2
        2
        2
        2
        2
        2
        2
        2
        2
        2
        2
        2
        2
        2
        2
        2
        2
        2
        2
        2
        2
        2
        2
        2
        2
        2
        2
        2
        2
        2
        2
        2
        2
        2
        2
        2
        2
        2
        2
        2
        2
        2
        2
        2
        2
        2
        2
        2
        2
        2
        2
        2
        2
        2
        2
        2
        2
        2
        2
        2
        2
        2
        2
        2
        2
        2
        2
        2
        2
        2
        2
        2
        2
        2
        2
        2
        2
        2
        2
        2
        2
        2
        2
        2
        2
        2
        2
        2
        2
        2
        2
        2
        2
        2
        2
        2
        2
        2
        2
        2
        2
        2
        2
        2
        2
        2
        2
        2
        2
        2
        2
        2
        2
        2
        2
