# vtk DataFile Version 2.0
converted dat file nfw1                                                         
ASCII
           
DATASET UNSTRUCTURED_GRID
POINTS     5020 float
  3687.5281      -1746.0953      -1608.0000    
  3687.5281      -1746.0953      -2411.0000    
  3513.4807      -2016.1711      -2411.0000    
  3513.4807      -2016.1711      -1608.0000    
  3510.0552      -2020.7578      -2411.0000    
  3510.0552      -2020.7578      -1608.0000    
  3659.5591      -1735.2443      -1508.0000    
  3633.4888      -1722.9286      -1516.5393    
  3462.4202      -1988.0748      -1516.3297    
  3741.3076      -1361.7246      -1516.4905    
  3768.6897      -1371.6909      -1508.0000    
  3796.7803      -1381.9150      -2411.0000    
  3768.6897      -1371.6909      -2511.0000    
  3659.5591      -1735.2443      -2511.0000    
  3741.3076      -1361.7246      -2502.5095    
  3633.5115      -1722.9374      -2502.3796    
  3918.7786      -1023.0451      -2511.0000    
  3890.9141      -1015.7296      -2502.3796    
  3462.4202      -1988.0748      -2502.6702    
  3459.7168      -1991.6949      -2502.6702    
  3484.8503      -2006.2058      -2511.0000    
  3918.7786      -1023.0451      -1508.0000    
  3947.1787      -1032.7107      -1608.0000    
  3796.7803      -1381.9150      -1608.0000    
  3890.8911      -1015.7217      -1516.5393    
  3930.2776      -702.64716      -1516.3297    
  3930.5337      -698.13623      -1516.3297    
  3959.1145      -703.17584      -1508.0000    
  3959.1145      -703.17584      -2511.0000    
  3926.9487      -1090.1111      -2400.0044    
  3987.4521      -713.94513      -2411.0000    
  3987.7764      -708.22968      -2411.0000    
  3930.5337      -698.13623      -2502.6702    
  3930.2776      -702.64716      -2502.6702    
  3987.4521      -713.94513      -1608.0000    
  3987.7764      -708.22968      -1608.0000    
  3947.1787      -1032.7107      -2411.0000    
  3958.0256      -702.98389      -2406.7517    
  3958.0256      -702.98389      -1612.2484    
  3459.7168      -1991.6949      -1516.3297    
  3484.8503      -2006.2058      -1508.0000    
  3483.8928      -2005.6530      -1612.2484    
  3483.8928      -2005.6530      -2406.7517    
  3687.5281      -1746.0953      -1629.5087    
  3687.5281      -1746.0953      -1649.5087    
  3687.5281      -1746.0953      -1669.5087    
  3687.5281      -1746.0953      -1689.5087    
  3687.5281      -1746.0953      -1709.5087    
  3687.5281      -1746.0953      -1729.5087    
  3687.5281      -1746.0953      -1749.5087    
  3687.5281      -1746.0953      -1769.5087    
  3687.5281      -1746.0953      -1789.5087    
  3687.5281      -1746.0953      -1809.5087    
  3687.5281      -1746.0953      -1829.5087    
  3687.5281      -1746.0953      -1849.5087    
  3687.5281      -1746.0953      -1869.5087    
  3687.5281      -1746.0953      -1889.5087    
  3687.5281      -1746.0953      -1909.5087    
  3687.5281      -1746.0953      -1929.5087    
  3687.5281      -1746.0953      -1949.5087    
  3687.5281      -1746.0953      -1969.5087    
  3687.5281      -1746.0953      -1989.5087    
  3687.5281      -1746.0953      -2009.5087    
  3687.5281      -1746.0953      -2029.5087    
  3687.5281      -1746.0953      -2049.5088    
  3687.5281      -1746.0953      -2069.5088    
  3687.5281      -1746.0953      -2089.5088    
  3687.5281      -1746.0953      -2109.5088    
  3687.5281      -1746.0953      -2129.5088    
  3687.5281      -1746.0953      -2149.5088    
  3687.5281      -1746.0953      -2169.5088    
  3687.5281      -1746.0953      -2189.5088    
  3687.5281      -1746.0953      -2209.5088    
  3687.5281      -1746.0953      -2229.5088    
  3687.5281      -1746.0953      -2249.5088    
  3687.5281      -1746.0953      -2269.5088    
  3687.5281      -1746.0953      -2289.5088    
  3687.5281      -1746.0953      -2309.5088    
  3687.5281      -1746.0953      -2329.5088    
  3687.5281      -1746.0953      -2349.5088    
  3687.5281      -1746.0953      -2369.6951    
  3687.5281      -1746.0953      -2390.3477    
  3679.9341      -1759.5065      -2411.0000    
  3672.2705      -1772.8778      -2411.0000    
  3664.5020      -1786.2675      -2411.0000    
  3656.5920      -1799.7329      -2411.0000    
  3648.7209      -1812.9666      -2411.0000    
  3640.7776      -1826.1567      -2411.0000    
  3629.9270      -1843.9105      -2411.0000    
  3618.9407      -1861.5804      -2411.0000    
  3610.0664      -1875.6317      -2411.0000    
  3601.1025      -1889.6261      -2411.0000    
  3591.4131      -1904.5308      -2411.0000    
  3581.3606      -1919.7516      -2411.0000    
  3571.0156      -1935.1600      -2411.0000    
  3561.9824      -1948.4038      -2411.0000    
  3552.8594      -1961.5804      -2411.0000    
  3538.7407      -1981.5804      -2411.0000    
  3530.4253      -1993.1364      -2411.0000    
  3522.0305      -2004.6346      -2411.0000    
  3513.4807      -2016.1711      -1629.1787    
  3513.4807      -2016.1711      -1649.5087    
  3513.4807      -2016.1711      -1669.5087    
  3513.4807      -2016.1711      -1689.5087    
  3513.4807      -2016.1711      -1709.5087    
  3513.4807      -2016.1711      -1729.5087    
  3513.4807      -2016.1711      -1749.5087    
  3513.4807      -2016.1711      -1769.5087    
  3513.4807      -2016.1711      -1789.5087    
  3513.4807      -2016.1711      -1809.5087    
  3513.4807      -2016.1711      -1829.5087    
  3513.4807      -2016.1711      -1849.5087    
  3513.4807      -2016.1711      -1869.5087    
  3513.4807      -2016.1711      -1889.5087    
  3513.4807      -2016.1711      -1909.5087    
  3513.4807      -2016.1711      -1929.5087    
  3513.4807      -2016.1711      -1949.5087    
  3513.4807      -2016.1711      -1969.5087    
  3513.4807      -2016.1711      -1989.5087    
  3513.4807      -2016.1711      -2009.5087    
  3513.4807      -2016.1711      -2029.5087    
  3513.4807      -2016.1711      -2049.5088    
  3513.4807      -2016.1711      -2069.5088    
  3513.4807      -2016.1711      -2089.5088    
  3513.4807      -2016.1711      -2109.5088    
  3513.4807      -2016.1711      -2129.5088    
  3513.4807      -2016.1711      -2149.5088    
  3513.4807      -2016.1711      -2169.5088    
  3513.4807      -2016.1711      -2189.5088    
  3513.4807      -2016.1711      -2209.5088    
  3513.4807      -2016.1711      -2229.5088    
  3513.4807      -2016.1711      -2249.5088    
  3513.4807      -2016.1711      -2269.5088    
  3513.4807      -2016.1711      -2289.5088    
  3513.4807      -2016.1711      -2309.5554    
  3513.4807      -2016.1711      -2329.6951    
  3513.4807      -2016.1711      -2349.9397    
  3513.4807      -2016.1711      -2370.2661    
  3513.4807      -2016.1711      -2390.5923    
  3680.6885      -1758.1818      -1608.0000    
  3673.7920      -1770.2358      -1608.0000    
  3666.5085      -1782.8245      -1608.0000    
  3659.1619      -1795.3763      -1608.0000    
  3651.3887      -1808.4995      -1608.0000    
  3642.2256      -1823.7649      -1608.0000    
  3631.3618      -1841.5804      -1608.0000    
  3621.2471      -1857.8962      -1608.0000    
  3611.9661      -1872.6405      -1608.0000    
  3602.5869      -1887.3225      -1608.0000    
  3593.3022      -1901.6428      -1608.0000    
  3584.4714      -1915.0676      -1608.0000    
  3575.6064      -1928.3539      -1608.0000    
  3566.6531      -1941.5804      -1608.0000    
  3554.4077      -1959.3582      -1608.0000    
  3541.9919      -1977.0170      -1608.0000    
  3532.2046      -1990.6774      -1608.0000    
  3522.3074      -2004.2581      -1608.0000    
  3510.0552      -2020.7578      -2389.8350    
  3510.0552      -2020.7578      -2369.5088    
  3510.0552      -2020.7578      -2349.5088    
  3510.0552      -2020.7578      -2329.5088    
  3510.0552      -2020.7578      -2309.5088    
  3510.0552      -2020.7578      -2289.5088    
  3510.0552      -2020.7578      -2269.5088    
  3510.0552      -2020.7578      -2249.5088    
  3510.0552      -2020.7578      -2229.5088    
  3510.0552      -2020.7578      -2209.5088    
  3510.0552      -2020.7578      -2189.5088    
  3510.0552      -2020.7578      -2169.5088    
  3510.0552      -2020.7578      -2149.5088    
  3510.0552      -2020.7578      -2129.5088    
  3510.0552      -2020.7578      -2109.5088    
  3510.0552      -2020.7578      -2089.5088    
  3510.0552      -2020.7578      -2069.5088    
  3510.0552      -2020.7578      -2049.5088    
  3510.0552      -2020.7578      -2029.5087    
  3510.0552      -2020.7578      -2009.5087    
  3510.0552      -2020.7578      -1989.5087    
  3510.0552      -2020.7578      -1969.5087    
  3510.0552      -2020.7578      -1949.5087    
  3510.0552      -2020.7578      -1929.5087    
  3510.0552      -2020.7578      -1909.5087    
  3510.0552      -2020.7578      -1889.5087    
  3510.0552      -2020.7578      -1869.5087    
  3510.0552      -2020.7578      -1849.5087    
  3510.0552      -2020.7578      -1829.5087    
  3510.0552      -2020.7578      -1809.5087    
  3510.0552      -2020.7578      -1789.5087    
  3510.0552      -2020.7578      -1769.5087    
  3510.0552      -2020.7578      -1749.5087    
  3510.0552      -2020.7578      -1729.5087    
  3510.0552      -2020.7578      -1709.4615    
  3510.0552      -2020.7578      -1689.3202    
  3510.0552      -2020.7578      -1669.0726    
  3510.0552      -2020.7578      -1648.7426    
  3510.0552      -2020.7578      -1628.4126    
  3654.4993      -1744.1982      -1508.0000    
  3647.5264      -1756.4200      -1508.0000    
  3640.4946      -1768.6091      -1508.0000    
  3631.6145      -1783.8092      -1508.0000    
  3620.3623      -1802.7667      -1508.0000    
  3610.2566      -1819.5092      -1508.0000    
  3600.6887      -1835.1171      -1508.0000    
  3591.0156      -1850.6598      -1508.0000    
  3581.8923      -1865.1034      -1508.0000    
  3571.9575      -1880.5967      -1508.0000    
  3561.9106      -1896.0176      -1508.0000    
  3551.0156      -1912.4628      -1508.0000    
  3542.0825      -1925.7321      -1508.0000    
  3531.8054      -1940.7603      -1508.0000    
  3521.4712      -1955.6169      -1508.0000    
  3511.1731      -1970.1675      -1508.0000    
  3501.0723      -1984.1927      -1508.0000    
  3491.0156      -1997.9139      -1508.0000    
  3665.4678      -1737.5366      -1529.1254    
  3670.7329      -1739.5793      -1547.9506    
  3676.2212      -1741.7086      -1567.5734    
  3681.7095      -1743.8379      -1587.1962    
  3491.0156      -2007.4553      -1527.6780    
  3496.7852      -2009.6938      -1548.3073    
  3502.5549      -2011.9324      -1568.9366    
  3508.3088      -2014.1647      -1589.5087    
  3511.0156      -2015.2147      -1599.1863    
  3651.0156      -1731.2083      -1510.7987    
  3472.0010      -1975.1422      -1516.3472    
  3481.0635      -1962.7031      -1516.3628    
  3490.0322      -1950.1963      -1516.3774    
  3498.6047      -1938.0592      -1516.3907    
  3509.9102      -1921.7800      -1516.4073    
  3521.0723      -1905.4030      -1516.4229    
  3530.4592      -1891.3948      -1516.4352    
  3538.3303      -1879.4818      -1516.4451    
  3548.9980      -1863.0925      -1516.4579    
  3559.5381      -1846.6205      -1516.4700    
  3569.0002      -1831.5945      -1516.4802    
  3576.4182      -1819.6555      -1516.4880    
  3584.1577      -1807.0477      -1516.4958    
  3591.8284      -1794.3981      -1516.5033    
  3599.5066      -1781.5804      -1516.5105    
  3611.0156      -1762.0723      -1516.5208    
  3622.8813      -1741.5804      -1516.5309    
  3470.3545      -1994.0002      -1513.4677    
  3754.9968      -1366.7070      -1512.2477    
  3737.7402      -1379.7770      -1516.5087    
  3733.9412      -1397.7819      -1516.5245    
  3730.3875      -1413.7227      -1516.5369    
  3726.6726      -1429.6271      -1516.5477    
  3722.7732      -1445.6211      -1516.5575    
  3718.6973      -1461.6892      -1516.5662    
  3714.5535      -1477.4395      -1516.5739    
  3710.2771      -1493.1537      -1516.5807    
  3705.9531      -1508.5527      -1516.5867    
  3701.5347      -1523.8354      -1516.5919    
  3695.8999      -1542.7369      -1516.5977    
  3689.8459      -1562.3925      -1516.6028    
  3683.6165      -1581.9932      -1516.6072    
  3677.2041      -1601.5804      -1516.6107    
  3670.4678      -1621.5804      -1516.6138    
  3663.5439      -1641.5804      -1516.6162    
  3656.4360      -1661.5804      -1516.6180    
  3649.1472      -1681.5804      -1516.6194    
  3641.6799      -1701.5804      -1516.6201    
  3766.2805      -1383.7998      -1508.0000    
  3762.5493      -1401.5804      -1508.0000    
  3758.3828      -1420.3114      -1508.0000    
  3753.9983      -1438.9927      -1508.0000    
  3751.0156      -1451.1968      -1508.0000    
  3748.0994      -1462.7869      -1508.0000    
  3743.6624      -1479.8489      -1508.0000    
  3739.0708      -1496.8700      -1508.0000    
  3734.4287      -1513.5056      -1508.0000    
  3730.1726      -1528.3107      -1508.0000    
  3725.8110      -1543.0848      -1508.0000    
  3720.1934      -1561.5804      -1508.0000    
  3714.3003      -1580.4071      -1508.0000    
  3710.5339      -1592.1584      -1508.0000    
  3707.0920      -1602.7207      -1508.0000    
  3700.8147      -1621.5804      -1508.0000    
  3694.3613      -1640.4694      -1508.0000    
  3690.1108      -1652.6559      -1508.0000    
  3686.1956      -1663.7141      -1508.0000    
  3679.7539      -1681.5804      -1508.0000    
  3672.3745      -1701.5804      -1508.0000    
  3664.8201      -1721.5804      -1508.0000    
  3791.1228      -1379.8558      -2431.1401    
  3785.6802      -1377.8749      -2450.5156    
  3780.3450      -1375.9330      -2469.5088    
  3775.9727      -1374.3417      -2485.0737    
  3772.1851      -1372.9630      -2498.5574    
  3664.8201      -1721.5804      -2511.0000    
  3672.3745      -1701.5804      -2511.0000    
  3679.7539      -1681.5804      -2511.0000    
  3686.1956      -1663.7141      -2511.0000    
  3690.1108      -1652.6559      -2511.0000    
  3694.3613      -1640.4694      -2511.0000    
  3700.8147      -1621.5804      -2511.0000    
  3707.4661      -1601.5804      -2511.0000    
  3710.7185      -1591.5875      -2511.0000    
  3714.7180      -1579.0906      -2511.0000    
  3720.1934      -1561.5804      -2511.0000    
  3725.8110      -1543.0848      -2511.0000    
  3730.1726      -1528.3107      -2511.0000    
  3734.4287      -1513.5056      -2511.0000    
  3739.0708      -1496.8700      -2511.0000    
  3743.6624      -1479.8489      -2511.0000    
  3748.0994      -1462.7869      -2511.0000    
  3751.0156      -1451.1968      -2511.0000    
  3753.9983      -1438.9927      -2511.0000    
  3758.3828      -1420.3114      -2511.0000    
  3762.5493      -1401.5804      -2511.0000    
  3766.2158      -1384.1167      -2511.0000    
  3681.9146      -1743.9175      -2431.0703    
  3676.3013      -1741.7396      -2451.1404    
  3670.7305      -1739.5784      -2471.0581    
  3665.5701      -1737.5763      -2489.5088    
  3691.9395      -1734.6520      -2411.0000    
  3697.5583      -1719.8584      -2411.0000    
  3704.4844      -1701.2675      -2411.0000    
  3711.2754      -1682.6268      -2411.0000    
  3718.0393      -1663.6219      -2411.0000    
  3723.9468      -1646.6337      -2411.0000    
  3729.0498      -1631.6412      -2411.0000    
  3733.7217      -1617.6372      -2411.0000    
  3739.4653      -1600.0258      -2411.0000    
  3745.0730      -1582.3704      -2411.0000    
  3751.0156      -1563.1084      -2411.0000    
  3757.4351      -1541.5804      -2411.0000    
  3762.3662      -1524.4675      -2411.0000    
  3767.1516      -1507.3134      -2411.0000    
  3770.6313      -1494.4585      -2411.0000    
  3774.0237      -1481.5804      -2411.0000    
  3778.6797      -1463.2740      -2411.0000    
  3783.1345      -1444.9604      -2411.0000    
  3787.3884      -1426.5990      -2411.0000    
  3790.1565      -1414.1007      -2411.0000    
  3792.8220      -1401.5804      -2411.0000    
  3755.0005      -1366.7085      -2506.7534    
  3737.5557      -1380.6790      -2502.4905    
  3733.9412      -1397.7827      -2502.4753    
  3730.3364      -1413.9459      -2502.4629    
  3726.6702      -1429.6375      -2502.4521    
  3722.7717      -1445.6273      -2502.4426    
  3718.6965      -1461.6925      -2502.4338    
  3714.5334      -1477.5143      -2502.4260    
  3710.2366      -1493.3003      -2502.4192    
  3705.8696      -1508.8453      -2502.4133    
  3700.9548      -1525.8096      -2502.4075    
  3695.9011      -1542.7332      -2502.4023    
  3689.8467      -1562.3900      -2502.3972    
  3683.6169      -1581.9919      -2502.3928    
  3677.2041      -1601.5804      -2502.3892    
  3670.4678      -1621.5804      -2502.3862    
  3663.5439      -1641.5804      -2502.3838    
  3656.4360      -1661.5804      -2502.3818    
  3649.0051      -1681.9652      -2502.3806    
  3641.4116      -1702.2900      -2502.3799    
  3911.9604      -1042.8397      -2511.0000    
  3904.9956      -1062.5831      -2511.0000    
  3898.3062      -1081.1093      -2511.0000    
  3891.4819      -1099.5862      -2511.0000    
  3884.6995      -1117.5431      -2511.0000    
  3878.2100      -1134.3573      -2511.0000    
  3871.6008      -1151.1248      -2511.0000    
  3866.8496      -1162.9623      -2511.0000    
  3859.2290      -1181.5804      -2511.0000    
  3851.7070      -1199.5259      -2511.0000    
  3844.0322      -1217.4064      -2511.0000    
  3836.6929      -1234.1095      -2511.0000    
  3830.4749      -1247.9639      -2511.0000    
  3824.1331      -1261.8201      -2511.0000    
  3817.6299      -1275.7462      -2511.0000    
  3811.0156      -1289.6200      -2511.0000    
  3804.6470      -1302.7059      -2511.0000    
  3797.8914      -1316.2985      -2511.0000    
  3791.0156      -1329.8306      -2511.0000    
  3783.9058      -1343.5048      -2511.0000    
  3776.6611      -1357.1078      -2511.0000    
  3752.2651      -1341.7372      -2502.4873    
  3762.8113      -1321.7667      -2502.4688    
  3773.0696      -1301.6469      -2502.4531    
  3782.9661      -1281.5804      -2502.4402    
  3792.4978      -1261.6351      -2502.4290    
  3801.7974      -1241.5804      -2502.4194    
  3810.0518      -1223.2765      -2502.4121    
  3818.1299      -1204.8940      -2502.4058    
  3825.1431      -1188.5496      -2502.4009    
  3830.9006      -1174.8573      -2502.3972    
  3836.3848      -1161.5804      -2502.3940    
  3843.7734      -1143.3199      -2502.3904    
  3851.0156      -1124.9956      -2502.3872    
  3859.1416      -1103.9130      -2502.3845    
  3865.6594      -1086.5902      -2502.3828    
  3872.0547      -1069.2220      -2502.3813    
  3876.5305      -1056.8416      -2502.3806    
  3881.5364      -1042.7672      -2502.3801    
  3886.4658      -1028.6659      -2502.3796    
  3651.0156      -1731.2083      -2508.2012    
  3654.1621      -1744.7926      -2511.0000    
  3647.2947      -1756.8240      -2511.0000    
  3639.9302      -1769.5814      -2511.0000    
  3631.6118      -1783.8136      -2511.0000    
  3620.3616      -1802.7682      -2511.0000    
  3610.2554      -1819.5111      -2511.0000    
  3600.6880      -1835.1182      -2511.0000    
  3591.0156      -1850.6598      -2511.0000    
  3581.9277      -1865.0476      -2511.0000    
  3571.9246      -1880.6476      -2511.0000    
  3561.8079      -1896.1740      -2511.0000    
  3551.0156      -1912.4628      -2511.0000    
  3541.1838      -1927.0562      -2511.0000    
  3531.2395      -1941.5804      -2511.0000    
  3521.1895      -1956.0182      -2511.0000    
  3511.0156      -1970.3882      -2511.0000    
  3501.0728      -1984.1921      -2511.0000    
  3491.0156      -1997.9139      -2511.0000    
  3472.0000      -1975.1439      -2502.6528    
  3481.0623      -1962.7051      -2502.6372    
  3490.0305      -1950.1985      -2502.6226    
  3498.6025      -1938.0624      -2502.6091    
  3509.9087      -1921.7822      -2502.5925    
  3521.0720      -1905.4033      -2502.5771    
  3530.3953      -1891.4910      -2502.5649    
  3538.3921      -1879.3877      -2502.5549    
  3549.2710      -1862.6693      -2502.5417    
  3560.0171      -1845.8654      -2502.5295    
  3569.1243      -1831.3962      -2502.5195    
  3576.8379      -1818.9756      -2502.5115    
  3584.2690      -1806.8654      -2502.5042    
  3591.9216      -1794.2433      -2502.4966    
  3599.5066      -1781.5804      -2502.4895    
  3611.0156      -1762.0723      -2502.4792    
  3622.8813      -1741.5804      -2502.4692    
  3470.3545      -1994.0002      -2505.5322    
  3471.0156      -1998.2183      -2506.4148    
  3477.1125      -2001.7383      -2508.4355    
  3776.3306      -1357.7206      -1508.0000    
  3783.8198      -1343.6683      -1508.0000    
  3790.9336      -1329.9897      -1508.0000    
  3797.9185      -1316.2448      -1508.0000    
  3804.7012      -1302.5958      -1508.0000    
  3810.8674      -1289.9271      -1508.0000    
  3817.1941      -1276.6688      -1508.0000    
  3823.5457      -1263.0900      -1508.0000    
  3830.0703      -1248.8563      -1508.0000    
  3836.4866      -1234.5735      -1508.0000    
  3843.0637      -1219.6323      -1508.0000    
  3851.2329      -1200.6431      -1508.0000    
  3859.2290      -1181.5804      -1508.0000    
  3866.8496      -1162.9623      -1508.0000    
  3871.6006      -1151.1252      -1508.0000    
  3878.0645      -1134.7305      -1508.0000    
  3884.4138      -1118.2910      -1508.0000    
  3891.3894      -1099.8337      -1508.0000    
  3898.3521      -1080.9834      -1508.0000    
  3905.1743      -1062.0818      -1508.0000    
  3912.0481      -1042.5885      -1508.0000    
  3924.8408      -1025.1084      -1529.3464    
  3930.7236      -1027.1105      -1550.0603    
  3936.2471      -1028.9902      -1569.5087    
  3941.7129      -1030.8505      -1588.7544    
  3942.5779      -1046.1201      -1608.0000    
  3936.3064      -1064.0557      -1608.0000    
  3929.9124      -1081.9481      -1608.0000    
  3922.6555      -1101.7933      -1608.0000    
  3915.2419      -1121.5804      -1608.0000    
  3911.1370      -1132.3315      -1608.0000    
  3906.5454      -1144.1891      -1608.0000    
  3899.2173      -1162.7551      -1608.0000    
  3891.2817      -1182.3785      -1608.0000    
  3882.9998      -1202.3411      -1608.0000    
  3875.3721      -1220.2744      -1608.0000    
  3870.6433      -1231.1791      -1608.0000    
  3865.6494      -1242.5222      -1608.0000    
  3859.3352      -1256.6140      -1608.0000    
  3853.6265      -1269.1169      -1608.0000    
  3847.8325      -1281.5804      -1608.0000    
  3839.5151      -1299.0796      -1608.0000    
  3831.0156      -1316.4906      -1608.0000    
  3822.1760      -1334.1005      -1608.0000    
  3815.0786      -1347.8760      -1608.0000    
  3807.8479      -1361.5804      -1608.0000    
  3791.3740      -1379.9474      -1588.7544    
  3785.9680      -1377.9796      -1569.5087    
  3780.3499      -1375.9348      -1549.5087    
  3775.9753      -1374.3427      -1533.9359    
  3772.1863      -1372.9635      -1520.4470    
  3904.8208      -1019.3798      -1512.2742    
  3944.6843      -703.46448      -1512.1592    
  3929.0667      -722.33002      -1516.3510    
  3927.6606      -741.99988      -1516.3705    
  3926.0491      -761.87921      -1516.3887    
  3924.2510      -781.78320      -1516.4056    
  3922.2712      -801.71790      -1516.4214    
  3920.1204      -821.63483      -1516.4360    
  3917.7976      -841.58044      -1516.4498    
  3915.3037      -861.58044      -1516.4626    
  3913.1274      -878.05890      -1516.4728    
  3910.8457      -894.52332      -1516.4823    
  3908.5022      -910.69110      -1516.4911    
  3905.9775      -927.38324      -1516.4999    
  3903.1689      -945.18323      -1516.5087    
  3900.1455      -963.56091      -1516.5173    
  3897.0010      -981.91870      -1516.5255    
  3893.6296      -1000.8505      -1516.5334    
  3922.7249      -1001.5804      -1508.0000    
  3926.2542      -981.58044      -1508.0000    
  3929.4314      -962.83167      -1508.0000    
  3931.1748      -952.20898      -1508.0000    
  3932.8774      -941.58044      -1508.0000    
  3935.9673      -921.58044      -1508.0000    
  3938.9065      -901.58044      -1508.0000    
  3941.6919      -881.58044      -1508.0000    
  3944.3208      -861.58044      -1508.0000    
  3946.7898      -841.58044      -1508.0000    
  3948.9409      -822.96350      -1508.0000    
  3951.3091      -800.83142      -1508.0000    
  3953.1682      -781.88342      -1508.0000    
  3954.9719      -761.70795      -1508.0000    
  3956.5840      -741.58044      -1508.0000    
  3957.9937      -721.58044      -1508.0000    
  3944.8384      -700.65857      -1512.1606    
  3981.9192      -712.06207      -2430.4819    
  3976.2461      -710.13129      -2450.4575    
  3970.5193      -708.18231      -2470.6216    
  3964.7700      -706.22565      -2490.8655    
  3982.0842      -707.22601      -2430.8596    
  3976.3784      -706.21991      -2450.7673    
  3970.6506      -705.20996      -2470.7505    
  3964.9231      -704.20007      -2490.7339    
  3944.6843      -703.46448      -2506.8408    
  3944.8240      -700.65607      -2506.8352    
  3987.4521      -713.94513      -1628.4126    
  3987.4521      -713.94513      -1648.7426    
  3987.4521      -713.94513      -1669.0726    
  3987.4521      -713.94513      -1689.3202    
  3987.4521      -713.94513      -1709.4615    
  3987.4521      -713.94513      -1729.5087    
  3987.4521      -713.94513      -1749.5087    
  3987.4521      -713.94513      -1769.5087    
  3987.4521      -713.94513      -1789.5087    
  3987.4521      -713.94513      -1809.5087    
  3987.4521      -713.94513      -1829.5087    
  3987.4521      -713.94513      -1849.5087    
  3987.4521      -713.94513      -1869.5087    
  3987.4521      -713.94513      -1889.5087    
  3987.4521      -713.94513      -1909.5087    
  3987.4521      -713.94513      -1929.5087    
  3987.4521      -713.94513      -1949.5087    
  3987.4521      -713.94513      -1969.5087    
  3987.4521      -713.94513      -1989.5087    
  3987.4521      -713.94513      -2009.5087    
  3987.4521      -713.94513      -2029.5087    
  3987.4521      -713.94513      -2049.5088    
  3987.4521      -713.94513      -2069.5088    
  3987.4521      -713.94513      -2089.5088    
  3987.4521      -713.94513      -2109.5088    
  3987.4521      -713.94513      -2129.5088    
  3987.4521      -713.94513      -2149.5088    
  3987.4521      -713.94513      -2169.5088    
  3987.4521      -713.94513      -2189.5088    
  3987.4521      -713.94513      -2209.5088    
  3987.4521      -713.94513      -2229.5088    
  3987.4521      -713.94513      -2249.5088    
  3987.4521      -713.94513      -2269.5088    
  3987.4521      -713.94513      -2289.5088    
  3987.4521      -713.94513      -2309.5088    
  3987.4521      -713.94513      -2329.5088    
  3987.4521      -713.94513      -2349.5088    
  3987.4521      -713.94513      -2369.5088    
  3987.4521      -713.94513      -2389.8350    
  3987.7764      -708.22968      -2390.6038    
  3987.7764      -708.22968      -2370.2820    
  3987.7764      -708.22968      -2349.9602    
  3987.7764      -708.22968      -2329.7126    
  3987.7764      -708.22968      -2309.5554    
  3987.7764      -708.22968      -2289.5088    
  3987.7764      -708.22968      -2269.5088    
  3987.7764      -708.22968      -2249.5088    
  3987.7764      -708.22968      -2229.5088    
  3987.7764      -708.22968      -2209.5088    
  3987.7764      -708.22968      -2189.5088    
  3987.7764      -708.22968      -2169.5088    
  3987.7764      -708.22968      -2149.5088    
  3987.7764      -708.22968      -2129.5088    
  3987.7764      -708.22968      -2109.5088    
  3987.7764      -708.22968      -2089.5088    
  3987.7764      -708.22968      -2069.5088    
  3987.7764      -708.22968      -2049.5088    
  3987.7764      -708.22968      -2029.5087    
  3987.7764      -708.22968      -2009.5087    
  3987.7764      -708.22968      -1989.5087    
  3987.7764      -708.22968      -1969.5087    
  3987.7764      -708.22968      -1949.5087    
  3987.7764      -708.22968      -1929.5087    
  3987.7764      -708.22968      -1909.5087    
  3987.7764      -708.22968      -1889.5087    
  3987.7764      -708.22968      -1869.5087    
  3987.7764      -708.22968      -1849.5087    
  3987.7764      -708.22968      -1829.5087    
  3987.7764      -708.22968      -1809.5087    
  3987.7764      -708.22968      -1789.5087    
  3987.7764      -708.22968      -1769.5087    
  3987.7764      -708.22968      -1749.5087    
  3987.7764      -708.22968      -1729.5087    
  3987.7764      -708.22968      -1709.5087    
  3987.7764      -708.22968      -1689.5087    
  3987.7764      -708.22968      -1669.5087    
  3987.7764      -708.22968      -1649.5087    
  3987.7764      -708.22968      -1629.1787    
  3929.0667      -722.32977      -2502.6492    
  3927.6606      -741.99976      -2502.6296    
  3926.0491      -761.87909      -2502.6113    
  3924.2510      -781.78314      -2502.5945    
  3922.2712      -801.71790      -2502.5786    
  3920.1201      -821.63483      -2502.5640    
  3917.7976      -841.58044      -2502.5503    
  3915.3035      -861.58044      -2502.5374    
  3913.1274      -878.05902      -2502.5273    
  3910.8457      -894.52344      -2502.5178    
  3908.4504      -911.04010      -2502.5088    
  3905.9529      -927.54169      -2502.5000    
  3903.2556      -944.64514      -2502.4915    
  3900.2456      -962.96497      -2502.4829    
  3897.0010      -981.91901      -2502.4746    
  3893.6296      -1000.8510      -2502.4666    
  3904.8210      -1019.3798      -2506.7258    
  3922.7249      -1001.5804      -2511.0000    
  3926.2542      -981.58044      -2511.0000    
  3929.4365      -962.80151      -2511.0000    
  3931.3159      -951.33710      -2511.0000    
  3933.6819      -936.46472      -2511.0000    
  3935.9673      -921.58044      -2511.0000    
  3938.9065      -901.58044      -2511.0000    
  3941.6919      -881.58044      -2511.0000    
  3944.3208      -861.58044      -2511.0000    
  3946.7898      -841.58044      -2511.0000    
  3948.9517      -822.86920      -2511.0000    
  3951.2971      -800.94775      -2511.0000    
  3953.0969      -782.64209      -2511.0000    
  3954.9370      -762.11951      -2511.0000    
  3956.5840      -741.58044      -2511.0000    
  3957.9937      -721.58044      -2511.0000    
  3941.7104      -1030.8496      -2430.2544    
  3936.2422      -1028.9885      -2449.5088    
  3930.7217      -1027.1097      -2468.9468    
  3924.8403      -1025.1082      -2489.6558    
  3949.1157      -1022.2863      -2411.0000    
  3951.0007      -1011.9367      -2411.0000    
  3953.0610      -1000.3768      -2411.0000    
  3956.3083      -981.58044      -2411.0000    
  3959.6228      -961.58044      -2411.0000    
  3962.7896      -941.58044      -2411.0000    
  3965.8069      -921.58044      -2411.0000    
  3968.6721      -901.58044      -2411.0000    
  3971.3823      -881.58044      -2411.0000    
  3973.9346      -861.58044      -2411.0000    
  3976.3250      -841.58044      -2411.0000    
  3978.5496      -821.58044      -2411.0000    
  3980.6040      -801.58044      -2411.0000    
  3982.4829      -781.58044      -2411.0000    
  3984.1804      -761.58044      -2411.0000    
  3985.5796      -743.13281      -2411.0000    
  3986.8137      -724.67358      -2411.0000    
  3949.1641      -1022.0240      -1608.0000    
  3951.1338      -1011.1990      -1608.0000    
  3953.0627      -1000.3666      -1608.0000    
  3956.3083      -981.58044      -1608.0000    
  3959.6228      -961.58044      -1608.0000    
  3962.7896      -941.58044      -1608.0000    
  3965.8069      -921.58044      -1608.0000    
  3968.6721      -901.58044      -1608.0000    
  3971.3823      -881.58044      -1608.0000    
  3973.9346      -861.58044      -1608.0000    
  3976.3118      -841.69434      -1608.0000    
  3978.5271      -821.78961      -1608.0000    
  3980.5413      -802.21625      -1608.0000    
  3982.3467      -783.09711      -1608.0000    
  3983.9475      -764.45715      -1608.0000    
  3985.3840      -745.84717      -1608.0000    
  3986.6189      -727.76581      -1608.0000    
  3947.1787      -1032.7107      -1628.7544    
  3947.1787      -1032.7107      -1649.5087    
  3947.1787      -1032.7107      -1669.5087    
  3947.1787      -1032.7107      -1689.5087    
  3947.1787      -1032.7107      -1709.5087    
  3947.1787      -1032.7107      -1729.5087    
  3947.1787      -1032.7107      -1749.5087    
  3947.1787      -1032.7107      -1769.5087    
  3947.1787      -1032.7107      -1789.5087    
  3947.1787      -1032.7107      -1809.5087    
  3947.1787      -1032.7107      -1829.5087    
  3947.1787      -1032.7107      -1849.5087    
  3947.1787      -1032.7107      -1869.5087    
  3947.1787      -1032.7107      -1889.5087    
  3947.1787      -1032.7107      -1909.5087    
  3947.1787      -1032.7107      -1929.5087    
  3947.1787      -1032.7107      -1949.5087    
  3947.1787      -1032.7107      -1969.5087    
  3947.1787      -1032.7107      -1989.5087    
  3947.1787      -1032.7107      -2009.5087    
  3947.1787      -1032.7107      -2029.5087    
  3947.1787      -1032.7107      -2049.5088    
  3947.1787      -1032.7107      -2069.5088    
  3947.1787      -1032.7107      -2089.5088    
  3947.1787      -1032.7107      -2109.5088    
  3947.1787      -1032.7107      -2129.5088    
  3947.1787      -1032.7107      -2149.5088    
  3947.1787      -1032.7107      -2169.5088    
  3947.1787      -1032.7107      -2189.5088    
  3947.1787      -1032.7107      -2209.5088    
  3947.1787      -1032.7107      -2229.5088    
  3947.1787      -1032.7107      -2249.5088    
  3947.1787      -1032.7107      -2269.5088    
  3947.1787      -1032.7107      -2289.5088    
  3947.1787      -1032.7107      -2309.5554    
  3947.1787      -1032.7107      -2329.6484    
  3947.1787      -1032.7107      -2349.7417    
  3947.1787      -1032.7107      -2369.8816    
  3947.1787      -1032.7107      -2390.4407    
  3950.0667      -701.58044      -2434.5208    
  3944.9504      -700.67834      -2452.3704    
  3939.8828      -699.78479      -2470.0510    
  3935.1064      -698.94257      -2486.7161    
  3958.0256      -702.98389      -2389.5088    
  3958.0256      -702.98389      -2369.5088    
  3958.0256      -702.98389      -2349.5088    
  3958.0256      -702.98389      -2329.5088    
  3958.0256      -702.98389      -2309.5088    
  3958.0256      -702.98389      -2289.5088    
  3958.0256      -702.98389      -2269.5088    
  3958.0256      -702.98389      -2249.5088    
  3958.0256      -702.98389      -2229.5088    
  3958.0256      -702.98389      -2209.5088    
  3958.0256      -702.98389      -2189.5088    
  3958.0256      -702.98389      -2169.5088    
  3958.0256      -702.98389      -2149.5088    
  3958.0256      -702.98389      -2129.5088    
  3958.0256      -702.98389      -2109.5088    
  3958.0256      -702.98389      -2089.5088    
  3958.0256      -702.98389      -2069.5088    
  3958.0256      -702.98389      -2049.5088    
  3958.0256      -702.98389      -2029.5087    
  3958.0256      -702.98389      -2009.5087    
  3958.0256      -702.98389      -1989.5087    
  3958.0256      -702.98389      -1969.5087    
  3958.0256      -702.98389      -1949.5087    
  3958.0256      -702.98389      -1929.5087    
  3958.0256      -702.98389      -1909.5087    
  3958.0256      -702.98389      -1889.5087    
  3958.0256      -702.98389      -1869.5087    
  3958.0256      -702.98389      -1849.5087    
  3958.0256      -702.98389      -1829.5087    
  3958.0256      -702.98389      -1809.5087    
  3958.0256      -702.98389      -1789.5087    
  3958.0256      -702.98389      -1769.5087    
  3958.0256      -702.98389      -1749.5087    
  3958.0256      -702.98389      -1729.5087    
  3958.0256      -702.98389      -1709.5087    
  3958.0256      -702.98389      -1689.5087    
  3958.0256      -702.98389      -1669.5087    
  3958.0256      -702.98389      -1649.5087    
  3958.0256      -702.98389      -1630.8785    
  3934.7688      -698.88306      -1531.1066    
  3940.1184      -699.82629      -1549.7706    
  3945.4678      -700.76959      -1568.4346    
  3951.0156      -701.74774      -1587.7900    
  3964.9258      -704.20050      -1528.2754    
  3970.7371      -705.22522      -1548.5508    
  3976.4800      -706.23785      -1568.5873    
  3982.1282      -707.23376      -1588.2937    
  3964.7554      -706.22064      -1528.0828    
  3970.4746      -708.16705      -1548.2203    
  3976.1936      -710.11346      -1568.3578    
  3981.8972      -712.05463      -1588.4409    
  3943.1790      -1044.3805      -2411.0000    
  3937.1655      -1061.6213      -2411.0000    
  3930.0352      -1081.6085      -2411.0000    
  3922.7183      -1101.6240      -2411.0000    
  3915.2419      -1121.5804      -2411.0000    
  3910.2791      -1134.5604      -2411.0000    
  3905.2458      -1147.5133      -2411.0000    
  3898.2327      -1165.2170      -2411.0000    
  3891.0820      -1182.8658      -2411.0000    
  3882.9998      -1202.3411      -2411.0000    
  3875.3721      -1220.2744      -2411.0000    
  3869.7158      -1233.2993      -2411.0000    
  3863.9746      -1246.2871      -2411.0000    
  3857.0798      -1261.5804      -2411.0000    
  3850.9460      -1274.9113      -2411.0000    
  3844.7136      -1288.1963      -2411.0000    
  3837.9250      -1302.3727      -2411.0000    
  3831.0156      -1316.4906      -2411.0000    
  3824.7302      -1329.0636      -2411.0000    
  3817.9341      -1342.3724      -2411.0000    
  3811.0156      -1355.6179      -2411.0000    
  3803.9651      -1368.8029      -2411.0000    
  3796.7803      -1381.9150      -1629.5087    
  3796.7803      -1381.9150      -1649.5087    
  3796.7803      -1381.9150      -1669.5087    
  3796.7803      -1381.9150      -1689.5087    
  3796.7803      -1381.9150      -1709.5087    
  3796.7803      -1381.9150      -1729.5087    
  3796.7803      -1381.9150      -1749.5087    
  3796.7803      -1381.9150      -1769.5087    
  3796.7803      -1381.9150      -1789.5087    
  3796.7803      -1381.9150      -1809.5087    
  3796.7803      -1381.9150      -1829.5087    
  3796.7803      -1381.9150      -1849.5087    
  3796.7803      -1381.9150      -1869.5087    
  3796.7803      -1381.9150      -1889.5087    
  3796.7803      -1381.9150      -1909.5087    
  3796.7803      -1381.9150      -1929.5087    
  3796.7803      -1381.9150      -1949.5087    
  3796.7803      -1381.9150      -1969.5087    
  3796.7803      -1381.9150      -1989.5087    
  3796.7803      -1381.9150      -2009.5087    
  3796.7803      -1381.9150      -2029.5087    
  3796.7803      -1381.9150      -2049.5088    
  3796.7803      -1381.9150      -2069.5088    
  3796.7803      -1381.9150      -2089.5088    
  3796.7803      -1381.9150      -2109.5088    
  3796.7803      -1381.9150      -2129.5088    
  3796.7803      -1381.9150      -2149.5088    
  3796.7803      -1381.9150      -2169.5088    
  3796.7803      -1381.9150      -2189.5088    
  3796.7803      -1381.9150      -2209.5088    
  3796.7803      -1381.9150      -2229.5088    
  3796.7803      -1381.9150      -2249.5088    
  3796.7803      -1381.9150      -2269.5088    
  3796.7803      -1381.9150      -2289.5088    
  3796.7803      -1381.9150      -2309.5088    
  3796.7803      -1381.9150      -2329.5088    
  3796.7803      -1381.9150      -2349.5088    
  3796.7803      -1381.9150      -2369.8816    
  3796.7803      -1381.9150      -2390.4407    
  3752.2651      -1341.7372      -1516.5127    
  3762.9080      -1321.5804      -1516.5314    
  3773.0696      -1301.6470      -1516.5468    
  3782.9661      -1281.5804      -1516.5599    
  3792.2800      -1262.0978      -1516.5707    
  3801.3728      -1242.5092      -1516.5801    
  3810.0388      -1223.3059      -1516.5879    
  3818.1216      -1204.9135      -1516.5942    
  3825.1423      -1188.5516      -1516.5992    
  3830.9006      -1174.8573      -1516.6029    
  3836.3848      -1161.5804      -1516.6060    
  3843.7725      -1143.3229      -1516.6096    
  3851.0156      -1124.9956      -1516.6127    
  3858.3677      -1105.9453      -1516.6152    
  3865.5676      -1086.8368      -1516.6173    
  3871.0156      -1072.0701      -1516.6184    
  3876.5305      -1056.8416      -1516.6194    
  3881.5364      -1042.7672      -1516.6200    
  3886.4658      -1028.6659      -1516.6204    
  3471.0156      -1998.2183      -1512.5851    
  3477.1125      -2001.7383      -1510.5645    
  3692.9810      -1731.9288      -1608.0000    
  3698.3577      -1717.7333      -1608.0000    
  3705.0632      -1699.6945      -1608.0000    
  3711.6418      -1681.6090      -1608.0000    
  3718.3657      -1662.6927      -1608.0000    
  3724.8987      -1643.8597      -1608.0000    
  3731.0156      -1625.7828      -1608.0000    
  3735.0215      -1613.6917      -1608.0000    
  3738.9644      -1601.5804      -1608.0000    
  3745.3203      -1581.5804      -1608.0000    
  3751.4705      -1561.6085      -1608.0000    
  3757.4351      -1541.5804      -1608.0000    
  3763.1826      -1521.5804      -1608.0000    
  3768.3740      -1502.8356      -1608.0000    
  3771.2290      -1492.2159      -1608.0000    
  3774.0237      -1481.5804      -1608.0000    
  3778.6797      -1463.2740      -1608.0000    
  3783.1345      -1444.9604      -1608.0000    
  3787.3884      -1426.5990      -1608.0000    
  3790.4290      -1412.8442      -1608.0000    
  3792.8220      -1401.5804      -1608.0000    
  3505.1963      -2017.9525      -2430.2776    
  3500.3374      -2015.1472      -2449.5554    
  3495.2349      -2012.2013      -2469.7996    
  3490.0496      -2009.2075      -2490.3723    
  3511.0156      -2015.2147      -2419.8137    
  3508.3040      -2014.1627      -2429.5088    
  3502.5518      -2011.9310      -2450.0754    
  3496.7837      -2009.6931      -2470.6987    
  3491.0156      -2007.4553      -2491.3220    
  3490.0488      -2009.2070      -1528.6248    
  3495.2341      -2012.2009      -1549.1979    
  3500.3416      -2015.1497      -1569.4615    
  3505.1985      -2017.9537      -1588.7308    
  3463.0386      -1993.6127      -1529.5087    
  3466.8193      -1995.7955      -1544.5088    
  3470.2693      -1997.7875      -1558.1970    
  3473.7195      -1999.7794      -1571.8854    
  3476.8391      -2001.5804      -1584.2621    
  3479.3979      -2003.0579      -1594.4146    
  3481.9568      -2004.5352      -1604.5669    
  3483.8928      -2005.6530      -2387.5486    
  3483.8928      -2005.6530      -2368.1626    
  3483.8928      -2005.6530      -2348.7764    
  3483.8928      -2005.6530      -2329.2073    
  3483.8928      -2005.6530      -2309.4226    
  3483.8928      -2005.6530      -2289.4656    
  3483.8928      -2005.6530      -2269.5088    
  3483.8928      -2005.6530      -2249.5088    
  3483.8928      -2005.6530      -2229.5088    
  3483.8928      -2005.6530      -2209.5088    
  3483.8928      -2005.6530      -2189.5088    
  3483.8928      -2005.6530      -2169.5088    
  3483.8928      -2005.6530      -2149.5088    
  3483.8928      -2005.6530      -2129.5088    
  3483.8928      -2005.6530      -2109.5088    
  3483.8928      -2005.6530      -2089.5088    
  3483.8928      -2005.6530      -2069.5088    
  3483.8928      -2005.6530      -2049.5088    
  3483.8928      -2005.6530      -2029.5087    
  3483.8928      -2005.6530      -2009.5087    
  3483.8928      -2005.6530      -1989.5087    
  3483.8928      -2005.6530      -1969.5087    
  3483.8928      -2005.6530      -1949.5087    
  3483.8928      -2005.6530      -1929.5087    
  3483.8928      -2005.6530      -1909.5087    
  3483.8928      -2005.6530      -1889.5087    
  3483.8928      -2005.6530      -1869.5087    
  3483.8928      -2005.6530      -1849.5087    
  3483.8928      -2005.6530      -1829.5087    
  3483.8928      -2005.6530      -1809.5087    
  3483.8928      -2005.6530      -1789.5087    
  3483.8928      -2005.6530      -1769.5087    
  3483.8928      -2005.6530      -1749.5087    
  3483.8928      -2005.6530      -1729.5087    
  3483.8928      -2005.6530      -1709.5087    
  3483.8928      -2005.6530      -1689.5087    
  3483.8928      -2005.6530      -1669.5087    
  3483.8928      -2005.6530      -1649.5087    
  3483.8928      -2005.6530      -1629.5087    
  3481.6550      -2004.3610      -2415.6301    
  3479.0134      -2002.8358      -2426.1111    
  3476.3716      -2001.3105      -2436.5923    
  3473.3259      -1999.5522      -2448.6758    
  3470.1506      -1997.7189      -2461.2744    
  3466.9751      -1995.8855      -2473.8730    
  3463.2495      -1993.7346      -2488.6538    
  3672.0911      -1773.1887      -1626.3522    
  3679.9348      -1759.5055      -1627.9258    
  3679.1045      -1760.9619      -1649.3408    
  3671.9241      -1773.4785      -1646.1833    
  3671.1328      -1774.8488      -1669.0087    
  3679.1045      -1760.9619      -1669.4264    
  3679.4197      -1760.4092      -1689.1866    
  3672.3882      -1772.6737      -1687.8126    
  3671.1516      -1774.8163      -1709.5065    
  3679.3740      -1760.4893      -1709.7205    
  3679.3855      -1760.4694      -1729.1576    
  3672.3882      -1772.6737      -1727.8163    
  3671.0747      -1774.9497      -1749.2587    
  3679.1152      -1760.9430      -1748.6340    
  3679.3411      -1760.5471      -1769.1605    
  3672.3882      -1772.6737      -1767.7766    
  3671.0732      -1774.9520      -1789.2587    
  3679.1106      -1760.9514      -1788.6340    
  3679.3552      -1760.5223      -1809.1514    
  3672.3882      -1772.6737      -1807.7628    
  3671.1218      -1774.8682      -1829.2592    
  3678.9280      -1761.2711      -1829.4468    
  3679.2295      -1760.7428      -1849.2733    
  3672.3882      -1772.6737      -1847.6476    
  3671.2202      -1774.6976      -1868.5087    
  3679.1045      -1760.9619      -1869.3188    
  3679.4058      -1760.4335      -1889.3859    
  3672.3882      -1772.6737      -1887.7146    
  3671.2771      -1774.5991      -1908.5087    
  3679.1045      -1760.9619      -1909.4263    
  3679.4197      -1760.4092      -1929.1838    
  3672.3882      -1772.6737      -1927.8088    
  3671.2036      -1774.7263      -1949.5105    
  3679.3225      -1760.5796      -1949.6749    
  3679.2295      -1760.7428      -1969.4253    
  3672.3882      -1772.6737      -1967.6788    
  3671.2871      -1774.5819      -1988.5087    
  3678.7515      -1761.5804      -1989.5087    
  3679.2295      -1760.7428      -2009.3872    
  3672.3882      -1772.6737      -2007.6281    
  3671.2859      -1774.5840      -2028.5109    
  3678.7515      -1761.5804      -2029.5087    
  3679.4058      -1760.4335      -2049.2485    
  3672.3882      -1772.6737      -2047.6466    
  3671.3562      -1774.4622      -2068.5151    
  3678.8398      -1761.4258      -2069.4595    
  3679.1362      -1760.9064      -2090.2170    
  3672.3882      -1772.6737      -2087.6829    
  3671.1238      -1774.8646      -2109.0088    
  3678.8398      -1761.4258      -2109.4709    
  3679.2295      -1760.7428      -2129.4077    
  3672.3882      -1772.6737      -2127.6338    
  3671.4082      -1774.3719      -2148.5183    
  3679.1045      -1760.9619      -2149.3188    
  3679.4058      -1760.4335      -2169.3647    
  3672.3882      -1772.6737      -2167.7031    
  3671.2661      -1774.6183      -2188.5088    
  3678.8398      -1761.4258      -2189.4880    
  3679.4058      -1760.4335      -2209.3821    
  3672.3882      -1772.6737      -2207.7092    
  3671.5830      -1774.0693      -2228.5210    
  3679.1045      -1760.9619      -2229.4265    
  3679.4058      -1760.4335      -2249.3958    
  3672.3882      -1772.6737      -2247.7119    
  3671.2698      -1774.6118      -2268.5088    
  3679.1045      -1760.9619      -2269.4265    
  3679.3757      -1760.4865      -2289.1946    
  3672.3882      -1772.6737      -2287.7891    
  3671.2036      -1774.7263      -2309.5056    
  3679.1414      -1760.8975      -2308.7073    
  3679.3848      -1760.4706      -2329.1492    
  3672.3882      -1772.6737      -2327.7788    
  3671.0706      -1774.9568      -2349.2588    
  3679.1045      -1760.9619      -2349.4177    
  3678.9280      -1761.2711      -2369.4182    
  3672.3882      -1772.6737      -2367.5315    
  3671.8779      -1773.5583      -2385.6545    
  3679.0530      -1761.0521      -2389.5913    
  3523.2227      -2003.0121      -2392.6633    
  3524.1030      -2001.8115      -2370.6267    
  3523.0547      -2003.2407      -2349.3735    
  3523.2683      -2002.9500      -2329.5227    
  3523.0488      -2003.2488      -2308.9685    
  3523.0430      -2003.2570      -2289.5935    
  3522.6277      -2003.8221      -2269.6311    
  3523.3186      -2002.8812      -2249.5371    
  3523.2798      -2002.9342      -2228.8665    
  3523.3750      -2002.8046      -2209.4321    
  3523.0933      -2003.1882      -2189.1240    
  3523.4817      -2002.6591      -2169.4224    
  3523.0547      -2003.2407      -2149.1440    
  3523.3750      -2002.8046      -2129.4412    
  3523.0933      -2003.1882      -2109.0159    
  3523.4817      -2002.6591      -2089.4099    
  3523.0547      -2003.2407      -2069.1069    
  3523.3750      -2002.8046      -2049.4385    
  3523.0933      -2003.1882      -2029.1785    
  3523.4817      -2002.6591      -2009.4268    
  3523.0933      -2003.1882      -1989.0977    
  3523.4817      -2002.6591      -1969.4200    
  3523.0933      -2003.1882      -1949.0764    
  3523.4817      -2002.6591      -1929.4131    
  3523.0547      -2003.2407      -1909.1082    
  3523.4817      -2002.6591      -1889.4181    
  3523.0547      -2003.2407      -1869.1425    
  3523.6328      -2002.4531      -1849.6270    
  3523.3572      -2002.8289      -1828.9153    
  3523.4133      -2002.7521      -1809.4587    
  3523.0547      -2003.2407      -1789.1123    
  3523.2683      -2002.9500      -1769.4822    
  3523.0173      -2003.2919      -1748.9562    
  3523.0044      -2003.3093      -1729.6035    
  3522.7285      -2003.6849      -1709.7843    
  3523.6208      -2002.4694      -1689.4482    
  3523.0547      -2003.2407      -1669.5424    
  3522.6277      -2003.8221      -1651.5581    
  3523.1296      -2003.1385      -1633.0179    
  3552.5674      -1961.9989      -1627.1965    
  3565.4985      -1943.2721      -1630.2321    
  3572.5637      -1932.8705      -1629.8545    
  3571.4312      -1934.5460      -1647.3485    
  3565.0935      -1943.8646      -1650.6072    
  3565.0935      -1943.8646      -1669.9786    
  3551.7849      -1963.1195      -1648.3402    
  3551.3674      -1963.7164      -1670.3057    
  3538.4807      -1981.9443      -1670.4821    
  3539.9343      -1979.9078      -1689.6263    
  3531.6860      -1991.3950      -1691.2098    
  3530.7410      -1992.7007      -1710.5087    
  3538.8889      -1981.3729      -1709.5253    
  3539.9954      -1979.8224      -1729.5460    
  3531.5298      -1991.6108      -1730.7146    
  3530.7441      -1992.6963      -1750.5087    
  3538.6794      -1981.6659      -1749.8624    
  3539.9954      -1979.8224      -1769.5590    
  3531.6445      -1991.4524      -1770.8676    
  3530.7991      -1992.6204      -1790.6128    
  3538.6794      -1981.6659      -1789.8025    
  3539.9954      -1979.8224      -1809.5568    
  3532.0100      -1990.9470      -1811.1184    
  3530.8340      -1992.5721      -1830.3628    
  3538.9934      -1981.2266      -1829.7858    
  3540.3523      -1979.3217      -1849.6365    
  3531.6492      -1991.4458      -1850.8518    
  3530.7922      -1992.6298      -1870.6128    
  3538.6794      -1981.6659      -1869.8109    
  3539.9954      -1979.8224      -1889.5569    
  3531.8105      -1991.2228      -1890.9838    
  3530.7847      -1992.6404      -1910.6128    
  3538.9934      -1981.2266      -1909.8923    
  3540.3523      -1979.3217      -1929.5895    
  3531.6492      -1991.4458      -1930.8383    
  3530.8591      -1992.5375      -1950.2308    
  3538.9934      -1981.2266      -1949.8405    
  3540.3523      -1979.3217      -1969.5885    
  3531.6492      -1991.4458      -1970.8383    
  3530.8479      -1992.5531      -1990.2866    
  3538.9934      -1981.2266      -1989.8455    
  3540.3523      -1979.3217      -2009.5984    
  3531.6492      -1991.4458      -2010.8647    
  3530.7888      -1992.6345      -2030.6128    
  3538.6794      -1981.6659      -2029.8108    
  3539.9954      -1979.8224      -2049.5569    
  3531.8079      -1991.2263      -2050.9895    
  3530.7847      -1992.6404      -2070.6128    
  3538.9934      -1981.2266      -2069.8923    
  3540.3523      -1979.3217      -2089.5894    
  3531.6492      -1991.4458      -2090.8384    
  3530.8767      -1992.5132      -2110.1406    
  3538.9934      -1981.2266      -2109.8301    
  3540.3523      -1979.3217      -2129.5984    
  3531.6467      -1991.4493      -2130.8677    
  3530.7925      -1992.6296      -2150.6128    
  3538.6794      -1981.6659      -2149.8108    
  3539.9954      -1979.8224      -2169.5598    
  3531.8000      -1991.2374      -2170.9949    
  3530.8042      -1992.6134      -2190.6128    
  3538.6794      -1981.6659      -2189.8098    
  3539.9954      -1979.8224      -2209.5559    
  3532.0017      -1990.9583      -2211.1182    
  3530.8098      -1992.6055      -2230.3628    
  3538.9004      -1981.3567      -2229.6392    
  3539.9343      -1979.9078      -2249.5503    
  3531.5437      -1991.5918      -2250.7195    
  3530.8669      -1992.5266      -2270.0088    
  3538.8889      -1981.3729      -2269.4729    
  3539.9954      -1979.8224      -2289.5459    
  3531.5916      -1991.5256      -2290.7708    
  3530.7441      -1992.6963      -2310.5088    
  3538.6794      -1981.6659      -2309.8630    
  3539.9954      -1979.8224      -2329.5508    
  3531.6492      -1991.4458      -2330.8435    
  3530.7927      -1992.6292      -2350.6128    
  3539.0981      -1981.0800      -2350.1182    
  3551.5527      -1963.4514      -2368.3323    
  3540.3523      -1979.3217      -2370.7932    
  3532.2825      -1990.5697      -2369.6057    
  3553.2705      -1960.9910      -2329.5015    
  3552.6582      -1961.8688      -2349.3833    
  3565.0935      -1943.8646      -2348.3796    
  3566.2488      -1942.1732      -2369.3440    
  3572.5637      -1932.8705      -2327.7317    
  3571.2341      -1934.8372      -2348.5088    
  3566.3267      -1942.0591      -2328.8267    
  3572.5637      -1932.8705      -2369.4709    
  3580.3406      -1921.2823      -2349.5044    
  3580.8787      -1920.4751      -2369.5615    
  3590.2659      -1906.2802      -2329.7388    
  3589.5017      -1907.4437      -2350.8909    
  3580.8428      -1920.5289      -2329.9004    
  3594.8499      -1899.2706      -2347.0920    
  3594.3630      -1900.0175      -2368.6431    
  3606.2715      -1881.5804      -2329.5088    
  3604.7852      -1883.9006      -2350.5691    
  3594.8499      -1899.2706      -2328.5364    
  3611.0713      -1874.0503      -2349.5181    
  3612.4907      -1871.8125      -2369.3042    
  3606.1807      -1881.7227      -2369.5151    
  3612.4907      -1871.8125      -2329.4949    
  3619.6440      -1860.4583      -2329.5537    
  3618.9407      -1861.5804      -2349.5088    
  3631.0156      -1842.1433      -2369.5088    
  3619.6440      -1860.4583      -2370.1421    
  3631.7356      -1840.9723      -2329.5007    
  3631.3618      -1841.5804      -2349.5088    
  3642.7214      -1822.9441      -2347.6985    
  3643.2197      -1822.1191      -2368.2588    
  3650.9570      -1809.2238      -2327.3469    
  3650.0864      -1810.6826      -2347.2549    
  3644.1948      -1820.5027      -2329.0217    
  3651.2759      -1808.6891      -2370.3628    
  3655.9927      -1800.7465      -2352.5171    
  3656.8982      -1799.2148      -2369.4668    
  3667.1262      -1781.7626      -2329.3879    
  3665.8506      -1783.9546      -2349.5190    
  3656.1562      -1800.4697      -2331.0088    
  3665.8506      -1783.9546      -2309.5547    
  3655.9348      -1800.8440      -2312.5088    
  3651.2446      -1808.7415      -2286.5308    
  3649.6062      -1811.4862      -2307.4292    
  3656.8982      -1799.2148      -2290.9968    
  3665.8506      -1783.9546      -2269.5090    
  3667.0396      -1781.9117      -2289.2158    
  3656.1111      -1800.5460      -2272.5708    
  3651.1426      -1808.9125      -2247.5088    
  3649.9187      -1810.9631      -2267.6621    
  3656.5354      -1799.8287      -2250.2356    
  3665.8506      -1783.9546      -2229.5176    
  3666.9392      -1782.0841      -2249.0051    
  3655.9473      -1800.8229      -2232.5088    
  3651.1824      -1808.8458      -2207.3628    
  3650.0483      -1810.7463      -2227.8823    
  3656.8982      -1799.2148      -2211.0608    
  3665.8506      -1783.9546      -2189.5093    
  3666.9661      -1782.0381      -2209.0579    
  3655.9832      -1800.7623      -2192.5088    
  3651.1296      -1808.9343      -2167.5088    
  3649.9187      -1810.9631      -2187.6479    
  3656.8982      -1799.2148      -2171.0662    
  3665.8506      -1783.9546      -2149.5044    
  3666.9885      -1781.9994      -2169.0549    
  3656.0308      -1800.6816      -2152.5449    
  3651.1282      -1808.9368      -2127.5088    
  3649.9187      -1810.9631      -2147.7407    
  3656.8982      -1799.2148      -2131.0498    
  3665.8506      -1783.9546      -2109.4963    
  3667.0942      -1781.8177      -2129.1890    
  3656.0715      -1800.6132      -2112.5840    
  3651.0999      -1808.9840      -2087.3628    
  3649.9187      -1810.9631      -2107.6802    
  3656.5354      -1799.8287      -2090.5474    
  3665.8506      -1783.9546      -2069.4749    
  3667.1787      -1781.6724      -2089.0979    
  3655.8679      -1800.9573      -2072.0088    
  3651.1294      -1808.9348      -2047.5087    
  3649.6926      -1811.3417      -2067.4739    
  3656.8982      -1799.2148      -2051.0955    
  3665.8506      -1783.9546      -2029.4652    
  3667.2568      -1781.5380      -2049.0649    
  3656.0303      -1800.6826      -2032.5452    
  3651.1296      -1808.9341      -2007.5087    
  3649.9187      -1810.9631      -2027.7512    
  3656.8982      -1799.2148      -2011.0519    
  3665.8506      -1783.9546      -1989.5037    
  3667.2593      -1781.5337      -2009.0562    
  3656.0720      -1800.6119      -1992.5874    
  3651.1438      -1808.9106      -1967.3628    
  3649.9187      -1810.9631      -1987.7787    
  3656.5354      -1799.8287      -1970.6396    
  3665.8506      -1783.9546      -1949.5427    
  3666.8223      -1782.2855      -1969.1989    
  3655.9312      -1800.8502      -1952.5087    
  3651.1785      -1808.8523      -1927.2587    
  3649.9187      -1810.9631      -1947.6277    
  3656.8982      -1799.2148      -1931.0479    
  3665.8506      -1783.9546      -1909.4808    
  3667.2090      -1781.6201      -1929.4825    
  3655.9990      -1800.7354      -1912.5087    
  3651.2363      -1808.7555      -1886.5300    
  3649.9187      -1810.9631      -1907.5244    
  3656.8982      -1799.2148      -1890.9615    
  3665.8506      -1783.9546      -1869.5061    
  3667.3237      -1781.4227      -1888.9656    
  3656.0281      -1800.6865      -1872.5320    
  3651.1140      -1808.9603      -1847.2727    
  3649.9187      -1810.9631      -1867.5864    
  3656.5354      -1799.8287      -1850.5520    
  3665.8506      -1783.9546      -1829.5221    
  3666.8884      -1782.1714      -1849.1069    
  3655.8777      -1800.9404      -1832.0087    
  3651.1282      -1808.9368      -1807.5087    
  3649.6926      -1811.3417      -1827.4656    
  3656.8982      -1799.2148      -1811.1141    
  3665.8506      -1783.9546      -1789.5436    
  3667.1450      -1781.7302      -1809.3406    
  3656.0239      -1800.6932      -1792.5452    
  3651.1489      -1808.9020      -1767.5087    
  3649.9187      -1810.9631      -1787.7441    
  3656.8982      -1799.2148      -1771.0764    
  3665.8506      -1783.9546      -1749.5266    
  3667.1433      -1781.7330      -1769.3661    
  3656.0889      -1800.5837      -1752.5842    
  3650.8093      -1809.4711      -1727.3010    
  3650.1018      -1810.6570      -1748.1000    
  3656.1565      -1800.4695      -1731.0071    
  3665.8506      -1783.9546      -1709.5531    
  3667.1958      -1781.6428      -1729.2321    
  3655.9395      -1800.8361      -1712.5087    
  3651.1343      -1808.9264      -1687.1267    
  3649.7893      -1811.1801      -1707.8474    
  3656.8982      -1799.2148      -1691.0500    
  3665.8506      -1783.9546      -1669.5850    
  3667.0952      -1781.8158      -1689.4818    
  3656.1025      -1800.5604      -1672.6078    
  3649.6062      -1811.4862      -1647.3494    
  3649.9187      -1810.9631      -1667.8354    
  3656.1396      -1800.4979      -1650.2472    
  3642.6765      -1823.0184      -1649.5103    
  3642.4922      -1823.3237      -1669.4567    
  3644.0002      -1820.8252      -1689.0345    
  3631.7356      -1840.9723      -1689.5072    
  3630.9878      -1842.1885      -1709.5087    
  3642.4922      -1823.3237      -1709.4871    
  3643.8110      -1821.1393      -1729.2253    
  3631.7356      -1840.9723      -1729.5083    
  3630.9878      -1842.1885      -1749.5085    
  3642.8611      -1822.7130      -1749.4700    
  3644.1948      -1820.5027      -1769.0225    
  3631.7356      -1840.9723      -1769.5078    
  3630.9878      -1842.1885      -1789.5085    
  3642.4922      -1823.3237      -1789.3785    
  3644.0542      -1820.7361      -1809.0569    
  3631.7356      -1840.9723      -1809.5078    
  3630.9878      -1842.1885      -1829.5085    
  3642.4922      -1823.3237      -1829.4460    
  3644.2817      -1820.3584      -1848.9895    
  3631.7356      -1840.9723      -1849.5072    
  3630.9878      -1842.1885      -1869.5085    
  3642.4922      -1823.3237      -1869.3597    
  3644.0874      -1820.6810      -1888.7030    
  3631.7356      -1840.9723      -1889.5072    
  3630.9878      -1842.1885      -1909.5085    
  3642.4922      -1823.3237      -1909.3683    
  3644.0874      -1820.6810      -1928.8248    
  3631.7356      -1840.9723      -1929.5072    
  3630.9878      -1842.1885      -1949.5087    
  3642.4922      -1823.3237      -1949.3683    
  3644.0542      -1820.7361      -1968.8455    
  3631.7356      -1840.9723      -1969.5078    
  3630.9878      -1842.1885      -1989.5087    
  3642.4922      -1823.3237      -1989.3809    
  3644.0542      -1820.7361      -2009.0682    
  3631.7356      -1840.9723      -2009.5078    
  3630.9878      -1842.1885      -2029.5085    
  3642.4922      -1823.3237      -2029.3853    
  3644.0542      -1820.7361      -2049.0576    
  3631.7356      -1840.9723      -2049.5078    
  3630.9878      -1842.1885      -2069.5085    
  3642.4922      -1823.3237      -2069.4478    
  3644.2280      -1820.4475      -2089.0193    
  3631.7356      -1840.9723      -2089.5071    
  3630.9878      -1842.1885      -2109.5085    
  3642.4922      -1823.3237      -2109.3647    
  3644.0542      -1820.7361      -2128.8535    
  3631.7356      -1840.9723      -2129.5078    
  3630.9878      -1842.1885      -2149.5085    
  3642.4922      -1823.3237      -2149.3740    
  3644.0542      -1820.7361      -2168.8237    
  3631.7356      -1840.9723      -2169.5078    
  3630.9878      -1842.1885      -2189.5085    
  3642.4922      -1823.3237      -2189.4080    
  3644.0874      -1820.6810      -2209.1223    
  3631.7356      -1840.9723      -2209.5078    
  3630.9878      -1842.1885      -2229.5085    
  3642.8611      -1822.7130      -2229.5374    
  3644.2817      -1820.3584      -2249.1238    
  3631.7356      -1840.9723      -2249.5078    
  3630.9878      -1842.1885      -2269.5085    
  3642.4922      -1823.3237      -2269.3667    
  3644.0542      -1820.7361      -2288.9019    
  3631.7356      -1840.9723      -2289.5071    
  3642.4922      -1823.3237      -2309.4390    
  3630.9878      -1842.1885      -2309.5085    
  3618.2368      -1862.7023      -2269.5276    
  3619.6440      -1860.4583      -2289.5110    
  3612.4907      -1871.8125      -2289.6270    
  3610.6882      -1874.6536      -2309.5645    
  3618.2368      -1862.7023      -2309.5200    
  3605.7898      -1882.3331      -2290.3430    
  3604.7852      -1883.9006      -2310.6157    
  3594.8499      -1899.2706      -2288.5710    
  3594.0681      -1900.4694      -2309.1353    
  3590.9229      -1905.2787      -2289.5046    
  3589.5017      -1907.4437      -2310.6760    
  3580.5393      -1920.9844      -2289.4927    
  3580.2412      -1921.4314      -2309.5037    
  3572.5637      -1932.8705      -2287.7666    
  3571.4609      -1934.5021      -2308.5171    
  3566.4380      -1941.8959      -2289.0544    
  3565.0935      -1943.8646      -2309.4465    
  3553.2705      -1960.9910      -2289.5088    
  3552.4480      -1962.1699      -2309.5100    
  3565.0935      -1943.8646      -2269.4934    
  3552.4480      -1962.1699      -2269.5088    
  3572.5637      -1932.8705      -2247.8154    
  3571.1614      -1934.9447      -2269.0088    
  3566.2434      -1942.1808      -2249.0735    
  3565.0935      -1943.8646      -2229.4294    
  3552.4480      -1962.1699      -2229.5088    
  3553.2705      -1960.9910      -2249.5085    
  3572.5637      -1932.8705      -2207.7480    
  3571.3826      -1934.6179      -2228.2588    
  3566.1208      -1942.3607      -2209.0205    
  3565.0935      -1943.8646      -2189.4846    
  3552.4480      -1962.1699      -2189.5105    
  3553.2705      -1960.9910      -2209.5088    
  3572.5637      -1932.8705      -2167.8826    
  3571.1465      -1934.9668      -2189.2593    
  3566.5032      -1941.8004      -2169.2803    
  3565.0935      -1943.8646      -2149.4954    
  3552.4480      -1962.1699      -2149.5105    
  3553.2705      -1960.9910      -2169.5090    
  3572.5637      -1932.8705      -2127.8975    
  3571.0742      -1935.0735      -2149.5081    
  3566.5535      -1941.7263      -2129.4497    
  3565.0935      -1943.8646      -2109.5200    
  3552.4480      -1962.1699      -2109.5095    
  3553.2705      -1960.9910      -2129.5088    
  3572.5637      -1932.8705      -2087.8879    
  3571.1104      -1935.0199      -2109.5049    
  3566.4236      -1941.9169      -2089.3225    
  3565.0935      -1943.8646      -2069.4941    
  3552.4480      -1962.1699      -2069.5095    
  3553.2705      -1960.9910      -2089.5088    
  3572.5637      -1932.8705      -2047.8807    
  3571.2278      -1934.8466      -2069.5085    
  3566.6531      -1941.5804      -2049.5088    
  3565.0935      -1943.8646      -2029.4418    
  3552.4480      -1962.1699      -2029.5104    
  3553.2705      -1960.9910      -2049.5088    
  3572.5637      -1932.8705      -2007.8210    
  3571.3284      -1934.6979      -2028.5087    
  3566.5962      -1941.6639      -2008.9852    
  3565.0935      -1943.8646      -1989.4641    
  3552.4480      -1962.1699      -1989.5094    
  3553.2705      -1960.9910      -2009.5089    
  3572.5637      -1932.8705      -1967.8237    
  3571.3301      -1934.6954      -1988.5087    
  3566.2854      -1942.1195      -1969.1281    
  3565.0935      -1943.8646      -1949.4949    
  3552.4480      -1962.1699      -1949.5094    
  3553.2705      -1960.9910      -1969.5089    
  3572.5637      -1932.8705      -1927.9237    
  3571.0156      -1935.1600      -1949.5087    
  3566.5703      -1941.7017      -1929.4730    
  3565.0935      -1943.8646      -1909.4921    
  3552.4480      -1962.1699      -1909.5094    
  3553.2705      -1960.9910      -1929.5089    
  3572.5637      -1932.8705      -1887.9247    
  3571.0742      -1935.0735      -1909.5071    
  3566.6294      -1941.6151      -1889.4847    
  3565.0935      -1943.8646      -1869.5216    
  3552.4480      -1962.1699      -1869.5104    
  3553.2705      -1960.9910      -1889.5089    
  3572.5637      -1932.8705      -1847.8625    
  3571.1104      -1935.0199      -1869.5046    
  3566.4236      -1941.9169      -1849.3213    
  3565.0935      -1943.8646      -1829.4926    
  3552.4480      -1962.1699      -1829.5094    
  3553.2705      -1960.9910      -1849.5089    
  3572.5637      -1932.8705      -1807.8672    
  3571.1631      -1934.9419      -1829.0087    
  3566.3794      -1941.9816      -1809.4443    
  3565.0935      -1943.8646      -1789.5229    
  3552.4480      -1962.1699      -1789.5105    
  3553.2705      -1960.9910      -1809.5089    
  3572.5637      -1932.8705      -1767.8905    
  3571.0742      -1935.0735      -1789.5066    
  3566.5703      -1941.7017      -1769.4731    
  3565.0935      -1943.8646      -1749.5133    
  3552.4480      -1962.1699      -1749.5100    
  3553.2705      -1960.9910      -1769.5089    
  3572.5637      -1932.8705      -1727.9022    
  3571.0156      -1935.1600      -1749.5087    
  3566.5330      -1941.7566      -1729.3820    
  3565.0935      -1943.8646      -1709.4945    
  3552.4480      -1962.1699      -1709.5089    
  3553.2705      -1960.9910      -1729.5088    
  3572.5637      -1932.8705      -1687.8108    
  3571.4358      -1934.5391      -1709.2572    
  3566.5374      -1941.7501      -1689.1868    
  3580.6648      -1920.7961      -1690.3448    
  3580.5393      -1920.9844      -1709.4908    
  3589.5017      -1907.4437      -1710.7126    
  3590.7322      -1905.5696      -1729.6271    
  3580.6372      -1920.8373      -1730.3448    
  3589.5017      -1907.4437      -1750.6930    
  3580.2412      -1921.4314      -1749.5043    
  3590.9175      -1905.2870      -1769.6458    
  3580.6538      -1920.8126      -1770.3448    
  3589.5017      -1907.4437      -1790.6791    
  3580.2412      -1921.4314      -1789.5043    
  3590.8289      -1905.4220      -1809.2175    
  3580.6399      -1920.8334      -1810.3452    
  3589.5017      -1907.4437      -1830.6940    
  3580.5393      -1920.9844      -1829.4940    
  3590.2485      -1906.3064      -1849.7678    
  3580.6799      -1920.7732      -1850.3506    
  3589.5017      -1907.4437      -1870.7638    
  3580.5393      -1920.9844      -1869.5471    
  3590.2876      -1906.2471      -1890.0524    
  3580.8618      -1920.5004      -1890.3457    
  3589.5017      -1907.4437      -1910.7390    
  3580.5393      -1920.9844      -1909.4967    
  3590.2876      -1906.2471      -1929.9181    
  3580.6206      -1920.8623      -1930.4059    
  3589.5017      -1907.4437      -1950.7615    
  3580.5393      -1920.9844      -1949.5459    
  3590.2646      -1906.2819      -1969.7974    
  3580.5393      -1920.9844      -1969.4908    
  3589.5017      -1907.4437      -1990.7430    
  3580.5393      -1920.9844      -1989.4908    
  3590.2571      -1906.2936      -2009.7620    
  3580.5393      -1920.9844      -2009.4908    
  3589.5017      -1907.4437      -2030.7250    
  3580.2412      -1921.4314      -2029.5043    
  3590.9229      -1905.2787      -2049.5046    
  3580.6721      -1920.7850      -2050.3450    
  3589.5017      -1907.4437      -2070.6909    
  3580.5649      -1920.9457      -2068.7268    
  3589.9302      -1906.7915      -2090.3325    
  3580.8638      -1920.4974      -2090.3450    
  3589.5017      -1907.4437      -2110.7412    
  3580.5393      -1920.9844      -2109.4907    
  3590.5657      -1905.8232      -2130.7490    
  3580.6799      -1920.7732      -2130.3235    
  3589.5017      -1907.4437      -2150.7236    
  3580.5393      -1920.9844      -2149.4907    
  3590.9583      -1905.2246      -2169.5083    
  3580.6533      -1920.8131      -2170.3450    
  3589.5017      -1907.4437      -2190.6714    
  3580.2412      -1921.4314      -2189.5042    
  3590.2876      -1906.2471      -2209.9119    
  3580.5393      -1920.9844      -2209.4407    
  3589.5017      -1907.4437      -2230.7178    
  3580.3406      -1921.2823      -2229.4795    
  3590.2302      -1906.3344      -2250.5979    
  3580.6152      -1920.8704      -2250.4070    
  3589.5017      -1907.4437      -2270.7317    
  3580.2412      -1921.4314      -2269.5198    
  3594.8499      -1899.2706      -2248.5820    
  3593.7913      -1900.8938      -2269.1287    
  3606.2715      -1881.5804      -2249.5088    
  3604.7852      -1883.9006      -2270.5576    
  3612.4907      -1871.8125      -2249.4714    
  3610.9597      -1874.2263      -2269.5740    
  3610.6882      -1874.6536      -2229.5564    
  3618.6165      -1862.0973      -2229.8010    
  3619.6440      -1860.4583      -2249.5518    
  3612.4907      -1871.8125      -2209.7200    
  3619.6440      -1860.4583      -2209.5442    
  3611.1221      -1873.9707      -2189.5422    
  3618.5610      -1862.1855      -2189.5088    
  3612.4907      -1871.8125      -2169.4993    
  3619.6440      -1860.4583      -2169.5085    
  3610.8132      -1874.4568      -2149.5740    
  3618.5610      -1862.1855      -2149.5088    
  3612.4907      -1871.8125      -2129.4026    
  3619.6440      -1860.4583      -2129.4639    
  3610.9597      -1874.2263      -2109.5786    
  3618.2368      -1862.7023      -2109.5332    
  3612.4907      -1871.8125      -2089.4875    
  3619.6440      -1860.4583      -2089.5508    
  3610.6882      -1874.6536      -2069.5361    
  3618.5610      -1862.1855      -2069.5095    
  3612.4907      -1871.8125      -2049.5999    
  3619.6440      -1860.4583      -2049.5039    
  3610.9250      -1874.2808      -2029.5911    
  3618.2368      -1862.7023      -2029.5189    
  3612.4907      -1871.8125      -2009.4948    
  3619.6440      -1860.4583      -2009.5087    
  3610.7227      -1874.5992      -1989.5447    
  3618.2368      -1862.7023      -1989.5144    
  3612.4907      -1871.8125      -1969.5328    
  3619.6440      -1860.4583      -1969.5519    
  3610.9597      -1874.2263      -1949.5771    
  3618.5610      -1862.1855      -1949.5095    
  3612.4907      -1871.8125      -1929.4918    
  3619.6440      -1860.4583      -1929.5084    
  3610.7227      -1874.5992      -1909.5724    
  3618.5610      -1862.1855      -1909.5088    
  3612.4907      -1871.8125      -1889.5310    
  3619.6440      -1860.4583      -1889.4668    
  3610.7227      -1874.5992      -1869.5432    
  3618.2368      -1862.7023      -1869.5133    
  3612.4907      -1871.8125      -1849.5117    
  3619.6440      -1860.4583      -1849.5514    
  3610.7227      -1874.5992      -1829.5446    
  3618.5610      -1862.1855      -1829.5096    
  3612.4907      -1871.8125      -1809.5122    
  3619.6440      -1860.4583      -1809.5088    
  3610.7227      -1874.5992      -1789.5648    
  3618.5610      -1862.1855      -1789.5087    
  3612.4907      -1871.8125      -1769.5345    
  3619.6440      -1860.4583      -1769.5027    
  3610.9597      -1874.2263      -1749.5975    
  3618.2368      -1862.7023      -1749.5259    
  3612.4907      -1871.8125      -1729.4917    
  3619.6440      -1860.4583      -1729.5510    
  3610.7227      -1874.5992      -1709.5447    
  3618.5610      -1862.1855      -1709.5096    
  3612.4907      -1871.8125      -1689.5334    
  3619.6440      -1860.4583      -1689.5806    
  3610.9597      -1874.2263      -1669.5608    
  3618.5610      -1862.1855      -1669.5087    
  3631.3135      -1841.6588      -1649.4803    
  3630.6414      -1842.7512      -1669.5077    
  3619.8997      -1860.0504      -1648.9950    
  3631.3618      -1841.5804      -1629.5087    
  3604.8201      -1883.8464      -1630.6539    
  3594.8499      -1899.2706      -1629.8026    
  3589.5017      -1907.4437      -1627.5814    
  3590.7156      -1905.5946      -1649.5394    
  3605.1711      -1883.2987      -1650.4128    
  3604.7852      -1883.9006      -1670.6469    
  3594.0737      -1900.4611      -1669.6692    
  3589.5017      -1907.4437      -1670.6959    
  3590.6230      -1905.7358      -1690.0725    
  3594.8499      -1899.2706      -1688.5852    
  3606.2715      -1881.5804      -1689.5087    
  3604.7852      -1883.9006      -1710.5555    
  3593.9407      -1900.6649      -1709.1210    
  3606.2715      -1881.5804      -1729.5087    
  3594.8499      -1899.2706      -1728.5868    
  3604.7852      -1883.9006      -1750.5751    
  3593.5276      -1901.2976      -1749.5187    
  3606.2715      -1881.5804      -1769.5087    
  3594.8499      -1899.2706      -1768.5907    
  3604.7852      -1883.9006      -1790.5636    
  3593.4924      -1901.3516      -1789.5249    
  3606.2715      -1881.5804      -1809.5087    
  3594.8499      -1899.2706      -1808.5668    
  3604.7852      -1883.9006      -1830.5543    
  3593.7341      -1900.9812      -1829.1042    
  3606.2715      -1881.5804      -1849.5087    
  3594.8499      -1899.2706      -1848.5500    
  3604.7852      -1883.9006      -1870.5557    
  3594.0984      -1900.4230      -1869.5631    
  3606.1753      -1881.7310      -1889.6782    
  3594.8499      -1899.2706      -1888.5812    
  3604.7852      -1883.9006      -1910.5741    
  3593.7341      -1900.9812      -1909.1034    
  3606.2715      -1881.5804      -1929.5087    
  3594.8499      -1899.2706      -1928.5477    
  3604.7852      -1883.9006      -1950.5641    
  3594.0959      -1900.4266      -1949.5553    
  3606.2715      -1881.5804      -1969.5087    
  3594.8499      -1899.2706      -1968.5771    
  3604.7852      -1883.9006      -1990.5559    
  3593.7913      -1900.8938      -1989.1112    
  3606.2715      -1881.5804      -2009.5087    
  3594.8499      -1899.2706      -2008.5807    
  3604.7852      -1883.9006      -2030.5627    
  3593.7341      -1900.9812      -2029.1113    
  3605.8862      -1882.1826      -2050.1792    
  3594.8499      -1899.2706      -2048.5710    
  3604.7852      -1883.9006      -2070.5977    
  3594.0681      -1900.4694      -2069.1370    
  3606.2715      -1881.5804      -2089.5088    
  3594.8499      -1899.2706      -2088.5972    
  3604.7852      -1883.9006      -2110.5586    
  3593.6770      -1901.0687      -2109.5947    
  3605.7390      -1882.4125      -2130.1929    
  3594.8499      -1899.2706      -2128.6162    
  3604.7852      -1883.9006      -2150.6211    
  3593.6770      -1901.0687      -2149.6265    
  3606.1753      -1881.7310      -2169.6782    
  3594.8499      -1899.2706      -2168.5684    
  3604.7852      -1883.9006      -2190.5913    
  3593.7341      -1900.9812      -2189.1008    
  3605.8298      -1882.2704      -2210.9517    
  3594.8499      -1899.2706      -2208.5613    
  3604.7852      -1883.9006      -2230.6211    
  3594.0681      -1900.4694      -2229.2566    
  3579.8379      -1922.0358      -1649.4218    
  3580.1418      -1921.5804      -1669.5087    
  3580.4509      -1921.1168      -1629.4778    
  3612.1272      -1872.3865      -1628.3010    
  3612.0737      -1872.4706      -1649.5068    
  3620.0225      -1859.8542      -1628.4398    
  3571.2922      -1934.7515      -1668.5087    
  3553.2705      -1960.9910      -1689.5107    
  3650.9241      -1809.2788      -1629.4542    
  3656.8982      -1799.2148      -1629.0181    
  3642.4382      -1823.4128      -1629.0647    
  3666.2939      -1783.1932      -1649.5923    
  3667.1392      -1781.7402      -2368.7393    
  3530.3601      -1993.2262      -1651.8907    
  3530.5376      -1992.9813      -1671.0087    
  3538.7407      -1981.5804      -1649.5087    
  3531.2043      -1992.0609      -1629.0059    
  3539.9343      -1979.9078      -1628.6583    
  3551.0156      -1964.2196      -2389.5088    
  3538.8687      -1981.4012      -2387.6545    
  3530.9377      -1992.4288      -2390.6208    
  3572.0200      -1933.6750      -2389.8203    
  3580.9365      -1920.3882      -2389.8030    
  3565.0935      -1943.8646      -2390.8701    
  3589.5017      -1907.4437      -2388.0955    
  3605.1711      -1883.2987      -2390.2893    
  3594.8499      -1899.2706      -2390.4829    
  3630.6414      -1842.7512      -2389.5667    
  3618.9119      -1861.6265      -2388.3770    
  3611.3984      -1873.5350      -2389.7246    
  3649.6062      -1811.4862      -2390.0247    
  3656.5454      -1799.8116      -2389.6184    
  3642.1230      -1823.9344      -2390.6384    
  3665.8506      -1783.9546      -2389.8787    
  3666.2092      -1783.3387      -1629.2465    
  3492.2383      -2000.4526      -1516.6168    
  3498.1199      -1999.5072      -1531.0126    
  3503.8716      -2001.7734      -1551.6484    
  3511.2180      -2000.9120      -1570.3073    
  3518.4426      -2000.9790      -1590.5448    
  3532.0828      -1981.4025      -1589.0104    
  3544.6748      -1963.8417      -1589.4297    
  3552.5144      -1952.4844      -1589.2299    
  3561.5547      -1939.2511      -1589.0938    
  3571.5168      -1920.4012      -1581.2717    
  3564.9092      -1923.8220      -1569.0256    
  3552.7012      -1941.9613      -1569.3096    
  3552.5940      -1931.8971      -1549.5917    
  3544.3794      -1943.8594      -1549.4979    
  3531.8411      -1951.6198      -1529.3071    
  3540.3787      -1939.2795      -1529.3176    
  3531.8237      -1961.8755      -1549.4393    
  3532.0525      -1971.6173      -1569.3904    
  3540.8831      -1959.3575      -1569.9414    
  3519.4666      -1979.3329      -1549.5688    
  3523.3801      -1983.8414      -1569.5723    
  3511.0156      -1981.5804      -1530.4727    
  3511.4956      -1990.8529      -1550.5742    
  3661.6738      -1743.8547      -1528.4575    
  3670.4041      -1752.4760      -1568.3718    
  3660.0427      -1759.1670      -1549.2146    
  3663.9438      -1763.8501      -1568.4791    
  3672.1047      -1761.5688      -1588.5273    
  3656.0542      -1779.4541      -1571.7850    
  3660.8440      -1781.1879      -1588.6995    
  3558.6423      -1953.2512      -2379.5200    
  3651.3718      -1788.2948      -1573.2003    
  3641.3291      -1802.5085      -1568.4214    
  3649.4663      -1800.9534      -1589.3823    
  3630.9053      -1821.4895      -1571.2338    
  3638.2463      -1819.7397      -1589.4316    
  3630.9075      -1831.7351      -1589.2620    
  3623.4546      -1843.9008      -1589.3103    
  3612.2197      -1861.7290      -1588.9448    
  3600.1790      -1880.9701      -1589.4315    
  3592.1216      -1892.7432      -1588.0944    
  3592.3306      -1882.1975      -1569.2203    
  3591.8601      -1872.1544      -1549.4537    
  3600.0298      -1859.2406      -1549.4126    
  3604.0750      -1863.9072      -1569.4850    
  3611.1143      -1841.5231      -1549.4852    
  3603.4407      -1842.7015      -1529.4727    
  3591.0559      -1862.0438      -1528.7216    
  3612.1536      -1851.1177      -1569.6478    
  3619.4851      -1839.2456      -1569.5745    
  3621.9622      -1823.9489      -1549.6738    
  3632.9500      -1799.4235      -1538.7490    
  3630.3760      -1810.8810      -1551.1609    
  3617.9016      -1819.2458      -1529.6570    
  3611.0308      -1830.5012      -1529.6484    
  3629.6785      -1797.4399      -1525.8171    
  3640.8914      -1781.3821      -1530.8671    
  3645.2969      -1783.7622      -1547.7633    
  3637.2849      -1799.4155      -1551.3284    
  3650.4810      -1782.0149      -1559.8907    
  3652.0044      -1772.4612      -1548.1140    
  3650.8738      -1763.0736      -1528.9670    
  3580.2803      -1879.2412      -1529.3005    
  3584.3374      -1883.8942      -1549.4835    
  3572.4749      -1891.3759      -1529.4626    
  3572.5376      -1901.8826      -1549.2573    
  3572.2820      -1912.5424      -1568.5740    
  3581.4463      -1899.3083      -1569.8340    
  3564.2629      -1903.8763      -1529.4393    
  3552.0029      -1922.1453      -1529.2333    
  3561.1682      -1919.3234      -1549.8495    
  3591.2422      -1900.2601      -1599.5477    
  3585.1663      -1903.8175      -1588.8611    
  3574.5049      -1922.2166      -1593.2003    
  3523.6562      -1963.3304      -1529.3846    
  3634.4939      -1742.7666      -1513.3680    
  3647.8042      -1742.7054      -1509.9467    
  3628.3291      -1758.8459      -1512.5710    
  3614.6130      -1782.7583      -1512.4915    
  3629.2913      -1772.0129      -1510.3610    
  3607.2244      -1809.2983      -1510.3309    
  3600.4766      -1818.7997      -1510.5747    
  3588.2874      -1838.3899      -1510.5986    
  3589.9653      -1820.2870      -1512.9897    
  3572.9988      -1844.6626      -1513.4324    
  3568.4778      -1858.6833      -1512.3433    
  3576.7234      -1857.7450      -1510.4453    
  3569.7505      -1870.1656      -1510.2062    
  3562.4861      -1879.8018      -1510.4617    
  3537.9192      -1919.0533      -1510.1034    
  3529.5894      -1930.0260      -1510.3091    
  3528.6257      -1918.5156      -1512.4398    
  3511.4292      -1941.3510      -1512.7819    
  3522.6431      -1939.8550      -1510.3489    
  3493.6838      -1964.2098      -1513.1384    
  3508.6135      -1958.4326      -1510.5856    
  3557.8013      -1954.4673      -2400.8279    
  3487.0378      -1989.0792      -1510.4457    
  3488.0750      -1979.3304      -1511.8761    
  3473.5232      -1984.0244      -1514.4608    
  3533.4697      -1904.5625      -1513.5549    
  3551.4524      -1882.0435      -1512.8149    
  3548.3950      -1898.8395      -1510.8513    
  3593.6130      -1804.4258      -1514.5156    
  3608.0515      -1799.3369      -1511.6428    
  3638.0005      -1760.3896      -1509.8606    
  3750.5222      -1382.1271      -1512.6654    
  3751.8721      -1401.4948      -1511.0979    
  3734.2693      -1423.8926      -1514.7388    
  3733.8225      -1441.6198      -1513.6479    
  3729.2334      -1458.9873      -1513.7245    
  3739.4172      -1461.8940      -1510.5713    
  3728.8894      -1506.6350      -1510.1492    
  3728.4448      -1499.0540      -1510.8844    
  3714.2874      -1503.5873      -1514.5934    
  3714.8926      -1521.4709      -1512.9556    
  3707.9749      -1539.1377      -1513.4486    
  3709.3267      -1558.2183      -1511.4039    
  3694.5684      -1582.5920      -1513.4297    
  3690.1099      -1601.6823      -1512.9299    
  3699.5159      -1600.0851      -1510.4027    
  3688.1501      -1631.7148      -1510.6154    
  3687.8901      -1619.4993      -1511.8695    
  3674.5457      -1642.6692      -1513.3948    
  3669.6777      -1661.6141      -1512.8767    
  3668.1343      -1678.7094      -1511.5692    
  3653.9031      -1702.6024      -1513.0809    
  3648.5652      -1718.4526      -1512.8898    
  3657.8938      -1718.3929      -1510.2822    
  3667.4824      -1690.5623      -1510.5267    
  3679.0034      -1660.4226      -1510.3630    
  3708.0823      -1571.3353      -1510.5933    
  3717.6086      -1542.0065      -1510.4425    
  3729.4148      -1480.1476      -1512.0831    
  3747.7778      -1429.2003      -1510.4720    
  3749.5146      -1419.7195      -1510.6055    
  3758.9587      -1383.5720      -1510.1351    
  3690.8887      -1721.5094      -2429.8577    
  3684.1431      -1722.1772      -2450.0972    
  3678.1406      -1721.5804      -2469.5088    
  3672.1353      -1723.6014      -2485.8171    
  3670.6968      -1719.3054      -2495.3972    
  3679.5103      -1701.5978      -2488.6907    
  3690.3201      -1662.1779      -2499.7605    
  3690.5894      -1670.7296      -2489.3274    
  3684.8789      -1683.8284      -2492.3792    
  3705.9858      -1623.8704      -2492.2080    
  3700.5908      -1641.6753      -2490.0469    
  3705.5610      -1643.8898      -2471.9646    
  3700.1562      -1661.5804      -2469.5088    
  3695.3284      -1659.2549      -2487.2734    
  3705.2437      -1663.4041      -2451.4861    
  3699.7505      -1680.9205      -2449.0784    
  3694.5479      -1679.2621      -2467.2715    
  3690.2671      -1680.7943      -2478.9531    
  3690.4683      -1689.7313      -2468.1223    
  3691.2007      -1701.9076      -2451.7986    
  3685.1411      -1704.3016      -2467.9541    
  3705.3818      -1683.5997      -2428.3838    
  3698.2791      -1701.6693      -2429.9443    
  3710.3923      -1669.5281      -2428.4819    
  3714.0854      -1659.7769      -2427.6899    
  3718.9075      -1643.5017      -2430.2935    
  3726.4966      -1624.2764      -2426.8960    
  3730.5618      -1601.1193      -2438.1682    
  3730.7817      -1610.4702      -2427.7991    
  3725.3584      -1603.9246      -2451.7964    
  3720.2529      -1621.5804      -2449.5088    
  3710.5349      -1641.0833      -2459.3291    
  3710.8530      -1630.9277      -2469.2773    
  3715.4363      -1619.2434      -2467.2261    
  3714.7478      -1639.6896      -2447.5449    
  3710.6628      -1621.4955      -2479.9448    
  3710.8057      -1611.6842      -2489.8538    
  3720.5420      -1601.5804      -2469.5088    
  3715.6599      -1599.2117      -2487.4543    
  3711.2764      -1601.0870      -2499.4246    
  3720.5273      -1581.5132      -2490.0588    
  3730.2454      -1541.1559      -2498.6326    
  3730.4199      -1550.2544      -2489.3464    
  3725.3054      -1563.8691      -2492.4221    
  3744.6462      -1499.8356      -2490.3535    
  3737.9587      -1522.4456      -2491.4243    
  3744.9546      -1521.7284      -2469.5737    
  3738.4685      -1542.8070      -2470.6968    
  3733.8665      -1540.0409      -2488.0830    
  3746.0005      -1542.8702      -2446.4805    
  3738.6169      -1562.9636      -2450.7842    
  3734.1328      -1560.0585      -2467.9548    
  3745.3960      -1562.2216      -2429.8345    
  3738.7166      -1582.7850      -2430.8445    
  3734.1958      -1580.0594      -2447.9807    
  3734.4209      -1599.4480      -2427.6233    
  3750.5193      -1546.5229      -2428.5225    
  3757.1072      -1521.8689      -2430.3130    
  3763.4019      -1500.8483      -2428.8291    
  3771.2083      -1481.1896      -2420.4744    
  3767.2588      -1483.3281      -2431.4839    
  3770.1594      -1461.7643      -2440.0032    
  3770.9177      -1471.3986      -2429.6150    
  3766.0862      -1463.3492      -2451.9810    
  3762.8232      -1480.6183      -2448.1831    
  3756.0857      -1482.3677      -2468.5544    
  3756.8884      -1501.5997      -2449.2275    
  3751.6606      -1483.4434      -2481.9805    
  3751.4160      -1474.3386      -2490.5400    
  3760.2485      -1463.4901      -2470.8767    
  3755.4365      -1461.0524      -2488.5508    
  3751.3198      -1462.4651      -2500.7871    
  3759.1587      -1442.7802      -2491.1418    
  3768.1531      -1403.5608      -2491.1030    
  3765.0288      -1419.5848      -2489.7097    
  3771.0156      -1381.5804      -2496.7878    
  3773.6836      -1382.0972      -2487.5930    
  3778.4834      -1384.1846      -2470.2817    
  3790.2976      -1399.6699      -2420.6665    
  3786.4006      -1400.6754      -2432.8621    
  3783.0515      -1420.9884      -2429.4058    
  3777.2402      -1442.9689      -2431.8452    
  3773.9287      -1460.0625      -2429.0952    
  3776.9114      -1421.2649      -2449.3999    
  3772.4368      -1438.7810      -2450.8235    
  3770.1052      -1448.9655      -2450.4685    
  3766.2546      -1441.8213      -2468.6907    
  3771.0156      -1420.2886      -2469.5088    
  3771.4517      -1403.4803      -2480.2764    
  3775.3948      -1403.0107      -2467.5930    
  3781.1960      -1400.9497      -2449.8767    
  3771.0034      -1392.0986      -2489.7100    
  3748.4775      -1483.9595      -2491.8538    
  3750.7324      -1501.6937      -2469.0391    
  3751.1699      -1521.6359      -2449.6482    
  3751.6411      -1538.9117      -2432.1111    
  3730.3357      -1561.2104      -2478.9644    
  3710.3833      -1650.7413      -2449.2817    
  3730.4514      -1581.0981      -2458.8708    
  3730.3789      -1590.9127      -2449.1855    
  3725.3916      -1583.8904      -2472.1719    
  3730.4407      -1570.6625      -2469.3169    
  3710.2456      -1660.7155      -2438.7356    
  3658.0469      -1718.8563      -2508.8103    
  3648.8252      -1718.9974      -2506.2417    
  3653.8643      -1702.6575      -2505.9141    
  3668.1335      -1678.7117      -2507.4307    
  3667.6235      -1690.6083      -2508.5176    
  3679.0212      -1660.4318      -2508.6428    
  3674.5449      -1642.6718      -2505.6052    
  3669.9443      -1661.5931      -2506.1965    
  3688.2659      -1631.9863      -2508.4438    
  3688.0330      -1619.4290      -2507.1643    
  3699.6763      -1599.7031      -2508.6074    
  3694.5762      -1582.5681      -2505.5703    
  3690.2422      -1601.4215      -2506.0833    
  3708.4021      -1571.6825      -2508.5293    
  3709.6453      -1558.8378      -2507.7417    
  3717.5540      -1542.1427      -2508.5535    
  3713.9985      -1521.1143      -2505.7581    
  3707.9768      -1539.5602      -2505.5881    
  3728.3689      -1506.8073      -2508.7151    
  3728.4390      -1499.1879      -2508.1245    
  3729.4307      -1459.4650      -2505.3674    
  3729.4187      -1480.1327      -2506.9167    
  3739.9021      -1461.9185      -2508.5703    
  3734.2798      -1423.8477      -2504.2612    
  3733.8164      -1441.6439      -2505.3521    
  3747.7251      -1429.3037      -2508.5198    
  3751.2690      -1402.1381      -2507.7678    
  3754.0298      -1383.0288      -2507.4043    
  3749.5774      -1419.7096      -2508.4121    
  3714.2627      -1503.6755      -2504.4065    
  3768.0427      -1354.6777      -2508.4155    
  3776.8347      -1340.5687      -2508.7407    
  3773.9304      -1323.9891      -2505.6997    
  3768.1272      -1339.1382      -2506.2622    
  3787.3962      -1317.9939      -2508.4441    
  3788.6221      -1300.4652      -2506.4314    
  3807.1646      -1278.0975      -2508.4822    
  3808.6809      -1260.0455      -2506.5962    
  3794.2898      -1283.2942      -2505.6956    
  3813.6069      -1242.8262      -2505.7805    
  3828.2725      -1231.7152      -2508.4106    
  3830.3062      -1201.1586      -2505.3042    
  3829.1294      -1219.2032      -2507.1323    
  3842.1746      -1199.7697      -2508.4041    
  3847.3359      -1188.5223      -2508.5144    
  3847.9836      -1179.2551      -2507.6238    
  3859.1328      -1160.2046      -2508.5476    
  3854.0857      -1143.8502      -2505.3184    
  3849.5745      -1161.8374      -2506.0793    
  3867.2991      -1138.4916      -2508.4077    
  3867.3511      -1121.5068      -2506.5718    
  3876.7446      -1119.2925      -2508.9604    
  3881.6274      -1101.1917      -2508.4019    
  3887.6111      -1082.6086      -2508.1426    
  3871.1184      -1103.9816      -2505.7488    
  3893.5198      -1043.1221      -2505.8064    
  3889.1360      -1062.4657      -2506.5095    
  3907.0298      -1030.6145      -2508.4014    
  3833.8838      -1184.2855      -2504.3120    
  3488.1174      -1979.2721      -2507.1238    
  3473.5286      -1983.8264      -2504.5061    
  3487.6038      -1989.0780      -2508.6860    
  3598.9778      -1892.9141      -1619.6387    
  3511.4578      -1941.5585      -2506.2595    
  3493.6826      -1964.2117      -2505.8616    
  3508.6157      -1958.5332      -2508.4319    
  3533.1299      -1904.4529      -2505.3447    
  3528.6167      -1918.5288      -2506.5603    
  3529.9299      -1930.5864      -2508.8655    
  3537.7778      -1919.3530      -2508.9114    
  3548.3953      -1898.8391      -2508.1487    
  3562.6768      -1880.0332      -2508.6223    
  3568.2932      -1858.9727      -2506.6567    
  3551.4595      -1881.9684      -2506.1748    
  3569.9312      -1870.5740      -2508.9036    
  3573.0664      -1844.4155      -2505.5457    
  3576.9075      -1858.3101      -2508.6897    
  3588.4290      -1838.2744      -2508.4189    
  3600.4373      -1818.9457      -2508.4380    
  3608.3057      -1798.9139      -2507.3572    
  3593.7500      -1804.1996      -2504.4844    
  3590.9392      -1820.8563      -2506.3430    
  3607.7649      -1808.4807      -2508.6807    
  3628.3318      -1758.8414      -2506.4290    
  3614.5784      -1782.8171      -2506.5085    
  3629.1858      -1772.5876      -2508.6980    
  3638.1138      -1760.5818      -2509.1970    
  3647.7107      -1742.6681      -2509.0239    
  3634.4746      -1742.8004      -2505.6321    
  3522.6172      -1939.9974      -2508.6687    
  3801.2693      -1361.6097      -1588.4504    
  3791.1125      -1368.9392      -1570.0254    
  3796.7969      -1359.3644      -1571.5488    
  3791.9656      -1360.8789      -1559.5847    
  3791.6326      -1353.9176      -1547.4969    
  3800.3455      -1339.3003      -1550.5826    
  3804.0127      -1343.9347      -1568.7625    
  3811.3821      -1330.9646      -1570.8157    
  3812.4226      -1320.4685      -1557.9945    
  3816.9905      -1319.7980      -1570.7245    
  3824.3469      -1304.0217      -1569.3987    
  3821.3887      -1321.0332      -1585.8171    
  3812.1682      -1341.5804      -1589.5087    
  3831.4773      -1282.0370      -1559.0193    
  3831.3906      -1290.7692      -1571.3389    
  3826.9993      -1283.9099      -1548.1313    
  3820.4463      -1299.6401      -1551.1705    
  3811.0952      -1315.3401      -1546.2811    
  3812.9509      -1302.8044      -1533.2003    
  3810.4060      -1300.3264      -1521.8584    
  3821.5803      -1282.1926      -1529.2335    
  3850.9407      -1215.3063      -1526.4070    
  3857.9043      -1201.9565      -1530.2405    
  3869.5266      -1182.6334      -1541.1281    
  3871.1555      -1187.7816      -1552.7352    
  3864.5847      -1183.9053      -1527.5000    
  3864.2007      -1201.3121      -1548.7770    
  3857.3181      -1219.2456      -1551.2111    
  3862.2693      -1221.5804      -1569.5087    
  3867.0835      -1223.8696      -1587.3257    
  3855.1929      -1239.2970      -1571.6340    
  3860.5254      -1240.8119      -1590.0037    
  3851.2292      -1260.9104      -1589.2367    
  3850.3032      -1249.7197      -1570.9332    
  3843.1841      -1264.0126      -1569.0588    
  3836.6055      -1279.9012      -1571.5227    
  3841.7935      -1281.0468      -1588.9045    
  3831.7598      -1302.1752      -1589.0758    
  3850.5779      -1240.6146      -1559.3118    
  3845.5300      -1242.9764      -1547.1064    
  3838.9033      -1259.5920      -1549.8436    
  3831.7939      -1273.7689      -1548.1788    
  3830.9412      -1261.9861      -1528.9497    
  3841.2363      -1239.6366      -1529.4214    
  3852.2473      -1220.4852      -1537.3036    
  3851.2322      -1231.7275      -1549.2683    
  3847.3362      -1223.6503      -1526.4741    
  3871.4846      -1221.5310      -1597.7271    
  3871.6731      -1213.7587      -1588.0453    
  3871.0156      -1201.5804      -1570.1055    
  3877.3403      -1199.9498      -1587.4707    
  3884.9717      -1184.2324      -1590.8562    
  3890.7444      -1161.2732      -1579.9019    
  3890.4534      -1170.5438      -1590.5459    
  3885.6025      -1163.8892      -1567.2211    
  3879.2480      -1181.1526      -1569.2654    
  3880.3550      -1162.0607      -1548.6907    
  3874.4529      -1179.3113      -1552.1152    
  3882.3057      -1141.5804      -1529.5087    
  3887.0967      -1143.8959      -1547.2140    
  3875.9966      -1159.2640      -1531.7106    
  3871.1863      -1161.3535      -1519.4147    
  3870.5332      -1171.1575      -1529.6892    
  3897.2192      -1101.6409      -1528.3204    
  3911.2578      -1081.6442      -1549.1825    
  3904.6694      -1081.6519      -1528.5509    
  3904.0085      -1101.5270      -1549.3998    
  3896.9763      -1118.8735      -1547.8438    
  3902.8960      -1121.5804      -1569.5087    
  3907.6731      -1123.8992      -1587.1528    
  3896.8149      -1139.2609      -1571.7794    
  3901.6477      -1141.7960      -1589.8746    
  3895.0925      -1160.0240      -1591.8340    
  3891.5232      -1142.1949      -1558.8926    
  3891.2717      -1151.6085      -1569.6149    
  3911.5173      -1122.2811      -1597.2156    
  3911.5742      -1114.3992      -1588.0885    
  3916.9812      -1100.1423      -1588.3445    
  3910.8816      -1101.1158      -1570.4031    
  3917.8816      -1081.3741      -1569.6331    
  3923.9731      -1081.5233      -1588.8967    
  3931.0156      -1062.3795      -1589.5087    
  3937.2278      -1044.0999      -1588.9443    
  3930.1130      -1040.8806      -1563.0239    
  3931.8779      -1045.1143      -1573.2003    
  3924.6001      -1042.7610      -1547.7090    
  3918.4463      -1061.6438      -1549.1940    
  3925.5471      -1058.9126      -1568.4709    
  3918.8811      -1042.2079      -1529.0953    
  3911.2432      -1061.7974      -1526.7394    
  3890.2175      -1121.6072      -1530.0342    
  3891.6365      -1133.0930      -1548.2228    
  3782.5852      -1359.1046      -1528.8286    
  3790.4148      -1340.3665      -1522.5356    
  3792.8210      -1342.5887      -1533.2003    
  3802.3862      -1321.5804      -1529.5087    
  3807.0967      -1323.7758      -1546.9938    
  3949.7778      -723.93518      -1510.3308    
  3947.9927      -739.49023      -1510.5334    
  3947.1411      -748.38434      -1510.5851    
  3934.7915      -740.73224      -1514.3311    
  3933.8833      -760.07904      -1514.1583    
  3933.8379      -780.83441      -1513.6449    
  3944.9871      -779.03265      -1510.4539    
  3944.7036      -798.99170      -1509.9756    
  3932.7983      -801.64001      -1513.3607    
  3930.7834      -822.54120      -1513.3011    
  3941.0808      -823.86432      -1510.2595    
  3938.8086      -841.96094      -1510.3126    
  3936.3645      -861.53986      -1510.3215    
  3927.0415      -903.24304      -1511.3936    
  3914.6794      -922.07227      -1514.1938    
  3558.4053      -1953.5939      -1639.0632    
  3913.6746      -942.28516      -1513.5750    
  3910.6196      -962.36688      -1513.5161    
  3908.0491      -979.17120      -1513.4374    
  3909.4568      -998.52234      -1512.0341    
  3917.5730      -981.54358      -1510.5367    
  3921.1409      -963.52313      -1510.3875    
  3925.8105      -938.81311      -1510.1909    
  3929.1729      -880.29974      -1511.7030    
  3927.5688      -859.38007      -1512.9664    
  3930.0703      -841.40302      -1512.8785    
  3909.7625      -999.09222      -2507.0850    
  3917.8120      -981.32898      -2508.5222    
  3911.0156      -961.58044      -2505.5615    
  3908.4824      -979.59729      -2505.7104    
  3921.9343      -963.41058      -2508.8389    
  3925.8296      -939.48047      -2508.8452    
  3914.0012      -923.62048      -2504.6763    
  3911.8384      -941.62061      -2504.8582    
  3928.4104      -919.45935      -2508.7007    
  3927.2959      -901.47583      -2507.6067    
  3927.8452      -859.57690      -2506.1216    
  3929.2212      -880.38428      -2507.3145    
  3936.4666      -861.20923      -2508.6960    
  3939.1106      -841.84454      -2508.7715    
  3931.1409      -821.90240      -2505.7822    
  3930.1523      -841.89502      -2506.1624    
  3941.6650      -823.57397      -2508.9011    
  3944.8447      -799.44293      -2509.0789    
  3933.8372      -780.84302      -2505.3550    
  3932.4575      -801.89276      -2505.5476    
  3945.2200      -779.50732      -2508.6265    
  3934.7883      -740.77496      -2504.6689    
  3933.8938      -760.25494      -2504.8491    
  3947.3665      -748.66589      -2508.4866    
  3950.2512      -723.58466      -2508.7993    
  3948.4971      -739.76215      -2508.6184    
  3944.4187      -1019.3222      -2428.3708    
  3950.3242      -999.19983      -2420.7805    
  3946.6694      -998.91351      -2433.0886    
  3945.1985      -979.50641      -2449.1550    
  3941.2419      -1001.3400      -2449.6855    
  3935.3083      -1002.9871      -2468.4065    
  3937.3115      -1018.6066      -2452.3577    
  3930.7080      -1019.5461      -2473.6604    
  3931.5283      -1002.9071      -2480.9985    
  3928.2522      -1003.4254      -2491.5596    
  3925.7900      -1018.7959      -2490.4099    
  3931.8774      -963.06348      -2502.7200    
  3930.4736      -980.54675      -2497.5596    
  3942.3833      -921.58044      -2489.5088    
  3939.0010      -941.58398      -2490.5359    
  3945.7297      -939.50177      -2469.1338    
  3941.9971      -961.59192      -2469.7913    
  3936.0032      -964.41656      -2488.2209    
  3938.1274      -982.86310      -2470.7747    
  3933.8257      -979.72742      -2486.8762    
  3951.1145      -921.81946      -2460.1333    
  3947.7842      -919.63928      -2472.3823    
  3951.1218      -902.41956      -2469.5769    
  3959.9534      -881.58044      -2449.5088    
  3954.5581      -883.83240      -2466.6631    
  3956.8872      -902.95160      -2449.9565    
  3963.1655      -901.58044      -2429.5088    
  3960.2866      -921.58044      -2429.5088    
  3954.6682      -923.08466      -2447.5930    
  3956.8418      -942.92432      -2430.1948    
  3954.5728      -963.78650      -2426.6501    
  3950.7329      -980.88690      -2429.9524    
  3951.0315      -961.49701      -2439.7102    
  3951.1794      -941.51691      -2449.8613    
  3947.5537      -959.52802      -2452.3823    
  3966.1006      -879.75073      -2429.6123    
  3970.9456      -861.22656      -2421.2471    
  3971.2563      -840.25391      -2428.6907    
  3973.6694      -821.53912      -2427.5930    
  3975.1667      -804.42456      -2428.5554    
  3976.8564      -782.24701      -2430.0173    
  3978.7454      -761.66846      -2429.6016    
  3980.3062      -741.58044      -2429.5088    
  3982.3381      -723.72522      -2426.6353    
  3976.2786      -724.56567      -2447.3396    
  3971.1724      -741.70135      -2460.8674    
  3974.8269      -744.53473      -2447.5991    
  3970.3997      -761.94946      -2458.1125    
  3973.8032      -764.19165      -2445.8210    
  3970.3535      -782.19519      -2452.2424    
  3970.7590      -801.83136      -2444.4485    
  3890.9382      -1110.5293      -1519.1414    
  3963.4941      -801.41974      -2469.3250    
  3966.8816      -819.99054      -2451.2141    
  3961.3208      -821.58044      -2469.5088    
  3955.4551      -823.80634      -2488.5828    
  3959.0491      -841.58044      -2469.5088    
  3953.9585      -843.87390      -2485.8171    
  3950.3962      -842.02753      -2498.6162    
  3950.8003      -861.68964      -2489.0837    
  3947.4629      -879.78949      -2492.3823    
  3945.5859      -900.19299      -2489.2324    
  3951.6533      -824.26855      -2501.3047    
  3558.0925      -1954.0463      -1659.4708    
  3959.2498      -781.81165      -2490.2695    
  3956.5540      -802.97339      -2492.4080    
  3962.8430      -741.58044      -2489.5088    
  3961.0984      -761.42706      -2490.1108    
  3964.4915      -721.87030      -2488.5508    
  3970.7632      -723.25195      -2466.6353    
  3967.9719      -739.63049      -2472.3823    
  3966.9402      -759.31360      -2470.7043    
  3965.3625      -780.10809      -2469.9370    
  3950.9932      -881.85297      -2479.5630    
  3965.2654      -840.20715      -2449.0029    
  3962.5352      -861.58044      -2449.5088    
  3956.3118      -862.95807      -2469.9373    
  3967.6628      -859.16571      -2433.2002    
  3970.2034      -821.64630      -2439.3252    
  3930.7073      -991.89093      -2490.2229    
  3950.9436      -1012.2542      -1628.5087    
  3949.1953      -1021.8544      -1631.6547    
  3949.1736      -1021.9720      -1653.3628    
  3951.1309      -1011.2148      -1646.7139    
  3951.0156      -1011.8552      -1669.5087    
  3949.0210      -1022.8011      -1671.5087    
  3949.2112      -1021.7673      -1689.8907    
  3951.2593      -1010.5015      -1687.5922    
  3951.0156      -1011.8552      -1709.5087    
  3949.1301      -1022.2077      -1710.5087    
  3949.2456      -1021.5804      -1729.5087    
  3951.2412      -1010.6017      -1727.5748    
  3951.0156      -1011.8552      -1749.5087    
  3949.1301      -1022.2077      -1750.5087    
  3949.2456      -1021.5804      -1769.5087    
  3951.2593      -1010.5009      -1767.5889    
  3951.0156      -1011.8552      -1789.5087    
  3949.1125      -1022.3037      -1790.6547    
  3949.2583      -1021.5115      -1809.6547    
  3951.2710      -1010.4362      -1807.6072    
  3951.0156      -1011.8552      -1829.5087    
  3949.1021      -1022.3608      -1830.7587    
  3949.2588      -1021.5084      -1849.7587    
  3951.3567      -1009.9583      -1847.2235    
  3951.0818      -1011.4872      -1868.6250    
  3949.0879      -1022.4379      -1871.0674    
  3949.2456      -1021.5804      -1889.5087    
  3951.3462      -1010.0168      -1887.1486    
  3951.0156      -1011.8552      -1909.5087    
  3949.1301      -1022.2077      -1910.5087    
  3949.2456      -1021.5804      -1929.5087    
  3951.2595      -1010.5002      -1927.5952    
  3951.0156      -1011.8552      -1949.5087    
  3949.1301      -1022.2077      -1950.5087    
  3949.2456      -1021.5804      -1969.5087    
  3951.2590      -1010.5024      -1967.5889    
  3951.0156      -1011.8552      -1989.5087    
  3949.1301      -1022.2077      -1990.5087    
  3949.2456      -1021.5804      -2009.5087    
  3951.2588      -1010.5031      -2007.5883    
  3951.0156      -1011.8552      -2029.5087    
  3949.1125      -1022.3037      -2030.6547    
  3949.2583      -1021.5115      -2049.6545    
  3951.2708      -1010.4377      -2047.6003    
  3951.0156      -1011.8552      -2069.5088    
  3949.1021      -1022.3608      -2070.7588    
  3949.2588      -1021.5084      -2089.7588    
  3951.3567      -1009.9583      -2087.2231    
  3951.0818      -1011.4872      -2108.6252    
  3949.0879      -1022.4379      -2111.0674    
  3949.2456      -1021.5804      -2129.5088    
  3951.3462      -1010.0168      -2127.1487    
  3951.0156      -1011.8552      -2149.5088    
  3949.1301      -1022.2077      -2150.5088    
  3949.2456      -1021.5804      -2169.5088    
  3951.2598      -1010.4987      -2167.5952    
  3951.0156      -1011.8552      -2189.5088    
  3949.1301      -1022.2077      -2190.5088    
  3949.2456      -1021.5804      -2209.5088    
  3951.2593      -1010.5009      -2207.5947    
  3951.0156      -1011.8552      -2229.5088    
  3949.1301      -1022.2077      -2230.5088    
  3949.2456      -1021.5804      -2249.5088    
  3951.2590      -1010.5024      -2247.5889    
  3951.0156      -1011.8552      -2269.5088    
  3949.1125      -1022.3037      -2270.6545    
  3949.2583      -1021.5110      -2289.6545    
  3951.2593      -1010.5015      -2287.5911    
  3951.0156      -1011.8552      -2309.5088    
  3949.1135      -1022.2984      -2310.6545    
  3949.2595      -1021.5051      -2329.7588    
  3951.3308      -1010.1025      -2327.1836    
  3950.9968      -1011.9581      -2349.2588    
  3949.1047      -1022.3469      -2350.7588    
  3949.2456      -1021.5804      -2369.5088    
  3951.3254      -1010.1323      -2367.1548    
  3951.1052      -1011.3574      -2389.2100    
  3949.1868      -1021.8998      -2393.3628    
  3986.8650      -723.84686      -2389.6230    
  3986.9048      -723.20148      -2369.4458    
  3986.9497      -722.47101      -2349.3950    
  3985.6899      -741.58044      -2349.5088    
  3985.7407      -740.86139      -2368.7510    
  3985.6899      -741.58044      -2329.5088    
  3984.1804      -761.58044      -2329.5088    
  3984.1804      -761.58044      -2349.5088    
  3984.2378      -760.86298      -2369.4907    
  3982.4668      -781.75940      -2349.6924    
  3982.4988      -781.40149      -2369.5088    
  3982.4829      -781.58044      -2329.5088    
  3980.6040      -801.58044      -2329.5088    
  3980.6040      -801.58044      -2349.5088    
  3980.6389      -801.22327      -2369.5088    
  3978.4731      -822.29315      -2350.2749    
  3978.6257      -820.86768      -2369.5085    
  3978.5496      -821.58044      -2329.5088    
  3976.3250      -841.58044      -2329.5088    
  3976.3250      -841.58044      -2349.5088    
  3976.4070      -840.86914      -2369.5051    
  3973.9480      -861.47205      -2349.4849    
  3973.9565      -861.40295      -2369.3105    
  3973.9346      -861.58044      -2329.5088    
  3971.4756      -880.87177      -2349.5151    
  3971.1094      -883.64893      -2369.5337    
  3971.0156      -884.35742      -2329.5088    
  3968.5735      -902.28790      -2330.1416    
  3968.7185      -901.24866      -2350.0088    
  3968.7708      -900.87299      -2370.4656    
  3965.8069      -921.58044      -2349.5088    
  3965.9109      -920.87408      -2369.5276    
  3965.9109      -920.87408      -2328.8140    
  3962.7896      -941.58044      -2329.5088    
  3962.6804      -942.28564      -2350.2668    
  3962.8987      -940.87518      -2369.5171    
  3959.6228      -961.58044      -2349.5088    
  3959.7368      -960.87634      -2369.5183    
  3959.6228      -961.58044      -2329.5088    
  3956.3381      -981.40472      -2329.5107    
  3956.1892      -982.28333      -2349.5408    
  3956.4275      -980.87750      -2369.5310    
  3952.9919      -1000.7686      -2351.6545    
  3953.2043      -999.56250      -2371.4316    
  3953.2036      -999.56732      -2331.5178    
  3956.1892      -982.28333      -2309.5403    
  3952.9800      -1000.8372      -2311.6545    
  3959.6228      -961.58044      -2289.5088    
  3959.6228      -961.58044      -2309.5088    
  3956.3381      -981.40472      -2289.5105    
  3956.0874      -982.88361      -2269.8352    
  3952.9817      -1000.8268      -2271.6545    
  3953.1123      -1000.0859      -2291.1802    
  3959.6228      -961.58044      -2249.5088    
  3959.6228      -961.58044      -2269.5088    
  3956.3381      -981.40472      -2249.5105    
  3956.1892      -982.28333      -2229.5405    
  3952.9680      -1000.9052      -2231.6545    
  3953.1431      -999.91034      -2251.3364    
  3959.6228      -961.58044      -2209.5088    
  3959.6228      -961.58044      -2229.5088    
  3956.3381      -981.40472      -2209.5105    
  3956.0874      -982.88361      -2190.2234    
  3953.0208      -1000.6054      -2192.6934    
  3953.0825      -1000.2549      -2211.0955    
  3959.6228      -961.58044      -2169.5088    
  3959.6228      -961.58044      -2189.5088    
  3956.3381      -981.40472      -2169.5105    
  3956.0874      -982.88361      -2150.2192    
  3953.0229      -1000.5937      -2152.7722    
  3953.0825      -1000.2551      -2171.0945    
  3959.6228      -961.58044      -2129.5088    
  3959.6228      -961.58044      -2149.5088    
  3956.3381      -981.40472      -2129.5105    
  3956.1892      -982.28333      -2109.5396    
  3953.0007      -1000.7187      -2111.6545    
  3953.2043      -999.56201      -2131.4646    
  3959.6228      -961.58044      -2089.5088    
  3959.6228      -961.58044      -2109.5088    
  3956.3679      -981.22900      -2089.5120    
  3956.1892      -982.28333      -2069.5398    
  3952.9856      -1000.8049      -2071.6545    
  3953.3250      -998.87598      -2090.9739    
  3959.6228      -961.58044      -2049.5088    
  3959.6228      -961.58044      -2069.5088    
  3956.3381      -981.40472      -2049.5105    
  3956.0874      -982.88361      -2029.7335    
  3952.9783      -1000.8465      -2031.6547    
  3953.1426      -999.91357      -2051.3215    
  3959.6228      -961.58044      -2009.5087    
  3959.6228      -961.58044      -2029.5087    
  3956.3381      -981.40472      -2009.5105    
  3956.0874      -982.88361      -1989.7335    
  3952.9761      -1000.8586      -1991.6547    
  3953.1431      -999.91064      -2011.3229    
  3959.6228      -961.58044      -1969.5087    
  3959.6228      -961.58044      -1989.5087    
  3956.3381      -981.40472      -1969.5105    
  3956.1892      -982.28333      -1949.5409    
  3952.9678      -1000.9055      -1951.6547    
  3953.1433      -999.91022      -1971.3376    
  3959.6228      -961.58044      -1929.5087    
  3959.6228      -961.58044      -1949.5087    
  3956.3381      -981.40472      -1929.5105    
  3956.0874      -982.88361      -1910.2211    
  3953.0208      -1000.6057      -1912.7717    
  3953.0825      -1000.2545      -1931.1106    
  3959.6228      -961.58044      -1889.5087    
  3959.6228      -961.58044      -1909.5087    
  3956.3679      -981.22900      -1889.5121    
  3956.1892      -982.28333      -1869.5392    
  3953.0007      -1000.7186      -1871.6547    
  3953.2043      -999.56207      -1891.4613    
  3959.6228      -961.58044      -1849.5087    
  3959.6228      -961.58044      -1869.5087    
  3956.3381      -981.40472      -1849.5105    
  3956.1892      -982.28333      -1829.5393    
  3952.9773      -1000.8524      -1831.6547    
  3953.3250      -998.87598      -1850.9766    
  3959.6228      -961.58044      -1809.5087    
  3959.6228      -961.58044      -1829.5087    
  3956.3381      -981.40472      -1809.5104    
  3956.0874      -982.88361      -1790.2207    
  3953.0244      -1000.5845      -1792.7509    
  3953.0825      -1000.2549      -1811.0983    
  3959.6228      -961.58044      -1769.5087    
  3959.6228      -961.58044      -1789.5087    
  3956.3381      -981.40472      -1769.5105    
  3956.0874      -982.88361      -1749.7354    
  3952.9744      -1000.8690      -1751.6547    
  3953.1431      -999.91083      -1771.3218    
  3959.6228      -961.58044      -1729.5087    
  3959.6228      -961.58044      -1749.5087    
  3956.3381      -981.40472      -1729.5104    
  3956.0874      -982.88361      -1709.8344    
  3952.9797      -1000.8378      -1711.6547    
  3953.1130      -1000.0818      -1731.1798    
  3959.6228      -961.58044      -1689.5087    
  3959.6228      -961.58044      -1709.5087    
  3956.3381      -981.40472      -1689.5104    
  3956.0874      -982.88361      -1669.8500    
  3952.9724      -1000.8793      -1672.7180    
  3953.1123      -1000.0860      -1691.1801    
  3959.6228      -961.58044      -1649.5087    
  3959.6228      -961.58044      -1669.5087    
  3956.3083      -981.58044      -1649.5087    
  3959.6211      -961.58972      -1628.9053    
  3956.3069      -981.58997      -1628.9053    
  3952.8328      -1001.6711      -1628.6547    
  3968.6711      -901.58887      -1628.9053    
  3965.8057      -921.58917      -1628.9053    
  3968.6721      -901.58044      -1649.5087    
  3968.6602      -901.66718      -1670.5087    
  3965.8069      -921.58044      -1649.5087    
  3965.8069      -921.58044      -1669.5087    
  3965.8330      -921.40387      -1689.3396    
  3962.7896      -941.58044      -1669.5087    
  3962.7896      -941.58044      -1689.5087    
  3965.8069      -921.58044      -1709.5087    
  3962.7896      -941.58044      -1709.5087    
  3965.9109      -920.87408      -1728.8136    
  3962.7896      -941.58044      -1729.5087    
  3965.8069      -921.58044      -1749.5087    
  3962.7896      -941.58044      -1749.5087    
  3965.9109      -920.87408      -1768.8138    
  3962.7896      -941.58044      -1769.5087    
  3965.8069      -921.58044      -1789.5087    
  3962.7896      -941.58044      -1789.5087    
  3965.9109      -920.87408      -1808.7980    
  3962.7896      -941.58044      -1809.5087    
  3965.8069      -921.58044      -1829.5087    
  3962.7896      -941.58044      -1829.5087    
  3965.9109      -920.87408      -1848.8298    
  3962.7896      -941.58044      -1849.5087    
  3965.8069      -921.58044      -1869.5087    
  3962.7896      -941.58044      -1869.5087    
  3965.9109      -920.87408      -1888.8136    
  3962.7896      -941.58044      -1889.5087    
  3965.8069      -921.58044      -1909.5087    
  3962.7896      -941.58044      -1909.5087    
  3965.9109      -920.87408      -1928.8143    
  3962.7896      -941.58044      -1929.5087    
  3965.8069      -921.58044      -1949.5087    
  3962.7896      -941.58044      -1949.5087    
  3965.9109      -920.87408      -1968.8132    
  3962.7896      -941.58044      -1969.5087    
  3965.8069      -921.58044      -1989.5087    
  3962.7896      -941.58044      -1989.5087    
  3965.9109      -920.87408      -2008.8298    
  3962.7896      -941.58044      -2009.5087    
  3965.8069      -921.58044      -2029.5087    
  3962.7896      -941.58044      -2029.5087    
  3965.9109      -920.87408      -2048.8132    
  3962.7896      -941.58044      -2049.5088    
  3965.8069      -921.58044      -2069.5088    
  3962.7896      -941.58044      -2069.5088    
  3965.9109      -920.87408      -2088.8298    
  3962.7896      -941.58044      -2089.5088    
  3965.8069      -921.58044      -2109.5088    
  3962.7896      -941.58044      -2109.5088    
  3965.9109      -920.87408      -2128.8137    
  3962.7896      -941.58044      -2129.5088    
  3965.8069      -921.58044      -2149.5088    
  3962.7896      -941.58044      -2149.5088    
  3965.9109      -920.87408      -2168.8142    
  3962.7896      -941.58044      -2169.5088    
  3965.8069      -921.58044      -2189.5088    
  3962.7896      -941.58044      -2189.5088    
  3965.9109      -920.87408      -2208.8132    
  3962.7896      -941.58044      -2209.5088    
  3965.8069      -921.58044      -2229.5088    
  3962.7896      -941.58044      -2229.5088    
  3965.9109      -920.87408      -2248.8298    
  3962.7896      -941.58044      -2249.5088    
  3965.8069      -921.58044      -2269.5088    
  3962.7896      -941.58044      -2269.5088    
  3965.9109      -920.87408      -2288.8145    
  3962.7896      -941.58044      -2289.5088    
  3965.8069      -921.58044      -2309.5088    
  3962.7896      -941.58044      -2309.5088    
  3968.5735      -902.28790      -2290.1543    
  3968.6968      -901.40356      -2309.7544    
  3971.0156      -884.35742      -2289.5088    
  3971.4058      -881.40326      -2309.5100    
  3973.9346      -861.58044      -2289.5088    
  3973.9346      -861.58044      -2309.5088    
  3976.3250      -841.58044      -2289.5088    
  3976.3250      -841.58044      -2309.5088    
  3978.5496      -821.58044      -2289.5088    
  3978.5496      -821.58044      -2309.5088    
  3980.6040      -801.58044      -2289.5088    
  3980.6040      -801.58044      -2309.5088    
  3982.4829      -781.58044      -2289.5088    
  3982.4829      -781.58044      -2309.5088    
  3984.1804      -761.58044      -2289.5088    
  3984.1804      -761.58044      -2309.5088    
  3985.6899      -741.58044      -2289.5088    
  3985.6899      -741.58044      -2309.5088    
  3986.9976      -721.68555      -2289.4609    
  3986.9866      -721.86566      -2309.4595    
  3986.9756      -722.04584      -2329.4570    
  3987.0039      -721.58044      -2269.5088    
  3987.0039      -721.58044      -2249.5088    
  3985.6899      -741.58044      -2249.5088    
  3985.6899      -741.58044      -2269.5088    
  3984.1804      -761.58044      -2249.5088    
  3984.1804      -761.58044      -2269.5088    
  3982.4829      -781.58044      -2249.5088    
  3982.4829      -781.58044      -2269.5088    
  3980.6040      -801.58044      -2249.5088    
  3980.6040      -801.58044      -2269.5088    
  3978.5496      -821.58044      -2249.5088    
  3978.5496      -821.58044      -2269.5088    
  3976.3250      -841.58044      -2249.5088    
  3976.3250      -841.58044      -2269.5088    
  3973.9346      -861.58044      -2249.5088    
  3973.9346      -861.58044      -2269.5088    
  3971.4058      -881.40326      -2269.5100    
  3971.0156      -884.35742      -2249.5088    
  3968.6228      -901.93414      -2249.8379    
  3968.6968      -901.40356      -2269.7544    
  3968.7185      -901.24847      -2230.0088    
  3971.0156      -884.35742      -2209.5088    
  3971.3823      -881.58044      -2229.5088    
  3973.9346      -861.58044      -2209.5088    
  3973.9346      -861.58044      -2229.5088    
  3976.3250      -841.58044      -2209.5088    
  3976.3250      -841.58044      -2229.5088    
  3978.5496      -821.58044      -2209.5088    
  3978.5496      -821.58044      -2229.5088    
  3980.6040      -801.58044      -2209.5088    
  3980.6040      -801.58044      -2229.5088    
  3982.4829      -781.58044      -2209.5088    
  3982.4829      -781.58044      -2229.5088    
  3984.1804      -761.58044      -2209.5088    
  3984.1804      -761.58044      -2229.5088    
  3985.6899      -741.58044      -2209.5088    
  3985.6899      -741.58044      -2229.5088    
  3987.0039      -721.58044      -2209.5088    
  3987.0039      -721.58044      -2229.5088    
  3987.0039      -721.58044      -2189.5088    
  3987.0039      -721.58044      -2169.5088    
  3985.6899      -741.58044      -2169.5088    
  3985.6899      -741.58044      -2189.5088    
  3984.1804      -761.58044      -2169.5088    
  3984.1804      -761.58044      -2189.5088    
  3982.4829      -781.58044      -2169.5088    
  3982.4829      -781.58044      -2189.5088    
  3980.6040      -801.58044      -2169.5088    
  3980.6040      -801.58044      -2189.5088    
  3978.5496      -821.58044      -2169.5088    
  3978.5496      -821.58044      -2189.5088    
  3976.3250      -841.58044      -2169.5088    
  3976.3250      -841.58044      -2189.5088    
  3973.9346      -861.58044      -2169.5088    
  3973.9346      -861.58044      -2189.5088    
  3971.4058      -881.40326      -2189.5100    
  3971.0156      -884.35742      -2169.5088    
  3968.5735      -902.28790      -2170.1543    
  3968.6953      -901.41443      -2189.7588    
  3968.6968      -901.40356      -2149.7544    
  3971.0156      -884.35742      -2129.5088    
  3971.4058      -881.40326      -2149.5100    
  3973.9346      -861.58044      -2129.5088    
  3973.9346      -861.58044      -2149.5088    
  3976.3250      -841.58044      -2129.5088    
  3976.3250      -841.58044      -2149.5088    
  3978.5496      -821.58044      -2129.5088    
  3978.5496      -821.58044      -2149.5088    
  3980.6040      -801.58044      -2129.5088    
  3980.6040      -801.58044      -2149.5088    
  3982.4829      -781.58044      -2129.5088    
  3982.4829      -781.58044      -2149.5088    
  3984.1804      -761.58044      -2129.5088    
  3984.1804      -761.58044      -2149.5088    
  3985.6899      -741.58044      -2129.5088    
  3985.6899      -741.58044      -2149.5088    
  3987.0039      -721.58044      -2129.5088    
  3987.0039      -721.58044      -2149.5088    
  3987.0039      -721.58044      -2109.5088    
  3987.0039      -721.58044      -2089.5088    
  3985.6899      -741.58044      -2089.5088    
  3985.6899      -741.58044      -2109.5088    
  3984.1804      -761.58044      -2089.5088    
  3984.1804      -761.58044      -2109.5088    
  3982.4829      -781.58044      -2089.5088    
  3982.4829      -781.58044      -2109.5088    
  3980.6040      -801.58044      -2089.5088    
  3980.6040      -801.58044      -2109.5088    
  3978.5496      -821.58044      -2089.5088    
  3978.5496      -821.58044      -2109.5088    
  3976.3250      -841.58044      -2089.5088    
  3976.3250      -841.58044      -2109.5088    
  3973.9346      -861.58044      -2089.5088    
  3973.9346      -861.58044      -2109.5088    
  3971.4058      -881.40326      -2109.5100    
  3971.0156      -884.35742      -2089.5088    
  3968.6228      -901.93414      -2089.8376    
  3968.6953      -901.41455      -2109.7588    
  3968.7185      -901.24847      -2070.0088    
  3971.0156      -884.35742      -2049.5088    
  3971.3823      -881.58044      -2069.5088    
  3973.9346      -861.58044      -2049.5088    
  3973.9346      -861.58044      -2069.5088    
  3976.3250      -841.58044      -2049.5088    
  3976.3250      -841.58044      -2069.5088    
  3978.5496      -821.58044      -2049.5088    
  3978.5496      -821.58044      -2069.5088    
  3980.6040      -801.58044      -2049.5088    
  3980.6040      -801.58044      -2069.5088    
  3982.4829      -781.58044      -2049.5088    
  3982.4829      -781.58044      -2069.5088    
  3984.1804      -761.58044      -2049.5088    
  3984.1804      -761.58044      -2069.5088    
  3985.6899      -741.58044      -2049.5088    
  3985.6899      -741.58044      -2069.5088    
  3987.0039      -721.58044      -2049.5088    
  3987.0039      -721.58044      -2069.5088    
  3987.0039      -721.58044      -2029.5087    
  3987.0039      -721.58044      -2009.5087    
  3985.6899      -741.58044      -2009.5087    
  3985.6899      -741.58044      -2029.5087    
  3984.1804      -761.58044      -2009.5087    
  3984.1804      -761.58044      -2029.5087    
  3982.4829      -781.58044      -2009.5087    
  3982.4829      -781.58044      -2029.5087    
  3980.6040      -801.58044      -2009.5087    
  3980.6040      -801.58044      -2029.5087    
  3978.5496      -821.58044      -2009.5087    
  3978.5496      -821.58044      -2029.5087    
  3976.3250      -841.58044      -2009.5087    
  3976.3250      -841.58044      -2029.5087    
  3973.9346      -861.58044      -2009.5087    
  3973.9346      -861.58044      -2029.5087    
  3971.4058      -881.40326      -2029.5100    
  3971.0156      -884.35742      -2009.5087    
  3968.6228      -901.93414      -2009.8378    
  3968.6953      -901.41443      -2029.7587    
  3968.7185      -901.24847      -1990.0087    
  3971.0156      -884.35742      -1969.5087    
  3971.3823      -881.58044      -1989.5087    
  3973.9346      -861.58044      -1969.5087    
  3973.9346      -861.58044      -1989.5087    
  3976.3250      -841.58044      -1969.5087    
  3976.3250      -841.58044      -1989.5087    
  3978.5496      -821.58044      -1969.5087    
  3978.5496      -821.58044      -1989.5087    
  3980.6040      -801.58044      -1969.5087    
  3980.6040      -801.58044      -1989.5087    
  3982.4829      -781.58044      -1969.5087    
  3982.4829      -781.58044      -1989.5087    
  3984.1804      -761.58044      -1969.5087    
  3984.1804      -761.58044      -1989.5087    
  3985.6899      -741.58044      -1969.5087    
  3985.6899      -741.58044      -1989.5087    
  3987.0039      -721.58044      -1969.5087    
  3987.0039      -721.58044      -1989.5087    
  3987.0039      -721.58044      -1949.5087    
  3987.0039      -721.58044      -1929.5087    
  3985.6899      -741.58044      -1929.5087    
  3985.6899      -741.58044      -1949.5087    
  3984.1804      -761.58044      -1929.5087    
  3984.1804      -761.58044      -1949.5087    
  3982.4829      -781.58044      -1929.5087    
  3982.4829      -781.58044      -1949.5087    
  3980.6040      -801.58044      -1929.5087    
  3980.6040      -801.58044      -1949.5087    
  3978.5496      -821.58044      -1929.5087    
  3978.5496      -821.58044      -1949.5087    
  3976.3250      -841.58044      -1929.5087    
  3976.3250      -841.58044      -1949.5087    
  3973.9346      -861.58044      -1929.5087    
  3973.9346      -861.58044      -1949.5087    
  3971.4058      -881.40326      -1949.5100    
  3971.0156      -884.35742      -1929.5087    
  3968.5735      -902.28790      -1930.1542    
  3968.6953      -901.41443      -1949.7587    
  3968.6968      -901.40356      -1909.7544    
  3971.0156      -884.35742      -1889.5087    
  3971.4058      -881.40326      -1909.5100    
  3973.9346      -861.58044      -1889.5087    
  3973.9346      -861.58044      -1909.5087    
  3976.3250      -841.58044      -1889.5087    
  3976.3250      -841.58044      -1909.5087    
  3978.5496      -821.58044      -1889.5087    
  3978.5496      -821.58044      -1909.5087    
  3980.6040      -801.58044      -1889.5087    
  3980.6040      -801.58044      -1909.5087    
  3982.4829      -781.58044      -1889.5087    
  3982.4829      -781.58044      -1909.5087    
  3984.1804      -761.58044      -1889.5087    
  3984.1804      -761.58044      -1909.5087    
  3985.6899      -741.58044      -1889.5087    
  3985.6899      -741.58044      -1909.5087    
  3987.0039      -721.58044      -1889.5087    
  3987.0039      -721.58044      -1909.5087    
  3987.0039      -721.58044      -1869.5087    
  3987.0039      -721.58044      -1849.5087    
  3985.6899      -741.58044      -1849.5087    
  3985.6899      -741.58044      -1869.5087    
  3984.1804      -761.58044      -1849.5087    
  3984.1804      -761.58044      -1869.5087    
  3982.4829      -781.58044      -1849.5087    
  3982.4829      -781.58044      -1869.5087    
  3980.6040      -801.58044      -1849.5087    
  3980.6040      -801.58044      -1869.5087    
  3978.5496      -821.58044      -1849.5087    
  3978.5496      -821.58044      -1869.5087    
  3976.3250      -841.58044      -1849.5087    
  3976.3250      -841.58044      -1869.5087    
  3973.9346      -861.58044      -1849.5087    
  3973.9346      -861.58044      -1869.5087    
  3971.4058      -881.40326      -1869.5100    
  3971.0156      -884.35742      -1849.5087    
  3968.6228      -901.93414      -1849.8378    
  3968.6953      -901.41455      -1869.7587    
  3968.7185      -901.24847      -1830.0087    
  3971.0156      -884.35742      -1809.5087    
  3971.3823      -881.58044      -1829.5087    
  3973.9346      -861.58044      -1809.5087    
  3973.9346      -861.58044      -1829.5087    
  3976.3250      -841.58044      -1809.5087    
  3976.3250      -841.58044      -1829.5087    
  3978.5496      -821.58044      -1809.5087    
  3978.5496      -821.58044      -1829.5087    
  3980.6040      -801.58044      -1809.5087    
  3980.6040      -801.58044      -1829.5087    
  3982.4829      -781.58044      -1809.5087    
  3982.4829      -781.58044      -1829.5087    
  3984.1804      -761.58044      -1809.5087    
  3984.1804      -761.58044      -1829.5087    
  3985.6899      -741.58044      -1809.5087    
  3985.6899      -741.58044      -1829.5087    
  3986.9666      -722.19580      -1809.2305    
  3986.9666      -722.19580      -1829.2305    
  3986.9666      -722.19580      -1789.2305    
  3986.9666      -722.19580      -1769.2278    
  3985.6899      -741.58044      -1769.5087    
  3985.6899      -741.58044      -1789.5087    
  3984.1804      -761.58044      -1769.5087    
  3984.1804      -761.58044      -1789.5087    
  3982.4829      -781.58044      -1769.5087    
  3982.4829      -781.58044      -1789.5087    
  3980.6040      -801.58044      -1769.5087    
  3980.6040      -801.58044      -1789.5087    
  3978.5496      -821.58044      -1769.5087    
  3978.5496      -821.58044      -1789.5087    
  3976.3250      -841.58044      -1769.5087    
  3976.3250      -841.58044      -1789.5087    
  3973.9346      -861.58044      -1769.5087    
  3973.9346      -861.58044      -1789.5087    
  3971.4058      -881.40326      -1789.5087    
  3971.0156      -884.35742      -1769.5087    
  3968.5735      -902.28790      -1770.1417    
  3968.6721      -901.58044      -1789.5087    
  3968.6968      -901.40356      -1749.7544    
  3971.0156      -884.35742      -1729.5087    
  3971.4058      -881.40326      -1749.5100    
  3973.9346      -861.58044      -1729.5087    
  3973.9346      -861.58044      -1749.5087    
  3976.3250      -841.58044      -1729.5087    
  3976.3250      -841.58044      -1749.5087    
  3978.5496      -821.58044      -1729.5087    
  3978.5496      -821.58044      -1749.5087    
  3980.6040      -801.58044      -1729.5087    
  3980.6040      -801.58044      -1749.5087    
  3982.4829      -781.58044      -1729.5087    
  3982.4829      -781.58044      -1749.5087    
  3984.1804      -761.58044      -1729.5087    
  3984.1804      -761.58044      -1749.5087    
  3985.6899      -741.58044      -1729.5087    
  3985.6899      -741.58044      -1749.5087    
  3986.9224      -722.91626      -1729.1918    
  3986.9224      -722.91626      -1749.1976    
  3986.8782      -723.63666      -1709.1549    
  3986.8782      -723.63666      -1689.1383    
  3985.6899      -741.58044      -1689.5087    
  3985.6899      -741.58044      -1709.5087    
  3984.1804      -761.58044      -1689.5087    
  3984.1804      -761.58044      -1709.5087    
  3982.4829      -781.58044      -1689.5087    
  3982.4829      -781.58044      -1709.5087    
  3980.6040      -801.58044      -1689.5087    
  3980.6040      -801.58044      -1709.5087    
  3978.5496      -821.58044      -1689.5087    
  3978.5496      -821.58044      -1709.5087    
  3976.3250      -841.58044      -1689.5087    
  3976.3250      -841.58044      -1709.5087    
  3973.9346      -861.58044      -1689.5087    
  3973.9346      -861.58044      -1709.5087    
  3971.4058      -881.40326      -1709.5100    
  3971.0156      -884.35742      -1689.5087    
  3968.5735      -902.28790      -1690.1415    
  3968.6953      -901.41455      -1709.7587    
  3971.3823      -881.58044      -1669.5087    
  3973.9346      -861.58044      -1649.5087    
  3973.9346      -861.58044      -1669.5087    
  3971.3823      -881.58044      -1649.5087    
  3976.3044      -841.75824      -1649.3206    
  3976.3250      -841.58044      -1669.5087    
  3978.5496      -821.58044      -1649.5087    
  3978.5496      -821.58044      -1669.5087    
  3980.5864      -801.75903      -1649.3197    
  3980.6040      -801.58044      -1669.5087    
  3982.4829      -781.58044      -1649.5087    
  3982.4829      -781.58044      -1669.5087    
  3984.1660      -761.75983      -1649.3185    
  3984.1804      -761.58044      -1669.5087    
  3985.6392      -742.29944      -1648.7737    
  3985.6899      -741.58044      -1669.5087    
  3986.8545      -724.01691      -1649.1483    
  3986.8782      -723.63666      -1669.1005    
  3986.8557      -723.99683      -1628.7992    
  3985.5876      -743.02319      -1626.5985    
  3984.0708      -762.94012      -1628.9915    
  3982.4270      -782.20215      -1629.1189    
  3980.6033      -801.58783      -1628.9034    
  3978.5488      -821.58771      -1628.9049    
  3976.3240      -841.58795      -1628.9052    
  3973.9336      -861.58826      -1628.9053    
  3971.3813      -881.58856      -1628.9053    
  3968.5735      -902.28790      -1730.1417    
  3968.5735      -902.28790      -1810.1292    
  3968.5735      -902.28790      -1890.1417    
  3968.5735      -902.28790      -1970.1292    
  3968.5735      -902.28790      -2050.1292    
  3968.5735      -902.28790      -2130.1416    
  3968.5735      -902.28790      -2210.1292    
  3962.7896      -941.58044      -1649.5087    
  3953.1780      -999.71320      -1652.7141    
  3962.7883      -941.58942      -1628.9053    
  3985.6873      -741.61865      -2388.5088    
  3984.1804      -761.58044      -2389.5088    
  3982.4829      -781.58044      -2389.5088    
  3980.6040      -801.58044      -2389.5088    
  3978.5496      -821.58044      -2389.5088    
  3976.3250      -841.58044      -2389.5088    
  3973.9346      -861.58044      -2389.5088    
  3968.5735      -902.28790      -2388.9346    
  3965.7979      -921.64301      -2389.7095    
  3971.0156      -884.35742      -2389.5088    
  3962.7883      -941.58942      -2389.7739    
  3959.6221      -961.58508      -2389.7793    
  3956.3467      -981.35504      -2390.1951    
  3953.3250      -998.87598      -2390.9648    
  3948.0139      -701.21851      -2486.5088    
  3953.8621      -702.24969      -2451.9761    
  3950.9077      -701.72876      -2469.2490    
  3971.3674      -705.33636      -2430.3628    
  3967.2200      -704.60504      -2448.6392    
  3974.3203      -705.85706      -2410.4438    
  3971.0156      -705.27429      -2389.5088    
  3972.0002      -705.44794      -2369.6951    
  3972.0002      -705.44794      -2349.6074    
  3972.0002      -705.44794      -2329.5476    
  3972.0002      -705.44794      -2309.5195    
  3972.1440      -705.47327      -2289.4775    
  3972.1570      -705.47559      -2269.5088    
  3972.1570      -705.47559      -2249.5088    
  3972.1570      -705.47559      -2229.5088    
  3972.1570      -705.47559      -2209.5090    
  3972.1570      -705.47559      -2189.5105    
  3972.1584      -705.47583      -2169.5251    
  3972.1914      -705.48169      -2149.6702    
  3973.5049      -705.71326      -2131.7759    
  3971.8567      -705.42261      -2109.9749    
  3972.2314      -705.48871      -2089.5088    
  3972.1570      -705.47559      -2069.5088    
  3972.3005      -705.50092      -2049.4763    
  3972.3005      -705.50092      -2029.4763    
  3972.3005      -705.50092      -2009.4763    
  3972.3005      -705.50092      -1989.4763    
  3972.3005      -705.50092      -1969.4763    
  3972.3005      -705.50092      -1949.4763    
  3972.3005      -705.50092      -1929.4763    
  3972.3005      -705.50092      -1909.4763    
  3972.3005      -705.50092      -1889.4766    
  3972.3008      -705.50092      -1869.4789    
  3972.3020      -705.50116      -1849.4995    
  3972.4238      -705.52264      -1829.7446    
  3973.4775      -705.70844      -1811.9209    
  3971.6169      -705.38037      -1791.3628    
  3971.4514      -705.35114      -1771.3628    
  3971.4475      -705.35046      -1751.3628    
  3971.4475      -705.35046      -1731.3628    
  3971.4475      -705.35046      -1711.3628    
  3971.4475      -705.35046      -1691.3628    
  3971.4473      -705.35040      -1671.3628    
  3971.4421      -705.34955      -1651.3628    
  3971.6069      -705.37860      -1631.4045    
  3973.9700      -705.79523      -1609.6152    
  3970.6868      -705.21631      -1588.6547    
  3967.2200      -704.60504      -1570.8057    
  3951.2610      -701.79108      -1550.3628    
  3954.8110      -702.41705      -1567.6342    
  3947.6218      -701.14935      -1533.0410    
  3559.5056      -1952.0009      -1618.4047    
  3964.4966      -721.86865      -1530.4666    
  3970.7676      -723.26245      -1552.3822    
  3962.8481      -741.58044      -1529.5087    
  3967.9775      -739.62402      -1546.6353    
  3971.2041      -741.98029      -1558.3113    
  3970.4465      -761.73743      -1560.9884    
  3966.9495      -759.31500      -1548.3279    
  3961.1870      -761.46948      -1529.2048    
  3959.2852      -781.61279      -1528.7883    
  3965.3679      -780.10815      -1549.0811    
  3970.3091      -782.28772      -1566.6353    
  3963.4290      -801.58044      -1549.5087    
  3891.0554      -1110.6478      -2499.3530    
  3970.7278      -801.94342      -1574.4836    
  3970.4907      -821.77429      -1580.6978    
  3966.8770      -819.98718      -1567.7689    
  3961.3022      -821.57581      -1549.4265    
  3959.0542      -841.58044      -1549.5087    
  3965.2769      -840.20929      -1570.0370    
  3962.5403      -861.58044      -1569.5087    
  3967.6260      -859.50482      -1585.8171    
  3970.9702      -861.11792      -1597.7905    
  3966.1079      -879.82245      -1589.4441    
  3959.9585      -881.58044      -1569.5087    
  3956.8982      -902.95349      -1569.0808    
  3963.1709      -901.58044      -1589.5087    
  3960.2920      -921.58044      -1589.5087    
  3954.8357      -923.85992      -1572.3557    
  3956.8635      -942.92993      -1588.8810    
  3954.5835      -963.75446      -1592.3674    
  3951.0632      -961.39215      -1579.3389    
  3950.7639      -980.99329      -1589.2111    
  3945.2061      -979.50720      -1569.8708    
  3941.2466      -1001.3401      -1569.3298    
  3946.6946      -998.94666      -1586.0143    
  3950.3267      -999.18536      -1598.2195    
  3944.5635      -1019.4086      -1591.1621    
  3937.3152      -1018.6060      -1566.6534    
  3931.5466      -1002.9562      -1538.0918    
  3930.7090      -1019.5488      -1545.3444    
  3935.3140      -1002.9872      -1550.6125    
  3928.2607      -1003.4082      -1527.4586    
  3925.7947      -1018.7957      -1528.6049    
  3931.0156      -991.39050      -1529.5087    
  3933.6479      -980.03699      -1531.7096    
  3938.1343      -982.86359      -1548.2479    
  3935.9980      -963.77832      -1530.4098    
  3942.0066      -961.59412      -1549.2416    
  3951.1848      -941.66681      -1569.2352    
  3945.4917      -940.26978      -1549.4709    
  3947.5515      -959.57440      -1566.6353    
  3942.5151      -921.25262      -1529.7688    
  3947.7363      -921.91315      -1547.5930    
  3938.0105      -943.93457      -1526.3954    
  3951.3259      -922.74066      -1560.0349    
  3950.5708      -903.96655      -1548.3114    
  3951.0005      -881.96710      -1539.5139    
  3947.4619      -879.83643      -1526.6353    
  3945.3550      -900.11267      -1528.9537    
  3956.2146      -863.66333      -1549.0365    
  3954.7292      -884.20642      -1553.0820    
  3950.6328      -862.23267      -1529.5833    
  3950.5269      -842.98938      -1521.2142    
  3953.9500      -843.99017      -1533.2003    
  3951.6282      -824.27985      -1517.6143    
  3955.5173      -824.45691      -1530.8741    
  3931.8396      -963.29071      -1516.2800    
  3930.3616      -980.36017      -1520.9614    
  3971.5466      -839.66071      -1591.0609    
  3973.9014      -821.61548      -1592.2229    
  3975.1824      -804.42810      -1590.4983    
  3976.8655      -782.24835      -1589.0146    
  3973.7253      -764.45630      -1572.9880    
  3978.6365      -762.26709      -1589.1919    
  3980.1750      -743.63593      -1589.5493    
  3976.2593      -724.55743      -1571.5929    
  3982.1394      -724.56671      -1591.8617    
  3974.7363      -744.50226      -1571.0823    
  3956.4626      -803.63287      -1526.5118    
  3800.5386      -1363.0295      -2430.4563    
  3791.0225      -1368.8977      -2449.3096    
  3796.8542      -1359.3860      -2447.2454    
  3791.8535      -1360.9058      -2459.7058    
  3791.6094      -1353.9187      -2471.5706    
  3804.1040      -1343.9677      -2449.9131    
  3800.3113      -1339.3396      -2468.4585    
  3807.0491      -1323.7615      -2472.1714    
  3802.0869      -1321.5305      -2490.4666    
  3792.8350      -1342.5510      -2485.8171    
  3790.3977      -1340.3992      -2496.4644    
  3782.5879      -1359.1075      -2490.1589    
  3810.4136      -1300.3110      -2497.1416    
  3831.0156      -1261.5804      -2490.3928    
  3821.8943      -1281.7346      -2489.4734    
  3826.7776      -1283.8365      -2471.6458    
  3820.2073      -1299.7266      -2468.4246    
  3812.9243      -1302.8469      -2485.8171    
  3812.3938      -1320.4587      -2461.1064    
  3811.1079      -1315.3342      -2472.6895    
  3824.5154      -1304.0809      -2449.0059    
  3816.8652      -1320.3030      -2447.8921    
  3810.9678      -1331.5376      -2448.5508    
  3820.9106      -1323.9257      -2430.2598    
  3811.7502      -1342.1812      -2429.8118    
  3831.8035      -1302.1921      -2429.7668    
  3840.9795      -1283.0391      -2429.7190    
  3851.0156      -1261.5804      -2429.4824    
  3850.2520      -1249.6896      -2448.2646    
  3843.3882      -1263.6250      -2449.8623    
  3831.4739      -1282.0444      -2459.9807    
  3831.7959      -1273.7573      -2470.8315    
  3838.8372      -1259.6798      -2469.2354    
  3836.5896      -1280.0405      -2447.3264    
  3845.5254      -1242.9717      -2471.9141    
  3841.3875      -1239.0551      -2489.9102    
  3847.3621      -1223.5258      -2492.6133    
  3850.9839      -1215.2687      -2492.5105    
  3857.9114      -1201.9926      -2488.6907    
  3864.5801      -1183.9055      -2491.5139    
  3871.1860      -1161.3535      -2499.5857    
  3882.3000      -1141.5804      -2489.5088    
  3887.1177      -1143.9049      -2471.7104    
  3880.7773      -1160.9948      -2470.3269    
  3875.9846      -1159.2618      -2487.3293    
  3885.5791      -1163.8831      -2451.8594    
  3879.1455      -1181.5804      -2449.5088    
  3874.4617      -1179.3162      -2466.8516    
  3869.5330      -1182.6234      -2477.8652    
  3871.1372      -1187.7915      -2466.3083    
  3871.0156      -1201.5804      -2448.8945    
  3864.1958      -1201.3102      -2470.2405    
  3862.2637      -1221.5804      -2449.5088    
  3857.3115      -1219.2452      -2467.8096    
  3852.2244      -1220.5040      -2481.7422    
  3851.2322      -1231.7146      -2469.7493    
  3850.5591      -1240.7395      -2459.5752    
  3855.2124      -1239.3057      -2447.2942    
  3867.0706      -1223.8672      -2431.7173    
  3859.9905      -1241.7471      -2429.3625    
  3871.4255      -1221.6677      -2421.2727    
  3871.6768      -1213.7466      -2430.9597    
  3877.6846      -1199.5808      -2430.9465    
  3884.9680      -1184.2332      -2428.1543    
  3890.4304      -1170.4340      -2428.6624    
  3894.8406      -1160.3623      -2427.5291    
  3901.6084      -1141.5804      -2429.5088    
  3911.4417      -1122.4800      -2421.7844    
  3907.6794      -1123.9032      -2431.8225    
  3910.8801      -1101.1202      -2448.5969    
  3911.5662      -1114.3817      -2430.9568    
  3902.8904      -1121.5804      -2449.5088    
  3891.5652      -1142.0448      -2460.1594    
  3891.6196      -1133.0728      -2470.8538    
  3896.9707      -1118.8735      -2471.1738    
  3896.8030      -1139.2588      -2447.2603    
  3890.2031      -1121.6198      -2488.9963    
  3904.0085      -1101.5594      -2469.5620    
  3897.3152      -1101.7610      -2490.2393    
  3904.6233      -1081.7632      -2490.4666    
  3911.2378      -1061.8126      -2492.2605    
  3918.8774      -1042.2085      -2489.9155    
  3924.5679      -1043.3464      -2470.7524    
  3918.4397      -1061.6470      -2469.8232    
  3925.2922      -1059.2639      -2450.9404    
  3917.8748      -1081.3773      -2449.3848    
  3911.2463      -1081.6653      -2469.8291    
  3931.0156      -1061.5804      -2430.3789    
  3931.8687      -1045.1251      -2445.8171    
  3929.8796      -1041.4764      -2456.0625    
  3937.1370      -1044.0708      -2430.3738    
  3923.9902      -1081.3339      -2430.2644    
  3916.7595      -1100.0256      -2431.4841    
  3891.1323      -1151.7164      -2449.6855    
  3890.6169      -1161.2982      -2439.4617    
  3870.5347      -1171.1442      -2489.3228    
  3830.9124      -1291.4362      -2448.1436    
  3806.8425      -1363.4598      -1629.3263    
  3806.5557      -1363.9948      -1648.5997    
  3806.8916      -1363.3685      -1668.7689    
  3807.0098      -1363.1477      -1686.5087    
  3806.5557      -1363.9948      -1708.4287    
  3806.8499      -1363.4463      -1726.5873    
  3806.5557      -1363.9948      -1748.2548    
  3806.9094      -1363.3351      -1766.6353    
  3806.5557      -1363.9948      -1788.2343    
  3806.9851      -1363.1936      -1806.6520    
  3806.8599      -1363.4274      -1827.8854    
  3806.9785      -1363.2061      -1846.6139    
  3806.5557      -1363.9948      -1868.4697    
  3806.7910      -1363.5559      -1886.5061    
  3806.8916      -1363.3685      -1908.6619    
  3807.0303      -1363.1094      -1926.5200    
  3806.8916      -1363.3685      -1948.6986    
  3807.0020      -1363.1625      -1966.5865    
  3806.5557      -1363.9948      -1988.1954    
  3806.9839      -1363.1958      -2006.6338    
  3806.5557      -1363.9948      -2028.1951    
  3806.8928      -1363.3660      -2046.6243    
  3806.5557      -1363.9948      -2068.4724    
  3806.8958      -1363.3604      -2086.6028    
  3806.5557      -1363.9948      -2108.4236    
  3806.8010      -1363.5371      -2126.5361    
  3806.5557      -1363.9948      -2148.4189    
  3806.9138      -1363.3267      -2166.6152    
  3806.5557      -1363.9948      -2188.2603    
  3806.8533      -1363.4396      -2206.5942    
  3806.5557      -1363.9948      -2228.4473    
  3806.9502      -1363.2587      -2246.5498    
  3807.1819      -1362.8260      -2268.1274    
  3807.0029      -1363.1603      -2286.5894    
  3806.5557      -1363.9948      -2308.2065    
  3806.8188      -1363.5042      -2327.5090    
  3806.5557      -1363.9948      -2348.5259    
  3807.2935      -1362.6176      -2370.2576    
  3806.5557      -1363.9948      -2390.0325    
  3943.3745      -1043.8136      -2385.6545    
  3943.9883      -1042.0323      -2366.5088    
  3944.0225      -1041.9331      -2349.2664    
  3937.2307      -1061.4368      -2348.5088    
  3937.0852      -1061.8492      -2368.2395    
  3931.0156      -1078.8890      -2329.5088    
  3930.7761      -1079.5538      -2349.5205    
  3937.4148      -1060.9141      -2328.9194    
  3944.1438      -1041.5804      -2309.5088    
  3944.1438      -1041.5804      -2329.5088    
  3937.1799      -1061.5804      -2309.5088    
  3931.0156      -1078.8890      -2289.5088    
  3930.7761      -1079.5538      -2309.5088    
  3937.4148      -1060.9141      -2288.9194    
  3944.1438      -1041.5804      -2269.5088    
  3944.1438      -1041.5804      -2289.5088    
  3937.1799      -1061.5804      -2269.5088    
  3931.0156      -1078.8890      -2249.5088    
  3930.7761      -1079.5538      -2269.5088    
  3937.4148      -1060.9141      -2248.9194    
  3944.1438      -1041.5804      -2229.5088    
  3944.1438      -1041.5804      -2249.5088    
  3937.1799      -1061.5804      -2229.5088    
  3931.2546      -1078.2240      -2209.5088    
  3930.7761      -1079.5538      -2229.5088    
  3937.4148      -1060.9141      -2208.9253    
  3944.1438      -1041.5804      -2189.5088    
  3944.1438      -1041.5804      -2209.5088    
  3937.1270      -1061.7310      -2189.2588    
  3931.0156      -1078.8890      -2169.5088    
  3930.7761      -1079.5538      -2189.5088    
  3937.2974      -1061.2472      -2169.2085    
  3944.1438      -1041.5804      -2149.5088    
  3944.1438      -1041.5804      -2169.5088    
  3937.1799      -1061.5804      -2149.5088    
  3931.2546      -1078.2240      -2129.5088    
  3930.7761      -1079.5538      -2149.5088    
  3937.4148      -1060.9141      -2128.9258    
  3944.1438      -1041.5804      -2109.5088    
  3944.1438      -1041.5804      -2129.5088    
  3937.1313      -1061.7185      -2109.2588    
  3931.0156      -1078.8890      -2089.5088    
  3930.7761      -1079.5538      -2109.5088    
  3937.4148      -1060.9141      -2088.9194    
  3944.1438      -1041.5804      -2069.5088    
  3944.1438      -1041.5804      -2089.5088    
  3937.1799      -1061.5804      -2069.5088    
  3931.0156      -1078.8890      -2049.5088    
  3930.7761      -1079.5538      -2069.5117    
  3937.4148      -1060.9141      -2048.9194    
  3944.1438      -1041.5804      -2029.5087    
  3944.1438      -1041.5804      -2049.5088    
  3937.1799      -1061.5804      -2029.5087    
  3931.0156      -1078.8890      -2009.5087    
  3930.7761      -1079.5538      -2029.5087    
  3937.4148      -1060.9141      -2008.9194    
  3944.1438      -1041.5804      -1989.5087    
  3944.1438      -1041.5804      -2009.5087    
  3937.1799      -1061.5804      -1989.5087    
  3931.0156      -1078.8890      -1969.5087    
  3930.7761      -1079.5538      -1989.5087    
  3937.4148      -1060.9141      -1968.9194    
  3944.1438      -1041.5804      -1949.5087    
  3944.1438      -1041.5804      -1969.5087    
  3937.1799      -1061.5804      -1949.5087    
  3931.0156      -1078.8890      -1929.5087    
  3930.7761      -1079.5538      -1949.5087    
  3937.4148      -1060.9141      -1928.9194    
  3944.1438      -1041.5804      -1909.5087    
  3944.1438      -1041.5804      -1929.5087    
  3937.1799      -1061.5804      -1909.5087    
  3931.0156      -1078.8890      -1889.5087    
  3930.7761      -1079.5538      -1909.5087    
  3937.4148      -1060.9141      -1888.9194    
  3944.1438      -1041.5804      -1869.5087    
  3944.1438      -1041.5804      -1889.5087    
  3937.1799      -1061.5804      -1869.5087    
  3931.2546      -1078.2240      -1849.5087    
  3930.7761      -1079.5538      -1869.5087    
  3937.4148      -1060.9141      -1848.9259    
  3944.1438      -1041.5804      -1829.5087    
  3944.1438      -1041.5804      -1849.5087    
  3937.1343      -1061.7104      -1829.2587    
  3931.2546      -1078.2240      -1809.5087    
  3930.7761      -1079.5538      -1829.5087    
  3937.4148      -1060.9141      -1808.9254    
  3943.9475      -1042.1510      -1789.1487    
  3944.1438      -1041.5804      -1809.5087    
  3937.1270      -1061.7310      -1789.2587    
  3931.0156      -1078.8890      -1769.5087    
  3930.7761      -1079.5538      -1789.5087    
  3937.2974      -1061.2472      -1769.2084    
  3943.8804      -1042.3459      -1749.4298    
  3943.9475      -1042.1510      -1769.1451    
  3937.1799      -1061.5804      -1749.5087    
  3931.0156      -1078.8890      -1729.5087    
  3930.7761      -1079.5538      -1749.5087    
  3937.4148      -1060.9141      -1728.9194    
  3943.7925      -1042.6012      -1709.2368    
  3943.8804      -1042.3459      -1729.4204    
  3937.1799      -1061.5804      -1709.5087    
  3931.0156      -1078.8890      -1689.5087    
  3930.7761      -1079.5538      -1709.5087    
  3937.4148      -1060.9141      -1688.8774    
  3943.4297      -1043.6541      -1668.9700    
  3943.6230      -1043.0928      -1689.0927    
  3937.0625      -1061.9136      -1669.0371    
  3930.8958      -1079.2214      -1649.4862    
  3930.7761      -1079.5538      -1669.5087    
  3936.9451      -1062.2468      -1648.5841    
  3922.7344      -1101.5804      -1669.5087    
  3922.7344      -1101.5804      -1689.5087    
  3922.7344      -1101.5804      -1709.5087    
  3916.2068      -1119.0325      -1689.8041    
  3916.2068      -1119.0325      -1709.5255    
  3910.9714      -1132.7618      -1709.0087    
  3911.6489      -1130.9987      -1727.1782    
  3916.1477      -1119.1885      -1729.7056    
  3922.7344      -1101.5804      -1729.5087    
  3922.7344      -1101.5804      -1749.5087    
  3916.0193      -1119.5283      -1749.7401    
  3911.0525      -1132.5513      -1749.3687    
  3911.6489      -1130.9987      -1767.1830    
  3916.1477      -1119.1885      -1769.7157    
  3922.8569      -1101.2490      -1769.7500    
  3922.7344      -1101.5804      -1789.5087    
  3916.0193      -1119.5283      -1789.5245    
  3911.0525      -1132.5513      -1789.3757    
  3911.6489      -1130.9987      -1807.1830    
  3916.2068      -1119.0325      -1809.8370    
  3922.7344      -1101.5804      -1809.5087    
  3922.7344      -1101.5804      -1829.5087    
  3916.2068      -1119.0325      -1829.5870    
  3911.0525      -1132.5513      -1829.3838    
  3911.6406      -1131.0204      -1847.1904    
  3916.2068      -1119.0325      -1849.8220    
  3922.7344      -1101.5804      -1849.5087    
  3922.7344      -1101.5804      -1869.5087    
  3916.2068      -1119.0325      -1869.5311    
  3910.9714      -1132.7618      -1869.0087    
  3911.6489      -1130.9987      -1887.1768    
  3916.2068      -1119.0325      -1889.8528    
  3922.7344      -1101.5804      -1889.5087    
  3922.7344      -1101.5804      -1909.5087    
  3916.2068      -1119.0325      -1909.5863    
  3911.0754      -1132.4918      -1909.2917    
  3911.6489      -1130.9987      -1927.2354    
  3916.2068      -1119.0325      -1929.8606    
  3922.7344      -1101.5804      -1929.5087    
  3922.7344      -1101.5804      -1949.5087    
  3916.2068      -1119.0325      -1949.6016    
  3911.0156      -1132.6476      -1949.5087    
  3911.6851      -1130.9045      -1967.2672    
  3916.2068      -1119.0325      -1969.8561    
  3922.7344      -1101.5804      -1969.5087    
  3922.7344      -1101.5804      -1989.5087    
  3916.2068      -1119.0325      -1989.5824    
  3911.0754      -1132.4918      -1989.2919    
  3911.6489      -1130.9987      -2007.2354    
  3916.1477      -1119.1885      -2009.7144    
  3922.7344      -1101.5804      -2009.5087    
  3922.7344      -1101.5804      -2029.5087    
  3916.0193      -1119.5283      -2029.8409    
  3911.0754      -1132.4918      -2029.2939    
  3911.6489      -1130.9987      -2047.1830    
  3916.2068      -1119.0325      -2049.8562    
  3922.8569      -1101.2490      -2049.7400    
  3922.7344      -1101.5804      -2069.5088    
  3916.2068      -1119.0325      -2069.6084    
  3911.0525      -1132.5513      -2069.3853    
  3911.6406      -1131.0204      -2087.1907    
  3916.2068      -1119.0325      -2089.8247    
  3922.7344      -1101.5804      -2089.5088    
  3922.7344      -1101.5804      -2109.5088    
  3916.2068      -1119.0325      -2109.4937    
  3911.0312      -1132.6066      -2108.7957    
  3911.7671      -1130.6903      -2126.7102    
  3916.2068      -1119.0325      -2129.7512    
  3922.7344      -1101.5804      -2129.5088    
  3922.7344      -1101.5804      -2149.5088    
  3916.2068      -1119.0325      -2149.5200    
  3910.9714      -1132.7618      -2149.0088    
  3911.6489      -1130.9987      -2167.1782    
  3916.1252      -1119.2482      -2169.6479    
  3922.7344      -1101.5804      -2169.5088    
  3922.7344      -1101.5804      -2189.5088    
  3916.0193      -1119.5283      -2189.8381    
  3911.0754      -1132.4918      -2189.2822    
  3911.6489      -1130.9987      -2207.1826    
  3916.2068      -1119.0325      -2209.8369    
  3922.7344      -1101.5804      -2209.5088    
  3922.7344      -1101.5804      -2229.5088    
  3916.2068      -1119.0325      -2229.5859    
  3911.0754      -1132.4918      -2229.2974    
  3911.6489      -1130.9987      -2247.2354    
  3916.2068      -1119.0325      -2249.8618    
  3922.7344      -1101.5804      -2249.5088    
  3922.7344      -1101.5804      -2269.5088    
  3916.2068      -1119.0325      -2269.5867    
  3911.0754      -1132.4918      -2269.3123    
  3911.6489      -1130.9987      -2287.2354    
  3916.1841      -1119.0920      -2289.8074    
  3922.7344      -1101.5804      -2289.5088    
  3922.7344      -1101.5804      -2309.5088    
  3916.0818      -1119.3630      -2309.6697    
  3911.0754      -1132.4918      -2309.2979    
  3911.6404      -1131.0206      -2327.1543    
  3916.1252      -1119.2482      -2329.6199    
  3922.8569      -1101.2490      -2329.7456    
  3922.7610      -1101.5084      -2350.5088    
  3915.5811      -1120.6853      -2350.0549    
  3910.9692      -1132.7677      -2349.0088    
  3911.8357      -1130.5117      -2369.4768    
  3916.2068      -1119.0325      -2369.5193    
  3906.5725      -1144.1200      -2350.7268    
  3907.6255      -1141.4156      -2369.5083    
  3907.3425      -1142.1433      -2329.4111    
  3899.5552      -1161.9089      -2329.1914    
  3899.9480      -1160.9235      -2348.8408    
  3899.6863      -1161.5804      -2369.5088    
  3891.8760      -1180.9257      -2349.5078    
  3890.8813      -1183.3555      -2329.5110    
  3891.2837      -1182.3737      -2369.5088    
  3883.4053      -1201.3759      -2350.6311    
  3883.5930      -1200.9283      -2370.2388    
  3883.2625      -1201.7156      -2329.5764    
  3875.6482      -1219.6324      -2330.6709    
  3875.2800      -1220.4877      -2352.6113    
  3870.4910      -1231.5276      -2350.3984    
  3871.0156      -1230.3265      -2369.5088    
  3875.8867      -1219.0778      -2369.6631    
  3870.6602      -1231.1405      -2329.5557    
  3865.8691      -1242.0266      -2326.5027    
  3865.3923      -1243.1012      -2348.4758    
  3865.9915      -1241.7510      -2369.4885    
  3856.8293      -1262.1296      -2350.3206    
  3857.9153      -1259.7446      -2369.5217    
  3852.0913      -1272.4417      -2331.2583    
  3851.3213      -1274.1030      -2352.8757    
  3857.9153      -1259.7446      -2329.3337    
  3852.1614      -1272.2902      -2369.5698    
  3846.6736      -1284.0464      -2348.4187    
  3847.6104      -1282.0537      -2369.7883    
  3847.1592      -1283.0142      -2326.4829    
  3838.8789      -1300.3993      -2329.2976    
  3837.7368      -1302.7612      -2349.3601    
  3831.6550      -1315.1971      -2372.5088    
  3838.8789      -1300.3993      -2369.6631    
  3831.0156      -1316.4906      -2329.5088    
  3828.1702      -1322.2142      -2349.5315    
  3818.3428      -1341.5804      -2349.5088    
  3818.9451      -1340.4114      -2369.5503    
  3812.0095      -1353.7339      -2330.9475    
  3811.5366      -1354.6310      -2352.5330    
  3818.9451      -1340.4114      -2329.5513    
  3811.4370      -1354.8197      -2312.5654    
  3817.8613      -1342.5133      -2310.4219    
  3828.1702      -1322.2142      -2309.5100    
  3818.9451      -1340.4114      -2289.6162    
  3811.4915      -1354.7164      -2272.5310    
  3812.2920      -1353.1973      -2291.3513    
  3817.8882      -1342.4615      -2270.4209    
  3828.1702      -1322.2142      -2269.5103    
  3818.9451      -1340.4114      -2249.6284    
  3811.3135      -1355.0540      -2231.6545    
  3812.0647      -1353.6289      -2251.7556    
  3817.8962      -1342.4458      -2230.4197    
  3828.1702      -1322.2142      -2229.5100    
  3818.9451      -1340.4114      -2209.6292    
  3811.3633      -1354.9596      -2192.5359    
  3812.0352      -1353.6849      -2211.8025    
  3817.8772      -1342.4827      -2190.4189    
  3828.1702      -1322.2142      -2189.5103    
  3818.9451      -1340.4114      -2169.6851    
  3811.2395      -1355.1938      -2151.6545    
  3812.0376      -1353.6804      -2171.8625    
  3817.8965      -1342.4453      -2150.4211    
  3828.1702      -1322.2142      -2149.5103    
  3818.9451      -1340.4114      -2129.5747    
  3811.2881      -1355.1019      -2111.6545    
  3812.0576      -1353.6422      -2130.9827    
  3817.7395      -1342.7491      -2110.2878    
  3828.1702      -1322.2142      -2109.5100    
  3818.9451      -1340.4114      -2089.6841    
  3811.2761      -1355.1245      -2071.6545    
  3812.0364      -1353.6827      -2091.8213    
  3817.8955      -1342.4474      -2070.4214    
  3828.1702      -1322.2142      -2069.5100    
  3818.9451      -1340.4114      -2049.6860    
  3811.4016      -1354.8870      -2032.5385    
  3812.0366      -1353.6824      -2051.8635    
  3817.8777      -1342.4818      -2030.4214    
  3828.1702      -1322.2142      -2029.5103    
  3818.9451      -1340.4114      -2009.6138    
  3811.4802      -1354.7378      -1992.5625    
  3812.2920      -1353.1973      -2011.2980    
  3817.8870      -1342.4637      -1990.4208    
  3828.1702      -1322.2142      -1989.5103    
  3818.9451      -1340.4114      -1969.6140    
  3811.4885      -1354.7223      -1952.5376    
  3812.2920      -1353.1973      -1971.3176    
  3817.8877      -1342.4625      -1950.4207    
  3828.1702      -1322.2142      -1949.5103    
  3818.9451      -1340.4114      -1929.6841    
  3811.3225      -1355.0367      -1911.6547    
  3812.0383      -1353.6788      -1931.7888    
  3817.8945      -1342.4491      -1910.4208    
  3828.1702      -1322.2142      -1909.5100    
  3818.9451      -1340.4114      -1889.6301    
  3811.3220      -1355.0375      -1871.6547    
  3811.9434      -1353.8594      -1891.7588    
  3817.8875      -1342.4626      -1870.4207    
  3828.1702      -1322.2142      -1869.5103    
  3818.9451      -1340.4114      -1849.6285    
  3811.4880      -1354.7231      -1832.5713    
  3812.0347      -1353.6858      -1851.7583    
  3817.8748      -1342.4873      -1830.4202    
  3828.1702      -1322.2142      -1829.5100    
  3818.9451      -1340.4114      -1809.6140    
  3811.4431      -1354.8080      -1792.5438    
  3812.2920      -1353.1973      -1811.3069    
  3817.8879      -1342.4618      -1790.4188    
  3828.1702      -1322.2142      -1789.5101    
  3818.9451      -1340.4114      -1769.6866    
  3811.4404      -1354.8131      -1752.5327    
  3812.0354      -1353.6846      -1771.8573    
  3817.8772      -1342.4827      -1750.4213    
  3828.1702      -1322.2142      -1749.5101    
  3818.9451      -1340.4114      -1729.6849    
  3811.2581      -1355.1589      -1711.6547    
  3811.9238      -1353.8961      -1731.7911    
  3817.8875      -1342.4629      -1710.4214    
  3828.1702      -1322.2142      -1709.5100    
  3818.9451      -1340.4114      -1689.5574    
  3811.3999      -1354.8899      -1671.4996    
  3812.0371      -1353.6814      -1691.8230    
  3817.9407      -1342.3596      -1669.9690    
  3827.2659      -1324.0223      -1646.8588    
  3827.5586      -1323.4375      -1667.4125    
  3818.3428      -1341.5804      -1649.5087    
  3832.0405      -1314.4159      -1632.3658    
  3832.2239      -1314.0441      -1651.5444    
  3827.2659      -1324.0223      -1627.5839    
  3838.6162      -1300.9435      -1649.5881    
  3838.0002      -1302.2173      -1669.5137    
  3846.9746      -1283.4067      -1668.6415    
  3847.3186      -1282.6753      -1686.5087    
  3839.1860      -1299.7621      -1688.9094    
  3831.0156      -1316.4906      -1689.5087    
  3838.0002      -1302.2173      -1709.5024    
  3846.6736      -1284.0464      -1708.5835    
  3847.2129      -1282.8999      -1726.5087    
  3838.8789      -1300.3993      -1729.2925    
  3831.0156      -1316.4906      -1729.5087    
  3838.0002      -1302.2173      -1749.5032    
  3846.6736      -1284.0464      -1748.2072    
  3847.2014      -1282.9244      -1766.4824    
  3838.8789      -1300.3993      -1769.3313    
  3831.0156      -1316.4906      -1769.5087    
  3838.0002      -1302.2173      -1789.5087    
  3846.9746      -1283.4067      -1788.8514    
  3847.2097      -1282.9070      -1806.4851    
  3838.9302      -1300.2927      -1808.5581    
  3831.0156      -1316.4906      -1809.5087    
  3838.0002      -1302.2173      -1829.5023    
  3846.6736      -1284.0464      -1828.5609    
  3847.0728      -1283.1982      -1846.4562    
  3838.8789      -1300.3993      -1849.2886    
  3831.0156      -1316.4906      -1849.5087    
  3838.0002      -1302.2173      -1869.5087    
  3846.9746      -1283.4067      -1868.7694    
  3847.1831      -1282.9633      -1886.4730    
  3838.9275      -1300.2983      -1888.5575    
  3831.0156      -1316.4906      -1889.5087    
  3838.0002      -1302.2173      -1909.5023    
  3846.6736      -1284.0464      -1908.1838    
  3847.2273      -1282.8694      -1926.4924    
  3838.8789      -1300.3993      -1929.2963    
  3831.0156      -1316.4906      -1929.5087    
  3838.0002      -1302.2173      -1949.5084    
  3846.9746      -1283.4067      -1948.5714    
  3847.1929      -1282.9427      -1966.4712    
  3838.9160      -1300.3224      -1968.5688    
  3831.0156      -1316.4906      -1969.5087    
  3838.0002      -1302.2173      -1989.5084    
  3846.9746      -1283.4067      -1988.6505    
  3847.3188      -1282.6748      -2006.5087    
  3839.1860      -1299.7621      -2008.9194    
  3831.0156      -1316.4906      -2009.5087    
  3838.0002      -1302.2173      -2029.5087    
  3846.9746      -1283.4067      -2028.5480    
  3847.2114      -1282.9034      -2046.4830    
  3839.1860      -1299.7621      -2048.8972    
  3831.0156      -1316.4906      -2049.5088    
  3838.0002      -1302.2173      -2069.5020    
  3846.6736      -1284.0464      -2068.1609    
  3847.2302      -1282.8629      -2086.5088    
  3838.8789      -1300.3993      -2089.2920    
  3831.0156      -1316.4906      -2089.5088    
  3838.0002      -1302.2173      -2109.5027    
  3846.6736      -1284.0464      -2108.5750    
  3847.2107      -1282.9047      -2126.4927    
  3838.8789      -1300.3993      -2129.3323    
  3831.0156      -1316.4906      -2129.5088    
  3838.0002      -1302.2173      -2149.5088    
  3846.9746      -1283.4067      -2148.8220    
  3847.3298      -1282.6510      -2166.5088    
  3839.1860      -1299.7621      -2168.9346    
  3831.0156      -1316.4906      -2169.5088    
  3838.0002      -1302.2173      -2189.5088    
  3846.9746      -1283.4067      -2188.4839    
  3847.2856      -1282.7452      -2206.5088    
  3839.1860      -1299.7621      -2208.8926    
  3831.0156      -1316.4906      -2209.5088    
  3838.0002      -1302.2173      -2229.5024    
  3846.6736      -1284.0464      -2228.1799    
  3847.1760      -1282.9783      -2246.4636    
  3838.8789      -1300.3993      -2249.2935    
  3831.0156      -1316.4906      -2249.5088    
  3838.0002      -1302.2173      -2269.5083    
  3846.9746      -1283.4067      -2268.5540    
  3847.2241      -1282.8761      -2286.4856    
  3838.9180      -1300.3180      -2288.5583    
  3831.0156      -1316.4906      -2289.5088    
  3838.0002      -1302.2173      -2309.5032    
  3846.6736      -1284.0464      -2308.2334    
  3852.1614      -1272.2902      -2291.5989    
  3851.0498      -1274.6877      -2311.6545    
  3857.9153      -1259.7446      -2289.3662    
  3856.6479      -1262.5270      -2309.9321    
  3865.8125      -1242.1547      -2286.5071    
  3865.5359      -1242.7783      -2308.6782    
  3870.6628      -1231.1344      -2289.8853    
  3870.6011      -1231.2758      -2309.4243    
  3875.4524      -1220.0875      -2291.2588    
  3875.2644      -1220.5242      -2312.7874    
  3883.1750      -1201.9242      -2289.6819    
  3883.2302      -1201.7924      -2309.7158    
  3890.7471      -1183.6827      -2289.5127    
  3891.8760      -1180.9257      -2309.5007    
  3899.5552      -1161.9089      -2289.1592    
  3899.9480      -1160.9235      -2308.8403    
  3907.3657      -1142.0839      -2289.4221    
  3906.5725      -1144.1200      -2310.7378    
  3906.5725      -1144.1200      -2270.7368    
  3899.9480      -1160.9235      -2268.8406    
  3899.5552      -1161.9089      -2249.1812    
  3891.8760      -1180.9257      -2269.5117    
  3890.8813      -1183.3555      -2249.5090    
  3883.2087      -1201.8440      -2249.5503    
  3883.3652      -1201.4711      -2270.2227    
  3875.6074      -1219.7273      -2250.7783    
  3875.2004      -1220.6726      -2272.8035    
  3870.6265      -1231.2179      -2250.0950    
  3870.3875      -1231.7646      -2269.4121    
  3865.8438      -1242.0844      -2246.2791    
  3865.2490      -1243.4242      -2268.3035    
  3857.9153      -1259.7446      -2249.3638    
  3856.5359      -1262.7726      -2269.8784    
  3852.0913      -1272.4417      -2251.4927    
  3851.0566      -1274.6731      -2271.1545    
  3851.0088      -1274.7761      -2231.8906    
  3856.6052      -1262.6208      -2229.9895    
  3865.8464      -1242.0781      -2206.2124    
  3865.3923      -1243.1012      -2228.4612    
  3857.9153      -1259.7446      -2209.4087    
  3851.2688      -1274.2162      -2191.8269    
  3852.1614      -1272.2902      -2211.5657    
  3856.4314      -1263.0016      -2190.6646    
  3865.8486      -1242.0734      -2166.4895    
  3865.3923      -1243.1012      -2188.4680    
  3857.9153      -1259.7446      -2169.4180    
  3851.2908      -1274.1688      -2151.8271    
  3852.1614      -1272.2902      -2171.3999    
  3856.4299      -1263.0048      -2150.6804    
  3865.8738      -1242.0165      -2126.2266    
  3865.3923      -1243.1012      -2148.4727    
  3857.9153      -1259.7446      -2129.3804    
  3851.0718      -1274.6404      -2111.6545    
  3852.1614      -1272.2902      -2131.5337    
  3856.5625      -1262.7146      -2109.9753    
  3865.8938      -1241.9711      -2086.2424    
  3865.3923      -1243.1012      -2108.4561    
  3857.9153      -1259.7446      -2089.3738    
  3851.0083      -1274.7773      -2071.6267    
  3852.1614      -1272.2902      -2091.6658    
  3856.5359      -1262.7726      -2069.9006    
  3865.8840      -1241.9934      -2046.2469    
  3865.3923      -1243.1012      -2068.4436    
  3857.9153      -1259.7446      -2049.3804    
  3851.0920      -1274.5968      -2031.6547    
  3852.1614      -1272.2902      -2051.6426    
  3856.6052      -1262.6208      -2030.0172    
  3865.8286      -1242.1184      -2006.1683    
  3865.2490      -1243.4242      -2028.2343    
  3857.9153      -1259.7446      -2009.4071    
  3851.2478      -1274.2614      -1991.9573    
  3852.1614      -1272.2902      -2011.6053    
  3856.4299      -1263.0049      -1990.6687    
  3865.8682      -1242.0288      -1966.4967    
  3865.3923      -1243.1012      -1988.4694    
  3857.9153      -1259.7446      -1969.4321    
  3851.1482      -1274.4761      -1951.6547    
  3851.7698      -1273.1359      -1972.0868    
  3856.4131      -1263.0416      -1950.7303    
  3865.9026      -1241.9515      -1926.2507    
  3865.3923      -1243.1012      -1948.4504    
  3857.9153      -1259.7446      -1929.3809    
  3851.0051      -1274.7839      -1912.0087    
  3852.1614      -1272.2902      -1931.5294    
  3856.5359      -1262.7726      -1909.9142    
  3865.8489      -1242.0724      -1886.4999    
  3865.3923      -1243.1012      -1908.4252    
  3857.9153      -1259.7446      -1889.4215    
  3851.0732      -1274.6373      -1871.6547    
  3852.1614      -1272.2902      -1891.6630    
  3856.4395      -1262.9840      -1870.7384    
  3865.8252      -1242.1262      -1846.4990    
  3865.3923      -1243.1012      -1868.4878    
  3857.9153      -1259.7446      -1849.4315    
  3851.1096      -1274.5591      -1831.6547    
  3851.8164      -1273.0350      -1852.0603    
  3856.4167      -1263.0338      -1830.7284    
  3865.8440      -1242.0837      -1806.2115    
  3865.3923      -1243.1012      -1828.4985    
  3857.9153      -1259.7446      -1809.4236    
  3851.2683      -1274.2173      -1792.5530    
  3852.1614      -1272.2902      -1811.6027    
  3856.4199      -1263.0267      -1790.7351    
  3865.8679      -1242.0297      -1766.2135    
  3865.4641      -1242.9398      -1788.6045    
  3857.9153      -1259.7446      -1769.3770    
  3851.0095      -1274.7745      -1752.0087    
  3852.1614      -1272.2902      -1771.5178    
  3856.5359      -1262.7726      -1749.9081    
  3865.8650      -1242.0364      -1726.3047    
  3865.3923      -1243.1012      -1748.4293    
  3857.9153      -1259.7446      -1729.3733    
  3851.0769      -1274.6292      -1711.9808    
  3852.1614      -1272.2902      -1731.6106    
  3856.6052      -1262.6208      -1710.0182    
  3865.9097      -1241.9354      -1686.3595    
  3865.2490      -1243.4242      -1708.3210    
  3857.9153      -1259.7446      -1689.3718    
  3851.2656      -1274.2230      -1670.5271    
  3852.1614      -1272.2902      -1691.5122    
  3856.7173      -1262.3752      -1669.8236    
  3864.9619      -1244.0701      -1648.1870    
  3865.2749      -1243.3660      -1668.4857    
  3857.0798      -1261.5804      -1649.5087    
  3870.0583      -1232.5171      -1649.4261    
  3870.3828      -1231.7750      -1669.5996    
  3870.7358      -1230.9670      -1690.5002    
  3875.1929      -1220.6901      -1672.7467    
  3875.6482      -1219.6324      -1690.6975    
  3883.2854      -1201.6611      -1689.5507    
  3883.1843      -1201.9016      -1710.5310    
  3875.2122      -1220.6455      -1712.5096    
  3870.4143      -1231.7034      -1709.0985    
  3870.8745      -1230.6498      -1730.3826    
  3875.6074      -1219.7273      -1730.6808    
  3883.2717      -1201.6938      -1729.5193    
  3883.1960      -1201.8738      -1749.6772    
  3875.2170      -1220.6339      -1752.5060    
  3870.5579      -1231.3748      -1748.9626    
  3870.7327      -1230.9744      -1769.6399    
  3875.7141      -1219.4791      -1770.7788    
  3883.1746      -1201.9252      -1769.6909    
  3883.2285      -1201.7964      -1789.7208    
  3875.2266      -1220.6121      -1792.8088    
  3870.5190      -1231.4635      -1789.3114    
  3870.8408      -1230.7269      -1809.7268    
  3875.8867      -1219.0778      -1811.1168    
  3883.3193      -1201.5804      -1809.5087    
  3883.4224      -1201.3351      -1830.4216    
  3875.2083      -1220.6545      -1832.8508    
  3870.5713      -1231.3438      -1829.7032    
  3870.7327      -1230.9744      -1849.5569    
  3875.6074      -1219.7273      -1850.6772    
  3883.2717      -1201.6936      -1849.5190    
  3883.1978      -1201.8700      -1869.6738    
  3875.2532      -1220.5502      -1872.5037    
  3870.5037      -1231.4987      -1869.2543    
  3870.7676      -1230.8948      -1889.9128    
  3875.7957      -1219.2897      -1890.7937    
  3883.3193      -1201.5804      -1889.5087    
  3883.2302      -1201.7924      -1909.7157    
  3875.2432      -1220.5735      -1912.5037    
  3870.5654      -1231.3575      -1908.9095    
  3870.7698      -1230.8896      -1929.9049    
  3875.7549      -1219.3844      -1930.7939    
  3883.3193      -1201.5804      -1929.5087    
  3883.2319      -1201.7886      -1949.7157    
  3875.2712      -1220.5085      -1952.5122    
  3870.5149      -1231.4731      -1949.0465    
  3870.7356      -1230.9677      -1969.9054    
  3875.7141      -1219.4791      -1970.7010    
  3883.3193      -1201.5804      -1969.5087    
  3883.2302      -1201.7924      -1989.7157    
  3875.2554      -1220.5450      -1992.5239    
  3870.5083      -1231.4880      -1989.0493    
  3870.7996      -1230.8214      -2009.7966    
  3875.8616      -1219.1364      -2010.8945    
  3883.3193      -1201.5804      -2009.5087    
  3883.2302      -1201.7924      -2029.7175    
  3875.2427      -1220.5748      -2032.7676    
  3870.5166      -1231.4692      -2028.8295    
  3870.8091      -1230.7996      -2049.9524    
  3875.7549      -1219.3844      -2050.7910    
  3883.3193      -1201.5804      -2049.5088    
  3883.2302      -1201.7924      -2069.7175    
  3875.2654      -1220.5220      -2072.8174    
  3870.5491      -1231.3947      -2069.5312    
  3870.7346      -1230.9700      -2089.9043    
  3875.7141      -1219.4791      -2090.7139    
  3883.3193      -1201.5804      -2089.5088    
  3883.3994      -1201.3898      -2110.1865    
  3875.2278      -1220.6090      -2112.5059    
  3870.5066      -1231.4917      -2109.0195    
  3870.7861      -1230.8523      -2129.6030    
  3875.6074      -1219.7273      -2130.6614    
  3883.2717      -1201.6938      -2129.5190    
  3883.1960      -1201.8738      -2149.6755    
  3875.2312      -1220.6012      -2152.5112    
  3870.5208      -1231.4595      -2149.1436    
  3870.7327      -1230.9744      -2169.7617    
  3875.7957      -1219.2897      -2170.8433    
  3883.3193      -1201.5804      -2169.5088    
  3883.4641      -1201.2354      -2190.3489    
  3875.2087      -1220.6536      -2192.7756    
  3870.5090      -1231.4862      -2189.1055    
  3870.6799      -1231.0953      -2209.7292    
  3875.3086      -1220.4216      -2211.0933    
  3883.3193      -1201.5804      -2209.5088    
  3883.4299      -1201.3169      -2229.8477    
  3875.1433      -1220.8052      -2232.7566    
  3891.0156      -1183.0282      -2209.5088    
  3891.8760      -1180.9257      -2229.4939    
  3899.5552      -1161.9089      -2209.1704    
  3899.9480      -1160.9235      -2228.8403    
  3907.3657      -1142.0839      -2209.4136    
  3906.5725      -1144.1200      -2230.7373    
  3906.5725      -1144.1200      -2190.7283    
  3899.9480      -1160.9235      -2188.8408    
  3899.5552      -1161.9089      -2169.1914    
  3891.8760      -1180.9257      -2189.5068    
  3890.8813      -1183.3555      -2169.5093    
  3891.8760      -1180.9257      -2149.5000    
  3899.5552      -1161.9089      -2129.1589    
  3899.9480      -1160.9235      -2148.8403    
  3890.9485      -1183.1919      -2129.5085    
  3891.8760      -1180.9257      -2109.4939    
  3899.5552      -1161.9089      -2089.1699    
  3899.9480      -1160.9235      -2108.8403    
  3891.0156      -1183.0282      -2089.5088    
  3891.8760      -1180.9257      -2069.4946    
  3899.5552      -1161.9089      -2049.1914    
  3899.9480      -1160.9235      -2068.8176    
  3890.9485      -1183.1919      -2049.5090    
  3891.8760      -1180.9257      -2029.5007    
  3899.5552      -1161.9089      -2009.1812    
  3899.9480      -1160.9235      -2028.8402    
  3890.9485      -1183.1919      -2009.5092    
  3891.8760      -1180.9257      -1989.5072    
  3899.5552      -1161.9089      -1969.2153    
  3899.6863      -1161.5804      -1989.5087    
  3890.9485      -1183.1919      -1969.5093    
  3891.8760      -1180.9257      -1949.4946    
  3899.5552      -1161.9089      -1929.1703    
  3899.9480      -1160.9235      -1948.8402    
  3890.8813      -1183.3555      -1929.5093    
  3891.8760      -1180.9257      -1909.4946    
  3899.5552      -1161.9089      -1889.1703    
  3899.9480      -1160.9235      -1908.8402    
  3890.8813      -1183.3555      -1889.5088    
  3891.8760      -1180.9257      -1869.4938    
  3899.5552      -1161.9089      -1849.1703    
  3899.9480      -1160.9235      -1868.8402    
  3890.8813      -1183.3555      -1849.5085    
  3891.8760      -1180.9257      -1829.4939    
  3899.5552      -1161.9089      -1809.1699    
  3899.9480      -1160.9235      -1828.8402    
  3891.0156      -1183.0282      -1809.5087    
  3891.8760      -1180.9257      -1789.4946    
  3899.5552      -1161.9089      -1769.1915    
  3899.9480      -1160.9235      -1788.8176    
  3890.7471      -1183.6827      -1769.5134    
  3891.8760      -1180.9257      -1749.5000    
  3899.5552      -1161.9089      -1729.1588    
  3899.9480      -1160.9235      -1748.8402    
  3890.9485      -1183.1919      -1729.5085    
  3891.8760      -1180.9257      -1709.4945    
  3899.5552      -1161.9089      -1689.2029    
  3899.9480      -1160.9235      -1708.8402    
  3890.8813      -1183.3555      -1689.5170    
  3891.8760      -1180.9257      -1670.2291    
  3899.6863      -1161.5804      -1649.5087    
  3899.6863      -1161.5804      -1669.5087    
  3891.6084      -1181.5804      -1649.5087    
  3906.6938      -1143.8090      -1650.5176    
  3906.5725      -1144.1200      -1670.8419    
  3911.0156      -1132.6476      -1669.5087    
  3911.6406      -1131.0204      -1687.1543    
  3907.3425      -1142.1433      -1689.4110    
  3910.8960      -1132.9584      -1648.7587    
  3915.1792      -1121.7457      -1649.4932    
  3916.0591      -1119.4226      -1669.5170    
  3911.2322      -1132.0839      -1629.1317    
  3915.4924      -1120.9194      -1629.3859    
  3943.3521      -1043.8792      -1626.3534    
  3943.2568      -1044.1549      -1648.0179    
  3906.7009      -1143.7905      -1629.8151    
  3899.6863      -1161.5804      -1629.5087    
  3891.8760      -1180.9257      -1629.4572    
  3883.3193      -1201.5804      -1629.5087    
  3883.1824      -1201.9065      -1649.1891    
  3883.2717      -1201.6935      -1669.6757    
  3906.5725      -1144.1200      -1710.6970    
  3907.4260      -1141.9283      -1729.4546    
  3906.5725      -1144.1200      -1750.7307    
  3907.3657      -1142.0839      -1769.4174    
  3906.5725      -1144.1200      -1790.7367    
  3907.3657      -1142.0839      -1809.4172    
  3906.5725      -1144.1200      -1830.7407    
  3907.3389      -1142.1525      -1849.6348    
  3906.5725      -1144.1200      -1870.6896    
  3907.2847      -1142.2919      -1889.5123    
  3906.5725      -1144.1200      -1910.7686    
  3907.3657      -1142.0839      -1929.4139    
  3906.5725      -1144.1200      -1950.7404    
  3907.2676      -1142.3356      -1970.4247    
  3906.5725      -1144.1200      -1990.7947    
  3907.3657      -1142.0839      -2009.4226    
  3906.5725      -1144.1200      -2030.7377    
  3907.3657      -1142.0839      -2049.4172    
  3906.5725      -1144.1200      -2070.7397    
  3907.3389      -1142.1525      -2089.4622    
  3906.5725      -1144.1200      -2110.6882    
  3907.2957      -1142.2639      -2129.4812    
  3906.5725      -1144.1200      -2150.7249    
  3907.4260      -1141.9283      -2169.4546    
  3870.4749      -1231.5648      -2229.4924    
  3874.9155      -1221.3337      -1649.7648    
  3875.3687      -1220.2819      -1629.2889    
  3870.5530      -1231.3857      -1628.9847    
  3865.4900      -1242.8816      -1629.6182    
  3857.6228      -1260.3879      -1628.9384    
  3851.8643      -1272.9316      -1629.0017    
  3851.0464      -1274.6949      -1650.0087    
  3847.1877      -1282.9536      -1629.4020    
  3846.6736      -1284.0464      -1648.3904    
  3907.3657      -1142.0839      -2249.4219    
  3838.6482      -1300.8771      -1628.8079    
  3811.2446      -1355.1844      -1650.5087    
  3812.2920      -1353.1973      -2369.6062    
  3929.8052      -1082.2451      -2369.5056    
  3922.8459      -1101.2788      -2369.5088    
  3922.7344      -1101.5804      -1649.5087    
  3922.9795      -1100.9176      -1628.8914    
  3931.2546      -1078.2240      -1629.4329    
  3937.4148      -1060.9141      -1630.0236    
  3931.0156      -1078.8890      -2389.5088    
  3937.4148      -1060.9141      -2390.1738    
  3922.9307      -1101.0497      -2388.5088    
  3915.5811      -1120.6853      -2389.0732    
  3911.0156      -1132.6476      -2389.5088    
  3906.5725      -1144.1200      -2389.9585    
  3899.6863      -1161.5804      -2389.5088    
  3891.0156      -1183.0282      -2389.5088    
  3883.2375      -1201.7753      -2389.7659    
  3875.6074      -1219.7273      -2389.1438    
  3870.2603      -1232.0552      -2389.5251    
  3864.9619      -1244.0701      -2390.2253    
  3851.5671      -1273.5729      -2389.3420    
  3846.9746      -1283.4067      -2389.9146    
  3857.4846      -1260.6917      -2389.5588    
  3838.6162      -1300.9435      -2390.1582    
  3832.2239      -1314.0441      -2391.5303    
  3827.2659      -1324.0223      -2390.2007    
  3811.9612      -1353.8256      -2389.4563    
  3818.6677      -1340.9500      -2389.9602    
  3818.6204      -1341.0420      -1629.2797    
  3811.9612      -1353.8256      -1629.0939    
  3766.3901      -1358.2144      -1510.5142    
  3768.1990      -1341.1174      -1512.4436    
  3774.2175      -1323.4329      -1513.3007    
  3787.1499      -1318.1039      -1510.6063    
  3777.6846      -1339.7195      -1510.1539    
  3798.1780      -1299.0967      -1510.2009    
  3807.2063      -1278.0435      -1510.5135    
  3808.4683      -1260.7817      -1512.3685    
  3794.1855      -1283.5099      -1513.3043    
  3788.6636      -1300.8694      -1512.5042    
  3813.5193      -1243.0186      -1513.2195    
  3738.8274      -1508.5548      -2501.3223    
  3828.1479      -1231.8079      -1510.6119    
  3842.0640      -1199.8804      -1510.6134    
  3847.0867      -1188.6205      -1510.5430    
  3859.1299      -1160.2065      -1510.4530    
  3867.1658      -1138.6228      -1510.6151    
  3866.9731      -1121.7998      -1512.5023    
  3854.0813      -1143.8611      -1513.6818    
  3849.4502      -1161.9110      -1512.9469    
  3847.9775      -1179.2698      -1511.3762    
  3833.8818      -1184.2903      -1514.6880    
  3830.3457      -1201.0665      -1513.6958    
  3829.0242      -1219.3136      -1511.8833    
  3876.5723      -1118.8817      -1510.1318    
  3882.1912      -1101.8522      -1510.3704    
  3739.2061      -1508.4725      -1518.8248    
  3893.5269      -1043.1016      -1513.1937    
  3907.0054      -1030.5063      -1510.6162    
  3888.8130      -1062.0468      -1512.6243    
  3887.3882      -1083.0731      -1510.8719    
  3870.9175      -1104.4364      -1513.2592    
  3670.7571      -1719.1469      -1523.6029    
  3672.1306      -1723.6281      -1533.2003    
  3678.1013      -1721.6240      -1549.4208    
  3684.0469      -1722.1377      -1568.5563    
  3691.0300      -1720.8282      -1588.7797    
  3698.4568      -1701.5804      -1589.5087    
  3699.4670      -1681.4353      -1569.6168    
  3705.2610      -1684.3086      -1591.0415    
  3691.2012      -1701.9065      -1567.2013    
  3690.4688      -1689.7468      -1550.8971    
  3685.2917      -1703.6000      -1550.7001    
  3690.3103      -1680.7983      -1540.1868    
  3694.5774      -1679.2712      -1551.8312    
  3690.5837      -1670.7430      -1529.6704    
  3695.3354      -1659.2554      -1531.7493    
  3700.1619      -1661.5804      -1549.5087    
  3710.3191      -1641.3566      -1559.2864    
  3710.6062      -1650.1964      -1569.8236    
  3705.5806      -1643.8953      -1547.1033    
  3705.0789      -1663.5614      -1567.1703    
  3710.2139      -1661.0583      -1580.5439    
  3710.2427      -1670.2437      -1590.8469    
  3714.0725      -1659.7697      -1591.2612    
  3719.1245      -1643.1603      -1589.0216    
  3720.2585      -1621.5804      -1569.5087    
  3726.7581      -1622.9832      -1591.5641    
  3714.8259      -1639.4706      -1571.4657    
  3730.9368      -1609.7213      -1590.9146    
  3730.5454      -1601.0336      -1580.6921    
  3734.2358      -1599.7316      -1591.0791    
  3738.3213      -1583.3867      -1587.5000    
  3738.7188      -1562.8120      -1568.3933    
  3745.4009      -1562.2213      -1589.1807    
  3734.2043      -1580.0607      -1571.0475    
  3738.1262      -1543.4279      -1547.7966    
  3745.9988      -1542.8932      -1572.5352    
  3734.0518      -1560.2141      -1550.9384    
  3738.2751      -1522.2878      -1528.4475    
  3744.9014      -1521.8428      -1549.3604    
  3733.8843      -1540.0458      -1530.9789    
  3730.2686      -1541.0776      -1520.3676    
  3730.4141      -1550.2703      -1529.6500    
  3730.3521      -1561.3000      -1540.1753    
  3725.3135      -1563.8702      -1526.6049    
  3750.6145      -1501.6173      -1549.5116    
  3749.4592      -1484.3383      -1530.6547    
  3744.4646      -1500.4641      -1528.6183    
  3751.7898      -1474.5042      -1529.8141    
  3751.3826      -1462.4797      -1518.4290    
  3755.6443      -1460.8053      -1530.9220    
  3759.1543      -1442.7764      -1527.8411    
  3766.2666      -1441.7938      -1550.3268    
  3761.0852      -1461.9564      -1549.5876    
  3766.4500      -1462.6028      -1567.5930    
  3755.8159      -1481.3385      -1548.6907    
  3762.8657      -1480.3440      -1570.7222    
  3767.4092      -1483.0182      -1587.7408    
  3756.9023      -1501.4067      -1569.6466    
  3763.7773      -1500.0764      -1590.7078    
  3757.4438      -1521.5804      -1589.5087    
  3751.6516      -1538.9158      -1586.9264    
  3751.1523      -1521.6481      -1569.3064    
  3750.5293      -1546.5453      -1590.5309    
  3771.1118      -1480.9485      -1598.0092    
  3770.8904      -1471.3884      -1589.2877    
  3773.9241      -1460.0593      -1589.8871    
  3770.2656      -1461.6699      -1579.2662    
  3770.1060      -1448.9878      -1568.5513    
  3772.4424      -1438.7810      -1568.1946    
  3777.2454      -1442.9689      -1587.1719    
  3783.1484      -1421.0045      -1589.9243    
  3781.4600      -1400.9230      -1569.9764    
  3786.3669      -1402.1138      -1587.0250    
  3776.9229      -1421.2715      -1569.6432    
  3790.1628      -1400.3185      -1598.3336    
  3790.1423      -1386.2561      -1588.7788    
  3778.5005      -1384.1891      -1548.7780    
  3773.6887      -1382.0979      -1531.4244    
  3771.0156      -1381.5804      -1522.2122    
  3771.0088      -1392.0935      -1529.3042    
  3771.5439      -1403.3124      -1538.9094    
  3768.1353      -1403.5505      -1527.8311    
  3771.0156      -1420.3121      -1549.5087    
  3775.4014      -1403.0052      -1551.4244    
  3765.0151      -1419.5775      -1529.2400    
  3730.4163      -1570.8494      -1549.7904    
  3730.4517      -1581.0977      -1560.1293    
  3725.4070      -1583.8943      -1546.8809    
  3720.5173      -1581.5741      -1528.9708    
  3715.6880      -1599.2205      -1531.6438    
  3720.5474      -1601.5804      -1549.5087    
  3710.6145      -1621.6405      -1539.0566    
  3711.0383      -1611.2893      -1529.4684    
  3715.4587      -1619.2500      -1551.8523    
  3710.5652      -1631.5491      -1549.4801    
  3711.0156      -1601.5804      -1519.2596    
  3730.4229      -1590.6577      -1569.6949    
  3725.3325      -1603.9124      -1567.1089    
  3706.0029      -1623.8749      -1526.8507    
  3700.6426      -1641.2117      -1528.6113    
  3690.3184      -1662.1792      -1519.2360    
  3684.9397      -1683.8497      -1526.8356    
  3679.5649      -1701.7441      -1530.6501    
  3493.4873      -2011.1923      -2409.7563    
  3490.1494      -2009.2653      -2430.2505    
  3488.0042      -2008.0267      -2451.4219    
  3479.0420      -2002.8524      -2473.2961    
  3478.0564      -2002.2833      -2492.7275    
  3470.9907      -1998.2039      -2486.4617    
  3493.4873      -2011.1923      -2389.7483    
  3494.3533      -2011.6923      -2369.9937    
  3494.3533      -2011.6923      -2350.0862    
  3493.7158      -2011.3242      -2329.9507    
  3493.2046      -2011.0292      -2309.8706    
  3492.8740      -2010.8381      -2289.6099    
  3492.9519      -2010.8833      -2269.6719    
  3492.6211      -2010.6923      -2250.0112    
  3492.6211      -2010.6923      -2230.0044    
  3492.6211      -2010.6923      -2210.0015    
  3491.7551      -2010.1923      -2189.9377    
  3491.0156      -2009.7653      -2169.5088    
  3491.0156      -2009.7653      -2149.5088    
  3491.0156      -2009.7653      -2129.5088    
  3494.3533      -2011.6923      -2108.0125    
  3493.2827      -2011.0742      -2089.8926    
  3493.2827      -2011.0742      -2069.9277    
  3492.6211      -2010.6923      -2050.0081    
  3491.7551      -2010.1923      -2029.9377    
  3491.0156      -2009.7653      -2009.5087    
  3491.0156      -2009.7653      -1989.5087    
  3491.0156      -2009.7653      -1969.5087    
  3491.0156      -2009.7653      -1949.5087    
  3491.0156      -2009.7653      -1929.5087    
  3491.0156      -2009.7653      -1909.5087    
  3491.0156      -2009.7653      -1889.5087    
  3491.0156      -2009.7653      -1869.5087    
  3491.0156      -2009.7653      -1849.5087    
  3491.0156      -2009.7653      -1829.5087    
  3491.0156      -2009.7653      -1809.5087    
  3491.0156      -2009.7653      -1789.5087    
  3491.0156      -2009.7653      -1769.5087    
  3491.0156      -2009.7653      -1749.5087    
  3491.0156      -2009.7653      -1729.5087    
  3491.0156      -2009.7653      -1709.5087    
  3491.0156      -2009.7653      -1689.5087    
  3491.0156      -2009.7653      -1669.5087    
  3491.0156      -2009.7653      -1649.5087    
  3491.0923      -2009.8096      -1629.6511    
  3493.9734      -2011.4730      -1608.1982    
  3489.5588      -2008.9242      -1589.4821    
  3487.6777      -2007.8381      -1568.3669    
  3478.1677      -2002.3475      -1526.1641    
  3478.8767      -2002.7570      -1545.6862    
  3471.1187      -1998.2778      -1531.5087    
  3518.0254      -2001.4619      -2428.6301    
  3531.4385      -1982.2804      -2430.0325    
  3544.6538      -1963.8359      -2429.6411    
  3552.4414      -1952.4471      -2430.0488    
  3561.4182      -1939.2006      -2430.3889    
  3574.1340      -1922.7618      -2425.8171    
  3589.8770      -1902.3191      -2419.5078    
  3585.1775      -1903.8242      -2430.0942    
  3591.7375      -1892.6656      -2432.1462    
  3581.4346      -1899.3062      -2449.2036    
  3572.2698      -1912.5283      -2450.4875    
  3572.5281      -1901.8773      -2469.7793    
  3572.4700      -1891.3645      -2489.5725    
  3584.3252      -1883.8918      -2469.5564    
  3580.2698      -1879.2395      -2489.7332    
  3591.0591      -1862.0391      -2490.2786    
  3564.2573      -1903.8766      -2489.5759    
  3552.0095      -1922.1501      -2489.7385    
  3552.5928      -1931.8877      -2469.4294    
  3561.0488      -1919.2794      -2469.5728    
  3564.9014      -1923.8214      -2449.9978    
  3552.6880      -1941.9547      -2449.7402    
  3544.3726      -1943.8593      -2469.5215    
  3540.3633      -1939.2760      -2489.7322    
  3532.2700      -1951.2467      -2489.2163    
  3523.6499      -1963.3304      -2489.6331    
  3492.2415      -2000.4539      -2502.3726    
  3498.1169      -1999.5084      -2487.9929    
  3503.9058      -2001.7208      -2467.3645    
  3511.1929      -2000.9022      -2448.7825    
  3511.4182      -1990.6503      -2469.0527    
  3523.3589      -1983.8356      -2449.4985    
  3519.4487      -1979.3284      -2469.4902    
  3531.9607      -1971.7322      -2449.6382    
  3531.9451      -1961.6857      -2469.5947    
  3540.8745      -1959.3566      -2449.0852    
  3511.0156      -1981.5804      -2488.5273    
  3611.0156      -1830.4375      -2489.5088    
  3603.4329      -1842.7009      -2489.5505    
  3611.1104      -1841.5199      -2469.5320    
  3600.0256      -1859.2413      -2469.5979    
  3592.0435      -1871.7697      -2469.7241    
  3604.0608      -1863.9041      -2449.5613    
  3592.3496      -1882.0994      -2449.9060    
  3611.7231      -1851.6771      -2449.5876    
  3623.4409      -1843.8979      -2429.7336    
  3619.4790      -1839.2455      -2449.4436    
  3611.6946      -1862.5594      -2430.0637    
  3600.1702      -1880.9691      -2429.5950    
  3621.8127      -1823.8932      -2469.8569    
  3632.9973      -1799.5276      -2479.9336    
  3630.3489      -1810.8604      -2467.9536    
  3617.8718      -1819.2367      -2489.4458    
  3629.7021      -1797.3899      -2493.2002    
  3649.7786      -1761.5350      -2495.8225    
  3652.0779      -1763.4877      -2485.8171    
  3641.8848      -1779.2845      -2488.8145    
  3661.7405      -1743.8829      -2490.3000    
  3670.3999      -1752.5994      -2450.4351    
  3663.9243      -1763.8324      -2450.6079    
  3660.2087      -1759.2338      -2469.1880    
  3650.7817      -1781.7781      -2458.6362    
  3652.0728      -1772.5455      -2470.5437    
  3656.0242      -1779.4448      -2447.3184    
  3651.2993      -1788.4081      -2445.8171    
  3660.1953      -1782.0327      -2430.7576    
  3671.7458      -1762.1251      -2430.5920    
  3598.3464      -1893.8890      -2400.3149    
  3649.1318      -1801.5804      -2429.5088    
  3637.8469      -1820.4510      -2429.4819    
  3631.0273      -1831.5929      -2429.6426    
  3630.8928      -1821.5098      -2447.7661    
  3641.1067      -1802.7762      -2450.7622    
  3645.2588      -1783.7499      -2471.3684    
  3637.2715      -1799.4576      -2467.6377    
  3571.4883      -1920.4541      -2437.7095    
  3691.7378      -1735.1782      -1628.8610    
  3950.1509      -811.90021      -1508.0000    
  3691.7378      -1735.1782      -1649.0408    
  3691.2317      -1736.4976      -1669.5087    
  3691.9905      -1734.5184      -1689.4719    
  3691.2317      -1736.4976      -1709.5087    
  3691.9905      -1734.5184      -1729.4719    
  3691.2317      -1736.4976      -1749.5087    
  3691.9905      -1734.5184      -1769.4719    
  3691.2317      -1736.4976      -1789.5087    
  3691.9905      -1734.5184      -1809.4719    
  3691.2317      -1736.4976      -1829.5087    
  3691.9905      -1734.5184      -1849.4719    
  3691.2317      -1736.4976      -1869.5087    
  3691.9905      -1734.5184      -1889.4719    
  3691.2317      -1736.4976      -1909.5087    
  3691.9905      -1734.5184      -1929.4719    
  3691.2317      -1736.4976      -1949.5087    
  3691.9905      -1734.5184      -1969.4719    
  3691.2317      -1736.4976      -1989.5087    
  3691.9905      -1734.5184      -2009.4719    
  3691.2317      -1736.4976      -2029.5087    
  3691.9905      -1734.5184      -2049.4719    
  3691.2317      -1736.4976      -2069.5088    
  3691.9905      -1734.5184      -2089.4719    
  3691.2317      -1736.4976      -2109.5088    
  3691.9905      -1734.5184      -2129.4719    
  3691.2317      -1736.4976      -2149.5088    
  3691.9905      -1734.5184      -2169.4719    
  3691.2317      -1736.4976      -2189.5088    
  3691.9905      -1734.5184      -2209.4719    
  3691.2317      -1736.4976      -2229.5088    
  3691.9905      -1734.5184      -2249.4719    
  3691.2317      -1736.4976      -2269.5088    
  3691.9905      -1734.5184      -2289.4719    
  3691.2317      -1736.4976      -2309.5088    
  3691.9905      -1734.5184      -2329.2671    
  3691.2317      -1736.4976      -2349.5071    
  3691.9905      -1734.5184      -2369.5544    
  3691.8643      -1734.8483      -2389.6001    
  3950.1497      -811.91119      -2511.0000    
  3793.2859      -1399.3467      -2385.6545    
  3793.3784      -1398.8987      -2368.0471    
  3790.9937      -1410.2230      -2349.4465    
  3791.0371      -1410.0204      -2368.9446    
  3793.0942      -1400.2711      -2349.6531    
  3793.0220      -1400.6190      -2329.6760    
  3791.0156      -1410.1217      -2309.5088    
  3790.9802      -1410.2856      -2329.4124    
  3792.9456      -1400.9862      -2309.8440    
  3792.8220      -1401.5804      -2289.5088    
  3791.0156      -1410.1217      -2269.5088    
  3791.0156      -1410.1217      -2289.5088    
  3792.8220      -1401.5804      -2269.5088    
  3792.8220      -1401.5804      -2249.5088    
  3791.0156      -1410.1217      -2229.5088    
  3791.0156      -1410.1217      -2249.5088    
  3792.8220      -1401.5804      -2229.5088    
  3792.8220      -1401.5804      -2209.5088    
  3791.0156      -1410.1217      -2189.5088    
  3791.0156      -1410.1217      -2209.5088    
  3792.8220      -1401.5804      -2189.5088    
  3792.8220      -1401.5804      -2169.5088    
  3791.0156      -1410.1217      -2149.5088    
  3791.0156      -1410.1217      -2169.5088    
  3792.8220      -1401.5804      -2149.5088    
  3792.8220      -1401.5804      -2129.5088    
  3791.0156      -1410.1217      -2109.5088    
  3791.0156      -1410.1217      -2129.5088    
  3792.8220      -1401.5804      -2109.5088    
  3792.8220      -1401.5804      -2089.5088    
  3791.0156      -1410.1217      -2069.5088    
  3791.0156      -1410.1217      -2089.5088    
  3792.8220      -1401.5804      -2069.5088    
  3792.8220      -1401.5804      -2049.5088    
  3791.0156      -1410.1217      -2029.5087    
  3791.0156      -1410.1217      -2049.5088    
  3792.8220      -1401.5804      -2029.5087    
  3792.8220      -1401.5804      -2009.5087    
  3791.0156      -1410.1217      -1989.5087    
  3791.0156      -1410.1217      -2009.5087    
  3792.8220      -1401.5804      -1989.5087    
  3792.8220      -1401.5804      -1969.5087    
  3791.0156      -1410.1217      -1949.5087    
  3791.0156      -1410.1217      -1969.5087    
  3792.8220      -1401.5804      -1949.5087    
  3792.8220      -1401.5804      -1929.5087    
  3791.0156      -1410.1217      -1909.5087    
  3791.0156      -1410.1217      -1929.5087    
  3792.8220      -1401.5804      -1909.5087    
  3792.8220      -1401.5804      -1889.5087    
  3791.0156      -1410.1217      -1869.5087    
  3791.0156      -1410.1217      -1889.5087    
  3792.8220      -1401.5804      -1869.5087    
  3792.8220      -1401.5804      -1849.5087    
  3791.0156      -1410.1217      -1829.5087    
  3791.0156      -1410.1217      -1849.5087    
  3792.8220      -1401.5804      -1829.5087    
  3792.8220      -1401.5804      -1809.5087    
  3790.7388      -1411.4091      -1788.8459    
  3790.8882      -1410.7147      -1809.1814    
  3792.8904      -1401.2520      -1789.7092    
  3792.9456      -1400.9862      -1769.8903    
  3790.8311      -1410.9800      -1749.1390    
  3790.7522      -1411.3464      -1768.9507    
  3792.8772      -1401.3147      -1749.6752    
  3792.9478      -1400.9766      -1729.7800    
  3790.6951      -1411.6116      -1708.9255    
  3790.7876      -1411.1825      -1729.0227    
  3792.9819      -1400.8124      -1709.8927    
  3792.9456      -1400.9862      -1689.9359    
  3790.6321      -1411.9041      -1668.4203    
  3790.6816      -1411.6742      -1688.9055    
  3793.0029      -1400.7108      -1669.4609    
  3793.0105      -1400.6746      -1648.0087    
  3793.3784      -1398.8987      -1627.8750    
  3790.8577      -1410.8569      -1627.1393    
  3788.2039      -1422.9656      -1629.2532    
  3787.9167      -1424.2493      -1648.1161    
  3783.6130      -1442.9410      -1628.7809    
  3783.8933      -1441.7529      -1649.6605    
  3783.9338      -1441.5804      -1669.5087    
  3779.1003      -1461.5804      -1649.5087    
  3779.1003      -1461.5804      -1669.5087    
  3779.2703      -1460.8934      -1688.8539    
  3774.1321      -1481.1625      -1671.6547    
  3774.6235      -1479.2651      -1690.7732    
  3771.6558      -1490.6077      -1687.0773    
  3771.1013      -1492.6956      -1709.0807    
  3774.1829      -1480.9677      -1711.6547    
  3779.1003      -1461.5804      -1709.5087    
  3779.2703      -1460.8934      -1728.8540    
  3774.7070      -1478.9419      -1731.3533    
  3771.6985      -1490.4463      -1727.1255    
  3771.0842      -1492.7598      -1748.9344    
  3774.1995      -1480.9032      -1751.6547    
  3779.1003      -1461.5804      -1749.5087    
  3779.2703      -1460.8934      -1768.8546    
  3774.7070      -1478.9419      -1770.9771    
  3771.6985      -1490.4463      -1767.0750    
  3771.0217      -1492.9951      -1788.5087    
  3774.1829      -1480.9675      -1791.6547    
  3779.1003      -1461.5804      -1789.5087    
  3779.2703      -1460.8934      -1808.8546    
  3774.6909      -1479.0037      -1810.9786    
  3771.7148      -1490.3846      -1807.0607    
  3771.0620      -1492.8430      -1829.0555    
  3774.1738      -1481.0021      -1831.6547    
  3779.1003      -1461.5804      -1829.5087    
  3779.2703      -1460.8934      -1848.8533    
  3774.7070      -1478.9419      -1851.3774    
  3771.6721      -1490.5460      -1847.1526    
  3771.0420      -1492.9185      -1869.3756    
  3774.2073      -1480.8728      -1871.6547    
  3779.1003      -1461.5804      -1869.5087    
  3779.2703      -1460.8934      -1888.8539    
  3774.6653      -1479.1035      -1890.8665    
  3771.6294      -1490.7074      -1887.1057    
  3771.0193      -1493.0039      -1909.2587    
  3774.2085      -1480.8684      -1911.6547    
  3779.1003      -1461.5804      -1909.5087    
  3779.2703      -1460.8934      -1928.8539    
  3774.7070      -1478.9419      -1930.9459    
  3771.6985      -1490.4463      -1927.0950    
  3771.0220      -1492.9940      -1948.5087    
  3774.1855      -1480.9573      -1951.6547    
  3779.1003      -1461.5804      -1949.5087    
  3779.2703      -1460.8934      -1968.8539    
  3774.6909      -1479.0037      -1970.9641    
  3771.6985      -1490.4463      -1967.0743    
  3771.0850      -1492.7572      -1989.1564    
  3774.2007      -1480.8987      -1991.6547    
  3779.1003      -1461.5804      -1989.5087    
  3779.2703      -1460.8934      -2008.8540    
  3774.6235      -1479.2651      -2010.7742    
  3771.6294      -1490.7074      -2007.1190    
  3771.0420      -1492.9185      -2029.3669    
  3774.1792      -1480.9813      -2031.6547    
  3779.1003      -1461.5804      -2029.5087    
  3779.2703      -1460.8934      -2048.8540    
  3774.7070      -1478.9419      -2050.9312    
  3771.6697      -1490.5552      -2046.9974    
  3770.9792      -1493.1539      -2068.5088    
  3774.2236      -1480.8099      -2071.6545    
  3779.1003      -1461.5804      -2069.5088    
  3779.2703      -1460.8934      -2088.8540    
  3774.7070      -1478.9419      -2091.2551    
  3771.6721      -1490.5460      -2087.0276    
  3771.0156      -1493.0181      -2109.5088    
  3774.1897      -1480.9404      -2111.6545    
  3779.1003      -1461.5804      -2109.5088    
  3779.2703      -1460.8934      -2128.8416    
  3774.7070      -1478.9419      -2131.3279    
  3771.6960      -1490.4554      -2127.0078    
  3770.9792      -1493.1539      -2148.5088    
  3774.1567      -1481.0677      -2152.6030    
  3779.0576      -1461.7522      -2149.3423    
  3779.2703      -1460.8934      -2168.8435    
  3774.5977      -1479.3651      -2170.7170    
  3771.6455      -1490.6458      -2166.9971    
  3771.1116      -1492.6575      -2189.0286    
  3774.1736      -1481.0032      -2191.6545    
  3779.1003      -1461.5804      -2189.5088    
  3779.2703      -1460.8934      -2208.8540    
  3774.7070      -1478.9419      -2210.9177    
  3771.7148      -1490.3846      -2207.0396    
  3771.1528      -1492.5018      -2228.3550    
  3774.2190      -1480.8278      -2231.6545    
  3779.1003      -1461.5804      -2229.5088    
  3779.2703      -1460.8934      -2248.8540    
  3774.7070      -1478.9419      -2251.2417    
  3771.7148      -1490.3846      -2247.0176    
  3771.0623      -1492.8427      -2269.0586    
  3774.2041      -1480.8856      -2272.7544    
  3779.1003      -1461.5804      -2269.5088    
  3779.2703      -1460.8934      -2288.8540    
  3774.5168      -1479.6781      -2291.4697    
  3771.6721      -1490.5460      -2287.1567    
  3771.0156      -1493.0181      -2309.5088    
  3774.1797      -1480.9794      -2311.6545    
  3779.1003      -1461.5804      -2309.5088    
  3779.2703      -1460.8934      -2328.8540    
  3774.7070      -1478.9419      -2330.9172    
  3771.6958      -1490.4558      -2327.0042    
  3771.1328      -1492.5769      -2348.3730    
  3774.2559      -1480.6860      -2352.7251    
  3779.1003      -1461.5804      -2349.5088    
  3779.2703      -1460.8934      -2369.5098    
  3774.7070      -1478.9419      -2369.5894    
  3783.7715      -1442.2701      -2350.2463    
  3784.0962      -1440.8906      -2369.5115    
  3788.4329      -1421.9385      -2326.1917    
  3788.2266      -1422.8645      -2348.6145    
  3783.9338      -1441.5804      -2329.5088    
  3787.9944      -1423.9032      -2307.8933    
  3783.8528      -1441.9253      -2309.8430    
  3788.4187      -1422.0020      -2286.4180    
  3783.9338      -1441.5804      -2289.5088    
  3788.1492      -1423.2108      -2268.5886    
  3783.8528      -1441.9253      -2269.8433    
  3788.4058      -1422.0608      -2246.1567    
  3783.9338      -1441.5804      -2249.5088    
  3787.9944      -1423.9032      -2227.9470    
  3783.8528      -1441.9253      -2229.8433    
  3788.4260      -1421.9691      -2206.0984    
  3783.9338      -1441.5804      -2209.5088    
  3788.0674      -1423.5768      -2187.5129    
  3783.8528      -1441.9253      -2189.8430    
  3788.4399      -1421.9067      -2166.4429    
  3783.9338      -1441.5804      -2169.5088    
  3788.2083      -1422.9463      -2148.6343    
  3783.9338      -1441.5804      -2149.5088    
  3788.4329      -1421.9384      -2126.4978    
  3783.9338      -1441.5804      -2129.5088    
  3788.1858      -1423.0474      -2108.6636    
  3783.8528      -1441.9253      -2109.8430    
  3788.4187      -1422.0020      -2086.4646    
  3783.9338      -1441.5804      -2089.5088    
  3788.1492      -1423.2108      -2068.1199    
  3783.8528      -1441.9253      -2069.8433    
  3788.4260      -1421.9691      -2046.4381    
  3783.9338      -1441.5804      -2049.5088    
  3787.9944      -1423.9032      -2027.9069    
  3783.8528      -1441.9253      -2029.8431    
  3788.4246      -1421.9760      -2006.4448    
  3783.9338      -1441.5804      -2009.5087    
  3788.1492      -1423.2108      -1988.5480    
  3783.8528      -1441.9253      -1989.8433    
  3788.4385      -1421.9133      -1966.1632    
  3783.9338      -1441.5804      -1969.5087    
  3787.9944      -1423.9032      -1947.9081    
  3783.8528      -1441.9253      -1949.8433    
  3788.4187      -1422.0020      -1926.4591    
  3783.9338      -1441.5804      -1929.5087    
  3788.2222      -1422.8838      -1908.7523    
  3783.8528      -1441.9253      -1909.8433    
  3788.4399      -1421.9066      -1886.4951    
  3783.9338      -1441.5804      -1889.5087    
  3788.2083      -1422.9463      -1868.6353    
  3783.9338      -1441.5804      -1869.5087    
  3788.4329      -1421.9384      -1846.4978    
  3783.9338      -1441.5804      -1849.5087    
  3788.1492      -1423.2108      -1828.2019    
  3783.8528      -1441.9253      -1829.8433    
  3788.4128      -1422.0283      -1806.2357    
  3783.9338      -1441.5804      -1809.5087    
  3788.1616      -1423.1555      -1787.5165    
  3783.8933      -1441.7529      -1789.6787    
  3788.4048      -1422.0648      -1766.1920    
  3783.9746      -1441.4080      -1769.6643    
  3788.0332      -1423.7301      -1747.8433    
  3783.7715      -1442.2701      -1750.1699    
  3788.3618      -1422.2583      -1726.2108    
  3783.9338      -1441.5804      -1729.5087    
  3788.1582      -1423.1703      -1707.6213    
  3783.7715      -1442.2701      -1710.1595    
  3788.3599      -1422.2662      -1686.2448    
  3783.9338      -1441.5804      -1689.5087    
  3788.4580      -1421.8257      -2369.6675    
  3771.7148      -1490.3846      -2369.8835    
  3768.0002      -1504.2091      -2349.4827    
  3768.7610      -1501.4099      -2369.4866    
  3768.6274      -1501.9025      -2329.3418    
  3763.2307      -1521.4104      -2329.7036    
  3762.9907      -1522.2606      -2350.1777    
  3763.3745      -1520.9003      -2369.5083    
  3757.4368      -1541.5748      -2349.2588    
  3757.4351      -1541.5804      -2369.5088    
  3757.5344      -1541.2412      -2329.1794    
  3751.6838      -1560.9037      -2329.5088    
  3751.4790      -1561.5804      -2349.5088    
  3751.2209      -1562.4318      -2369.5088    
  3745.3203      -1581.5804      -2349.5088    
  3745.3730      -1581.4117      -2369.6941    
  3745.5312      -1580.9054      -2329.5090    
  3738.9644      -1601.5804      -2329.5088    
  3738.7468      -1602.2535      -2350.1892    
  3739.1814      -1600.9072      -2369.5205    
  3733.2734      -1618.9932      -2348.4480    
  3732.2251      -1622.1537      -2369.4883    
  3478.2886      -1999.9257      -1510.6056    
  3730.1504      -1628.3674      -2349.4514    
  3732.4197      -1621.5686      -2328.4133    
  3478.2886      -1999.9257      -2508.3945    
  3725.4497      -1642.2495      -2350.0999    
  3725.9067      -1640.9113      -2369.5112    
  3725.8516      -1641.0734      -2330.5088    
  3718.9900      -1660.9133      -2328.8335    
  3718.7590      -1661.5719      -2348.5088    
  3718.7561      -1661.5804      -2369.5088    
  3711.6292      -1681.6440      -2349.7024    
  3711.8911      -1680.9154      -2329.5115    
  3711.2551      -1682.6832      -2369.5139    
  3704.3704      -1701.5764      -2350.5088    
  3704.6133      -1700.9174      -2370.2979    
  3704.4299      -1701.4147      -2329.6628    
  3697.1587      -1720.9193      -2328.9666    
  3696.8662      -1721.6947      -2349.0088    
  3704.3689      -1701.5804      -2309.5088    
  3696.9092      -1721.5804      -2309.5088    
  3704.3689      -1701.5804      -2289.5088    
  3704.3689      -1701.5804      -2269.5088    
  3696.9092      -1721.5804      -2269.5088    
  3697.1587      -1720.9193      -2288.9822    
  3704.3689      -1701.5804      -2249.5088    
  3704.3689      -1701.5804      -2229.5088    
  3696.9092      -1721.5804      -2229.5088    
  3697.1587      -1720.9193      -2248.9822    
  3704.3689      -1701.5804      -2209.5088    
  3704.3689      -1701.5804      -2189.5088    
  3696.9092      -1721.5804      -2189.5088    
  3697.1587      -1720.9193      -2208.9822    
  3704.3689      -1701.5804      -2169.5088    
  3704.3689      -1701.5804      -2149.5088    
  3696.9092      -1721.5804      -2149.5088    
  3697.1587      -1720.9193      -2168.9822    
  3704.3689      -1701.5804      -2129.5088    
  3704.3689      -1701.5804      -2109.5088    
  3696.9092      -1721.5804      -2109.5088    
  3697.1587      -1720.9193      -2128.9822    
  3704.3689      -1701.5804      -2089.5088    
  3704.3689      -1701.5804      -2069.5088    
  3696.9092      -1721.5804      -2069.5088    
  3697.1587      -1720.9193      -2088.9822    
  3704.3689      -1701.5804      -2049.5088    
  3704.3689      -1701.5804      -2029.5087    
  3696.9092      -1721.5804      -2029.5087    
  3697.1587      -1720.9193      -2048.9822    
  3704.3689      -1701.5804      -2009.5087    
  3704.3689      -1701.5804      -1989.5087    
  3696.9092      -1721.5804      -1989.5087    
  3697.1587      -1720.9193      -2008.9821    
  3704.3689      -1701.5804      -1969.5087    
  3704.3689      -1701.5804      -1949.5087    
  3696.9092      -1721.5804      -1949.5087    
  3697.1587      -1720.9193      -1968.9821    
  3704.3689      -1701.5804      -1929.5087    
  3704.3689      -1701.5804      -1909.5087    
  3696.9092      -1721.5804      -1909.5087    
  3697.1587      -1720.9193      -1928.9821    
  3704.3689      -1701.5804      -1889.5087    
  3704.3689      -1701.5804      -1869.5087    
  3696.9092      -1721.5804      -1869.5087    
  3697.1587      -1720.9193      -1888.9821    
  3704.3689      -1701.5804      -1849.5087    
  3704.3689      -1701.5804      -1829.5087    
  3696.9092      -1721.5804      -1829.5087    
  3697.1587      -1720.9193      -1848.9821    
  3704.3689      -1701.5804      -1809.5087    
  3704.3689      -1701.5804      -1789.5087    
  3696.9092      -1721.5804      -1789.5087    
  3697.1587      -1720.9193      -1808.9821    
  3704.3689      -1701.5804      -1769.5087    
  3704.3689      -1701.5804      -1749.5087    
  3696.9092      -1721.5804      -1749.5087    
  3697.1587      -1720.9193      -1768.9821    
  3704.3689      -1701.5804      -1729.5087    
  3704.3689      -1701.5804      -1709.5087    
  3696.9092      -1721.5804      -1709.5087    
  3697.1587      -1720.9193      -1728.9821    
  3704.3689      -1701.5804      -1689.5087    
  3704.2468      -1701.9120      -1669.8135    
  3696.8887      -1721.6351      -1669.1267    
  3697.1587      -1720.9193      -1688.9821    
  3711.2551      -1682.6832      -1649.3628    
  3711.0156      -1683.3481      -1669.5087    
  3704.3689      -1701.5804      -1649.5087    
  3711.2551      -1682.6832      -1629.2128    
  3718.5222      -1662.2474      -1648.9512    
  3718.5222      -1662.2474      -1668.9816    
  3725.4497      -1642.2495      -1670.0533    
  3725.7178      -1641.4651      -1689.7587    
  3718.9900      -1660.9133      -1688.8047    
  3718.6392      -1661.9139      -1709.1661    
  3711.8911      -1680.9154      -1689.4991    
  3711.4128      -1682.2455      -1709.5087    
  3725.4497      -1642.2495      -1710.0452    
  3725.7141      -1641.4761      -1729.7587    
  3718.9900      -1660.9133      -1728.8461    
  3718.6392      -1661.9139      -1749.1666    
  3711.8911      -1680.9154      -1729.5087    
  3711.4128      -1682.2455      -1749.5087    
  3725.4497      -1642.2495      -1750.0544    
  3725.7178      -1641.4652      -1769.7587    
  3718.9900      -1660.9133      -1768.8467    
  3718.6392      -1661.9139      -1789.1665    
  3711.8911      -1680.9154      -1769.5087    
  3711.4128      -1682.2455      -1789.5087    
  3725.4497      -1642.2495      -1790.0544    
  3725.7178      -1641.4653      -1809.7587    
  3718.9900      -1660.9133      -1808.8467    
  3718.6392      -1661.9139      -1829.1672    
  3711.8911      -1680.9154      -1809.5087    
  3711.4128      -1682.2455      -1829.5087    
  3725.4497      -1642.2495      -1830.0835    
  3725.8516      -1641.0734      -1850.5087    
  3718.9900      -1660.9133      -1848.8639    
  3718.5222      -1662.2474      -1868.8396    
  3711.8911      -1680.9154      -1849.5087    
  3711.4128      -1682.2455      -1869.5087    
  3725.4497      -1642.2495      -1870.1239    
  3725.8516      -1641.0734      -1890.5087    
  3718.9900      -1660.9133      -1888.8660    
  3718.5222      -1662.2474      -1908.8607    
  3711.8911      -1680.9154      -1889.5087    
  3711.4128      -1682.2455      -1909.5087    
  3725.4497      -1642.2495      -1910.0835    
  3725.7495      -1641.3718      -1930.0087    
  3718.8730      -1661.2469      -1929.1841    
  3718.6392      -1661.9139      -1949.1693    
  3711.8911      -1680.9154      -1929.5087    
  3711.4128      -1682.2455      -1949.5087    
  3725.4497      -1642.2495      -1950.0447    
  3725.8547      -1641.0635      -1970.5087    
  3718.9900      -1660.9133      -1968.8629    
  3718.5222      -1662.2474      -1988.8407    
  3711.8911      -1680.9154      -1969.5087    
  3711.4128      -1682.2455      -1989.5087    
  3725.4497      -1642.2495      -1990.1229    
  3725.8540      -1641.0659      -2010.5087    
  3718.9900      -1660.9133      -2008.9083    
  3718.5222      -1662.2474      -2028.7898    
  3711.8911      -1680.9154      -2009.5087    
  3711.4128      -1682.2455      -2029.5087    
  3725.4497      -1642.2495      -2030.0544    
  3725.7178      -1641.4652      -2049.7588    
  3718.9900      -1660.9133      -2048.8472    
  3718.6392      -1661.9139      -2069.1777    
  3711.8911      -1680.9154      -2049.5088    
  3711.4128      -1682.2455      -2069.5088    
  3725.4497      -1642.2495      -2070.0452    
  3725.7495      -1641.3721      -2090.0088    
  3718.8730      -1661.2469      -2089.1833    
  3718.6392      -1661.9139      -2109.1699    
  3711.8911      -1680.9154      -2089.5088    
  3711.4128      -1682.2455      -2109.5088    
  3725.4497      -1642.2495      -2110.0837    
  3725.8513      -1641.0736      -2130.5088    
  3718.9900      -1660.9133      -2128.8645    
  3718.5222      -1662.2474      -2148.8611    
  3711.8911      -1680.9154      -2129.5088    
  3711.4128      -1682.2455      -2149.5088    
  3725.4497      -1642.2495      -2150.0837    
  3725.7495      -1641.3721      -2170.0088    
  3718.8730      -1661.2469      -2169.1951    
  3718.6392      -1661.9139      -2189.1577    
  3711.8911      -1680.9154      -2169.5088    
  3711.4128      -1682.2455      -2189.5088    
  3725.4497      -1642.2495      -2190.0542    
  3725.7178      -1641.4653      -2209.7588    
  3718.9900      -1660.9133      -2208.8467    
  3718.6392      -1661.9139      -2229.1672    
  3711.8911      -1680.9154      -2209.5088    
  3711.4128      -1682.2455      -2229.5088    
  3725.4497      -1642.2495      -2230.0835    
  3725.8516      -1641.0734      -2250.5088    
  3718.9900      -1660.9133      -2248.8638    
  3718.5222      -1662.2474      -2268.8381    
  3711.8911      -1680.9154      -2249.5088    
  3711.4128      -1682.2455      -2269.5088    
  3725.4497      -1642.2495      -2270.0837    
  3725.8354      -1641.1202      -2290.5088    
  3718.9900      -1660.9133      -2288.8640    
  3718.5222      -1662.2474      -2308.8857    
  3711.8911      -1680.9154      -2289.5088    
  3711.4128      -1682.2455      -2309.5112    
  3725.4497      -1642.2495      -2310.1226    
  3730.1504      -1628.3674      -2309.5122    
  3732.2251      -1622.1537      -2289.3999    
  3733.2734      -1618.9932      -2308.4265    
  3738.9644      -1601.5804      -2289.5088    
  3738.7468      -1602.2535      -2310.1890    
  3745.5312      -1580.9054      -2289.5090    
  3745.1089      -1582.2554      -2309.5200    
  3751.2739      -1562.2571      -2269.5090    
  3751.6838      -1560.9037      -2289.5088    
  3757.5344      -1541.2412      -2289.1794    
  3757.4351      -1541.5804      -2309.5088    
  3751.2739      -1562.2571      -2309.5090    
  3763.1826      -1521.5804      -2289.5088    
  3763.0867      -1521.9205      -2309.8362    
  3768.7419      -1501.4810      -2289.2004    
  3768.0002      -1504.2091      -2309.5149    
  3768.0002      -1504.2091      -2269.5032    
  3763.0867      -1521.9205      -2269.8362    
  3763.1826      -1521.5804      -2249.5088    
  3757.5344      -1541.2412      -2249.1794    
  3757.4351      -1541.5804      -2269.5088    
  3757.4351      -1541.5804      -2229.5088    
  3751.2739      -1562.2571      -2229.5090    
  3751.6838      -1560.9037      -2249.5088    
  3751.6838      -1560.9037      -2209.5088    
  3757.4351      -1541.5804      -2189.5088    
  3757.5344      -1541.2412      -2209.1794    
  3751.2739      -1562.2571      -2189.5090    
  3763.1826      -1521.5804      -2169.5088    
  3763.0867      -1521.9205      -2189.8362    
  3757.5344      -1541.2412      -2169.1794    
  3757.4351      -1541.5804      -2149.5088    
  3751.2739      -1562.2571      -2149.5090    
  3751.6838      -1560.9037      -2169.5088    
  3751.6838      -1560.9037      -2129.5088    
  3757.4351      -1541.5804      -2109.5088    
  3757.5344      -1541.2412      -2129.1794    
  3751.2739      -1562.2571      -2109.5090    
  3763.1826      -1521.5804      -2089.5088    
  3763.0867      -1521.9205      -2109.8362    
  3757.5344      -1541.2412      -2089.1794    
  3757.4351      -1541.5804      -2069.5088    
  3751.2739      -1562.2571      -2069.5090    
  3751.6838      -1560.9037      -2089.5088    
  3751.6838      -1560.9037      -2049.5088    
  3757.4351      -1541.5804      -2029.5087    
  3757.5344      -1541.2412      -2049.1794    
  3751.2739      -1562.2571      -2029.5089    
  3763.1826      -1521.5804      -2009.5087    
  3763.0867      -1521.9205      -2029.8363    
  3757.5344      -1541.2412      -2009.1793    
  3757.4351      -1541.5804      -1989.5087    
  3751.2739      -1562.2571      -1989.5088    
  3751.6838      -1560.9037      -2009.5088    
  3751.6838      -1560.9037      -1969.5087    
  3757.4351      -1541.5804      -1949.5087    
  3757.5344      -1541.2412      -1969.1793    
  3751.2739      -1562.2571      -1949.5087    
  3763.1826      -1521.5804      -1929.5087    
  3763.0867      -1521.9205      -1949.8363    
  3757.5344      -1541.2412      -1929.1793    
  3757.4351      -1541.5804      -1909.5087    
  3751.2739      -1562.2571      -1909.5089    
  3751.6838      -1560.9037      -1929.5088    
  3751.6838      -1560.9037      -1889.5088    
  3757.4351      -1541.5804      -1869.5087    
  3757.5344      -1541.2412      -1889.1793    
  3751.2739      -1562.2571      -1869.5089    
  3763.1826      -1521.5804      -1849.5087    
  3763.0867      -1521.9205      -1869.8363    
  3757.5344      -1541.2412      -1849.1793    
  3757.4351      -1541.5804      -1829.5087    
  3751.2739      -1562.2571      -1829.5089    
  3751.6838      -1560.9037      -1849.5087    
  3751.6838      -1560.9037      -1809.5088    
  3757.4351      -1541.5804      -1789.5087    
  3757.5344      -1541.2412      -1809.1793    
  3751.2739      -1562.2571      -1789.5089    
  3763.1826      -1521.5804      -1769.5087    
  3763.0867      -1521.9205      -1789.8363    
  3757.5344      -1541.2412      -1769.1793    
  3757.4351      -1541.5804      -1749.5087    
  3751.2739      -1562.2571      -1749.5089    
  3751.6838      -1560.9037      -1769.5088    
  3751.6838      -1560.9037      -1729.5088    
  3757.4351      -1541.5804      -1709.5087    
  3757.5344      -1541.2412      -1729.1793    
  3751.2739      -1562.2571      -1709.5089    
  3763.1826      -1521.5804      -1689.5087    
  3763.0867      -1521.9205      -1709.8363    
  3757.5344      -1541.2412      -1689.1793    
  3757.4351      -1541.5804      -1669.5087    
  3751.6838      -1560.9037      -1689.5088    
  3751.0156      -1563.1083      -1669.5087    
  3751.4790      -1561.5804      -1649.5087    
  3757.4351      -1541.5804      -1629.5087    
  3757.4351      -1541.5804      -1649.5087    
  3751.5813      -1561.2421      -1629.4832    
  3763.1826      -1521.5804      -1629.5087    
  3738.7786      -1602.1554      -1628.8463    
  3733.0513      -1619.6646      -1629.2706    
  3730.1504      -1628.3674      -1627.9634    
  3731.1250      -1625.4551      -1649.2510    
  3738.7468      -1602.2535      -1650.0619    
  3738.7468      -1602.2535      -1670.1876    
  3733.2734      -1618.9932      -1668.1930    
  3730.1504      -1628.3674      -1669.5005    
  3732.2251      -1622.1537      -1689.3805    
  3738.9644      -1601.5804      -1689.5087    
  3738.7468      -1602.2535      -1710.1891    
  3733.2734      -1618.9932      -1708.3809    
  3730.1504      -1628.3674      -1709.4534    
  3732.3940      -1621.6450      -1728.4004    
  3738.9644      -1601.5804      -1729.5087    
  3738.7468      -1602.2535      -1750.1891    
  3733.2734      -1618.9932      -1748.4056    
  3730.1504      -1628.3674      -1749.4202    
  3732.2251      -1622.1537      -1769.4026    
  3738.9644      -1601.5804      -1769.5087    
  3738.7468      -1602.2535      -1790.1891    
  3733.2734      -1618.9932      -1788.4497    
  3730.1504      -1628.3674      -1789.4708    
  3732.2251      -1622.1537      -1809.4030    
  3738.9644      -1601.5804      -1809.5087    
  3738.7468      -1602.2535      -1830.1893    
  3733.2734      -1618.9932      -1828.4408    
  3730.1504      -1628.3674      -1829.4939    
  3732.2251      -1622.1537      -1849.3832    
  3738.9644      -1601.5804      -1849.5087    
  3738.7468      -1602.2535      -1870.1891    
  3733.2734      -1618.9932      -1868.4049    
  3730.1504      -1628.3674      -1869.5267    
  3732.4124      -1621.5901      -1888.4065    
  3738.9644      -1601.5804      -1889.5087    
  3738.7468      -1602.2535      -1910.1893    
  3733.2734      -1618.9932      -1908.4304    
  3730.1504      -1628.3674      -1909.4974    
  3732.2251      -1622.1537      -1929.3976    
  3738.9644      -1601.5804      -1929.5087    
  3738.9644      -1601.5804      -1949.5087    
  3733.2734      -1618.9932      -1948.3646    
  3730.1504      -1628.3674      -1949.4607    
  3732.4236      -1621.5563      -1968.4070    
  3738.9644      -1601.5804      -1969.5087    
  3738.9644      -1601.5804      -1989.5087    
  3733.2734      -1618.9932      -1988.3445    
  3730.1504      -1628.3674      -1989.4019    
  3732.4128      -1621.5891      -2008.4094    
  3738.9644      -1601.5804      -2009.5087    
  3738.7468      -1602.2535      -2030.1891    
  3733.2734      -1618.9932      -2028.3782    
  3730.1504      -1628.3674      -2029.4493    
  3732.2251      -1622.1537      -2049.3982    
  3738.9644      -1601.5804      -2049.5088    
  3738.7468      -1602.2535      -2070.1890    
  3733.2734      -1618.9932      -2068.4407    
  3730.1504      -1628.3674      -2069.4724    
  3732.2251      -1622.1537      -2089.3853    
  3738.9644      -1601.5804      -2089.5088    
  3738.7468      -1602.2535      -2110.1890    
  3733.2734      -1618.9932      -2108.4431    
  3730.1504      -1628.3674      -2109.5247    
  3732.2251      -1622.1537      -2129.3989    
  3738.9644      -1601.5804      -2129.5088    
  3738.7468      -1602.2535      -2150.1890    
  3733.2734      -1618.9932      -2148.3916    
  3730.1504      -1628.3674      -2149.5000    
  3732.3982      -1621.6331      -2168.3977    
  3738.9644      -1601.5804      -2169.5088    
  3738.7468      -1602.2535      -2190.1892    
  3733.2734      -1618.9932      -2188.3787    
  3730.1504      -1628.3674      -2189.3987    
  3732.3945      -1621.6439      -2208.4128    
  3738.9644      -1601.5804      -2209.5088    
  3738.7468      -1602.2535      -2230.1892    
  3733.2734      -1618.9932      -2228.4194    
  3730.1504      -1628.3674      -2229.4490    
  3732.2251      -1622.1537      -2249.3975    
  3738.9644      -1601.5804      -2249.5088    
  3738.7468      -1602.2535      -2270.1890    
  3733.2734      -1618.9932      -2268.4385    
  3745.5312      -1580.9054      -2249.5090    
  3745.1089      -1582.2554      -2269.5200    
  3730.1504      -1628.3674      -2269.5522    
  3745.1089      -1582.2554      -2229.5203    
  3745.5312      -1580.9054      -2209.5088    
  3745.1089      -1582.2554      -2189.5203    
  3745.5312      -1580.9054      -2169.5088    
  3745.1089      -1582.2554      -2149.5203    
  3745.5312      -1580.9054      -2129.5088    
  3745.1089      -1582.2554      -2109.5203    
  3745.5312      -1580.9054      -2089.5088    
  3745.1089      -1582.2554      -2069.5203    
  3745.5312      -1580.9054      -2049.5088    
  3745.1089      -1582.2554      -2029.5204    
  3745.5312      -1580.9054      -2009.5087    
  3745.1089      -1582.2554      -1989.5087    
  3745.5312      -1580.9054      -1969.5087    
  3745.1089      -1582.2554      -1949.5087    
  3745.5312      -1580.9054      -1929.5087    
  3745.1089      -1582.2554      -1909.5201    
  3745.5312      -1580.9054      -1889.5092    
  3745.1089      -1582.2554      -1869.5201    
  3745.5312      -1580.9054      -1849.5087    
  3745.1089      -1582.2554      -1829.5204    
  3745.5312      -1580.9054      -1809.5089    
  3745.1089      -1582.2554      -1789.5200    
  3745.5312      -1580.9054      -1769.5089    
  3745.1089      -1582.2554      -1749.5204    
  3745.5312      -1580.9054      -1729.5087    
  3745.1089      -1582.2554      -1709.5204    
  3745.5312      -1580.9054      -1689.5090    
  3745.1089      -1582.2554      -1669.5281    
  3745.3203      -1581.5804      -1649.5087    
  3725.2544      -1642.8209      -1629.3754    
  3725.6213      -1641.7477      -1649.6180    
  3768.4153      -1502.6841      -1629.7059    
  3771.3022      -1491.9398      -1628.9894    
  3770.9993      -1493.0787      -1649.2727    
  3768.1860      -1503.5271      -1649.9259    
  3768.0002      -1504.2091      -1669.5311    
  3763.1826      -1521.5804      -1649.5087    
  3763.0867      -1521.9205      -1669.8363    
  3770.9868      -1493.1262      -1669.0087    
  3774.1077      -1481.2573      -1629.2792    
  3774.0237      -1481.5804      -1649.5087    
  3745.3203      -1581.5804      -1629.5087    
  3768.0002      -1504.2091      -1709.5223    
  3768.7148      -1501.5804      -1729.5087    
  3763.1826      -1521.5804      -1729.5087    
  3768.0002      -1504.2091      -1749.4982    
  3763.0867      -1521.9205      -1749.8363    
  3768.6877      -1501.6799      -1689.4904    
  3768.0002      -1504.2091      -1789.4630    
  3768.6711      -1501.7415      -1809.4854    
  3763.1826      -1521.5804      -1809.5087    
  3768.0002      -1504.2091      -1829.5111    
  3763.0867      -1521.9205      -1829.8363    
  3768.7419      -1501.4810      -1769.2151    
  3768.0002      -1504.2091      -1869.5078    
  3768.6172      -1501.9406      -1889.4382    
  3763.1826      -1521.5804      -1889.5087    
  3768.0002      -1504.2091      -1909.5227    
  3763.0867      -1521.9205      -1909.8363    
  3768.7419      -1501.4810      -1849.2002    
  3768.0002      -1504.2091      -1949.4630    
  3768.6711      -1501.7415      -1969.4822    
  3763.1826      -1521.5804      -1969.5087    
  3768.0002      -1504.2091      -1989.5261    
  3763.0867      -1521.9205      -1989.8363    
  3768.7419      -1501.4810      -1929.2159    
  3768.0002      -1504.2091      -2029.5330    
  3768.6274      -1501.9025      -2049.4478    
  3763.1826      -1521.5804      -2049.5088    
  3768.0002      -1504.2091      -2069.4563    
  3763.0867      -1521.9205      -2069.8362    
  3768.6443      -1501.8411      -2009.4564    
  3768.0002      -1504.2091      -2109.5085    
  3768.7148      -1501.5804      -2129.5088    
  3763.1826      -1521.5804      -2129.5088    
  3768.0002      -1504.2091      -2149.4597    
  3763.0867      -1521.9205      -2149.8362    
  3768.7097      -1501.5995      -2089.3350    
  3768.0002      -1504.2091      -2189.5330    
  3768.7473      -1501.4611      -2208.7839    
  3763.1826      -1521.5804      -2209.5088    
  3768.0002      -1504.2091      -2229.4192    
  3763.0867      -1521.9205      -2229.8362    
  3768.5735      -1502.1016      -2169.4238    
  3768.7148      -1501.5804      -2249.5088    
  3718.7561      -1661.5804      -1629.5087    
  3704.3689      -1701.5804      -1629.5087    
  3697.1223      -1721.0159      -1629.2001    
  3696.8972      -1721.6125      -1648.6547    
  3697.1587      -1720.9193      -2369.5095    
  3788.0718      -1423.5570      -1668.3302    
  3778.9546      -1462.1671      -1628.8320    
  3790.5100      -1412.4695      -1649.1637    
  3790.7170      -1411.5103      -2389.5232    
  3787.9167      -1424.2493      -2390.1570    
  3783.8933      -1441.7529      -2389.5723    
  3779.1003      -1461.5804      -2389.5088    
  3774.3972      -1480.1401      -2389.2454    
  3768.1860      -1503.5271      -2390.0195    
  3763.1826      -1521.5804      -2389.5088    
  3771.3040      -1491.9336      -2390.1946    
  3757.4351      -1541.5804      -2389.5088    
  3751.0156      -1563.1083      -2389.5088    
  3745.3203      -1581.5804      -2389.5088    
  3738.9644      -1601.5804      -2389.5088    
  3730.3750      -1627.6969      -2390.1477    
  3725.4497      -1642.2495      -2389.6306    
  3733.2734      -1618.9932      -2390.6152    
  3718.5222      -1662.2474      -2390.0496    
  3710.7756      -1684.0129      -2389.5723    
  3704.1245      -1702.2434      -2388.9463    
  3697.1846      -1720.8506      -2389.0242    
 
CELLS     9778   39112
        3      139      217     1709
        3      856      857     3990
        3      217     3989      216
        3      311     1820     1819
        3       82     4206      311
        3      316      315     1819
        3      882     4169     4140
        3        2        4      881
        3      881      882     4140
        3        5        3      222
        3     1686      221      222
        3      221     1686     1685
        3      938      939     4091
        3      878     4090     4091
        3      883      877      878
        3      936     4090     4089
        3     4089     4090      877
        3      877      882      881
        3      896     4134     4135
        3      889     4135     4134
        3      222      221      889
        3      894     4136      893
        3      888     4136     4135
        3      889      220      888
        3     1757      197     1758
        3     1743      197      198
        3      197     1705      196
        3      283      214     3986
        3        6      196     1705
        3      223     1810     1809
        3      197      196     1758
        3        6      283     1810
        3       40     4536      855
        3      886      855     4137
        3      218     1683     1682
        3      241       39      854
        3        8      241     1781
        3      854      890     4139
        3      243     1789     1788
        3      242      243     1788
        3     1788     1789     1818
        3     4065      263     4067
        3     4064     4065     4063
        3       10     3954      242
        3     1818      242     1788
        3      485      262     4064
        3      484     4064     4063
        3      485      435       10
        3      263     1818     1789
        3       10     1818      262
        3       10      435     3954
        3     3036     3037     3035
        3      309     1948     1949
        3      309     1910     1892
        3     1910     1894     1895
        3      288     1894      310
        3       12     1952      376
        3       12      310     1949
        3      288       12      376
        3      287     1895     1894
        3      397      398     2009
        3     2008     2005     2010
        3      399      398     4194
        3       15     1923      396
        3      396     1923     1922
        3       13     4197      397
        3      314     1823     1822
        3      337     1949     1948
        3      336     1949      337
        3       16     1979      625
        3       16      625      626
        3       16     3116      356
        3      645       16     2171
        3      626     2170     2171
        3      625     2135      626
        3     1979      356     1977
        3      880      434       20
        3      885     4166     4167
        3      432      433       19
        3       18     1982      432
        3      433     4094      942
        3      456     2998       21
        3       21      455     2100
        3     2998     2997      504
        3      486      504     2128
        3       21      504      486
        3       22      663     2992
        3      459     2094      460
        3     2991     2992      664
        3      459     2992     2993
        3      458     2096     2094
        3     2992     2989     2993
        3       23      481     4061
        3     2012      481       23
        3     2012     2014     2013
        3     3982     3981      455
        3      503      486     2128
        3      487       27      520
        3      766      520       27
        3      519      770       27
        3      487      519       27
        3      487      488     2109
        3      762      520     2954
        3      520       26       25
        3      641      529       28
        3      529      530       28
        3      641      524     2229
        3      530      528       28
        3      776       29      777
        3      719     2908     2905
        3     2205      521     2204
        3      526     2908     2907
        3      525      522      526
        3       37     2909     2907
        3     2204       30      662
        3       31      521      525
        3      529     2159      609
        3      722      530       32
        3       32      530       33
        3       38     2950     2949
        3     2949     2950      769
        3     3032       34      773
        3      773       35      769
        3      765     2953     2951
        3      768     2950     2951
        3     3031      773      772
        3      772      769      768
        3      643     3125     3123
        3      642     2167     2161
        3     2161     2165     2163
        3      642      774     3125
        3       36     2161      646
        3     2162     2161     2163
        3       37      723     2910
        3      569     2319      662
        3     2909      570       31
        3       30       31      570
        3      724     2911     2910
        3      568     2320     2319
        3      570     2910     2911
        3      569      570      571
        3      760     2948     2947
        3      531     2871     2869
        3      607     2947     2948
        3      532      607      608
        3       34      679     2871
        3      608     2948     2949
        3      531      608       35
        3      934     4132     4133
        3      195     4133     4132
        3       41      935     4133
        3     4134      195        5
        3       42      936     4089
        3      157     4095     4089
        3      897     4095     4096
        3      158     4096     4095
        3       45      948      949
        3       46     4220     4219
        3     4220     4619     4618
        3       44      945      948
        3     4219     4218       44
        3     4618     4996     4218
        3       47      952      953
        3       48     4222     4221
        3     4222     4615     4614
        3       46      949      952
        3       46       47     4221
        3     4220     4221     4614
        3       49      956      957
        3       50     4224     4223
        3     4224     4611     4610
        3       48      953      956
        3       48       49     4223
        3     4222     4223     4610
        3       51      960      961
        3       52     4226     4225
        3     4226     4607     4606
        3       50      957      960
        3       50       51     4225
        3     4224     4225     4606
        3       53      964      965
        3       54     4228     4227
        3     4228     4603     4602
        3       52      961      964
        3       52       53     4227
        3     4226     4227     4602
        3       55      968      969
        3       56     4230     4229
        3     4230     4599     4598
        3       54      965      968
        3       54       55     4229
        3     4228     4229     4598
        3       57      972      973
        3       58     4232     4231
        3     4232     4595     4594
        3       56      969      972
        3       56       57     4231
        3     4230     4231     4594
        3       59      976      977
        3       60     4234     4233
        3     4234     4591     4590
        3       58      973      976
        3       58       59     4233
        3     4232     4233     4590
        3       61      980      981
        3       62     4236     4235
        3     4236     4587     4586
        3       60      977      980
        3       60       61     4235
        3     4234     4235     4586
        3       63      984      985
        3       64     4238     4237
        3     4238     4583     4582
        3       62      981      984
        3       62       63     4237
        3     4236     4237     4582
        3       65      988      989
        3       66     4240     4239
        3     4240     4579     4578
        3       64      985      988
        3       64       65     4239
        3     4238     4239     4578
        3       67      992      993
        3       68     4242     4241
        3     4242     4575     4574
        3       66      989      992
        3       66       67     4241
        3     4240     4241     4574
        3       69      996      997
        3       70     4244     4243
        3     4244     4571     4570
        3       68      993      996
        3       68       69     4243
        3     4242     4243     4570
        3       71     1000     1001
        3       72     4246     4245
        3     4246     4567     4566
        3       70      997     1000
        3       70       71     4245
        3     4244     4245     4566
        3       73     1004     1005
        3       74     4248     4247
        3     4248     4563     4562
        3       72     1001     1004
        3       72       73     4247
        3     4246     4247     4562
        3       75     1008     1009
        3       76     4250     4249
        3     4250     4559     4558
        3       74     1005     1008
        3       74       75     4249
        3     4248     4249     4558
        3       77     1012     1013
        3       78     4252     4251
        3     4252     4552     4555
        3       76     1009     1012
        3       76       77     4251
        3     4250     4251     4555
        3       79     1016     1017
        3       80     4254     4253
        3     4254     4997     4553
        3       78     1013     1016
        3       78       79     4253
        3     4252     4253     4553
        3     4204     4203     4205
        3       91     4207       92
        3       83     4205     4206
        3     4210     4211     4209
        3       87     4210     4209
        3       91     1672     4207
        3       85       86     4208
        3     4188     4183     4182
        3     4187     4182     4184
        3     4184     4186     4185
        3       90     4188     4187
        3       89     4187     4185
        3     4188     4148     4183
        3       91     4148     4188
        3     4144     4215     4145
        3       95     4143     4144
        3       94     4144     4145
        3     4141     4171     4173
        3     4173     4175     4142
        3       98     4140     4141
        3       97     4141     4142
        3      102      193      192
        3      103     1056     1057
        3      101      194      193
        3      102     1057     1058
        3      104      191      190
        3      105     1054     1055
        3      103      192      191
        3      104     1055     1056
        3      106      189      188
        3      107     1052     1053
        3      105      190      189
        3      106     1053     1054
        3      108      187      186
        3      109     1050     1051
        3      107      188      187
        3      108     1051     1052
        3      110      185      184
        3      111     1048     1049
        3      109      186      185
        3      110     1049     1050
        3      112      183      182
        3      113     1046     1047
        3      111      184      183
        3      112     1047     1048
        3      114      181      180
        3      115     1044     1045
        3      113      182      181
        3      114     1045     1046
        3      116      179      178
        3      117     1042     1043
        3      115      180      179
        3      116     1043     1044
        3      118      177      176
        3      119     1040     1041
        3      117      178      177
        3      118     1041     1042
        3      120      175      174
        3      121     1038     1039
        3      119      176      175
        3      120     1039     1040
        3      122      173      172
        3      123     1036     1037
        3      121      174      173
        3      122     1037     1038
        3      124      171      170
        3      125     1034     1035
        3      123      172      171
        3      124     1035     1036
        3      126      169      168
        3      127     1032     1033
        3      125      170      169
        3      126     1033     1034
        3      128      167      166
        3      129     1030     1031
        3      127      168      167
        3      128     1031     1032
        3      130      165      164
        3      131     1028     1029
        3      129      166      165
        3      130     1029     1030
        3      132      163      162
        3      133     1026     1027
        3      131      164      163
        3      132     1027     1028
        3      134      161      160
        3      135     1024     1025
        3      133      162      161
        3      134     1025     1026
        3      136      159      158
        3      137     1022     1023
        3      135      160      159
        3      136     1023     1024
        3     1137     1712     1143
        3      140     1709     1711
        3     1715     1713     1714
        3     1711     1710     1713
        3     1711     1708     1710
        3      144     1717     1718
        3     1137     1665     1712
        3      143      142     1715
        3     1718     1717     1716
        3      147     1720     1721
        3      146     1719     1720
        3     1721     1726     1723
        3     1726     1720     1730
        3     1719     1731     1730
        3      148     1721     1722
        3     1721     1723     1722
        3      152     1690     1689
        3      151     1755     1690
        3     1692     1690     1691
        3      155     1687     1686
        3      154     1688     1687
        3     1702     1687     1699
        3     1688     1700     1699
        3      898     4096     4097
        3      159     4097     4096
        3      899     4097     4098
        3      160     4098     4097
        3      900     4098     4099
        3      161     4099     4098
        3      901     4099     4100
        3      162     4100     4099
        3      902     4100     4101
        3      163     4101     4100
        3      903     4101     4102
        3      164     4102     4101
        3      904     4102     4103
        3      165     4103     4102
        3      905     4103     4104
        3      166     4104     4103
        3      906     4104     4105
        3      167     4105     4104
        3      907     4105     4106
        3      168     4106     4105
        3      908     4106     4107
        3      169     4107     4106
        3      909     4107     4108
        3      170     4108     4107
        3      911     4108     4109
        3      171     4109     4108
        3      912      911     4110
        3      172     4110     4109
        3      913      912     4111
        3      173     4111     4110
        3      914      913     4112
        3      174     4112     4111
        3      915      914     4113
        3      175     4113     4112
        3      916      915     4114
        3      176     4114     4113
        3      917      916     4115
        3      177     4115     4114
        3      918      917     4116
        3      178     4116     4115
        3      919      918     4117
        3      179     4117     4116
        3      920      919     4118
        3      180     4118     4117
        3      921      920     4119
        3      181     4119     4118
        3      922      921     4120
        3      182     4120     4119
        3      923      922     4121
        3      183     4121     4120
        3      923     4121     4122
        3      184     4122     4121
        3      924     4122     4123
        3      185     4123     4122
        3      925     4123     4124
        3      186     4124     4123
        3      926     4124     4125
        3      187     4125     4124
        3      927     4125     4126
        3      188     4126     4125
        3      928     4126     4127
        3      189     4127     4126
        3      929     4127     4128
        3      190     4128     4127
        3      930     4128     4129
        3      191     4129     4128
        3      931     4129     4130
        3      192     4130     4129
        3      932     4130     4131
        3      193     4131     4130
        3      933     4131     4132
        3      194     4132     4131
        3     1787     1759     1761
        3      238     1786     1760
        3     1760      200      199
        3      239      238     1760
        3     1760      199     1761
        3     1765      202     1763
        3     1736      202     1728
        3      201     1736     1735
        3     1785     1765     1763
        3      200     1786     1762
        3      201     1762     1763
        3      232     1769     1767
        3     1767     1769     1768
        3      204      205     1744
        3      233     1767     1766
        3     1766      203     1764
        3      204     1729      203
        3     1769     1770      205
        3      207     1750      206
        3      206     1746      205
        3     1744      205     1746
        3      206     1783     1784
        3      229     1773     1782
        3     1751      207      208
        3     1782     1773     1771
        3      230      229     1782
        3      231     1784     1783
        3      207     1782     1771
        3     1696      210     1756
        3     1774      210     1775
        3      228     1774     1775
        3     1771     1773     1772
        3     1772     1775      209
        3       40     1682      213
        3     1779     1780     1781
        3      854     4139     4137
        3      854     4536      241
        3     1682      212      213
        3     1778       96       95
        3      225     1780     1776
        3      212     1703      211
        3     1776      211     1777
        3      213     4536       40
        3      212     1780     1779
        3     1706     1707     1708
        3     1705     1707      215
        3      214      215     3987
        3      216      215     1706
        3     3987     4088     3986
        3     4136      887     4138
        3      220     1685     1684
        3      887      220      219
        3      886     4138      887
        3      219     1684     1683
        3      219      886      887
        3      226      225     1776
        3      227     1777     1774
        3      234      233     1766
        3      236     1765     1785
        3      240     1759     1757
        3        7      240     1757
        3      246     1791     1790
        3     1790     1816     1817
        3      245      246     1790
        3      245     1790     1817
        3      248     1815     1792
        3     1793     1815      268
        3     4033      268     4031
        3      247     1792     1791
        3     1791     1792     1793
        3      267     4034      266
        3      251     1797     1796
        3      250      251     1796
        3      253     1799     1798
        3      252     1798     1797
        3      255     1801     1800
        3     1800      275      274
        3     4081      275      276
        3     1800      274     1813
        3      259     1807     1806
        3      258     1806     1805
        3     4036     4070      264
        3      263      264     4070
        3      264     1789     1817
        3     1796     1794     1795
        3     3980     4032      269
        3      250     1796     1795
        3      268      269     4032
        3      270     1797      271
        3      269     1815     1795
        3     1798     1799     1814
        3     4027      273     4029
        3     4026     4027     4025
        3     1797     1814      271
        3      272     4026      271
        3     4023     4026     4025
        3      273     1814     1799
        3      275     4074      274
        3      273      274     4074
        3      257     1803     1804
        3     4085     4084      277
        3      256     1804     1801
        3      277     4084     4078
        3      277     1801     1804
        3     1806      281     1812
        3     3999      281     4087
        3     4086     3999     4000
        3     1805      279      278
        3      280     4086      279
        3     4085     4086     4000
        3      281     1806     1807
        3      281      282     4088
        3     1909      284     1898
        3      284      285     3036
        3      284     1897     1898
        3     1892     1910     1907
        3     1907     1896     1908
        3      286     3046     3039
        3      287     1896     1895
        3     1909     1908     1896
        3      286     3039     3038
        3      286      285     1896
        3      291     1827     1824
        3      291     1926     1925
        3      291     1929     1927
        3      291      292     1825
        3     1826     1825     1832
        3     1927     1929     1928
        3      292      293     1825
        3     1829     1832     1825
        3      351     1931     1930
        3     1829      295     1828
        3      295     1930     1931
        3      295     1931     1934
        3      295     1855     1828
        3     1859     1857     1858
        3      299     1862     1859
        3      299     1935     1936
        3     1937     1936     1939
        3      299      300     1860
        3     1861     1860     1867
        3     1937     1939     1938
        3      300      301     1860
        3     1864     1867     1860
        3      302     1938     1940
        3      303     1940     1941
        3      303     1943      304
        3     1951     1941     1940
        3     1864     3965     1863
        3      344     1941     1951
        3      304     1911     1863
        3      342     1942     1943
        3     1944     1943     1942
        3      304      305     1890
        3      341     1946     1942
        3     1944     1942     1946
        3      305      306     1890
        3      308     1947     1950
        3      308     1948      309
        3      308     1893     1891
        3      309     1893      308
        3     1822     1824     1821
        3      312     4198      313
        3     4197      313     4200
        3      313      314     1822
        3     1820     1838     1819
        3     1841     1834     1840
        3      317     1841     1840
        3     1842     1921     1843
        3     1916     1853     1844
        3      319     1842     1843
        3      319     1843     1844
        3     1844     1849     1845
        3     1849     1848     1846
        3     1847     1846     1874
        3      321     1845      322
        3     1845     1847      322
        3      323     1847     1874
        3     1846     1848     1918
        3     1918     1873     1872
        3     1872     1869     1871
        3      323     1874     1872
        3      326     1875     1914
        3      326     1914     1876
        3     1876     1885     1877
        3     1877     1883     1879
        3      327     1876     1877
        3     1877     1879     1878
        3      330      329     1878
        3     1883     1882     1880
        3     1881     1880     1901
        3     1880     1882     1904
        3     1904     1903     1900
        3     1878     1879     1881
        3      331     1881     1901
        3      331     1901     1900
        3     1900     1902     1899
        3     1909     1899     1902
        3      332     1900     1899
        3     1897     1899     1898
        3      340     1945     1946
        3     1945     1950     1947
        3      340      339     1945
        3      339     1950     1945
        3      346     1938     1939
        3      349     1933     1934
        3     1933      297     1932
        3     1858      296      297
        3     1935      298     1933
        3      352     1928     1929
        3      355     1924     1923
        3     1922     1924      290
        3     1823      289      290
        3     1926      290     1924
        3      358     1978      357
        3      392     1975      391
        3      394     1977     1978
        3      357      356     3115
        3     1977      357     1978
        3      360     1973     1974
        3      359     1974     1975
        3     1973     1972     1976
        3      359     3113     2968
        3      391     1974     1976
        3      358     3113      359
        3      361      362     1971
        3     3076     3079     3075
        3      360     3076      361
        3     1972      361     1971
        3      365     1965     1966
        3      364     1966     1967
        3      364     1970     1968
        3     1966     1980     1967
        3      364     3074     3073
        3      386     1967     1980
        3      364     3130     3074
        3      366     3071     3070
        3      366     1962     1964
        3      366     3072     3071
        3     1963      366     1964
        3     3073     3072      365
        3     1959      370     1958
        3      382     1961     1959
        3      369     1959     1961
        3      369      368     3048
        3      370      371     1958
        3     1957      373     1956
        3     3047     3052     3043
        3     1960      372     1957
        3      372      371     3047
        3     3049     3052     3047
        3     1952       12      336
        3     1953     1952     1955
        3     3046     3045     3044
        3      378     1954     1955
        3     1953     1955     1954
        3      375      374     3045
        3      378      379     1954
        3      380     1960     1957
        3     1962      367      368
        3     1962      368     1961
        3      388     1969     1970
        3     1969      362     1968
        3      362     3075      363
        3      388      389     1969
        3      390     1976     1972
        3      399     2007     2008
        3      400     4196     4193
        3     2005     2008     2007
        3      399     4196      400
        3      428     2001     2002
        3      401     2001     2006
        3      429      430     2006
        3     2007      400     2006
        3      402     2000     2004
        3     2003      403     1999
        3      403     4177     4178
        3     4177      402     4192
        3     2002     2000     2003
        3     2001      401     2004
        3     1996      406     1993
        3      405     1996     1998
        3     1996      423     1994
        3     1998     1996     1994
        3     1998     1994     1997
        3      405      404     4155
        3      407     4152     4156
        3     4154     4152      406
        3      408     1988     1992
        3      408     4157      409
        3     1991     1989     1988
        3      420      421     1988
        3      421     1992     1988
        3      410     2011     1990
        3      409     1990     1991
        3      411     4164     4165
        3     1985      411     1987
        3      410     4163     4164
        3      419     2011     1985
        3      409     4163      410
        3     1989     1991     1990
        3     1983     4539      432
        3      413     1983     1981
        3     4166       20      414
        3      433     4093     4094
        3      433     4539      434
        3     4166      414      413
        3      149     1583     1984
        3      415     1981     1982
        3      149     1984      148
        3      416      417     1986
        3      417     1987     1986
        3      424      425     1997
        3      427     2002     2003
        3      431     2010     2005
        3      431       15     2010
        3     3955      435     3958
        3     2104     2106     2105
        3      836     3955     3956
        3     3956      437     3957
        3      436     2105      437
        3     3963      438     3959
        3      439      438     2107
        3     3962      440     3960
        3      439     2031      440
        3     2032      441      440
        3      440      441     3960
        3     3961      441      442
        3      840     3961     3964
        3      442      443     3964
        3      442     2054      443
        3     2055     2058      445
        3     3977     3966      445
        3      445     2033      446
        3      445     3967     3976
        3     3968     3974     3975
        3     2034     2037      447
        3      845     3974     3973
        3     3973      447     3969
        3      447     2073      448
        3      446     3968     3967
        3      447     3974     3968
        3      447     3973     3974
        3      449     2070      450
        3     2070     2102      451
        3     3971      450     3978
        3      449      450     3970
        3      451     2102     2212
        3     3978     3979     3985
        3     2075     2077      453
        3      451     3979     3978
        3      452     3984     3979
        3      850      849     3984
        3     3983      453      454
        3      852     3983     3981
        3     3981     3983      454
        3      454     2101      455
        3      453     3983     3984
        3      457     2097     2095
        3      458     2095     2096
        3     2993     2996     2995
        3      456     2995     2998
        3      456     2100     2097
        3     2998     2995     2994
        3     2996     2994     2995
        3      462     2093     2092
        3      461     2094     2093
        3     2092     2099     2091
        3     2099     2093     2096
        3      463     2089     2088
        3      463     2092     2089
        3     2088     2089     2090
        3      467     2083     2084
        3     2087     2081     2083
        3     2064     2086     2066
        3     2083     2082     2086
        3     2083     2080     2082
        3      469     2063     2062
        3     2063      468     2065
        3      467     2084     2065
        3     2067     2063     2065
        3     2084     2064     2065
        3      471      470     2059
        3      469     2062     2060
        3     2062     2061     2060
        3      474      473     2044
        3     2048     2046     2047
        3     2044     2045     2046
        3     2043     2042     2045
        3      476     2048     2049
        3      479     2024     2012
        3      478     2023     2024
        3     2018     2024     2019
        3     2023     2021     2019
        3     4060     4061     4058
        3     4057     4061      482
        3      481      482     4061
        3      482      481     2013
        3     4057     4062     4069
        3      483     4062      482
        3      483     2015     2016
        3     4065     4067     4066
        3     4066     4062     4065
        3      483     2016     2104
        3      484     4063     4062
        3      489     2113     2112
        3     2112     2111     2110
        3     2109     2112     2110
        3      491     2117     2114
        3     2114     2116     2115
        3      490     2114     2113
        3     2113     2114     2115
        3      493     2134     2118
        3     2118     2120     2119
        3     3020      514      513
        3      492     2118     2117
        3     2117     2118     2119
        3     3020     4217      514
        3      513     2119     2120
        3      495     2132     2133
        3     3013     3017      512
        3     2133     2132     2121
        3      494     2133     2134
        3     2134     2133     2121
        3      511     2121     2132
        3      512     2120     2121
        3      500     2126     2125
        3      499     2125     2123
        3      502     2128     2127
        3      501     2127     2126
        3     2129     2128      504
        3     3023      504     2999
        3     3023     2999     3000
        3     2126     2129     2130
        3      505     3022      506
        3     3023     3002     3022
        3      505     2130     2129
        3     2125      507     2131
        3      506     3022      507
        3     3009      508      507
        3     2123     2131      509
        3     3009     3007      509
        3      507      508     2131
        3     2122     2123      509
        3     3007     3014      510
        3      497      498     2122
        3      511      510     3014
        3      510     2132     2122
        3     3034     2964      516
        3     2964     2963      517
        3      516      517     2115
        3     2963     2958      518
        3      519      518     2958
        3      518     2109     2110
        3     2229      523     2230
        3      528     2904     2906
        3      527      524      528
        3      527     2905     2908
        3      522     2205     2230
        3      526      527     2908
        3      523      527      526
        3      758     2946     2945
        3      533     2870     2834
        3      605     2945     2946
        3      534      605      606
        3      759     2947     2946
        3      532     2869     2870
        3      606     2946     2947
        3      533      606      607
        3      756     2944     2943
        3      535     2833     2831
        3      603     2943     2944
        3      536      603      604
        3      757     2945     2944
        3      534     2834     2833
        3      604     2944     2945
        3      535      604      605
        3      754     2942     2941
        3      537     2832     2795
        3      601     2941     2942
        3      538      601      602
        3      755     2943     2942
        3      536     2831     2832
        3      602     2942     2943
        3      537      602      603
        3      752      753     2940
        3      539     2794     2792
        3      599     2939     2940
        3      540      599      600
        3      753     2941     2940
        3      538     2795     2794
        3      600     2940     2941
        3      539      600      601
        3      750      751     2937
        3      541     2793     2756
        3      597     2937     2938
        3      542      597      598
        3      751      752     2938
        3      540     2792     2793
        3      598     2938     2939
        3      541      598      599
        3      749     2936     2935
        3      543     2755     2753
        3      595     2935     2936
        3      544      595      596
        3      750     2937     2936
        3      542     2756     2755
        3      596     2936     2937
        3      543      596      597
        3      747     2934     2933
        3      545     2754     2717
        3      593     2933     2934
        3      546      593      594
        3      748     2935     2934
        3      544     2753     2754
        3      594     2934     2935
        3      545      594      595
        3      745     2932     2931
        3      547     2716     2714
        3      591     2931     2932
        3      548      591      592
        3      746     2933     2932
        3      546     2717     2716
        3      592     2932     2933
        3      547      592      593
        3      743     2930     2929
        3      549     2715     2678
        3      589     2929     2930
        3      550      589      590
        3      744     2931     2930
        3      548     2714     2715
        3      590     2930     2931
        3      549      590      591
        3      741     2928     2927
        3      551     2677     2675
        3      587     2927     2928
        3      552      587      588
        3      742     2929     2928
        3      550     2678     2677
        3      588     2928     2929
        3      551      588      589
        3      739     2926     2925
        3      553     2676     2639
        3      585     2925     2926
        3      554      585      586
        3      740     2927     2926
        3      552     2675     2676
        3      586     2926     2927
        3      553      586      587
        3      736     2924     2923
        3      555     2638     2636
        3      583     2923     2924
        3      556      583      584
        3      738     2925     2924
        3      554     2639     2638
        3      584     2924     2925
        3      555      584      585
        3      734      735     2921
        3      557     2637     2600
        3      581     2921     2922
        3      558      581      582
        3      735      736     2922
        3      556     2636     2637
        3      582     2922     2923
        3      557      582      583
        3      732      733     2919
        3      559     2599     2597
        3      579     2919     2920
        3      560      579      580
        3      733      734     2920
        3      558     2600     2599
        3      580     2920     2921
        3      559      580      581
        3      730      731     2917
        3      561     2598     2561
        3      577     2917     2918
        3      562      577      578
        3      731      732     2918
        3      560     2597     2598
        3      578     2918     2919
        3      561      578      579
        3      728      729     2915
        3      563     2560     2557
        3      575     2915     2916
        3      564      575      576
        3      729      730     2916
        3      562     2561     2560
        3      576     2916     2917
        3      563      576      577
        3      726      727     2913
        3      565     2558     2559
        3      573     2913     2914
        3      566      573      574
        3      727      728     2914
        3      564     2557     2558
        3      574     2914     2915
        3      565      574      575
        3      724      725     2911
        3      567     2321     2320
        3      571     2911     2912
        3      568      571      572
        3      725      726     2912
        3      566     2559     2321
        3      572     2912     2913
        3      567      572      573
        3      610     2156     2157
        3     2158     2156     2160
        3     2159     2160     2156
        3     2152      638      637
        3      639      638     2155
        3      612     2153     2154
        3     2152     2154     2153
        3      611     2157     2153
        3     2157     2155     2153
        3      635     2148     2151
        3      614     2149     2150
        3     2148     2150     2149
        3      635     2223     2219
        3      613     2154     2149
        3     4256     2226     2223
        3     2154     2151     2149
        3      634     2147     2148
        3      616     2145     2146
        3      634     2220     2221
        3     2146     2147      633
        3      615     2150     2145
        3     2150     2147     2145
        3      621     2142     2137
        3      620     2141     2142
        3      623     2138     2135
        3      622     2137     2138
        3      627     2136     2139
        3     2136     2135     2138
        3     2173      626      627
        3     2240     2173     2180
        3     2137     2139     2136
        3      627     2172     2173
        3     2173     2172     2178
        3      629     2140      630
        3     2142      629     2139
        3     2172      628      629
        3      629      630     2175
        3     2141     2143     2140
        3      631     2174     2175
        3      632     2146      633
        3     2174      632     2222
        3      618     2144      619
        3      633     2222      632
        3      638     2225     2226
        3      639     2228     2225
        3      640     2158     2160
        3      640     2160     2159
        3     2228      640     2227
        3      641     2227      640
        3      645     3117     3116
        3     2171     2169     2168
        3     2168     2169     2166
        3      644     3124     3117
        3      643     3123     3124
        3     2167     2168     2166
        3     2192     2193     2191
        3      649     2162     2192
        3     2190     2189     2188
        3      650     2191     2190
        3      651     2190     2188
        3     2188     2186     2187
        3     2187     2184     2196
        3      652     2188     2187
        3     2196     2236     2238
        3     2238     2235     2198
        3     2196     2238     2197
        3      655      654     2197
        3     2238     2198     2197
        3      656     2197     2198
        3     2235     2214     2239
        3     2198     2239     2199
        3     2075      452     2212
        3     2239     2211     2200
        3      657     2199     2200
        3      451     2212      452
        3     2201     2209     2202
        3      658     2200     2201
        3      659     2201     2202
        3     2202     2207     2203
        3     2205     2203     2207
        3      660     2202     2203
        3      661     2203     2204
        3      666     2987     2991
        3     2987     2985     2986
        3      667     2984     2985
        3      668     2982     2984
        3     2984     2983     3004
        3      669     2981     2982
        3      670     2978     2981
        3     2982     2981     2980
        3     2981     2979     2980
        3     2978     2977     2976
        3      672     2977      671
        3      673     3024     2977
        3     2978     2976     2975
        3     2976     2974     2975
        3      674     3026     3025
        3     2974     2970     2971
        3     3024     3025     2970
        3     2968     3113     3111
        3     3026     2969     2970
        3      675     3027     3026
        3      676     3029     3027
        3     3111      360     2968
        3     3027     3028     2966
        3      677     3030     3029
        3      678     3032     3030
        3     3029     3030     3033
        3     3031     3033     3030
        3      682     3275     3276
        3      683     2247     2246
        3     2247     2248     2245
        3      681     3881     3275
        3      682     2246     2243
        3     2245     2244     2243
        3      684     3269     3270
        3      685     2251     2250
        3     2251     2252     2249
        3      683     3276     3269
        3      684     2250     2247
        3     2247     2250     2249
        3      686     3263     3264
        3      687     2255     2254
        3     2255     2256     2253
        3      685     3270     3263
        3      686     2254     2251
        3     2251     2254     2253
        3      688     3257     3258
        3      689     2259     2258
        3     2259     2260     2257
        3      687     3264     3257
        3      688     2258     2255
        3     2255     2258     2257
        3      690     3251     3252
        3      691     2263     2262
        3     2263     2264     2261
        3      689     3258     3251
        3      690     2262     2259
        3     2259     2262     2261
        3      692     3245     3246
        3      693     2267     2266
        3     2267     2268     2265
        3      691     3252     3245
        3      692     2266     2263
        3     2263     2266     2265
        3      694     3239     3240
        3      695     2271     2270
        3     2271     2272     2269
        3      693     3246     3239
        3      694     2270     2267
        3     2267     2270     2269
        3      696     3233     3234
        3      697     2275     2274
        3     2275     2276     2273
        3      695     3240     3233
        3      696     2274     2271
        3     2271     2274     2273
        3      698     3227     3228
        3      699     2279     2278
        3     2279     2280     2277
        3      697     3234     3227
        3      698     2278     2275
        3     2275     2278     2277
        3      700     3221     3222
        3      701     2283     2282
        3     2283     2284     2281
        3      699     3228     3221
        3      700     2282     2279
        3     2279     2282     2281
        3      702     3215     3216
        3      703     2287     2286
        3     2287     2288     2285
        3      701     3222     3215
        3      702     2286     2283
        3     2283     2286     2285
        3      704     3209     3210
        3      705     2291     2290
        3     2291     2292     2289
        3      703     3216     3209
        3      704     2290     2287
        3     2287     2290     2289
        3      706     3203     3204
        3      707     2295     2294
        3     2295     2296     2293
        3      705     3210     3203
        3      706     2294     2291
        3     2291     2294     2293
        3      708     3197     3198
        3      709     2299     2298
        3     2299     2300     2297
        3      707     3204     3197
        3      708     2298     2295
        3     2295     2298     2297
        3      710     3191     3192
        3      711     2303     2302
        3     2303     2304     2301
        3      709     3198     3191
        3      710     2302     2299
        3     2299     2302     2301
        3      712     3185     3186
        3      713     2307     2306
        3     2307     2308     2305
        3      711     3192     3185
        3      712     2306     2303
        3     2303     2306     2305
        3      714     3179     3180
        3      715     2311     2310
        3     2311     2312     2309
        3      713     3186     3179
        3      714     2310     2307
        3     2307     2310     2309
        3      716     3173     3172
        3      717     2315     2314
        3     2315     2316     2313
        3      715     3180     3173
        3      716     2314     2311
        3     2311     2314     2313
        3      720      719     2905
        3      721     2906     2904
        3      720     2905     2906
        3      764     2952     2953
        3      763     2954     2952
        3      765      764     2953
        3      767     2951     2953
        3      772     2957     3031
        3      767      768     2951
        3      772      767      771
        3     2956      771      770
        3      766     2952     2954
        3      766      771      767
        3     3126     3120     3119
        3     3122     3119     3123
        3      776     3126     3122
        3      775     3122     3125
        3     3105     3104     3127
        3      777     3105     3127
        3      777     3127     3126
        3     3128     3129     3080
        3     3129     3101     3100
        3     3101     3106     3103
        3      781     3100     3101
        3     3101     3103     3102
        3     3081     3098     3097
        3     3099     3098     3081
        3     3129     3100     3099
        3      783     3097     3098
        3     3098     3099      782
        3      781     3099     3100
        3     3085     3097     3096
        3      784      785     3095
        3      783     3096     3097
        3     3061     3064     3062
        3     3064     3063     3062
        3     3063     3092     3094
        3      787      788     3062
        3      790     3060     3061
        3     3059     3040     3057
        3     3057     3056     3058
        3      794     3035     3059
        3      793     3059     3058
        3      798     4329     4326
        3      799     3135     3134
        3      797     4330     4329
        3     3134     3133      797
        3      800     4325     4322
        3      801     3137     3136
        3      799     4326     4325
        3      799      800     3136
        3      802     4321     4318
        3      803     3139     3138
        3      801     4322     4321
        3      801      802     3138
        3      804     4317     4314
        3      805     3141     3140
        3      803     4318     4317
        3      803      804     3140
        3      806     4313     4310
        3      807     3143     3142
        3      805     4314     4313
        3      805      806     3142
        3      808     4309     4306
        3      809     3145     3144
        3      807     4310     4309
        3      807      808     3144
        3      810     4305     4302
        3      811     3147     3146
        3      809     4306     4305
        3      809      810     3146
        3      812     4301     4298
        3      813     3149     3148
        3      811     4302     4301
        3      811      812     3148
        3      814     4297     4294
        3      815     3151     3150
        3      813     4298     4297
        3      813      814     3150
        3      816     4293     4290
        3      817     3153     3152
        3      815     4294     4293
        3      815      816     3152
        3      818     4289     4286
        3      819     3155     3154
        3      817     4290     4289
        3      817      818     3154
        3      820     4285     4282
        3      821     3157     3156
        3      819     4286     4285
        3      819      820     3156
        3      822     4281     4278
        3      823     3159     3158
        3      821     4282     4281
        3      821      822     3158
        3      824     4277     4274
        3      825     3161     3160
        3      823     4278     4277
        3      823      824     3160
        3      826     4273     4270
        3      827     3163     3162
        3      825     4274     4273
        3      825      826     3162
        3      828     4269     4266
        3      829     3165     3164
        3      827     4270     4269
        3      827      828     3164
        3      830     4265     4262
        3      831     3167     3166
        3      829     4266     4265
        3      829      830     3166
        3      832     4261     4258
        3      833     3169     3168
        3      831     4262     4261
        3      831      832     3168
        3      837      836     3956
        3      838     3963     3962
        3     3966     3977      841
        3      842     3977     3976
        3      443      444     3966
        3      846     3973     3972
        3     3972      449     3970
        3      448     2073      449
        3      847      846     3972
        3      848     3971     3985
        3      858     3993     3991
        3     3989     3990     3994
        3     3991     3992     3994
        3      860     4008     4007
        3      860     4009     4008
        3     4007     4008     4006
        3     4009     4012     4003
        3      862      863     4011
        3     4011      863     4013
        3      864     4015     4013
        3     4009     4011     4010
        3     4014     4083     4010
        3     4013     4015     4014
        3      864     4016     4015
        3      865     4018     4016
        3     4083     4014     4082
        3     4016     4019     4082
        3     4016     4017     4019
        3      867     4046     4048
        3      868     4044     4045
        3     4049     4042     4044
        3      870      871     4049
        3     4045     4044     4043
        3     4044     4041     4043
        3     4042     4049     4050
        3      872     4051     4050
        3      872     4055     4051
        3     4041     4052     4039
        3     4050     4051     4052
        3     4039     4052     4053
        3     4055     4054     4053
        3      873     4056     4055
        3     4060     4056      875
        3     4055     4056     4059
        3     4057     4059     4056
        3      880      879     4092
        3      884     4167     4168
        3     4091     4092      879
        3      883     4168     4169
        3      879      883      878
        3     1273     1275     1274
        3     1275      950      947
        3     1274     1658     1279
        3      947      946     1658
        3     1267     1269     1268
        3     1269      954      951
        3     1273     1270     1268
        3     1275     1268      951
        3     1261     1263     1262
        3     1263      958      955
        3     1267     1264     1262
        3     1269     1262      955
        3     1255     1257     1256
        3     1257      962      959
        3     1261     1258     1256
        3     1263     1256      959
        3     1249     1251     1250
        3     1251      966      963
        3     1255     1252     1250
        3     1257     1250      963
        3     1243     1245     1244
        3     1245      970      967
        3     1249     1246     1244
        3     1251     1244      967
        3     1237     1239     1238
        3     1239      974      971
        3     1243     1240     1238
        3     1245     1238      971
        3     1231     1233     1232
        3     1233      978      975
        3     1237     1234     1232
        3     1239     1232      975
        3     1225     1227     1226
        3     1227      982      979
        3     1231     1228     1226
        3     1233     1226      979
        3     1219     1221     1220
        3     1221      986      983
        3     1225     1222     1220
        3     1227     1220      983
        3     1213     1215     1214
        3     1215      990      987
        3     1219     1216     1214
        3     1221     1214      987
        3     1207     1209     1208
        3     1209      994      991
        3     1213     1210     1208
        3     1215     1208      991
        3     1201     1203     1202
        3     1203      998      995
        3     1207     1204     1202
        3     1209     1202      995
        3     1195     1197     1196
        3     1197     1002      999
        3     1201     1198     1196
        3     1203     1196      999
        3     1189     1191     1190
        3     1191     1006     1003
        3     1195     1192     1190
        3     1197     1190     1003
        3     1183     1185     1184
        3     1185     1010     1007
        3     1189     1186     1184
        3     1191     1184     1007
        3     1178     1176     1179
        3     1176     1014     1011
        3     1183     1180     1179
        3     1185     1179     1011
        3     1175     1659     1177
        3     1659     1018     1015
        3     1178     1174     1177
        3     1176     1177     1015
        3     1283     1282     1281
        3     1282     1271     1278
        3     1276     1278     1271
        3     1281     1280     1578
        3     1278     1277     1280
        3     1279     1277     1278
        3     1287     1286     1285
        3     1286     1265     1272
        3     1270     1272     1265
        3     1283     1284     1285
        3     1282     1285     1272
        3     1273     1271     1272
        3     1291     1290     1289
        3     1290     1259     1266
        3     1264     1266     1259
        3     1287     1288     1289
        3     1286     1289     1266
        3     1267     1265     1266
        3     1295     1294     1293
        3     1294     1253     1260
        3     1258     1260     1253
        3     1291     1292     1293
        3     1290     1293     1260
        3     1261     1259     1260
        3     1299     1298     1297
        3     1298     1247     1254
        3     1252     1254     1247
        3     1295     1296     1297
        3     1294     1297     1254
        3     1255     1253     1254
        3     1303     1302     1301
        3     1302     1241     1248
        3     1246     1248     1241
        3     1299     1300     1301
        3     1298     1301     1248
        3     1249     1247     1248
        3     1307     1306     1305
        3     1306     1235     1242
        3     1240     1242     1235
        3     1303     1304     1305
        3     1302     1305     1242
        3     1243     1241     1242
        3     1311     1310     1309
        3     1310     1229     1236
        3     1234     1236     1229
        3     1307     1308     1309
        3     1306     1309     1236
        3     1237     1235     1236
        3     1315     1314     1313
        3     1314     1223     1230
        3     1228     1230     1223
        3     1311     1312     1313
        3     1310     1313     1230
        3     1231     1229     1230
        3     1319     1318     1317
        3     1318     1217     1224
        3     1222     1224     1217
        3     1315     1316     1317
        3     1314     1317     1224
        3     1225     1223     1224
        3     1323     1322     1321
        3     1322     1211     1218
        3     1216     1218     1211
        3     1319     1320     1321
        3     1318     1321     1218
        3     1219     1217     1218
        3     1327     1326     1325
        3     1326     1205     1212
        3     1210     1212     1205
        3     1323     1324     1325
        3     1322     1325     1212
        3     1213     1211     1212
        3     1331     1330     1329
        3     1330     1199     1206
        3     1204     1206     1199
        3     1327     1328     1329
        3     1326     1329     1206
        3     1207     1205     1206
        3     1335     1334     1333
        3     1334     1193     1200
        3     1198     1200     1193
        3     1331     1332     1333
        3     1330     1333     1200
        3     1201     1199     1200
        3     1339     1338     1337
        3     1338     1187     1194
        3     1192     1194     1187
        3     1335     1336     1337
        3     1334     1337     1194
        3     1195     1193     1194
        3     1343     1342     1341
        3     1342     1181     1188
        3     1186     1188     1181
        3     1339     1340     1341
        3     1338     1341     1188
        3     1189     1187     1188
        3     1166     1172     1344
        3     1172     1170     1182
        3     1180     1182     1170
        3     1343     1345     1344
        3     1342     1344     1182
        3     1183     1181     1182
        3     1169     1167     1164
        3     1169     1173     1171
        3     1174     1171     1173
        3     1166     1167     1168
        3     1172     1168     1171
        3     1178     1170     1171
        3     1576     1587     1592
        3     1574     1575     1577
        3     1575     1283     1579
        3     1576     1651     1586
        3     1577     1580     1651
        3     1579     1578     1580
        3     1572     1593     1595
        3     1570     1571     1573
        3     1571     1287     1284
        3     1592     1593     1572
        3     1574     1572     1573
        3     1575     1573     1284
        3     1568     1597     1599
        3     1566     1567     1569
        3     1567     1291     1288
        3     1595     1597     1568
        3     1570     1568     1569
        3     1571     1569     1288
        3     1564     1601     1603
        3     1562     1563     1565
        3     1563     1295     1292
        3     1599     1601     1564
        3     1566     1564     1565
        3     1567     1565     1292
        3     1560     1605     1607
        3     1558     1559     1561
        3     1559     1299     1296
        3     1603     1605     1560
        3     1562     1560     1561
        3     1563     1561     1296
        3     1556     1609     1611
        3     1554     1555     1557
        3     1555     1303     1300
        3     1607     1609     1556
        3     1558     1556     1557
        3     1559     1557     1300
        3     1552     1613     1615
        3     1550     1551     1553
        3     1551     1307     1304
        3     1611     1613     1552
        3     1554     1552     1553
        3     1555     1553     1304
        3     1548     1617     1619
        3     1546     1547     1549
        3     1547     1311     1308
        3     1615     1617     1548
        3     1550     1548     1549
        3     1551     1549     1308
        3     1544     1621     1623
        3     1542     1543     1545
        3     1543     1315     1312
        3     1619     1621     1544
        3     1546     1544     1545
        3     1547     1545     1312
        3     1540     1625     1627
        3     1538     1539     1541
        3     1539     1319     1316
        3     1623     1625     1540
        3     1542     1540     1541
        3     1543     1541     1316
        3     1536     1629     1631
        3     1534     1535     1537
        3     1535     1323     1320
        3     1627     1629     1536
        3     1538     1536     1537
        3     1539     1537     1320
        3     1532     1633     1635
        3     1530     1531     1533
        3     1531     1327     1324
        3     1631     1633     1532
        3     1534     1532     1533
        3     1535     1533     1324
        3     1528     1637     1639
        3     1526     1527     1529
        3     1527     1331     1328
        3     1635     1637     1528
        3     1530     1528     1529
        3     1531     1529     1328
        3     1524     1641     1643
        3     1522     1523     1525
        3     1523     1335     1332
        3     1639     1641     1524
        3     1526     1524     1525
        3     1527     1525     1332
        3     1519     1645     1515
        3     1517     1521     1520
        3     1521     1339     1336
        3     1643     1645     1519
        3     1522     1519     1520
        3     1523     1520     1336
        3     1518     1516     1351
        3     1348     1347     1346
        3     1347     1343     1340
        3     1515     1516     1518
        3     1517     1518     1346
        3     1521     1346     1340
        3     1349     1352     1155
        3     1161     1162     1350
        3     1162     1166     1345
        3     1351     1352     1349
        3     1348     1349     1350
        3     1347     1350     1345
        3     1158     1156     1160
        3     1159     1165     1163
        3     1164     1163     1165
        3     1155     1156     1158
        3     1161     1158     1163
        3     1162     1163     1167
        3     1590     1591     1588
        3     1587     1588     1591
        3     1586     1585     1588
        3     1457     1596     1594
        3     1593     1594     1596
        3     1590     1456     1594
        3     1592     1591     1594
        3     1461     1600     1598
        3     1597     1598     1600
        3     1457     1459     1598
        3     1595     1596     1598
        3     1465     1604     1602
        3     1601     1602     1604
        3     1461     1463     1602
        3     1599     1600     1602
        3     1469     1608     1606
        3     1605     1606     1608
        3     1465     1467     1606
        3     1603     1604     1606
        3     1473     1612     1610
        3     1609     1610     1612
        3     1469     1471     1610
        3     1607     1608     1610
        3     1477     1616     1614
        3     1613     1614     1616
        3     1473     1475     1614
        3     1611     1612     1614
        3     1481     1620     1618
        3     1617     1618     1620
        3     1477     1479     1618
        3     1615     1616     1618
        3     1485     1624     1622
        3     1621     1622     1624
        3     1481     1483     1622
        3     1619     1620     1622
        3     1489     1628     1626
        3     1625     1626     1628
        3     1485     1487     1626
        3     1623     1624     1626
        3     1493     1632     1630
        3     1629     1630     1632
        3     1489     1491     1630
        3     1627     1628     1630
        3     1497     1636     1634
        3     1633     1634     1636
        3     1493     1495     1634
        3     1631     1632     1634
        3     1501     1640     1638
        3     1637     1638     1640
        3     1497     1499     1638
        3     1635     1636     1638
        3     1505     1644     1642
        3     1641     1642     1644
        3     1501     1503     1642
        3     1639     1640     1642
        3     1509     1513     1646
        3     1645     1646     1513
        3     1505     1507     1646
        3     1643     1644     1646
        3     1355     1353     1514
        3     1516     1514     1353
        3     1509     1511     1514
        3     1515     1513     1514
        3     1150     1157     1354
        3     1352     1354     1157
        3     1355     1356     1354
        3     1351     1353     1354
        3     1156     1153     1154
        3     1150     1151     1153
        3     1155     1157     1153
        3     1589     1648     1454
        3     1585     1647     1648
        3     1456     1455     1458
        3     1590     1454     1455
        3     1459     1460     1462
        3     1457     1458     1460
        3     1463     1464     1466
        3     1461     1462     1464
        3     1467     1468     1470
        3     1465     1466     1468
        3     1471     1472     1474
        3     1469     1470     1472
        3     1475     1476     1478
        3     1473     1474     1476
        3     1479     1480     1482
        3     1477     1478     1480
        3     1483     1484     1486
        3     1481     1482     1484
        3     1487     1488     1490
        3     1485     1486     1488
        3     1491     1492     1494
        3     1489     1490     1492
        3     1495     1496     1498
        3     1493     1494     1496
        3     1499     1500     1502
        3     1497     1498     1500
        3     1503     1504     1506
        3     1501     1502     1504
        3     1507     1508     1510
        3     1505     1506     1508
        3     1511     1512     1357
        3     1509     1510     1512
        3     1356     1358     1152
        3     1355     1357     1358
        3     1151     1148     1149
        3     1150     1152     1148
        3     4215     4160     4150
        3     4150     4149     4147
        3     4148     4147     4149
        3     4147       93     4145
        3     4148     4146     4147
        3     1654     1453     1065
        3     1453     1451     1653
        3     1648     1653     1451
        3     2224     1064     1066
        3     1653     1063     1064
        3     1647     1063     1653
        3     1450     1447     1448
        3     1447     1445     1452
        3     1455     1452     1445
        3     1654     1449     1448
        3     1453     1448     1452
        3     1454     1451     1452
        3     1444     1441     1442
        3     1441     1439     1446
        3     1460     1446     1439
        3     1450     1443     1442
        3     1447     1442     1446
        3     1458     1445     1446
        3     1438     1435     1436
        3     1435     1433     1440
        3     1464     1440     1433
        3     1444     1437     1436
        3     1441     1436     1440
        3     1462     1439     1440
        3     1432     1429     1430
        3     1429     1427     1434
        3     1468     1434     1427
        3     1438     1431     1430
        3     1435     1430     1434
        3     1466     1433     1434
        3     1426     1423     1424
        3     1423     1421     1428
        3     1472     1428     1421
        3     1432     1425     1424
        3     1429     1424     1428
        3     1470     1427     1428
        3     1420     1417     1418
        3     1417     1415     1422
        3     1476     1422     1415
        3     1426     1419     1418
        3     1423     1418     1422
        3     1474     1421     1422
        3     1414     1411     1412
        3     1411     1409     1416
        3     1480     1416     1409
        3     1420     1413     1412
        3     1417     1412     1416
        3     1478     1415     1416
        3     1408     1405     1406
        3     1405     1403     1410
        3     1484     1410     1403
        3     1414     1407     1406
        3     1411     1406     1410
        3     1482     1409     1410
        3     1402     1399     1400
        3     1399     1397     1404
        3     1488     1404     1397
        3     1408     1401     1400
        3     1405     1400     1404
        3     1486     1403     1404
        3     1396     1393     1394
        3     1393     1391     1398
        3     1492     1398     1391
        3     1402     1395     1394
        3     1399     1394     1398
        3     1490     1397     1398
        3     1390     1387     1388
        3     1387     1385     1392
        3     1496     1392     1385
        3     1396     1389     1388
        3     1393     1388     1392
        3     1494     1391     1392
        3     1384     1381     1382
        3     1381     1379     1386
        3     1500     1386     1379
        3     1390     1383     1382
        3     1387     1382     1386
        3     1498     1385     1386
        3     1378     1375     1376
        3     1375     1373     1380
        3     1504     1380     1373
        3     1384     1377     1376
        3     1381     1376     1380
        3     1502     1379     1380
        3     1372     1369     1370
        3     1369     1367     1374
        3     1508     1374     1367
        3     1378     1371     1370
        3     1375     1370     1374
        3     1506     1373     1374
        3     1363     1361     1365
        3     1361     1359     1368
        3     1512     1368     1359
        3     1372     1366     1365
        3     1369     1365     1368
        3     1510     1367     1368
        3     1140     1146     1362
        3     1146     1144     1360
        3     1358     1360     1144
        3     1363     1364     1362
        3     1361     1362     1360
        3     1357     1359     1360
        3     1143     1141     1137
        3     1143     1147     1145
        3     1148     1145     1147
        3     1140     1141     1142
        3     1146     1142     1145
        3     1152     1144     1145
        3     1056     1070     1661
        3     1070     1069     1068
        3     1069     1654     1067
        3     1057     1661     1660
        3     1068     1662     1660
        3     1067     1066     1662
        3     1054     1074     1071
        3     1074     1073     1072
        3     1073     1450     1449
        3     1055     1071     1070
        3     1070     1071     1072
        3     1069     1072     1449
        3     1052     1078     1075
        3     1078     1077     1076
        3     1077     1444     1443
        3     1053     1075     1074
        3     1074     1075     1076
        3     1073     1076     1443
        3     1050     1082     1079
        3     1082     1081     1080
        3     1081     1438     1437
        3     1051     1079     1078
        3     1078     1079     1080
        3     1077     1080     1437
        3     1048     1086     1083
        3     1086     1085     1084
        3     1085     1432     1431
        3     1049     1083     1082
        3     1082     1083     1084
        3     1081     1084     1431
        3     1046     1090     1087
        3     1090     1089     1088
        3     1089     1426     1425
        3     1047     1087     1086
        3     1086     1087     1088
        3     1085     1088     1425
        3     1044     1094     1091
        3     1094     1093     1092
        3     1093     1420     1419
        3     1045     1091     1090
        3     1090     1091     1092
        3     1089     1092     1419
        3     1042     1098     1095
        3     1098     1097     1096
        3     1097     1414     1413
        3     1043     1095     1094
        3     1094     1095     1096
        3     1093     1096     1413
        3     1040     1102     1099
        3     1102     1101     1100
        3     1101     1408     1407
        3     1041     1099     1098
        3     1098     1099     1100
        3     1097     1100     1407
        3     1038     1106     1103
        3     1106     1105     1104
        3     1105     1402     1401
        3     1039     1103     1102
        3     1102     1103     1104
        3     1101     1104     1401
        3     1036     1110     1107
        3     1110     1109     1108
        3     1109     1396     1395
        3     1037     1107     1106
        3     1106     1107     1108
        3     1105     1108     1395
        3     1034     1114     1111
        3     1114     1113     1112
        3     1113     1390     1389
        3     1035     1111     1110
        3     1110     1111     1112
        3     1109     1112     1389
        3     1032     1118     1115
        3     1118     1117     1116
        3     1117     1384     1383
        3     1033     1115     1114
        3     1114     1115     1116
        3     1113     1116     1383
        3     1030     1122     1119
        3     1122     1121     1120
        3     1121     1378     1377
        3     1031     1119     1118
        3     1118     1119     1120
        3     1117     1120     1377
        3     1028     1126     1123
        3     1126     1125     1124
        3     1125     1372     1371
        3     1029     1123     1122
        3     1122     1123     1124
        3     1121     1124     1371
        3     1026     1130     1127
        3     1130     1129     1128
        3     1129     1363     1366
        3     1027     1127     1126
        3     1126     1127     1128
        3     1125     1128     1366
        3     1024     1134     1131
        3     1134     1133     1132
        3     1133     1140     1364
        3     1025     1131     1130
        3     1130     1131     1132
        3     1129     1132     1364
        3     1022     1139     1135
        3     1139     1138     1136
        3     1137     1136     1138
        3     1023     1135     1134
        3     1134     1135     1136
        3     1133     1136     1141
        3      145     1718     1719
        3     1718     1731     1719
        3     1741     1739     1740
        3     1713     1710     1741
        3     1739     1741     1742
        3     1708     1707     1742
        3     1733     1740     1739
        3     1738     1739     1742
        3     1743     1742     1707
        3     1731     1732     1727
        3     1716     1734     1732
        3     1736     1728     1727
        3     1735     1732     1734
        3     1726     1725     1724
        3     1730     1727     1725
        3     1692     1752     1694
        3     1702     1701     1704
        3     1699     1698     1701
        3     1704     1701     1703
        3     1723     1724     1745
        3     1744     1745     1724
        3     1752     1748     1747
        3     1746     1750     1747
        3     1756      211     1703
        3      211      210     1777
        3      261     1809     1808
        3     1810      282     1808
        3      283     3986      282
        3     1808      282     1811
        3     1887     1890     1889
        3     1890     1891     1889
        3     1855     1858     1857
        3     1893     1906     1905
        3     1907     1908     1906
        3     1905     1906     1903
        3     1902     1903     1906
        3     1886     1888     1884
        3     1891     1905     1888
        3     1883     1884     1888
        3     1904     1905     1903
        3     1863     1912     1865
        3     1865     1912     1913
        3     1862     1861     1915
        3     1866     1870     1915
        3     1864     1865     1866
        3     1866     1868     1869
        3     1865     1868     1866
        3     1851     1854     1852
        3     1856     1852     1854
        3     1849     1851     1852
        3     1849     1852     1856
        3     1827     1826     1836
        3     1831     1835     1836
        3     1829     1830     1831
        3     1831     1833     1834
        3     1831     1916     1833
        3     1824     1839     1821
        3     1837     1824     1836
        3     1836     1835     1837
        3     1839     1837     1838
        3     1834     1837     1835
        3     1842     1834     1921
        3     1916     1921     1833
        3      318     1840     1842
        3      345     1951     1938
        3      345      344     1951
        3      380      381     1960
        3      385     1980     1963
        3      385      386     1980
        3     2087     2088     2081
        3     2088     2080     2081
        3      477     2049     2023
        3     2022     2021     2023
        3     2049     2026     2022
        3     2059     2041     2043
        3     2059     2060     2041
        3     2043     2041     2040
        3     2060     2040     2041
        3     2016     2018     2017
        3     2020     2108     2017
        3     2019     2021     2020
        3     2017     2107     2106
        3     2108     2020     2029
        3     2028     2029     2020
        3     2025     2027     2028
        3     2107     2108     2029
        3     2030     2029     2028
        3     2032     2028     2027
        3     2053     2046     2052
        3     2050     2051     2052
        3     2045     2042     2050
        3     2052     2055     2054
        3     2051     2050     2057
        3     2040     2039     2057
        3     2040     2038     2039
        3     2055     2051     2057
        3     2057     2039     2056
        3     2033     2058     2056
        3     2056     2039     2038
        3     2067     2069     2036
        3     2067     2068     2069
        3     2036     2069     2035
        3     2068     2072     2074
        3     2080     2078     2079
        3     2090     2076     2078
        3     2075     2079     2078
        3     2091     2098     2076
        3     2095     2099     2096
        3     2100     2101     2098
        3     2085     2071     2068
        3     2086     2082     2085
        3     2071     2085     2103
        3     2080     2079     2103
        3     2070     2068     2071
        3     2070     2071     2103
        3     2079     2102     2103
        3     2101     2077     2076
        3      437     2107      438
        3      437      438     3957
        3      443     2055      444
        3     2170     2240     2169
        3     2169     2179     2166
        3     2178     2177     2179
        3     2165     2179     2164
        3     2177     2195     2164
        3     2175     2176     2177
        3     2174     2182     2176
        3     2176     2181     2194
        3     2222     2234     2183
        3     2181     2182     2183
        3     2234     2237     2185
        3     2237     2218     2217
        3     2184     2185     2237
        3     2236     2237     2217
        3     2225     2233     2213
        3     2228     2232     2233
        3     2233     2208     2210
        3     2209     2210     2208
        3     2227     2231     2232
        3     2229     2231     2227
        3     2232     2231     2206
        3     2207     2208     2206
        3     2230     2206     2231
        3     2205     2207     2206
        3     2186     2183     2185
        3     2217     2216     2215
        3     2226     2215     2216
        3     2235     2217     2215
        3     2214     2215     2213
        3     2163     2164     2192
        3     2193     2164     2195
        3     2461     2458     2459
        3     2458     2456     2463
        3     2459     2464     2888
        3     2463     2462     2464
        3     2455     2452     2453
        3     2452     2450     2457
        3     2461     2454     2453
        3     2458     2453     2457
        3     2449     2446     2447
        3     2446     2444     2451
        3     2455     2448     2447
        3     2452     2447     2451
        3     2443     2440     2441
        3     2440     2438     2445
        3     2449     2442     2441
        3     2446     2441     2445
        3     2437     2434     2435
        3     2434     2432     2439
        3     2443     2436     2435
        3     2440     2435     2439
        3     2431     2428     2429
        3     2428     2426     2433
        3     2437     2430     2429
        3     2434     2429     2433
        3     2425     2422     2423
        3     2422     2420     2427
        3     2431     2424     2423
        3     2428     2423     2427
        3     2419     2416     2417
        3     2416     2414     2421
        3     2425     2418     2417
        3     2422     2417     2421
        3     2413     2410     2411
        3     2410     2408     2415
        3     2419     2412     2411
        3     2416     2411     2415
        3     2407     2404     2405
        3     2404     2402     2409
        3     2413     2406     2405
        3     2410     2405     2409
        3     2401     2398     2399
        3     2398     2396     2403
        3     2407     2400     2399
        3     2404     2399     2403
        3     2395     2392     2393
        3     2392     2390     2397
        3     2401     2394     2393
        3     2398     2393     2397
        3     2389     2386     2387
        3     2386     2384     2391
        3     2395     2388     2387
        3     2392     2387     2391
        3     2383     2380     2381
        3     2380     2378     2385
        3     2389     2382     2381
        3     2386     2381     2385
        3     2377     2374     2375
        3     2374     2372     2379
        3     2383     2376     2375
        3     2380     2375     2379
        3     2371     2368     2369
        3     2368     2366     2373
        3     2377     2370     2369
        3     2374     2369     2373
        3     2363     2358     2364
        3     2358     2357     2367
        3     2371     2365     2364
        3     2368     2364     2367
        3     2362     2360     2359
        3     2360     2356     2355
        3     2363     2361     2359
        3     2358     2359     2355
        3     2456     2476     2475
        3     2476     2474     2473
        3     2463     2475     2887
        3     2473     2472     2887
        3     2450     2480     2478
        3     2480     2479     2477
        3     2457     2478     2476
        3     2476     2478     2477
        3     2444     2484     2482
        3     2484     2483     2481
        3     2451     2482     2480
        3     2480     2482     2481
        3     2438     2488     2486
        3     2488     2487     2485
        3     2445     2486     2484
        3     2484     2486     2485
        3     2432     2492     2490
        3     2492     2491     2489
        3     2439     2490     2488
        3     2488     2490     2489
        3     2426     2496     2494
        3     2496     2495     2493
        3     2433     2494     2492
        3     2492     2494     2493
        3     2420     2500     2498
        3     2500     2499     2497
        3     2427     2498     2496
        3     2496     2498     2497
        3     2414     2504     2502
        3     2504     2503     2501
        3     2421     2502     2500
        3     2500     2502     2501
        3     2408     2508     2506
        3     2508     2507     2505
        3     2415     2506     2504
        3     2504     2506     2505
        3     2402     2512     2510
        3     2512     2511     2509
        3     2409     2510     2508
        3     2508     2510     2509
        3     2396     2516     2514
        3     2516     2515     2513
        3     2403     2514     2512
        3     2512     2514     2513
        3     2390     2520     2518
        3     2520     2519     2517
        3     2397     2518     2516
        3     2516     2518     2517
        3     2384     2524     2522
        3     2524     2523     2521
        3     2391     2522     2520
        3     2520     2522     2521
        3     2378     2528     2526
        3     2528     2527     2525
        3     2385     2526     2524
        3     2524     2526     2525
        3     2372     2532     2530
        3     2532     2531     2529
        3     2379     2530     2528
        3     2528     2530     2529
        3     2366     2536     2534
        3     2536     2535     2533
        3     2373     2534     2532
        3     2532     2534     2533
        3     2357     2352     2538
        3     2352     2351     2537
        3     2367     2538     2536
        3     2536     2538     2537
        3     2356     2354     2353
        3     2354     2350     2349
        3     2355     2353     2352
        3     2352     2353     2349
        3     2474     2851     2471
        3     2850     2471     2851
        3     2473     2471     2470
        3     2853     2856     2470
        3     2479     2880     2852
        3     2815     2852     2880
        3     2477     2852     2851
        3     2852     2850     2851
        3     2483     2812     2814
        3     2811     2814     2812
        3     2481     2814     2880
        3     2814     2815     2880
        3     2487     2881     2813
        3     2776     2813     2881
        3     2485     2813     2812
        3     2813     2811     2812
        3     2491     2773     2775
        3     2772     2775     2773
        3     2489     2775     2881
        3     2775     2776     2881
        3     2495     2882     2774
        3     2737     2774     2882
        3     2493     2774     2773
        3     2774     2772     2773
        3     2499     2734     2736
        3     2733     2736     2734
        3     2497     2736     2882
        3     2736     2737     2882
        3     2503     2883     2735
        3     2698     2735     2883
        3     2501     2735     2734
        3     2735     2733     2734
        3     2507     2695     2697
        3     2694     2697     2695
        3     2505     2697     2883
        3     2697     2698     2883
        3     2511     2884     2696
        3     2659     2696     2884
        3     2509     2696     2695
        3     2696     2694     2695
        3     2515     2656     2658
        3     2655     2658     2656
        3     2513     2658     2884
        3     2658     2659     2884
        3     2519     2885     2657
        3     2620     2657     2885
        3     2517     2657     2656
        3     2657     2655     2656
        3     2523     2617     2619
        3     2616     2619     2617
        3     2521     2619     2885
        3     2619     2620     2885
        3     2527     2886     2618
        3     2581     2618     2886
        3     2525     2618     2617
        3     2618     2616     2617
        3     2531     2578     2580
        3     2577     2580     2578
        3     2529     2580     2886
        3     2580     2581     2886
        3     2535     2539     2579
        3     2541     2579     2539
        3     2533     2579     2578
        3     2579     2577     2578
        3     2351     2346     2540
        3     2345     2540     2346
        3     2537     2540     2539
        3     2540     2541     2539
        3     2350     2348     2347
        3     2344     2347     2348
        3     2349     2347     2346
        3     2347     2345     2346
        3     2847     2853     2850
        3     2847     2845     2858
        3     2853     2855     2854
        3     2858     2857     2854
        3     2817     2849     2815
        3     2817     2819     2846
        3     2849     2848     2847
        3     2847     2848     2846
        3     2808     2816     2811
        3     2808     2806     2820
        3     2816     2818     2817
        3     2817     2818     2820
        3     2778     2810     2776
        3     2778     2780     2807
        3     2810     2809     2808
        3     2808     2809     2807
        3     2769     2777     2772
        3     2769     2767     2781
        3     2777     2779     2778
        3     2778     2779     2781
        3     2739     2771     2737
        3     2739     2741     2768
        3     2771     2770     2769
        3     2769     2770     2768
        3     2730     2738     2733
        3     2730     2728     2742
        3     2738     2740     2739
        3     2739     2740     2742
        3     2700     2732     2698
        3     2700     2702     2729
        3     2732     2731     2730
        3     2730     2731     2729
        3     2691     2699     2694
        3     2691     2689     2703
        3     2699     2701     2700
        3     2700     2701     2703
        3     2661     2693     2659
        3     2661     2663     2690
        3     2693     2692     2691
        3     2691     2692     2690
        3     2652     2660     2655
        3     2652     2650     2664
        3     2660     2662     2661
        3     2661     2662     2664
        3     2622     2654     2620
        3     2622     2624     2651
        3     2654     2653     2652
        3     2652     2653     2651
        3     2613     2621     2616
        3     2613     2611     2625
        3     2621     2623     2622
        3     2622     2623     2625
        3     2583     2615     2581
        3     2583     2585     2612
        3     2615     2614     2613
        3     2613     2614     2612
        3     2574     2582     2577
        3     2574     2572     2586
        3     2582     2584     2583
        3     2583     2584     2586
        3     2543     2576     2541
        3     2543     2545     2573
        3     2576     2575     2574
        3     2574     2575     2573
        3     2342     2542     2345
        3     2342     2337     2546
        3     2542     2544     2543
        3     2543     2544     2546
        3     2341     2343     2344
        3     2341     2339     2338
        3     2343     2340     2342
        3     2342     2340     2338
        3     2845     2843     2860
        3     2843     2841     2862
        3     2858     2860     2859
        3     2862     2861     2859
        3     2819     2821     2844
        3     2821     2823     2842
        3     2846     2844     2843
        3     2843     2844     2842
        3     2806     2804     2822
        3     2804     2802     2824
        3     2820     2822     2821
        3     2821     2822     2824
        3     2780     2782     2805
        3     2782     2784     2803
        3     2807     2805     2804
        3     2804     2805     2803
        3     2767     2765     2783
        3     2765     2763     2785
        3     2781     2783     2782
        3     2782     2783     2785
        3     2741     2743     2766
        3     2743     2745     2764
        3     2768     2766     2765
        3     2765     2766     2764
        3     2728     2726     2744
        3     2726     2724     2746
        3     2742     2744     2743
        3     2743     2744     2746
        3     2702     2704     2727
        3     2704     2706     2725
        3     2729     2727     2726
        3     2726     2727     2725
        3     2689     2687     2705
        3     2687     2685     2707
        3     2703     2705     2704
        3     2704     2705     2707
        3     2663     2665     2688
        3     2665     2667     2686
        3     2690     2688     2687
        3     2687     2688     2686
        3     2650     2648     2666
        3     2648     2646     2668
        3     2664     2666     2665
        3     2665     2666     2668
        3     2624     2626     2649
        3     2626     2628     2647
        3     2651     2649     2648
        3     2648     2649     2647
        3     2611     2609     2627
        3     2609     2607     2629
        3     2625     2627     2626
        3     2626     2627     2629
        3     2585     2587     2610
        3     2587     2589     2608
        3     2612     2610     2609
        3     2609     2610     2608
        3     2572     2570     2588
        3     2570     2568     2590
        3     2586     2588     2587
        3     2587     2588     2590
        3     2545     2547     2571
        3     2547     2549     2569
        3     2573     2571     2570
        3     2570     2571     2569
        3     2337     2336     2548
        3     2336     2331     2550
        3     2546     2548     2547
        3     2547     2548     2550
        3     2339     2335     2334
        3     2335     2333     2332
        3     2338     2334     2336
        3     2336     2334     2332
        3     2841     2839     2864
        3     2839     2837     2866
        3     2862     2864     2863
        3     2866     2865     2863
        3     2823     2825     2840
        3     2825     2827     2838
        3     2842     2840     2839
        3     2839     2840     2838
        3     2802     2800     2826
        3     2800     2798     2828
        3     2824     2826     2825
        3     2825     2826     2828
        3     2784     2786     2801
        3     2786     2788     2799
        3     2803     2801     2800
        3     2800     2801     2799
        3     2763     2761     2787
        3     2761     2759     2789
        3     2785     2787     2786
        3     2786     2787     2789
        3     2745     2747     2762
        3     2747     2749     2760
        3     2764     2762     2761
        3     2761     2762     2760
        3     2724     2722     2748
        3     2722     2720     2750
        3     2746     2748     2747
        3     2747     2748     2750
        3     2706     2708     2723
        3     2708     2710     2721
        3     2725     2723     2722
        3     2722     2723     2721
        3     2685     2683     2709
        3     2683     2681     2711
        3     2707     2709     2708
        3     2708     2709     2711
        3     2667     2669     2684
        3     2669     2671     2682
        3     2686     2684     2683
        3     2683     2684     2682
        3     2646     2644     2670
        3     2644     2642     2672
        3     2668     2670     2669
        3     2669     2670     2672
        3     2628     2630     2645
        3     2630     2632     2643
        3     2647     2645     2644
        3     2644     2645     2643
        3     2607     2605     2631
        3     2605     2603     2633
        3     2629     2631     2630
        3     2630     2631     2633
        3     2589     2591     2606
        3     2591     2593     2604
        3     2608     2606     2605
        3     2605     2606     2604
        3     2568     2566     2592
        3     2566     2564     2594
        3     2590     2592     2591
        3     2591     2592     2594
        3     2549     2551     2567
        3     2551     2553     2565
        3     2569     2567     2566
        3     2566     2567     2565
        3     2331     2330     2552
        3     2330     2325     2554
        3     2550     2552     2551
        3     2551     2552     2554
        3     2333     2329     2328
        3     2329     2327     2326
        3     2332     2328     2330
        3     2330     2328     2326
        3     2837     2835     2868
        3     2870     2868     2835
        3     2866     2868     2867
        3     2869     2867     2868
        3     2827     2829     2836
        3     2833     2836     2829
        3     2838     2836     2835
        3     2834     2835     2836
        3     2798     2796     2830
        3     2832     2830     2796
        3     2828     2830     2829
        3     2831     2829     2830
        3     2788     2790     2797
        3     2794     2797     2790
        3     2799     2797     2796
        3     2795     2796     2797
        3     2759     2757     2791
        3     2793     2791     2757
        3     2789     2791     2790
        3     2792     2790     2791
        3     2749     2751     2758
        3     2755     2758     2751
        3     2760     2758     2757
        3     2756     2757     2758
        3     2720     2718     2752
        3     2754     2752     2718
        3     2750     2752     2751
        3     2753     2751     2752
        3     2710     2712     2719
        3     2716     2719     2712
        3     2721     2719     2718
        3     2717     2718     2719
        3     2681     2679     2713
        3     2715     2713     2679
        3     2711     2713     2712
        3     2714     2712     2713
        3     2671     2673     2680
        3     2677     2680     2673
        3     2682     2680     2679
        3     2678     2679     2680
        3     2642     2640     2674
        3     2676     2674     2640
        3     2672     2674     2673
        3     2675     2673     2674
        3     2632     2634     2641
        3     2638     2641     2634
        3     2643     2641     2640
        3     2639     2640     2641
        3     2603     2601     2635
        3     2637     2635     2601
        3     2633     2635     2634
        3     2636     2634     2635
        3     2593     2595     2602
        3     2599     2602     2595
        3     2604     2602     2601
        3     2600     2601     2602
        3     2564     2562     2596
        3     2598     2596     2562
        3     2594     2596     2595
        3     2597     2595     2596
        3     2553     2555     2563
        3     2560     2563     2555
        3     2565     2563     2562
        3     2561     2562     2563
        3     2325     2324     2556
        3     2558     2556     2324
        3     2554     2556     2555
        3     2557     2555     2556
        3     2327     2323     2322
        3     2321     2322     2323
        3     2326     2322     2324
        3     2559     2324     2322
        3     2990     2987     2988
        3     2989     2988     3001
        3     2988     3003     3001
        3     2997     2994     2999
        3     3001     3000     2999
        3     3002     3001     3003
        3     3005     3010     3008
        3     3009     3003     3005
        3     3007     3005     3008
        3     2980     3016     3011
        3     3016     3012     3011
        3     2979     3015     3016
        3     2975     2973     3015
        3     3012     3015     3017
        3     2974     2972     2973
        3     2971     2967     2972
        3     2973     2972     3021
        3     2972     3034     3021
        3     2960     2959     2962
        3     3033     2960     2961
        3     2957     2959     2960
        3     3031     2957     2960
        3     2958     2962     2959
        3     2956     2959     2957
        3     2967     2966     2965
        3     2961     2965     2966
        3     3028     2961     2966
        3     2964     2967     2965
        3     2963     2965     2962
        3     3008     3010     3011
        3     3014     3011     3012
        3      373      374     1956
        3     3043     3044     3045
        3     3044     3041     3039
        3     3043     3042     3041
        3     3039     3040     3038
        3     3041     3042     3053
        3     3056     3057     3053
        3     3043     3054     3042
        3     3052     3051     3054
        3     3049     3050     3051
        3     3053     3042     3054
        3     3053     3054     3051
        3     3051     3131     3055
        3     3048     3067     3066
        3     3070     3069     3067
        3     3066     3064     3065
        3     3067     3069     3091
        3     3092     3063     3091
        3     3070     3090     3069
        3     3090     3089     3088
        3     3071     3072     3089
        3     3086     3088     3089
        3     3091     3069     3090
        3     3090     3088     3087
        3     3086     3085     3087
        3     3076     3077     3078
        3     3076     3108     3077
        3     3108     3111     3109
        3     3078     3077     3107
        3     3110     3128     3107
        3     3077     3108     3107
        3     3106     3108     3109
        3     3113     3112     3109
        3     3106     3112     3104
        3     3114     3115     3121
        3     3116     3118     3115
        3     3120     3121     3118
        3     3117     3119     3118
        3     3084     3083     3082
        3     3078     3082     3083
        3     3081     3084     3082
        3     3081     3082     3078
        3     3058     3056     3055
        3     3131     3060     3055
        3      791     3058     3060
        3     3094     3087     3093
        3     3094     3093     3095
        3     3096     3095     3093
        3     3105     3102     3103
        3      778      779     3102
        3     3135     3506     3505
        3     3506     3504     3507
        3     3504     3519     3509
        3     3134     3505     3924
        3     3507     3510     3924
        3     3509     3508     3510
        3     3137     3501     3500
        3     3501     3499     3502
        3     3499     3524     3503
        3     3136     3500     3506
        3     3506     3500     3502
        3     3504     3502     3503
        3     3139     3496     3495
        3     3496     3494     3497
        3     3494     3529     3498
        3     3138     3495     3501
        3     3501     3495     3497
        3     3499     3497     3498
        3     3141     3491     3490
        3     3491     3489     3492
        3     3489     3534     3493
        3     3140     3490     3496
        3     3496     3490     3492
        3     3494     3492     3493
        3     3143     3486     3485
        3     3486     3484     3487
        3     3484     3539     3488
        3     3142     3485     3491
        3     3491     3485     3487
        3     3489     3487     3488
        3     3145     3481     3480
        3     3481     3479     3482
        3     3479     3544     3483
        3     3144     3480     3486
        3     3486     3480     3482
        3     3484     3482     3483
        3     3147     3476     3475
        3     3476     3474     3477
        3     3474     3549     3478
        3     3146     3475     3481
        3     3481     3475     3477
        3     3479     3477     3478
        3     3149     3471     3470
        3     3471     3469     3472
        3     3469     3554     3473
        3     3148     3470     3476
        3     3476     3470     3472
        3     3474     3472     3473
        3     3151     3466     3465
        3     3466     3464     3467
        3     3464     3559     3468
        3     3150     3465     3471
        3     3471     3465     3467
        3     3469     3467     3468
        3     3153     3461     3460
        3     3461     3459     3462
        3     3459     3564     3463
        3     3152     3460     3466
        3     3466     3460     3462
        3     3464     3462     3463
        3     3155     3456     3455
        3     3456     3454     3457
        3     3454     3569     3458
        3     3154     3455     3461
        3     3461     3455     3457
        3     3459     3457     3458
        3     3157     3451     3450
        3     3451     3449     3452
        3     3449     3574     3453
        3     3156     3450     3456
        3     3456     3450     3452
        3     3454     3452     3453
        3     3159     3446     3445
        3     3446     3444     3447
        3     3444     3579     3448
        3     3158     3445     3451
        3     3451     3445     3447
        3     3449     3447     3448
        3     3161     3441     3440
        3     3441     3439     3442
        3     3439     3584     3443
        3     3160     3440     3446
        3     3446     3440     3442
        3     3444     3442     3443
        3     3163     3436     3435
        3     3436     3434     3437
        3     3434     3589     3438
        3     3162     3435     3441
        3     3441     3435     3437
        3     3439     3437     3438
        3     3165     3431     3430
        3     3431     3429     3432
        3     3429     3594     3433
        3     3164     3430     3436
        3     3436     3430     3432
        3     3434     3432     3433
        3     3167     3423     3426
        3     3423     3425     3427
        3     3425     3419     3428
        3     3166     3426     3431
        3     3431     3426     3427
        3     3429     3427     3428
        3     3169     3925     3424
        3     3925     3422     3421
        3     3422     3417     3420
        3     3168     3424     3423
        3     3423     3424     3421
        3     3425     3421     3420
        3     3519     3518     3515
        3     3518     3517     3516
        3     3515     3514     3512
        3     3516     3921     3514
        3     3524     3523     3520
        3     3523     3522     3521
        3     3519     3503     3520
        3     3518     3520     3521
        3     3529     3528     3525
        3     3528     3527     3526
        3     3524     3498     3525
        3     3523     3525     3526
        3     3534     3533     3530
        3     3533     3532     3531
        3     3529     3493     3530
        3     3528     3530     3531
        3     3539     3538     3535
        3     3538     3537     3536
        3     3534     3488     3535
        3     3533     3535     3536
        3     3544     3543     3540
        3     3543     3542     3541
        3     3539     3483     3540
        3     3538     3540     3541
        3     3549     3548     3545
        3     3548     3547     3546
        3     3544     3478     3545
        3     3543     3545     3546
        3     3554     3553     3550
        3     3553     3552     3551
        3     3549     3473     3550
        3     3548     3550     3551
        3     3559     3558     3555
        3     3558     3557     3556
        3     3554     3468     3555
        3     3553     3555     3556
        3     3564     3563     3560
        3     3563     3562     3561
        3     3559     3463     3560
        3     3558     3560     3561
        3     3569     3568     3565
        3     3568     3567     3566
        3     3564     3458     3565
        3     3563     3565     3566
        3     3574     3573     3570
        3     3573     3572     3571
        3     3569     3453     3570
        3     3568     3570     3571
        3     3579     3578     3575
        3     3578     3577     3576
        3     3574     3448     3575
        3     3573     3575     3576
        3     3584     3583     3580
        3     3583     3582     3581
        3     3579     3443     3580
        3     3578     3580     3581
        3     3589     3588     3585
        3     3588     3587     3586
        3     3584     3438     3585
        3     3583     3585     3586
        3     3594     3593     3590
        3     3593     3592     3591
        3     3589     3433     3590
        3     3588     3590     3591
        3     3419     3415     3595
        3     3415     3414     3596
        3     3594     3428     3595
        3     3593     3595     3596
        3     3417     3418     3416
        3     3418     3413     3412
        3     3419     3420     3416
        3     3415     3416     3412
        3     3517     3716     3715
        3     3716     3714     3717
        3     3714     3712     3719
        3     3516     3715     3919
        3     3717     3720     3919
        3     3719     3718     3720
        3     3522     3710     3709
        3     3710     3708     3711
        3     3708     3706     3713
        3     3521     3709     3716
        3     3716     3709     3711
        3     3714     3711     3713
        3     3527     3704     3703
        3     3704     3702     3705
        3     3702     3700     3707
        3     3526     3703     3710
        3     3710     3703     3705
        3     3708     3705     3707
        3     3532     3698     3697
        3     3698     3696     3699
        3     3696     3694     3701
        3     3531     3697     3704
        3     3704     3697     3699
        3     3702     3699     3701
        3     3537     3692     3691
        3     3692     3690     3693
        3     3690     3688     3695
        3     3536     3691     3698
        3     3698     3691     3693
        3     3696     3693     3695
        3     3542     3686     3685
        3     3686     3684     3687
        3     3684     3682     3689
        3     3541     3685     3692
        3     3692     3685     3687
        3     3690     3687     3689
        3     3547     3680     3679
        3     3680     3678     3681
        3     3678     3676     3683
        3     3546     3679     3686
        3     3686     3679     3681
        3     3684     3681     3683
        3     3552     3674     3673
        3     3674     3672     3675
        3     3672     3670     3677
        3     3551     3673     3680
        3     3680     3673     3675
        3     3678     3675     3677
        3     3557     3668     3667
        3     3668     3666     3669
        3     3666     3664     3671
        3     3556     3667     3674
        3     3674     3667     3669
        3     3672     3669     3671
        3     3562     3662     3661
        3     3662     3660     3663
        3     3660     3658     3665
        3     3561     3661     3668
        3     3668     3661     3663
        3     3666     3663     3665
        3     3567     3656     3655
        3     3656     3654     3657
        3     3654     3652     3659
        3     3566     3655     3662
        3     3662     3655     3657
        3     3660     3657     3659
        3     3572     3650     3649
        3     3650     3648     3651
        3     3648     3646     3653
        3     3571     3649     3656
        3     3656     3649     3651
        3     3654     3651     3653
        3     3577     3644     3643
        3     3644     3642     3645
        3     3642     3640     3647
        3     3576     3643     3650
        3     3650     3643     3645
        3     3648     3645     3647
        3     3582     3638     3637
        3     3638     3636     3639
        3     3636     3634     3641
        3     3581     3637     3644
        3     3644     3637     3639
        3     3642     3639     3641
        3     3587     3630     3632
        3     3630     3628     3633
        3     3628     3626     3635
        3     3586     3632     3638
        3     3638     3632     3633
        3     3636     3633     3635
        3     3592     3597     3631
        3     3597     3599     3629
        3     3599     3601     3627
        3     3591     3631     3630
        3     3630     3631     3629
        3     3628     3629     3627
        3     3414     3408     3598
        3     3408     3410     3600
        3     3410     3403     3602
        3     3596     3598     3597
        3     3597     3598     3600
        3     3599     3600     3602
        3     3413     3411     3409
        3     3411     3407     3406
        3     3407     3405     3404
        3     3412     3409     3408
        3     3408     3409     3406
        3     3410     3406     3404
        3     3712     3723     3722
        3     3719     3722     3721
        3     3706     3730     3729
        3     3713     3729     3723
        3     3700     3736     3735
        3     3707     3735     3730
        3     3694     3742     3741
        3     3701     3741     3736
        3     3688     3748     3747
        3     3695     3747     3742
        3     3682     3754     3753
        3     3689     3753     3748
        3     3676     3760     3759
        3     3683     3759     3754
        3     3670     3766     3765
        3     3677     3765     3760
        3     3664     3772     3771
        3     3671     3771     3766
        3     3658     3778     3777
        3     3665     3777     3772
        3     3652     3784     3783
        3     3659     3783     3778
        3     3646     3790     3789
        3     3653     3789     3784
        3     3640     3796     3795
        3     3647     3795     3790
        3     3634     3802     3801
        3     3641     3801     3796
        3     3626     3624     3912
        3     3635     3912     3802
        3     3601     3603     3625
        3     3627     3625     3624
        3     3403     3402     3604
        3     3602     3604     3603
        3     3405     3400     3399
        3     3404     3399     3402
        3     3723     3725     3724
        3     3725     3726     3887
        3     3722     3724     3913
        3     3887     3886     3913
        3     3730     3731     3728
        3     3731     3732     3727
        3     3729     3728     3725
        3     3725     3728     3727
        3     3736     3737     3734
        3     3737     3738     3733
        3     3735     3734     3731
        3     3731     3734     3733
        3     3742     3743     3740
        3     3743     3744     3739
        3     3741     3740     3737
        3     3737     3740     3739
        3     3748     3749     3746
        3     3749     3750     3745
        3     3747     3746     3743
        3     3743     3746     3745
        3     3754     3755     3752
        3     3755     3756     3751
        3     3753     3752     3749
        3     3749     3752     3751
        3     3760     3761     3758
        3     3761     3762     3757
        3     3759     3758     3755
        3     3755     3758     3757
        3     3766     3767     3764
        3     3767     3768     3763
        3     3765     3764     3761
        3     3761     3764     3763
        3     3772     3773     3770
        3     3773     3774     3769
        3     3771     3770     3767
        3     3767     3770     3769
        3     3778     3779     3776
        3     3779     3780     3775
        3     3777     3776     3773
        3     3773     3776     3775
        3     3784     3785     3782
        3     3785     3786     3781
        3     3783     3782     3779
        3     3779     3782     3781
        3     3790     3791     3788
        3     3791     3792     3787
        3     3789     3788     3785
        3     3785     3788     3787
        3     3796     3797     3794
        3     3797     3798     3793
        3     3795     3794     3791
        3     3791     3794     3793
        3     3802     3803     3800
        3     3803     3804     3799
        3     3801     3800     3797
        3     3797     3800     3799
        3     3624     3622     3806
        3     3622     3620     3805
        3     3912     3806     3803
        3     3803     3806     3805
        3     3603     3605     3623
        3     3605     3607     3621
        3     3625     3623     3622
        3     3622     3623     3621
        3     3402     3397     3606
        3     3397     3396     3608
        3     3604     3606     3605
        3     3605     3606     3608
        3     3400     3401     3398
        3     3401     3395     3394
        3     3399     3398     3397
        3     3397     3398     3394
        3     3865     3887     3726
        3     3863     3866     3865
        3     3887     3866     3869
        3     3868     3867     3869
        3     3861     3727     3732
        3     3859     3862     3861
        3     3727     3862     3865
        3     3862     3863     3865
        3     3857     3733     3738
        3     3855     3858     3857
        3     3733     3858     3861
        3     3858     3859     3861
        3     3853     3739     3744
        3     3851     3854     3853
        3     3739     3854     3857
        3     3854     3855     3857
        3     3849     3745     3750
        3     3847     3850     3849
        3     3745     3850     3853
        3     3850     3851     3853
        3     3845     3751     3756
        3     3843     3846     3845
        3     3751     3846     3849
        3     3846     3847     3849
        3     3841     3757     3762
        3     3839     3842     3841
        3     3757     3842     3845
        3     3842     3843     3845
        3     3837     3763     3768
        3     3835     3838     3837
        3     3763     3838     3841
        3     3838     3839     3841
        3     3833     3769     3774
        3     3831     3834     3833
        3     3769     3834     3837
        3     3834     3835     3837
        3     3829     3775     3780
        3     3827     3830     3829
        3     3775     3830     3833
        3     3830     3831     3833
        3     3825     3781     3786
        3     3823     3826     3825
        3     3781     3826     3829
        3     3826     3827     3829
        3     3821     3787     3792
        3     3819     3822     3821
        3     3787     3822     3825
        3     3822     3823     3825
        3     3817     3793     3798
        3     3815     3818     3817
        3     3793     3818     3821
        3     3818     3819     3821
        3     3807     3799     3804
        3     3809     3816     3807
        3     3799     3816     3817
        3     3816     3815     3817
        3     3619     3805     3620
        3     3617     3808     3619
        3     3805     3808     3807
        3     3808     3809     3807
        3     3609     3621     3607
        3     3611     3618     3609
        3     3621     3618     3619
        3     3618     3617     3619
        3     3392     3608     3396
        3     3388     3610     3392
        3     3608     3610     3609
        3     3610     3611     3609
        3     3393     3394     3395
        3     3390     3391     3393
        3     3394     3391     3392
        3     3391     3388     3392
        3     3863     3874     3871
        3     3874     3873     3872
        3     3868     3871     3870
        3     3872     3875     3870
        3     3859     3889     3888
        3     3889     3287     3286
        3     3864     3888     3874
        3     3874     3888     3286
        3     3855     3891     3890
        3     3891     3293     3292
        3     3860     3890     3889
        3     3889     3890     3292
        3     3851     3893     3892
        3     3893     3299     3298
        3     3856     3892     3891
        3     3891     3892     3298
        3     3847     3895     3894
        3     3895     3305     3304
        3     3852     3894     3893
        3     3893     3894     3304
        3     3843     3897     3896
        3     3897     3311     3310
        3     3848     3896     3895
        3     3895     3896     3310
        3     3839     3899     3898
        3     3899     3317     3316
        3     3844     3898     3897
        3     3897     3898     3316
        3     3835     3901     3900
        3     3901     3323     3322
        3     3840     3900     3899
        3     3899     3900     3322
        3     3831     3903     3902
        3     3903     3329     3328
        3     3836     3902     3901
        3     3901     3902     3328
        3     3827     3905     3904
        3     3905     3335     3334
        3     3832     3904     3903
        3     3903     3904     3334
        3     3823     3907     3906
        3     3907     3341     3340
        3     3828     3906     3905
        3     3905     3906     3340
        3     3819     3909     3908
        3     3909     3347     3346
        3     3824     3908     3907
        3     3907     3908     3346
        3     3815     3911     3910
        3     3911     3353     3352
        3     3820     3910     3909
        3     3909     3910     3352
        3     3809     3811     3813
        3     3811     3359     3358
        3     3814     3813     3911
        3     3911     3813     3358
        3     3617     3922     3812
        3     3922     3365     3364
        3     3810     3812     3811
        3     3811     3812     3364
        3     3611     3613     3615
        3     3613     3371     3370
        3     3616     3615     3922
        3     3922     3615     3370
        3     3388     3387     3614
        3     3387     3377     3376
        3     3612     3614     3613
        3     3613     3614     3376
        3     3390     3386     3385
        3     3386     3383     3382
        3     3389     3385     3387
        3     3387     3385     3382
        3     3873     3284     3877
        3     3872     3877     3876
        3     3287     3288     3285
        3     3286     3285     3284
        3     3293     3294     3291
        3     3292     3291     3288
        3     3299     3300     3297
        3     3298     3297     3294
        3     3305     3306     3303
        3     3304     3303     3300
        3     3311     3312     3309
        3     3310     3309     3306
        3     3317     3318     3315
        3     3316     3315     3312
        3     3323     3324     3321
        3     3322     3321     3318
        3     3329     3330     3327
        3     3328     3327     3324
        3     3335     3336     3333
        3     3334     3333     3330
        3     3341     3342     3339
        3     3340     3339     3336
        3     3347     3348     3345
        3     3346     3345     3342
        3     3353     3354     3351
        3     3352     3351     3348
        3     3359     3360     3357
        3     3358     3357     3354
        3     3365     3366     3363
        3     3364     3363     3360
        3     3371     3372     3369
        3     3370     3369     3366
        3     3377     3378     3375
        3     3376     3375     3372
        3     3383     3384     3381
        3     3382     3381     3378
        3     3284     3282     3281
        3     3282     3272     3279
        3     3877     3281     3928
        3     3279     3278     3928
        3     3288     3289     3283
        3     3289     3266     3273
        3     3285     3283     3282
        3     3282     3283     3273
        3     3294     3295     3290
        3     3295     3260     3267
        3     3291     3290     3289
        3     3289     3290     3267
        3     3300     3301     3296
        3     3301     3254     3261
        3     3297     3296     3295
        3     3295     3296     3261
        3     3306     3307     3302
        3     3307     3248     3255
        3     3303     3302     3301
        3     3301     3302     3255
        3     3312     3313     3308
        3     3313     3242     3249
        3     3309     3308     3307
        3     3307     3308     3249
        3     3318     3319     3314
        3     3319     3236     3243
        3     3315     3314     3313
        3     3313     3314     3243
        3     3324     3325     3320
        3     3325     3230     3237
        3     3321     3320     3319
        3     3319     3320     3237
        3     3330     3331     3326
        3     3331     3224     3231
        3     3327     3326     3325
        3     3325     3326     3231
        3     3336     3337     3332
        3     3337     3218     3225
        3     3333     3332     3331
        3     3331     3332     3225
        3     3342     3343     3338
        3     3343     3212     3219
        3     3339     3338     3337
        3     3337     3338     3219
        3     3348     3349     3344
        3     3349     3206     3213
        3     3345     3344     3343
        3     3343     3344     3213
        3     3354     3355     3350
        3     3355     3200     3207
        3     3351     3350     3349
        3     3349     3350     3207
        3     3360     3361     3356
        3     3361     3194     3201
        3     3357     3356     3355
        3     3355     3356     3201
        3     3366     3367     3362
        3     3367     3188     3195
        3     3363     3362     3361
        3     3361     3362     3195
        3     3372     3373     3368
        3     3373     3182     3189
        3     3369     3368     3367
        3     3367     3368     3189
        3     3378     3379     3374
        3     3379     3176     3183
        3     3375     3374     3373
        3     3373     3374     3183
        3     3384     3927     3380
        3     3926     3380     3927
        3     3381     3380     3379
        3     3379     3380     3177
        3     3272     3274     3277
        3     3275     3277     3274
        3     3277     3280     3278
        3     3881     3280     3277
        3     3266     3268     3271
        3     3269     3271     3268
        3     3272     3273     3271
        3     3276     3274     3271
        3     3260     3262     3265
        3     3263     3265     3262
        3     3266     3267     3265
        3     3270     3268     3265
        3     3254     3256     3259
        3     3257     3259     3256
        3     3260     3261     3259
        3     3264     3262     3259
        3     3248     3250     3253
        3     3251     3253     3250
        3     3254     3255     3253
        3     3258     3256     3253
        3     3242     3244     3247
        3     3245     3247     3244
        3     3248     3249     3247
        3     3252     3250     3247
        3     3236     3238     3241
        3     3239     3241     3238
        3     3242     3243     3241
        3     3246     3244     3241
        3     3230     3232     3235
        3     3233     3235     3232
        3     3236     3237     3235
        3     3240     3238     3235
        3     3224     3226     3229
        3     3227     3229     3226
        3     3230     3231     3229
        3     3234     3232     3229
        3     3218     3220     3223
        3     3221     3223     3220
        3     3224     3225     3223
        3     3228     3226     3223
        3     3212     3214     3217
        3     3215     3217     3214
        3     3218     3219     3217
        3     3222     3220     3217
        3     3206     3208     3211
        3     3209     3211     3208
        3     3212     3213     3211
        3     3216     3214     3211
        3     3200     3202     3205
        3     3203     3205     3202
        3     3206     3207     3205
        3     3210     3208     3205
        3     3194     3196     3199
        3     3197     3199     3196
        3     3200     3201     3199
        3     3204     3202     3199
        3     3188     3190     3193
        3     3191     3193     3190
        3     3194     3195     3193
        3     3198     3196     3193
        3     3182     3184     3187
        3     3185     3187     3184
        3     3188     3189     3187
        3     3192     3190     3187
        3     3176     3178     3181
        3     3179     3181     3178
        3     3182     3183     3181
        3     3186     3184     3181
        3     3175     3177     3926
        3     3173     3174     3175
        3     3176     3177     3174
        3     3180     3178     3174
        3      839      838     3962
        3      843     3976     3975
        3      844      843     3975
        3     3993      859     4007
        3     3992     4006     4005
        3     4006     4003     4005
        3     4059     4068     4054
        3     4070     4037     4068
        3     4069     4066     4068
        3     4041     4038     4040
        3     4053     4054     4037
        3     4040     4033     4031
        3     4036     4035     4038
        3     4032     4024     4030
        3     4017     4021     4020
        3     4024     4020     4021
        3     4027     4029     4028
        3     4028     4022     4020
        3     4023     4020     4024
        3     4010     4079     4080
        3     4010     4076     4079
        3     4080     4079     4077
        3     4076     4075     4078
        3     3992     4001     3998
        3     4002     4004     4001
        3     3999     4087     3997
        3     3997     3998     4001
        3     4085     4001     4004
        3     3996     3994     3995
        3     3992     3998     3995
        3     3988     3996     4088
        3     3995     4088     3996
        3     3998     3997     3995
        3     4034     4033     4035
        3      266     4036      265
        3     4075     4081     4078
        3      892     4138      891
        3     1684     1685     1704
        3     4139      891     4138
        3     1683     1684     1704
        3     4094     4092      941
        3     4167     4170     4168
        3      940      941     4092
        3     4168     4170     4169
        3      411      412     1987
        3     4165     4176      412
        3     4213     4214     4190
        3     4196     4202     4213
        3     4200     4202     4195
        3     4214     4213     4201
        3     4203     4204     4201
        3     4213     4202     4201
        3     4199     4202     4200
        3     4178     4177     4179
        3     4192     4191     4189
        3     4189     4211     4186
        3     4154     4181     4153
        3     4153     4181     4183
        3     4156     4152     4151
        3     4150     4159     4151
        3     4149     4151     4153
        3     4170     4176     4172
        3     4171     4170     4172
        3     4173     4172     4174
        3     4178     4180     4155
        3     4182     4181     4180
        3     4184     4180     4179
        3     4159     4158     4157
        3     4160     4158     4159
        3     4210       88     4185
        3     4329     4327     4328
        3     4330     5000     4327
        3     4325     4323     4324
        3     4326     4328     4323
        3     4321     4319     4320
        3     4322     4324     4319
        3     4317     4315     4316
        3     4318     4320     4315
        3     4313     4311     4312
        3     4314     4316     4311
        3     4309     4307     4308
        3     4310     4312     4307
        3     4305     4303     4304
        3     4306     4308     4303
        3     4301     4299     4300
        3     4302     4304     4299
        3     4297     4295     4296
        3     4298     4300     4295
        3     4293     4291     4292
        3     4294     4296     4291
        3     4289     4287     4288
        3     4290     4292     4287
        3     4285     4283     4284
        3     4286     4288     4283
        3     4281     4279     4280
        3     4282     4284     4279
        3     4277     4275     4276
        3     4278     4280     4275
        3     4273     4271     4272
        3     4274     4276     4271
        3     4269     4267     4268
        3     4270     4272     4267
        3     4265     4263     4264
        3     4266     4268     4263
        3     4261     4259     4260
        3     4262     4264     4259
        3      335      334     1897
        3     4513     4512     4998
        3     4327     4998     4512
        3     4998     4334     4336
        3     5000     4334     4998
        3     4509     4508     4510
        3     4323     4510     4508
        3     4513     4511     4510
        3     4328     4512     4510
        3     4505     4504     4506
        3     4319     4506     4504
        3     4509     4507     4506
        3     4324     4508     4506
        3     4501     4500     4502
        3     4315     4502     4500
        3     4505     4503     4502
        3     4320     4504     4502
        3     4497     4496     4498
        3     4311     4498     4496
        3     4501     4499     4498
        3     4316     4500     4498
        3     4493     4492     4494
        3     4307     4494     4492
        3     4497     4495     4494
        3     4312     4496     4494
        3     4489     4488     4490
        3     4303     4490     4488
        3     4493     4491     4490
        3     4308     4492     4490
        3     4485     4484     4486
        3     4299     4486     4484
        3     4489     4487     4486
        3     4304     4488     4486
        3     4481     4480     4482
        3     4295     4482     4480
        3     4485     4483     4482
        3     4300     4484     4482
        3     4477     4476     4478
        3     4291     4478     4476
        3     4481     4479     4478
        3     4296     4480     4478
        3     4473     4472     4474
        3     4287     4474     4472
        3     4477     4475     4474
        3     4292     4476     4474
        3     4469     4468     4470
        3     4283     4470     4468
        3     4473     4471     4470
        3     4288     4472     4470
        3     4465     4464     4466
        3     4279     4466     4464
        3     4469     4467     4466
        3     4284     4468     4466
        3     4461     4460     4462
        3     4275     4462     4460
        3     4465     4463     4462
        3     4280     4464     4462
        3     4457     4456     4458
        3     4271     4458     4456
        3     4461     4459     4458
        3     4276     4460     4458
        3     4453     4452     4454
        3     4267     4454     4452
        3     4457     4455     4454
        3     4272     4456     4454
        3     4449     4447     4450
        3     4263     4450     4447
        3     4453     4451     4450
        3     4268     4452     4450
        3     4446     4514     4448
        3     4259     4448     4514
        3     4449     4445     4448
        3     4264     4447     4448
        3     4342     4340     4339
        3     4337     4339     4340
        3     4339     4338     4948
        3     4336     4338     4339
        3     4348     4347     4346
        3     4511     4346     4347
        3     4342     4345     4346
        3     4513     4340     4346
        3     4354     4353     4352
        3     4507     4352     4353
        3     4348     4351     4352
        3     4509     4347     4352
        3     4360     4359     4358
        3     4503     4358     4359
        3     4354     4357     4358
        3     4505     4353     4358
        3     4366     4365     4364
        3     4499     4364     4365
        3     4360     4363     4364
        3     4501     4359     4364
        3     4372     4371     4370
        3     4495     4370     4371
        3     4366     4369     4370
        3     4497     4365     4370
        3     4378     4377     4376
        3     4491     4376     4377
        3     4372     4375     4376
        3     4493     4371     4376
        3     4384     4383     4382
        3     4487     4382     4383
        3     4378     4381     4382
        3     4489     4377     4382
        3     4390     4389     4388
        3     4483     4388     4389
        3     4384     4387     4388
        3     4485     4383     4388
        3     4396     4395     4394
        3     4479     4394     4395
        3     4390     4393     4394
        3     4481     4389     4394
        3     4402     4401     4400
        3     4475     4400     4401
        3     4396     4399     4400
        3     4477     4395     4400
        3     4408     4407     4406
        3     4471     4406     4407
        3     4402     4405     4406
        3     4473     4401     4406
        3     4414     4413     4412
        3     4467     4412     4413
        3     4408     4411     4412
        3     4469     4407     4412
        3     4420     4419     4418
        3     4463     4418     4419
        3     4414     4417     4418
        3     4465     4413     4418
        3     4426     4425     4424
        3     4459     4424     4425
        3     4420     4423     4424
        3     4461     4419     4424
        3     4432     4431     4430
        3     4455     4430     4431
        3     4426     4429     4430
        3     4457     4425     4430
        3     4438     4437     4436
        3     4451     4436     4437
        3     4432     4435     4436
        3     4453     4431     4436
        3     4444     4443     4442
        3     4445     4442     4443
        3     4438     4441     4442
        3     4449     4437     4442
        3     4811     4955     4943
        3     4955     4343     4946
        3     4341     4946     4343
        3     4943     4942     4944
        3     4946     4941     4942
        3     4948     4941     4946
        3     4952     4951     4950
        3     4951     4349     4344
        3     4345     4344     4349
        3     4811     4812     4950
        3     4955     4950     4344
        3     4342     4343     4344
        3     4801     4961     4953
        3     4961     4355     4350
        3     4351     4350     4355
        3     4952     4954     4953
        3     4951     4953     4350
        3     4348     4349     4350
        3     4958     4957     4956
        3     4957     4361     4356
        3     4357     4356     4361
        3     4801     4802     4956
        3     4961     4956     4356
        3     4354     4355     4356
        3     4791     4967     4959
        3     4967     4367     4362
        3     4363     4362     4367
        3     4958     4960     4959
        3     4957     4959     4362
        3     4360     4361     4362
        3     4964     4963     4962
        3     4963     4373     4368
        3     4369     4368     4373
        3     4791     4792     4962
        3     4967     4962     4368
        3     4366     4367     4368
        3     4781     4973     4965
        3     4973     4379     4374
        3     4375     4374     4379
        3     4964     4966     4965
        3     4963     4965     4374
        3     4372     4373     4374
        3     4970     4969     4968
        3     4969     4385     4380
        3     4381     4380     4385
        3     4781     4782     4968
        3     4973     4968     4380
        3     4378     4379     4380
        3     4771     4979     4971
        3     4979     4391     4386
        3     4387     4386     4391
        3     4970     4972     4971
        3     4969     4971     4386
        3     4384     4385     4386
        3     4976     4975     4974
        3     4975     4397     4392
        3     4393     4392     4397
        3     4771     4772     4974
        3     4979     4974     4392
        3     4390     4391     4392
        3     4761     4985     4977
        3     4985     4403     4398
        3     4399     4398     4403
        3     4976     4978     4977
        3     4975     4977     4398
        3     4396     4397     4398
        3     4982     4981     4980
        3     4981     4409     4404
        3     4405     4404     4409
        3     4761     4762     4980
        3     4985     4980     4404
        3     4402     4403     4404
        3     4751     4991     4983
        3     4991     4415     4410
        3     4411     4410     4415
        3     4982     4984     4983
        3     4981     4983     4410
        3     4408     4409     4410
        3     4988     4987     4986
        3     4987     4421     4416
        3     4417     4416     4421
        3     4751     4752     4986
        3     4991     4986     4416
        3     4414     4415     4416
        3     4741     4992     4989
        3     4992     4427     4422
        3     4423     4422     4427
        3     4988     4990     4989
        3     4987     4989     4422
        3     4420     4421     4422
        3     4735     4737     4739
        3     4737     4433     4428
        3     4429     4428     4433
        3     4741     4740     4739
        3     4992     4739     4428
        3     4426     4427     4428
        3     4519     4518     4738
        3     4518     4439     4434
        3     4435     4434     4439
        3     4735     4736     4738
        3     4737     4738     4434
        3     4432     4433     4434
        3     4521     4517     4516
        3     4517     4515     4440
        3     4441     4440     4515
        3     4519     4520     4516
        3     4518     4516     4440
        3     4438     4439     4440
        3     4815     4813     4814
        3     4945     4814     4813
        3     4814     4819     4817
        3     4944     4819     4814
        3     4807     4809     4808
        3     4812     4808     4809
        3     4815     4810     4808
        3     4811     4813     4808
        3     4806     4803     4804
        3     4954     4804     4803
        3     4807     4805     4804
        3     4952     4809     4804
        3     4797     4799     4798
        3     4802     4798     4799
        3     4806     4800     4798
        3     4801     4803     4798
        3     4796     4793     4794
        3     4960     4794     4793
        3     4797     4795     4794
        3     4958     4799     4794
        3     4787     4789     4788
        3     4792     4788     4789
        3     4796     4790     4788
        3     4791     4793     4788
        3     4786     4783     4784
        3     4966     4784     4783
        3     4787     4785     4784
        3     4964     4789     4784
        3     4777     4779     4778
        3     4782     4778     4779
        3     4786     4780     4778
        3     4781     4783     4778
        3     4776     4773     4774
        3     4972     4774     4773
        3     4777     4775     4774
        3     4970     4779     4774
        3     4767     4769     4768
        3     4772     4768     4769
        3     4776     4770     4768
        3     4771     4773     4768
        3     4766     4763     4764
        3     4978     4764     4763
        3     4767     4765     4764
        3     4976     4769     4764
        3     4757     4759     4758
        3     4762     4758     4759
        3     4766     4760     4758
        3     4761     4763     4758
        3     4756     4753     4754
        3     4984     4754     4753
        3     4757     4755     4754
        3     4982     4759     4754
        3     4747     4749     4748
        3     4752     4748     4749
        3     4756     4750     4748
        3     4751     4753     4748
        3     4746     4742     4744
        3     4990     4744     4742
        3     4747     4745     4744
        3     4988     4749     4744
        3     4731     4732     4743
        3     4740     4743     4732
        3     4746     4730     4743
        3     4741     4742     4743
        3     4525     4524     4733
        3     4736     4733     4524
        3     4731     4734     4733
        3     4735     4732     4733
        3     4523     4526     4527
        3     4520     4522     4523
        3     4525     4526     4522
        3     4519     4524     4522
        3     4831     4934     4935
        3     4934     4815     4816
        3     4935     4936     4826
        3     4816     4817     4936
        3     4836     4932     4933
        3     4932     4807     4810
        3     4831     4832     4933
        3     4934     4933     4810
        3     4841     4930     4931
        3     4930     4806     4805
        3     4836     4837     4931
        3     4932     4931     4805
        3     4846     4928     4929
        3     4928     4797     4800
        3     4841     4842     4929
        3     4930     4929     4800
        3     4851     4926     4927
        3     4926     4796     4795
        3     4846     4847     4927
        3     4928     4927     4795
        3     4856     4924     4925
        3     4924     4787     4790
        3     4851     4852     4925
        3     4926     4925     4790
        3     4861     4922     4923
        3     4922     4786     4785
        3     4856     4857     4923
        3     4924     4923     4785
        3     4866     4920     4921
        3     4920     4777     4780
        3     4861     4862     4921
        3     4922     4921     4780
        3     4871     4918     4919
        3     4918     4776     4775
        3     4866     4867     4919
        3     4920     4919     4775
        3     4876     4916     4917
        3     4916     4767     4770
        3     4871     4872     4917
        3     4918     4917     4770
        3     4881     4914     4915
        3     4914     4766     4765
        3     4876     4877     4915
        3     4916     4915     4765
        3     4886     4912     4913
        3     4912     4757     4760
        3     4881     4882     4913
        3     4914     4913     4760
        3     4891     4910     4911
        3     4910     4756     4755
        3     4886     4887     4911
        3     4912     4911     4755
        3     4896     4908     4909
        3     4908     4747     4750
        3     4891     4892     4909
        3     4910     4909     4750
        3     4901     4904     4907
        3     4904     4746     4745
        3     4896     4897     4907
        3     4908     4907     4745
        3     4726     4728     4905
        3     4728     4731     4730
        3     4901     4902     4905
        3     4904     4905     4730
        3     4531     4530     4729
        3     4530     4525     4734
        3     4726     4727     4729
        3     4728     4729     4734
        3     4533     4529     4528
        3     4527     4528     4529
        3     4531     4532     4528
        3     4530     4528     4526
        3     4829     4626     4627
        3     4827     4828     4830
        3     4829     4825     4938
        3     4826     4825     4828
        3     4834     4632     4633
        3     4832     4833     4835
        3     4627     4632     4834
        3     4830     4834     4833
        3     4831     4830     4833
        3     4839     4638     4639
        3     4837     4838     4840
        3     4633     4638     4839
        3     4835     4839     4838
        3     4836     4835     4838
        3     4844     4644     4645
        3     4842     4843     4845
        3     4639     4644     4844
        3     4840     4844     4843
        3     4841     4840     4843
        3     4849     4650     4651
        3     4847     4848     4850
        3     4645     4650     4849
        3     4845     4849     4848
        3     4846     4845     4848
        3     4854     4656     4657
        3     4852     4853     4855
        3     4651     4656     4854
        3     4850     4854     4853
        3     4851     4850     4853
        3     4859     4662     4663
        3     4857     4858     4860
        3     4657     4662     4859
        3     4855     4859     4858
        3     4856     4855     4858
        3     4864     4668     4669
        3     4862     4863     4865
        3     4663     4668     4864
        3     4860     4864     4863
        3     4861     4860     4863
        3     4869     4674     4675
        3     4867     4868     4870
        3     4669     4674     4869
        3     4865     4869     4868
        3     4866     4865     4868
        3     4874     4680     4681
        3     4872     4873     4875
        3     4675     4680     4874
        3     4870     4874     4873
        3     4871     4870     4873
        3     4879     4686     4687
        3     4877     4878     4880
        3     4681     4686     4879
        3     4875     4879     4878
        3     4876     4875     4878
        3     4884     4692     4693
        3     4882     4883     4885
        3     4687     4692     4884
        3     4880     4884     4883
        3     4881     4880     4883
        3     4889     4698     4699
        3     4887     4888     4890
        3     4693     4698     4889
        3     4885     4889     4888
        3     4886     4885     4888
        3     4894     4704     4705
        3     4892     4893     4895
        3     4699     4704     4894
        3     4890     4894     4893
        3     4891     4890     4893
        3     4899     4710     4711
        3     4897     4898     4900
        3     4705     4710     4899
        3     4895     4899     4898
        3     4896     4895     4898
        3     4906     4716     4717
        3     4902     4903     4724
        3     4711     4716     4906
        3     4900     4906     4903
        3     4901     4900     4903
        3     4723     4722     4542
        3     4536      854      855
        3     4727     4725     4538
        3     4717     4722     4723
        3     4724     4723     4725
        3     4726     4724     4725
        3     4537     4540     4541
        3     4539      433      432
        3     4532     4534     4535
        3     4542     4540     4537
        3     4538     4537     4534
        3     4531     4538     4534
        3     4630     4628     4625
        3     4626     4625     4628
        3     4625     4624     4620
        3     4938     4624     4625
        3     4636     4634     4629
        3     4632     4629     4634
        3     4630     4631     4629
        3     4627     4628     4629
        3     4642     4640     4635
        3     4638     4635     4640
        3     4636     4637     4635
        3     4633     4634     4635
        3     4648     4646     4641
        3     4644     4641     4646
        3     4642     4643     4641
        3     4639     4640     4641
        3     4654     4652     4647
        3     4650     4647     4652
        3     4648     4649     4647
        3     4645     4646     4647
        3     4660     4658     4653
        3     4656     4653     4658
        3     4654     4655     4653
        3     4651     4652     4653
        3     4666     4664     4659
        3     4662     4659     4664
        3     4660     4661     4659
        3     4657     4658     4659
        3     4672     4670     4665
        3     4668     4665     4670
        3     4666     4667     4665
        3     4663     4664     4665
        3     4678     4676     4671
        3     4674     4671     4676
        3     4672     4673     4671
        3     4669     4670     4671
        3     4684     4682     4677
        3     4680     4677     4682
        3     4678     4679     4677
        3     4675     4676     4677
        3     4690     4688     4683
        3     4686     4683     4688
        3     4684     4685     4683
        3     4681     4682     4683
        3     4696     4694     4689
        3     4692     4689     4694
        3     4690     4691     4689
        3     4687     4688     4689
        3     4702     4700     4695
        3     4698     4695     4700
        3     4696     4697     4695
        3     4693     4694     4695
        3     4708     4706     4701
        3     4704     4701     4706
        3     4702     4703     4701
        3     4699     4700     4701
        3     4714     4712     4707
        3     4710     4707     4712
        3     4708     4709     4707
        3     4705     4706     4707
        3     4720     4718     4713
        3     4716     4713     4718
        3     4714     4715     4713
        3     4711     4712     4713
        3     4547     4543     4719
        3     4722     4719     4543
        3     4720     4721     4719
        3     4717     4718     4719
        3     4545     4546     4548
        3     4540     4544     4545
        3     4547     4546     4544
        3     4542     4543     4544
        3     4619     4616     4617
        3     4616     4630     4621
        3     4618     4617     4622
        3     4621     4620     4622
        3     4615     4612     4613
        3     4612     4636     4631
        3     4614     4613     4616
        3     4616     4613     4631
        3     4611     4608     4609
        3     4608     4642     4637
        3     4610     4609     4612
        3     4612     4609     4637
        3     4607     4604     4605
        3     4604     4648     4643
        3     4606     4605     4608
        3     4608     4605     4643
        3     4603     4600     4601
        3     4600     4654     4649
        3     4602     4601     4604
        3     4604     4601     4649
        3     4599     4596     4597
        3     4596     4660     4655
        3     4598     4597     4600
        3     4600     4597     4655
        3     4595     4592     4593
        3     4592     4666     4661
        3     4594     4593     4596
        3     4596     4593     4661
        3     4591     4588     4589
        3     4588     4672     4667
        3     4590     4589     4592
        3     4592     4589     4667
        3     4587     4584     4585
        3     4584     4678     4673
        3     4586     4585     4588
        3     4588     4585     4673
        3     4583     4580     4581
        3     4580     4684     4679
        3     4582     4581     4584
        3     4584     4581     4679
        3     4579     4576     4577
        3     4576     4690     4685
        3     4578     4577     4580
        3     4580     4577     4685
        3     4575     4572     4573
        3     4572     4696     4691
        3     4574     4573     4576
        3     4576     4573     4691
        3     4571     4568     4569
        3     4568     4702     4697
        3     4570     4569     4572
        3     4572     4569     4697
        3     4567     4564     4565
        3     4564     4708     4703
        3     4566     4565     4568
        3     4568     4565     4703
        3     4563     4560     4561
        3     4560     4714     4709
        3     4562     4561     4564
        3     4564     4561     4709
        3     4559     4556     4557
        3     4556     4720     4715
        3     4558     4557     4560
        3     4560     4557     4715
        3     4552     4551     4554
        3     4551     4547     4721
        3     4555     4554     4556
        3     4556     4554     4721
        3     4997     4550     4549
        3     4548     4549     4550
        3     4553     4549     4551
        3     4551     4549     4546
        3       43      944      945
        3     4218     4216       43
        3     4996     4995     4216
        3      153     1060     2955
        3        0      139      944
        3        0       43     4216
        3      856     4216     4995
        3       81     1020       82
        3      315     4255       81
        3      316     5019     4255
        3     1065     1064     2224
        3       80     1017     1020
        3       80       81     4255
        3     4254     4255     5019
        3      100      195      194
        3      101     1058     1059
        3      100     1059      156
        3        3        5      195
        3      138      157        4
        3        2       99     1021
        3      138     1021     1022
        3      137      158      157
        3     1754      150     1753
        3     1753     1722     1754
        3     1692     1691     1748
        3     1754     1749     1748
        3     1722     1749     1754
        3      203      202     1764
        3      237      236     1785
        3       14      377      336
        3      403      404     1999
        3      427      428     2002
        3      465      464     2087
        3     3018     3019     3021
        3      153     2955      152
        3     2219     2216     2218
        3     1065     2224     1067
        3      648      647     2162
        3      664      665     2991
        3      680     3880     3881
        3      681     2243     2242
        3     2244     2241     2242
        3       22      460     3880
        3      680     2242      663
        3      663     2242     2241
        3      718     3171      774
        3       36      646     2318
        3      647     2317     2318
        3      717     3172     3171
        3      718     2318     2315
        3     2315     2318     2317
        3      796     4331     4330
        3     3133     3132      796
        3       23      876     4331
        3       23      796     3132
        3      834     4257      335
        3      795     3170      834
        3      833     4258     4257
        3      833      834     3170
        3      835        9      242
        3      875      876     4060
        3      944      943      946
        3      139      140      943
        3      948      947      950
        3      945      946      947
        3      952      951      954
        3      949      950      951
        3      956      955      958
        3      953      954      955
        3      960      959      962
        3      957      958      959
        3      964      963      966
        3      961      962      963
        3      968      967      970
        3      965      966      967
        3      972      971      974
        3      969      970      971
        3      976      975      978
        3      973      974      975
        3      980      979      982
        3      977      978      979
        3      984      983      986
        3      981      982      983
        3      988      987      990
        3      985      986      987
        3      992      991      994
        3      989      990      991
        3      996      995      998
        3      993      994      995
        3     1000      999     1002
        3      997      998      999
        3     1004     1003     1006
        3     1001     1002     1003
        3     1008     1007     1010
        3     1005     1006     1007
        3     1012     1011     1014
        3     1009     1010     1011
        3     1016     1015     1018
        3     1013     1014     1015
        3     1020     1019       83
        3     1017     1018     1019
        3     2124     1061     1060
        3     1063     1062     1061
        3     1647     1649     1062
        3     2955     1060     1061
        3      152     1061     1062
        3      151     1062     1649
        3     1585     1583     1584
        3     1586     1582     1583
        3      149     1584     1583
        3     1984     1583     1582
        3     1585     1584     1649
        3      150     1649     1584
        3     1651     1650     1582
        3     1580     1652     1650
        3     1578     1581     1652
        3      148     1582     1650
        3      147     1650     1652
        3      146     1652     1581
        3     1280     1657     1581
        3     1277     1655     1657
        3     1279     1656     1655
        3      145     1581     1657
        3      144     1657     1655
        3      143     1655     1656
        3     1660     1663     1059
        3     1662     1664     1663
        3     1066     1060     1664
        3      156     1059     1663
        3      155     1663     1664
        3      154     1664     1060
        3       98     1667     1021
        3       97     1666     1667
        3     1665       97       96
        3     1022     1021     1667
        3     1139     1667     1666
        3     1138     1666     1665
        3     1670     1778       95
        3       94     1668     1670
        3       93     1669     1668
        3     1712     1665     1670
        3     1143     1670     1668
        3     1147     1668     1669
        3       92     1671     1669
        3     1149     1669     1671
        3       92     1673     1671
        3     4207     1672     1673
        3     1154     1671     1673
        3     1154     1673     1672
        3       90     1676     1672
        3       89     1675     1676
        3     1674       89       88
        3     1160     1672     1676
        3     1159     1676     1675
        3     1165     1675     1674
        3     1679       88       87
        3       86     1677     1679
        3       85     1678     1677
        3     1164     1674     1679
        3     1169     1679     1677
        3     1173     1677     1678
        3       84     1680     1678
        3       83     1019     1680
        3     1175     1678     1680
        3     1659     1680     1019
        3     1658     1681     1656
        3      946      943     1681
        3      142     1656     1681
        3      141     1681      943
        3     1695     1698     1700
        3     1693     1694     1695
        3     1696     1756     1698
        3     1697     1695     1694
        3     1714     1740     1734
        3     1740     1733     1734
        3     1709     1706     1708
        3      153     1689     1688
        3     1689     1700     1688
        3     1886     1884     1912
        3     1885     1913     1912
        3     1911     1887     1886
        3     1868     1914     1875
        3     1913     1914     1868
        3      325     1871     1875
        3     1853     1916     1850
        3     1859     1919     1856
        3     1859     1920     1919
        3     1915     1870     1920
        3     1856     1919     1917
        3     1873     1918     1917
        3     1919     1920     1917
        3     1869     1920     1870
        3     1829     1851     1830
        3     1828     1855     1854
        3     1851     1850     1830
        3     2038     2061     2036
        3     2038     2036     2035
        3     2074     2037     2035
        3     2073     2074     2072
        3     2026     2047     2025
        3     2027     2025     2053
        3     2032     2027     2053
        3     2013     2014     2015
        3     2194     2193     2195
        3     2220     2219     2218
        3     2221     2220     2234
        3     2189     2194     2181
        3     2464     2466     2467
        3     2462     2465     2466
        3      665     2467     2466
        3      666     2466     2465
        3     2470     2468     2469
        3     2856     2879     2468
        3      669     2469     2468
        3      670     2468     2879
        3     2867     2872     2873
        3     2871     2872     2867
        3      677     2873     2872
        3      679      678     2872
        3     2863     2874     2875
        3     2865     2873     2874
        3      675     2875     2874
        3      676     2874     2873
        3     2859     2876     2877
        3     2861     2875     2876
        3      673     2877     2876
        3      674     2876     2875
        3     2854     2878     2879
        3     2857     2877     2878
        3      671     2879     2878
        3      672     2878     2877
        3     2887     2889     2465
        3     2472     2469     2889
        3      667     2465     2889
        3      668     2889     2469
        3      661     2890     2891
        3     2319     2890      661
        3     2327     2891     2890
        3     2320     2323     2890
        3      659     2892     2893
        3      660     2891     2892
        3     2333     2893     2892
        3     2329     2892     2891
        3      657     2894     2895
        3      658     2893     2894
        3     2339     2895     2894
        3     2335     2894     2893
        3     2896      654      655
        3      656     2895     2896
        3     2344     2899     2896
        3     2341     2896     2895
        3      653     2897     2898
        3     2899      653      654
        3     2350     2898     2897
        3     2348     2897     2899
        3      651     2900     2901
        3      652     2898     2900
        3     2356     2901     2900
        3     2354     2900     2898
        3      649     2902     2903
        3      650     2901     2902
        3     2362     2903     2902
        3     2360     2902     2901
        3      648     2903     2317
        3     2317     2903     2362
        3     2316     2362     2361
        3     2313     2361     2363
        3     2312     2363     2365
        3     2309     2365     2371
        3     2308     2371     2370
        3     2305     2370     2377
        3     2304     2377     2376
        3     2301     2376     2383
        3     2300     2383     2382
        3     2297     2382     2389
        3     2296     2389     2388
        3     2293     2388     2395
        3     2292     2395     2394
        3     2289     2394     2401
        3     2288     2401     2400
        3     2285     2400     2407
        3     2284     2407     2406
        3     2281     2406     2413
        3     2280     2413     2412
        3     2277     2412     2419
        3     2276     2419     2418
        3     2273     2418     2425
        3     2272     2425     2424
        3     2269     2424     2431
        3     2268     2431     2430
        3     2265     2430     2437
        3     2264     2437     2436
        3     2261     2436     2443
        3     2260     2443     2442
        3     2257     2442     2449
        3     2256     2449     2448
        3     2253     2448     2455
        3     2252     2455     2454
        3     2249     2454     2461
        3     2248     2461     2460
        3     2245     2460     2888
        3     2244     2888     2467
        3      664     2241     2467
        3     3013     3012     3017
        3     3018     3017     3019
        3     2986     3004     3006
        3     2983     3010     3004
        3     3075     3079     3130
        3     3083     3084     3086
        3     3074     3130     3083
        3     3086     3084     3085
        3     3068     3131     3065
        3     3049     3066     3050
        3     3065     3050     3066
        3     3046     3044     3039
        3     3037     3036     3038
        3     3511     3513     3508
        3      477     3513     3511
        3     3876     3879     3878
        3      465     3878     3879
        3     3870     3882     3883
        3     3875     3878     3882
        3      467     3883     3882
        3      466     3882     3878
        3     3869     3884     3885
        3     3867     3883     3884
        3     3885      468      469
        3     3884      467      468
        3     3913     3914     3915
        3     3886     3885     3914
        3      471     3915     3914
        3      470     3914     3885
        3     3721     3915     3916
        3      472     3916     3915
        3     3919     3918     3920
        3     3720     3917     3918
        3     3718     3916     3917
        3      475     3920     3918
        3      474     3918     3917
        3      473     3917     3916
        3     3514     3923     3511
        3     3921     3920     3923
        3      477     3511     3923
        3      476     3923     3920
        3     3928     3929     3879
        3     3278     3930     3929
        3      464     3879     3929
        3     3929      462      463
        3     3280     3931     3930
        3     3881     3880     3931
        3     3930      461      462
        3      461     3931     3880
        3      775     3933     3932
        3      774     3171     3933
        3     3932     3175     3926
        3     3175     3933     3171
        3      777     3934     3935
        3       29     3932     3934
        3     3384     3935     3934
        3     3934     3926     3927
        3      778     3935     3936
        3     3383     3936     3935
        3      780     3937     3938
        3      779     3936     3937
        3     3390     3938     3937
        3     3386     3937     3936
        3      782     3939     3940
        3      781     3938     3939
        3     3395     3940     3939
        3     3393     3939     3938
        3      784     3941     3942
        3      783     3940     3941
        3     3400     3942     3941
        3     3401     3941     3940
        3      785     3942     3943
        3     3405     3943     3942
        3      788     3944     3945
        3      787     3946     3944
        3      786     3943     3946
        3     3413     3945     3944
        3     3411     3944     3946
        3     3407     3946     3943
        3      790     3947     3948
        3      789     3945     3947
        3     3417     3948     3947
        3     3418     3947     3945
        3      791     3948     3949
        3     3417     3949     3948
        3      794     3950     3170
        3      793     3951     3950
        3      792     3949     3951
        3     3169     3170     3950
        3     3925     3950     3951
        3     3422     3951     3949
        3     3924     3953     3132
        3     3510     3952     3953
        3     3508     3513     3952
        3      480     3132     3953
        3      479     3953     3952
        3      478     3952     3513
        3     4043     4030     4047
        3     4040     4031     4030
        3     4072     4073     4076
        3     4082     4019     4072
        3     4073     4072     4071
        3     4017     4022     4071
        3     4074     4076     4073
        3     4074     4073     4071
        3     4022     4028     4071
        3     4018      866     4048
        3     4048     4046     4021
        3     4046     4047     4021
        3     4002     4080     4004
        3     4085     4004     4080
        3     4078     4084     4077
        3     4003     4012     4002
        3     4165     4164     4174
        3     4163     4158     4162
        3     4158     4161     4162
        3     4198     4206     4199
        3     4190     4214     4191
        3     4212     4191     4214
        3     4143     4142     4175
        3     4143       96     4142
        3     4334     4333     4335
        3     5000     4332     4333
        3      873     4335     4333
        3      874     4333     4332
        3     4819     4818     4820
        3     4944     4821     4818
        3     4820      867      866
        3      867     4818     4821
        3     4825     4824     4937
        3     4825     4823     4824
        3     4826     4822     4823
        3      861     4937     4824
        3      862     4824     4823
        3      863     4823     4822
        3     4942     4939     4821
        3     4941     4940     4939
        3     4948     4947     4940
        3      868     4821     4939
        3      869     4939     4940
        3      870     4940     4947
        3     4936     4949     4822
        3     4817     4820     4949
        3      864     4822     4949
        3     4949      866      865
        3     4624     4993     4623
        3     4938     4937     4993
        3      859     4623     4993
        3      860     4993     4937
        3     4622     4994     4995
        3     4620     4623     4994
        3      857     4995     4994
        3      858     4994     4623
        3     4338     4999     4947
        3     4336     4335     4999
        3      871     4947     4999
        3      872     4999     4335
        3     4330     4331     4332
        3      876      875     4332
        3      335     4257     5001
        3     4260     5001     4257
        3      333     5002     5003
        3      334     5001     5002
        3     4446     5003     5002
        3     4514     5002     5001
        3      331     5004     5005
        3      332     5003     5004
        3     4444     5005     5004
        3     4443     5004     5003
        3      328     5006     5007
        3      329     5008     5006
        3      330     5005     5008
        3     4521     5007     5006
        3     4517     5006     5008
        3     4515     5008     5005
        3      326     5009     5010
        3      327     5007     5009
        3     4527     5010     5009
        3     4523     5009     5007
        3      324     5011     5012
        3      325     5010     5011
        3     4533     5012     5011
        3     4529     5011     5010
        3      321     5013     5014
        3      322     5015     5013
        3      323     5012     5015
        3     4541     5014     5013
        3     4535     5013     5015
        3     4535     5015     5012
        3     5016      318      319
        3      320     5014     5016
        3     4548     5017     5016
        3     4545     5016     5014
        3      317     5018     5019
        3     5017      317      318
        3     4997     5019     5018
        3     4550     5018     5017
        3      217      139        0
        3      856      217        0
        3     3990      217      856
        3     1706      217      216
        3     1709      217     1706
        3     3989      217     3990
        3      311     4198      312
        3      311     4206     4198
        3     1820      311      312
        3       82      311        1
        3      311      315        1
        3      311     1819      315
        3      881       99        2
        3      881     4140       99
        3      156      222        3
        3     1686      222      156
        3      938     4090      937
        3      938     4091     4090
        3     4090      878      877
        3      883     4169      882
        3      877      883      882
        3     4090      936      937
        3     4089      877        4
        3      877      881        4
        3      896     4135      895
        3      889     4134        5
        3      222      889        5
        3     4135      894      895
        3     4136      894     4135
        3     1685      220      221
        3      888     4135      889
        3      220      889      221
        3     1787     1757     1759
        3     1705      197     1743
        3     1757      223        7
        3     1758      223     1757
        3     1809        7      223
        3     3986      214     3987
        3      214      283        6
        3        6     1705      214
        3      197     1787      198
        3      197     1757     1787
        3        6     1810      223
        3      223      196        6
        3     1758      196      223
        3     1682       40      218
        3      855      886       40
        3      886      218       40
        3       39      241        8
        3        8     1781      224
        3      890      854       39
        3     1789      243      244
        3      243      242        9
        3      263     4064      262
        3      263     4065     4064
        3      242     1818       10
        3      262      485       10
        3     4064      484      485
        3     2104      485      484
        3      435      485     2104
        3     1818      263      262
        3     3036     3035      284
        3     1897       11      335
        3      284       11     1897
        3     3035       11      284
        3      795       11     3035
        3      309     1949      310
        3     1894      309      310
        3     1910      309     1894
        3      288      310       12
        3       12     1949      336
        3      288     3046      287
        3      288      376     3046
        3      287     1894      288
        3     2008      398      399
        3      398     2010     2009
        3       13     1922      289
        3      397      396       13
        3      397     2009      396
        3     2010      398     2008
        3     4197      398      397
        3     4197     4194      398
        3      396     2010       15
        3      396     2009     2010
        3      396     1922       13
        3     4197       13      314
        3      289      314       13
        3      314      289     1823
        3      337     1948      338
        3      336      337       14
        3     1979       16      356
        3     3116       16      645
        3      626     2171       16
        3      395     1977      394
        3     1979      395      625
        3     1979     1977      395
        3      624      625       17
        3      625      624     2135
        3      625      395       17
        3       20     4166      885
        3      434      880     4093
        3      885      880       20
        3      432       19       18
        3     1982       18      415
        3      433      942       19
        3       21     2100      456
        3     2998      504       21
        3     3982       21      486
        3     3982      455       21
        3       22     2992      459
        3      459      460       22
        3      664     2992      663
        3     2992     2991     2990
        3      459     2993      458
        3      458     2094      459
        3     2989     2992     2990
        3       23     4060      876
        3       23     4061     4060
        3     2012       23      480
        3     2012     2013      481
        3     3981      853      852
        3      853     3982      486
        3     3981     3982      853
        3      486      503       24
        3      853      486       24
        3      520      766     2954
        3      770      519     2956
        3      766       27      770
        3      519      487     2109
        3      488      487       25
        3      520       25      487
        3      520      762       26
        3      529      641     2159
        3      776     3932       29
        3      524      641       28
        3      528      530     2904
        3       28      528      524
        3     2908      719     2907
        3      521     2205      522
        3      526     2907      525
        3      522      525      521
        3       37     2907      719
        3       30     2204      521
        3     2909      525     2907
        3     2909       31      525
        3      521       31       30
        3      529      609       33
        3      530      529       33
        3      530      722     2904
        3     2950       38      765
        3     2949      769       35
        3       34     3032      679
        3       35      773       34
        3      765     2951     2950
        3     2950      768      769
        3      773     3031     3032
        3      769      772      773
        3     3125      643      642
        3     2167      642      643
        3     2165     2161     2167
        3      774      642       36
        3     2161       36      642
        3     2161      647      646
        3     2161     2162      647
        3       37     2910     2909
        3      569      662       30
        3      570     2909     2910
        3       30      570      569
        3      724     2910      723
        3      568     2319      569
        3      570     2911      571
        3      569      571      568
        3     2948      760      761
        3      531     2869      532
        3      607     2948      608
        3      532      608      531
        3       38     2948      761
        3       38     2949     2948
        3       34     2871      531
        3      608     2949       35
        3      531       35       34
        3      934     4133      935
        3      195     4132      194
        3       41     4134      896
        3       41     4133     4134
        3      195     4134     4133
        3       42     4095      897
        3       42     4089     4095
        3      157     4089        4
        3      897     4096      898
        3      158     4095      157
        3       45      949       46
        3       46     4219       45
        3     4220     4618     4219
        3       44      948       45
        3     4219       44       45
        3     4618     4218     4219
        3       47      953       48
        3       48     4221       47
        3     4222     4614     4221
        3       46      952       47
        3       46     4221     4220
        3     4220     4614     4619
        3       49      957       50
        3       50     4223       49
        3     4224     4610     4223
        3       48      956       49
        3       48     4223     4222
        3     4222     4610     4615
        3       51      961       52
        3       52     4225       51
        3     4226     4606     4225
        3       50      960       51
        3       50     4225     4224
        3     4224     4606     4611
        3       53      965       54
        3       54     4227       53
        3     4228     4602     4227
        3       52      964       53
        3       52     4227     4226
        3     4226     4602     4607
        3       55      969       56
        3       56     4229       55
        3     4230     4598     4229
        3       54      968       55
        3       54     4229     4228
        3     4228     4598     4603
        3       57      973       58
        3       58     4231       57
        3     4232     4594     4231
        3       56      972       57
        3       56     4231     4230
        3     4230     4594     4599
        3       59      977       60
        3       60     4233       59
        3     4234     4590     4233
        3       58      976       59
        3       58     4233     4232
        3     4232     4590     4595
        3       61      981       62
        3       62     4235       61
        3     4236     4586     4235
        3       60      980       61
        3       60     4235     4234
        3     4234     4586     4591
        3       63      985       64
        3       64     4237       63
        3     4238     4582     4237
        3       62      984       63
        3       62     4237     4236
        3     4236     4582     4587
        3       65      989       66
        3       66     4239       65
        3     4240     4578     4239
        3       64      988       65
        3       64     4239     4238
        3     4238     4578     4583
        3       67      993       68
        3       68     4241       67
        3     4242     4574     4241
        3       66      992       67
        3       66     4241     4240
        3     4240     4574     4579
        3       69      997       70
        3       70     4243       69
        3     4244     4570     4243
        3       68      996       69
        3       68     4243     4242
        3     4242     4570     4575
        3       71     1001       72
        3       72     4245       71
        3     4246     4566     4245
        3       70     1000       71
        3       70     4245     4244
        3     4244     4566     4571
        3       73     1005       74
        3       74     4247       73
        3     4248     4562     4247
        3       72     1004       73
        3       72     4247     4246
        3     4246     4562     4567
        3       75     1009       76
        3       76     4249       75
        3     4250     4558     4249
        3       74     1008       75
        3       74     4249     4248
        3     4248     4558     4563
        3       77     1013       78
        3       78     4251       77
        3     4252     4555     4251
        3       76     1012       77
        3       76     4251     4250
        3     4250     4555     4559
        3       79     1017       80
        3       80     4253       79
        3     4254     4553     4253
        3       78     1016       79
        3       78     4253     4252
        3     4252     4553     4552
        3     4208     4212     4204
        3     4204     4205     4208
        3     4199     4205     4203
        3     4206     4205     4199
        3       85     4205       84
        3     4205       85     4208
        3     4205       83       84
        3     4209     4212     4208
        3     4211     4212     4209
        3     4210       87       88
        3     4209       86       87
        3     4209     4208       86
        3     4188     4182     4187
        3     4184     4185     4187
        3     4188       90       91
        3     4187       89       90
        3       89     4185       88
        3     4146       91       92
        3     4148       91     4146
        3     4161     4144     4143
        3     4160     4144     4161
        3     4144     4160     4215
        3     4143       95       96
        3     4144       94       95
        3     4145       93       94
        3     4171     4140     4169
        3     4141     4140     4171
        3     4173     4142     4141
        3     4140       98       99
        3     4141       97       98
        3       97     4142       96
        3      102      192      103
        3      103     1057      102
        3      101      193      102
        3      102     1058      101
        3      104      190      105
        3      105     1055      104
        3      103      191      104
        3      104     1056      103
        3      106      188      107
        3      107     1053      106
        3      105      189      106
        3      106     1054      105
        3      108      186      109
        3      109     1051      108
        3      107      187      108
        3      108     1052      107
        3      110      184      111
        3      111     1049      110
        3      109      185      110
        3      110     1050      109
        3      112      182      113
        3      113     1047      112
        3      111      183      112
        3      112     1048      111
        3      114      180      115
        3      115     1045      114
        3      113      181      114
        3      114     1046      113
        3      116      178      117
        3      117     1043      116
        3      115      179      116
        3      116     1044      115
        3      118      176      119
        3      119     1041      118
        3      117      177      118
        3      118     1042      117
        3      120      174      121
        3      121     1039      120
        3      119      175      120
        3      120     1040      119
        3      122      172      123
        3      123     1037      122
        3      121      173      122
        3      122     1038      121
        3      124      170      125
        3      125     1035      124
        3      123      171      124
        3      124     1036      123
        3      126      168      127
        3      127     1033      126
        3      125      169      126
        3      126     1034      125
        3      128      166      129
        3      129     1031      128
        3      127      167      128
        3      128     1032      127
        3      130      164      131
        3      131     1029      130
        3      129      165      130
        3      130     1030      129
        3      132      162      133
        3      133     1027      132
        3      131      163      132
        3      132     1028      131
        3      134      160      135
        3      135     1025      134
        3      133      161      134
        3      134     1026      133
        3      136      158      137
        3      137     1023      136
        3      135      159      136
        3      136     1024      135
        3      142     1711     1715
        3     1711      142      141
        3      140     1711      141
        3     1711     1713     1715
        3     1708     1711     1709
        3      144     1718      145
        3      143     1717      144
        3     1715     1717      143
        3     1714     1717     1715
        3     1714     1716     1717
        3      147     1721      148
        3      146     1720      147
        3     1719      146      145
        3     1726     1721     1720
        3     1719     1730     1720
        3      148     1753      149
        3      148     1722     1753
        3      152     1689      153
        3      151     1690      152
        3      150     1755      151
        3     1690     1693     1689
        3     1691     1690     1755
        3     1690     1692     1693
        3      155     1686      156
        3      154     1687      155
        3     1688      154      153
        3     1702     1686     1687
        3     1702     1685     1686
        3     1688     1699     1687
        3      898     4097      899
        3      159     4096      158
        3      899     4098      900
        3      160     4097      159
        3      900     4099      901
        3      161     4098      160
        3      901     4100      902
        3      162     4099      161
        3      902     4101      903
        3      163     4100      162
        3      903     4102      904
        3      164     4101      163
        3      904     4103      905
        3      165     4102      164
        3      905     4104      906
        3      166     4103      165
        3      906     4105      907
        3      167     4104      166
        3      907     4106      908
        3      168     4105      167
        3      908     4107      909
        3      169     4106      168
        3      909     4108      910
        3      170     4107      169
        3     4108      911      910
        3      171     4108      170
        3     4110      911     4109
        3      172     4109      171
        3     4111      912     4110
        3      173     4110      172
        3     4112      913     4111
        3      174     4111      173
        3     4113      914     4112
        3      175     4112      174
        3     4114      915     4113
        3      176     4113      175
        3     4115      916     4114
        3      177     4114      176
        3     4116      917     4115
        3      178     4115      177
        3     4117      918     4116
        3      179     4116      178
        3     4118      919     4117
        3      180     4117      179
        3     4119      920     4118
        3      181     4118      180
        3     4120      921     4119
        3      182     4119      181
        3     4121      922     4120
        3      183     4120      182
        3      923     4122      924
        3      184     4121      183
        3      924     4123      925
        3      185     4122      184
        3      925     4124      926
        3      186     4123      185
        3      926     4125      927
        3      187     4124      186
        3      927     4126      928
        3      188     4125      187
        3      928     4127      929
        3      189     4126      188
        3      929     4128      930
        3      190     4127      189
        3      930     4129      931
        3      191     4128      190
        3      931     4130      932
        3      192     4129      191
        3      932     4131      933
        3      193     4130      192
        3      933     4132      934
        3      194     4131      193
        3     1738      199     1737
        3     1738      198      199
        3     1738     1743      198
        3     1761      198     1787
        3     1761      199      198
        3     1786      237     1785
        3     1786      238      237
        3      200     1737      199
        3      200     1760     1786
        3      239     1761     1759
        3     1760     1761      239
        3      202     1736      201
        3     1785     1762     1786
        3     1785     1763     1762
        3      200     1735     1737
        3      200      201     1735
        3     1763      202      201
        3      202     1765     1764
        3      200     1762      201
        3     1770      232     1783
        3     1769      232     1770
        3      204     1744     1729
        3     1767      233      232
        3     1768     1766     1767
        3     1769      204     1768
        3     1769      205      204
        3      203     1768      204
        3      203     1766     1768
        3     1750      207     1751
        3     1746      206     1750
        3     1783      206     1770
        3      206     1784      207
        3     1770      206      205
        3     1773      229      228
        3     1782      207     1784
        3     1784      230     1782
        3     1784      231      230
        3      207     1771      208
        3      210     1696      209
        3     1697      209     1696
        3      228     1772     1773
        3      228     1775     1772
        3     1697      208      209
        3     1697     1751      208
        3     1775      210      209
        3      210     1774     1777
        3     1772      208     1771
        3     1772      209      208
        3     1779     4536      213
        3     1779     1781      241
        3      854     4137      855
        3     1683      212     1682
        3      212     1683     1703
        3     1780      224     1781
        3     1780      225      224
        3       96     1778     1665
        3      212     1779      213
        3      212     1776     1780
        3     1776      212      211
        3     1707     1706      215
        3     1707     1705     1743
        3     1705      215      214
        3      216     3988      215
        3      216     3989     3988
        3     3988     3987      215
        3     4136      892      893
        3      220     1684      219
        3      887     4136      888
        3      220      887      888
        3     4138      886     4137
        3      219     1683      218
        3      886      219      218
        3     1777      226     1776
        3     1777      227      226
        3     1774      228      227
        3     1783      232      231
        3      235     1764     1765
        3     1764      235      234
        3     1766     1764      234
        3     1765      236      235
        3     1759      240      239
        3     1791      246      247
        3     1816     1791      265
        3     1816     1790     1791
        3      245     1789      244
        3      245     1817     1789
        3     1815      248      249
        3     1815     1793     1792
        3      268     4034      267
        3      268     4033     4034
        3     1792      247      248
        3     1791      266      265
        3     1793      268      267
        3      266     1793      267
        3      266     1791     1793
        3     1797      251      252
        3     1799      253      254
        3     1798      252      253
        3     1801      255      256
        3     1802     1800     1801
        3     1800      254      255
        3      254     1813     1799
        3     1800     1813      254
        3      275     1802      276
        3      275     1800     1802
        3     1805      257      258
        3     1807      259      260
        3     1806      258      259
        3     4036      264      265
        3      263     4070     4067
        3     1816      264     1817
        3     1816      265      264
        3     1789      264      263
        3     1797      270     1794
        3     1794     1796     1797
        3     3980      269      270
        3      250     1815      249
        3      250     1795     1815
        3      268     4032     4031
        3     1815      269      268
        3     1794      269     1795
        3     1794      270      269
        3      273     4026      272
        3      273     4027     4026
        3     1814     1797     1798
        3      271     4023      270
        3     4026     4023      271
        3     1814      273      272
        3      271     1814      272
        3     4074     4081     4075
        3     4074      275     4081
        3      273     4074     4029
        3     1813      273     1799
        3     1813      274      273
        3     1803     1805      278
        3     1803      257     1805
        3     4085      277      278
        3     1804      256      257
        3     1801      277     1802
        3      277     4081      276
        3      277     4078     4081
        3     1803      277     1804
        3     1803      278      277
        3     1802      277      276
        3      281     4086      280
        3      281     3999     4086
        3     1812     1805     1806
        3      279     4085      278
        3     4086     4085      279
        3     1812      281      280
        3      279     1812      280
        3      279     1805     1812
        3     4088      282     3986
        3      281     4088     4087
        3     1811      281     1807
        3     1811      282      281
        3      284     1909      285
        3     1896     1910     1895
        3     1896     1907     1910
        3     3046      286      287
        3     1896      287      286
        3     1909     1896      285
        3      286     3036      285
        3      286     3038     3036
        3     1926      291      290
        3     1824     1823      290
        3      291     1824      290
        3      291     1927      292
        3     1927      293      292
        3      293     1928      294
        3     1929      291     1925
        3      291     1826     1827
        3      291     1825     1826
        3     1928      293     1927
        3     1829      293      294
        3     1829     1825      293
        3     1930      295      294
        3      295     1932      296
        3     1928     1930      294
        3      351     1930     1928
        3      295     1829      294
        3     1931      350     1934
        3     1931      351      350
        3      295     1934     1932
        3     1858      295      296
        3     1855      295     1858
        3     1935      299      298
        3     1859      297      298
        3     1859     1858      297
        3      299     1859      298
        3      299     1937      300
        3     1937      301      300
        3     1936     1937      299
        3      299     1861     1862
        3      299     1860     1861
        3     1937     1938      301
        3     1864      301      302
        3     1864     1860      301
        3     1940      303      302
        3     1938      302      301
        3     1951     1940     1938
        3     3965     1864      302
        3     1943      344      343
        3     1941      344     1943
        3      304     1863      303
        3     1943      303     1941
        3      304     1944      305
        3     1944      306      305
        3      306     1946      307
        3      342     1943      343
        3     1943     1944      304
        3      304     1887     1911
        3      304     1890     1887
        3      341     1942      342
        3     1946      306     1944
        3     1947      308      307
        3      308     1891      307
        3     1893      309     1892
        3     1948      308     1950
        3     1822     1821      313
        3     1821      312      313
        3     1820      312     1821
        3     4197     4195     4194
        3      313     4197      314
        3     4200     4198     4199
        3     4200      313     4198
        3     1838     1841     1819
        3     1834     1841     1838
        3      316     1841      317
        3     1819     1841      316
        3      317     1840      318
        3     1921     1844     1843
        3     1916     1844     1921
        3     1842      319      318
        3      319     1844      320
        3     1849     1844     1853
        3     1849     1847     1845
        3     1849     1846     1847
        3     1844      321      320
        3     1845      321     1844
        3     1847      323      322
        3     1846     1872     1874
        3     1918     1872     1846
        3     1869     1872     1873
        3      323     1872      324
        3     1871      324     1872
        3     1871      325      324
        3     1913     1876     1914
        3     1875      326      325
        3      326     1876      327
        3     1885     1876     1913
        3     1883     1877     1885
        3      327     1877      328
        3     1877      329      328
        3     1877     1878      329
        3     1883     1881     1879
        3     1883     1880     1881
        3     1880     1900     1901
        3     1904     1900     1880
        3     1878      331      330
        3     1881      331     1878
        3      331     1900      332
        3     1902     1900     1903
        3     1899     1909     1898
        3      332     1899      333
        3     1899      334      333
        3     1899     1897      334
        3      340     1946      341
        3     1946     1947      307
        3     1945     1947     1946
        3     1948      339      338
        3     1950      339     1948
        3     1936      347     1939
        3     1936      348      347
        3      346     1939      347
        3     1932      297      296
        3      297     1933      298
        3      349     1934      350
        3     1933     1932     1934
        3      348     1933      349
        3     1935      348     1936
        3     1935     1933      348
        3     1925      353     1929
        3     1925      354      353
        3      352     1929      353
        3     1922      290      289
        3      355     1923       15
        3     1924     1922     1923
        3      354     1924      355
        3     1926      354     1925
        3     1926     1924      354
        3     1978      392      393
        3     1975      392     1978
        3     1978      358     1975
        3      357     3114      358
        3     3115     3114      357
        3      394     1978      393
        3      357     1977      356
        3      360     1974      359
        3     1975      358      359
        3     2968      360      359
        3     1973     1976     1974
        3     1974      391     1975
        3     3113      358     3114
        3      361     1973      360
        3      361     1972     1973
        3     3076      362      361
        3     3076     3075      362
        3     3076      360     3111
        3     1966      364      365
        3      364     1968      363
        3     1980     1965     1963
        3     1980     1966     1965
        3      364     3073      365
        3     1967      387     1970
        3     1967      386      387
        3     1970      364     1967
        3     3075      364      363
        3     3130      364     3075
        3     1962      366      367
        3      366     1965      365
        3      366     3070      367
        3     3072      366      365
        3      366     1963     1965
        3      370     1959      369
        3     1958      381     1959
        3     1958     1960      381
        3      369     3049      370
        3     3048     3049      369
        3      382     1959      381
        3      369     1961      368
        3      373     1957      372
        3      371     1960     1958
        3      372     3043      373
        3     3047     3043      372
        3     1960      371      372
        3     3049      371      370
        3     3049     3047      371
        3      376     1953      375
        3      376     1952     1953
        3     1953      374      375
        3      374     1954     1956
        3     1952      377     1955
        3     1952      336      377
        3      375     3046      376
        3     3045     3046      375
        3      378     1955      377
        3     1954      374     1953
        3     1956      379     1957
        3     1956     1954      379
        3      380     1957      379
        3      383     1961      382
        3     1962      383     1964
        3     1962     1961      383
        3     1964      384     1963
        3     1964      383      384
        3     1968      362      363
        3      362     1969     1971
        3      388     1970      387
        3     1969     1968     1970
        3     1971      389     1972
        3     1971     1969      389
        3      390     1972      389
        3      391     1976      390
        3     2007      399      400
        3     4196     4194     4195
        3     4196      399     4194
        3     2001      429     2006
        3     2001      428      429
        3     4193      401      400
        3      401     2006      400
        3     2007      430     2005
        3     2007     2006      430
        3      403     2000      402
        3      403     2003     2000
        3     2004      401      402
        3     4177      403      402
        3     2004     2002     2001
        3     2000     2002     2004
        3     4192      401     4193
        3      402      401     4192
        3     1996      405      406
        3     1998      404      405
        3      404     1997     1999
        3      423     1993     1995
        3      423     1996     1993
        3      405     4154      406
        3     4155     4154      405
        3     1994      424     1997
        3     1994      423      424
        3     1997      404     1998
        3     1992      407      408
        3      407     1995     1993
        3     1993      406      407
        3     4156      408      407
        3     4156     4157      408
        3     4152      407      406
        3     1995      407     1992
        3     1991      408      409
        3     1989      420     1988
        3     1989      419      420
        3     1988      408     1991
        3     1992      422     1995
        3     1992      421      422
        3      411     1985     2011
        3     2011      410      411
        3     1990      409      410
        3     4164      411      410
        3     1990      419     1989
        3     2011      419     1990
        3     4163      409     4157
        3     1983      413      414
        3      413     1986      412
        3      412     1986     1987
        3     1983     1982     1981
        3     1983      432     1982
        3     4539      414       20
        3     4093      433      434
        3     4539       20      434
        3     4167      413     4176
        3      413     4167     4166
        3     1981      416     1986
        3     1981      415      416
        3     4176      413      412
        3     1986      413     1981
        3     1987      418     1985
        3     1987      417      418
        3      419     1985      418
        3      423     1995      422
        3      426     1999      425
        3     1999      426     2003
        3     1999     1997      425
        3      427     2003      426
        3      431     2005      430
        3      835     3954     3955
        3      242     3954      835
        3     2104      436      435
        3     2104     2105      436
        3     3955      836      835
        3     3958     3956     3955
        3     3958      435      436
        3      435     3955     3954
        3      437     3958      436
        3      437     3956     3958
        3     2031     2107     2030
        3      439     2107     2031
        3     3959     3962     3963
        3     2032     2031     2030
        3     2032      440     2031
        3     3959      438      439
        3      438     3963     3957
        3      440     3959      439
        3      440     3962     3959
        3      839     3960     3961
        3     3962     3960      839
        3     2032      442      441
        3     2032     2054      442
        3     3961      840      839
        3      442     3964     3961
        3     3965      303     1863
        3      441     3961     3960
        3      303     3965      302
        3     2055      445      444
        3     2033      445     2058
        3      445     3976     3977
        3     2034      446     2033
        3     3966      444      445
        3     3967      445      446
        3     3967     3975     3976
        3     3968     3975     3967
        3     2034      447      446
        3     3974      844     3975
        3     3974      845      844
        3     2074      447     2037
        3     2073      447     2074
        3      447     3968      446
        3     3969      447      448
        3     2070     2073     2072
        3     2070      449     2073
        3     2070      451      450
        3     3978      450      451
        3      450     3971     3970
        3     3978     3985     3971
        3     2075     2212     2102
        3     3979      849     3985
        3     3984      849     3979
        3     2075      453      452
        3     3979      451      452
        3      453     3984      452
        3      850     3983      851
        3      850     3984     3983
        3     2077      454      453
        3     2077     2101      454
        3     3983      852      851
        3     3981      454      455
        3     4023     4032     3980
        3     4023     3980      270
        3     2993      457      458
        3     2995      457     2993
        3     2095      458      457
        3     2996     2993     2989
        3     2995      456      457
        3      456     2097      457
        3     2998     2994     2997
        3      461     2093      462
        3     2094      461      460
        3     2099     2092     2093
        3     2093     2094     2096
        3      463     2087      464
        3      463     2088     2087
        3     2092      463      462
        3     2091     2089     2092
        3     2091     2090     2089
        3     2083      467      466
        3      465     2083      466
        3     2087     2083      465
        3     2083     2064     2084
        3     2083     2086     2064
        3     2080     2083     2081
        3     2063      469      468
        3      467     2065      468
        3     2067     2062     2063
        3     2067     2061     2062
        3     2067     2064     2066
        3     2067     2065     2064
        3      469     2059      470
        3      469     2060     2059
        3      474     2048      475
        3     2044     2048      474
        3     2043      473      472
        3     2043     2044      473
        3     2046     2048     2044
        3     2043     2045     2044
        3      476     2049      477
        3     2048      476      475
        3     2026     2048     2047
        3     2049     2048     2026
        3      479     2012      480
        3      478     2024      479
        3     2023      478      477
        3     2012     2018     2014
        3     2012     2024     2018
        3     2023     2019     2024
        3     4061     4057     4058
        3     4062     4057      482
        3     2013      483      482
        3     2015      483     2013
        3     4065     4062     4063
        3     4062     4066     4069
        3      483     2104      484
        3      484     4062      483
        3     2113      489      490
        3     2111     2113      517
        3     2111     2112     2113
        3     2112      488      489
        3     2112     2109      488
        3     2117      491      492
        3     2116     2114     2117
        3     2114      490      491
        3     2113     2115      517
        3     2116      516     2115
        3     2134      493      494
        3     2120     2118     2134
        3     3020      513     3018
        3     2118      492      493
        3     2117     4217     2116
        3     2119      513      514
        3     4217     3034      515
        3     4217     2119      514
        3     2116     4217      515
        3     2132      495      496
        3     3013      512      511
        3     2133      494      495
        3     2134     2121     2120
        3      512     3018      513
        3      512     3017     3018
        3     2121      511      512
        3     2120      512      513
        3     2123      498      499
        3     2126      500      501
        3     2125      499      500
        3     2128      502      503
        3     2127      501      502
        3     2128     2129     2127
        3     2999      504     2997
        3      504     3023      505
        3     2129     2126     2127
        3     3022      505     3023
        3     3002     3023     3000
        3     2129      504      505
        3     2130      505      506
        3     2130     2125     2126
        3     3022     3009      507
        3     3009     3022     3002
        3     2131     2123     2125
        3     3009      509      508
        3      507     2130      506
        3      507     2125     2130
        3      508      509     2131
        3     1064     1061     2124
        3     2123     2122      498
        3     3007      510      509
        3      497     2132      496
        3      497     2122     2132
        3      511     3014     3013
        3     2122      509      510
        3     1064     2124     1066
        3     2132      510      511
        3     3034      516      515
        3     2964      517      516
        3      516     2116      515
        3     2963      518      517
        3      519     2958     2956
        3     2111      518     2110
        3     2111      517      518
        3     2109      518      519
        3      523     2229      524
        3      528     2906      527
        3      524      527      523
        3     2905      527     2906
        3      522     2230      523
        3      523      526      522
        3     2946      758      759
        3      533     2834      534
        3      605     2946      606
        3      534      606      533
        3     2947      759      760
        3      532     2870      533
        3      606     2947      607
        3      533      607      532
        3     2944      756      757
        3      535     2831      536
        3      603     2944      604
        3      536      604      535
        3     2945      757      758
        3      534     2833      535
        3      604     2945      605
        3      535      605      534
        3     2942      754      755
        3      537     2795      538
        3      601     2942      602
        3      538      602      537
        3     2943      755      756
        3      536     2832      537
        3      602     2943      603
        3      537      603      536
        3      752     2940     2939
        3      539     2792      540
        3      599     2940      600
        3      540      600      539
        3     2941      753      754
        3      538     2794      539
        3      600     2941      601
        3      539      601      538
        3     2937      751     2938
        3      541     2756      542
        3      597     2938      598
        3      542      598      541
        3     2938      752     2939
        3      540     2793      541
        3      598     2939      599
        3      541      599      540
        3      749     2935      748
        3      543     2753      544
        3      595     2936      596
        3      544      596      543
        3      750     2936      749
        3      542     2755      543
        3      596     2937      597
        3      543      597      542
        3      747     2933      746
        3      545     2717      546
        3      593     2934      594
        3      546      594      545
        3      748     2934      747
        3      544     2754      545
        3      594     2935      595
        3      545      595      544
        3      745     2931      744
        3      547     2714      548
        3      591     2932      592
        3      548      592      547
        3      746     2932      745
        3      546     2716      547
        3      592     2933      593
        3      547      593      546
        3      743     2929      742
        3      549     2678      550
        3      589     2930      590
        3      550      590      549
        3      744     2930      743
        3      548     2715      549
        3      590     2931      591
        3      549      591      548
        3      741     2927      740
        3      551     2675      552
        3      587     2928      588
        3      552      588      551
        3      742     2928      741
        3      550     2677      551
        3      588     2929      589
        3      551      589      550
        3      739     2925      738
        3      553     2639      554
        3      585     2926      586
        3      554      586      553
        3      740     2926      739
        3      552     2676      553
        3      586     2927      587
        3      553      587      552
        3     2924      736      737
        3      555     2636      556
        3      583     2924      584
        3      556      584      555
        3      738     2924      737
        3      554     2638      555
        3      584     2925      585
        3      555      585      554
        3     2921      735     2922
        3      557     2600      558
        3      581     2922      582
        3      558      582      557
        3     2922      736     2923
        3      556     2637      557
        3      582     2923      583
        3      557      583      556
        3     2919      733     2920
        3      559     2597      560
        3      579     2920      580
        3      560      580      559
        3     2920      734     2921
        3      558     2599      559
        3      580     2921      581
        3      559      581      558
        3     2917      731     2918
        3      561     2561      562
        3      577     2918      578
        3      562      578      561
        3     2918      732     2919
        3      560     2598      561
        3      578     2919      579
        3      561      579      560
        3     2915      729     2916
        3      563     2557      564
        3      575     2916      576
        3      564      576      563
        3     2916      730     2917
        3      562     2560      563
        3      576     2917      577
        3      563      577      562
        3     2913      727     2914
        3      565     2559      566
        3      573     2914      574
        3      566      574      565
        3     2914      728     2915
        3      564     2558      565
        3      574     2915      575
        3      565      575      564
        3     2911      725     2912
        3      567     2320      568
        3      571     2912      572
        3      568      572      567
        3     2912      726     2913
        3      566     2321      567
        3      572     2913      573
        3      567      573      566
        3      610     2157      611
        3     2157     2158      639
        3     2156     2158     2157
        3      609     2156      610
        3     2159     2156      609
        3      638     2152     2155
        3      612     2154      613
        3     2152     2153     2155
        3      611     2153      612
        3     2155     2157      639
        3      635     2151      636
        3     4256     2223      636
        3     2151     4256      636
        3     4256     2154     2152
        3      614     2150      615
        3     2148     2149     2151
        3     2223      635      636
        3      613     2149      614
        3     2154     4256     2151
        3      633     2147      634
        3      634     2148      635
        3      616     2146      617
        3      634     2221      633
        3     2147     2146     2145
        3      615     2145      616
        3     2219      634      635
        3     2220      634     2219
        3     2147     2150     2148
        3      619     2141      620
        3      621     2137      622
        3      620     2142      621
        3      623     2135      624
        3      622     2138      623
        3      626     2136      627
        3      627     2139      628
        3     2135     2136      626
        3      626     2240     2170
        3      626     2173     2240
        3     2137     2136     2138
        3     2172      627      628
        3     2173     2178     2180
        3     2139      629      628
        3      629     2142     2140
        3     2143      630     2140
        3      630     2143      631
        3     2142     2139     2137
        3     2172     2175     2178
        3     2175     2172      629
        3     2141     2140     2142
        3      631     2175      630
        3      632     2143     2144
        3     2143      632      631
        3     2143      619     2144
        3     2143     2141      619
        3      632     2174      631
        3     2146      618      617
        3     2144      618     2146
        3     2222      633     2221
        3     2146      632     2144
        3      638     2226      637
        3      639     2225      638
        3     2158      640      639
        3      640     2159      641
        3      640     2228      639
        3     2227      641     2229
        3     3117      645      644
        3     2168      645     2171
        3     2168      644      645
        3     2169     2171     2170
        3      643     3124      644
        3      644     2167      643
        3      644     2168     2167
        3     2167     2166     2165
        3     2162      649      648
        3      649     2191      650
        3      649     2192     2191
        3     2193     2190     2191
        3     2194     2190     2193
        3     2189     2190     2194
        3      650     2190      651
        3      651     2188      652
        3     2186     2188     2189
        3     2184     2187     2186
        3      652     2187      653
        3     2196      653     2187
        3     2196      654      653
        3     2236     2196     2184
        3     2235     2238     2236
        3     2196     2197      654
        3     2197      656      655
        3     2235     2239     2198
        3     2214     2211     2239
        3     2239     2200     2199
        3      657     2198     2199
        3     2198      657      656
        3      657     2200      658
        3     2211     2201     2200
        3     2210     2201     2211
        3     2209     2201     2210
        3      658     2201      659
        3      659     2202      660
        3     2207     2202     2209
        3     2203     2205     2204
        3      660     2203      661
        3      661     2204      662
        3      666     2991      665
        3     2985      666      667
        3     2987      666     2985
        3     2984      667      668
        3     2982      668      669
        3     2984     2986     2985
        3     2984     3004     2986
        3     2983     2984     2982
        3     2981      669      670
        3     2978      670      671
        3     2982     2980     2983
        3     2979     2981     2978
        3     2977     2978      671
        3     3024     2976     2977
        3      673     2977      672
        3     2978     2975     2979
        3     2974     2976     3024
        3      674     3024      673
        3     3024      674     3025
        3     3026      674      675
        3     2970     2974     3024
        3     2969     2971     2970
        3     3026     2970     3025
        3     3027      675      676
        3     3029      676      677
        3     3027     2969     3026
        3     3027     2966     2969
        3     3028     3027     3029
        3     3030      677      678
        3     3032      678      679
        3     3029     3033     3028
        3     3031     3030     3032
        3      682     3276      683
        3      683     2246      682
        3     2247     2245     2246
        3      681     3275      682
        3      682     2243      681
        3     2245     2243     2246
        3      684     3270      685
        3      685     2250      684
        3     2251     2249     2250
        3      683     3269      684
        3      684     2247      683
        3     2247     2249     2248
        3      686     3264      687
        3      687     2254      686
        3     2255     2253     2254
        3      685     3263      686
        3      686     2251      685
        3     2251     2253     2252
        3      688     3258      689
        3      689     2258      688
        3     2259     2257     2258
        3      687     3257      688
        3      688     2255      687
        3     2255     2257     2256
        3      690     3252      691
        3      691     2262      690
        3     2263     2261     2262
        3      689     3251      690
        3      690     2259      689
        3     2259     2261     2260
        3      692     3246      693
        3      693     2266      692
        3     2267     2265     2266
        3      691     3245      692
        3      692     2263      691
        3     2263     2265     2264
        3      694     3240      695
        3      695     2270      694
        3     2271     2269     2270
        3      693     3239      694
        3      694     2267      693
        3     2267     2269     2268
        3      696     3234      697
        3      697     2274      696
        3     2275     2273     2274
        3      695     3233      696
        3      696     2271      695
        3     2271     2273     2272
        3      698     3228      699
        3      699     2278      698
        3     2279     2277     2278
        3      697     3227      698
        3      698     2275      697
        3     2275     2277     2276
        3      700     3222      701
        3      701     2282      700
        3     2283     2281     2282
        3      699     3221      700
        3      700     2279      699
        3     2279     2281     2280
        3      702     3216      703
        3      703     2286      702
        3     2287     2285     2286
        3      701     3215      702
        3      702     2283      701
        3     2283     2285     2284
        3      704     3210      705
        3      705     2290      704
        3     2291     2289     2290
        3      703     3209      704
        3      704     2287      703
        3     2287     2289     2288
        3      706     3204      707
        3      707     2294      706
        3     2295     2293     2294
        3      705     3203      706
        3      706     2291      705
        3     2291     2293     2292
        3      708     3198      709
        3      709     2298      708
        3     2299     2297     2298
        3      707     3197      708
        3      708     2295      707
        3     2295     2297     2296
        3      710     3192      711
        3      711     2302      710
        3     2303     2301     2302
        3      709     3191      710
        3      710     2299      709
        3     2299     2301     2300
        3      712     3186      713
        3      713     2306      712
        3     2307     2305     2306
        3      711     3185      712
        3      712     2303      711
        3     2303     2305     2304
        3      714     3180      715
        3      715     2310      714
        3     2311     2309     2310
        3      713     3179      714
        3      714     2307      713
        3     2307     2309     2308
        3      716     3172      717
        3      717     2314      716
        3     2315     2313     2314
        3      715     3173      716
        3      716     2311      715
        3     2311     2313     2312
        3      721     2904      722
        3      720     2906      721
        3     2952      764      763
        3     2954      763      762
        3      767     2953     2952
        3     2957      772      771
        3      767      772      768
        3      771     2956     2957
        3     2952      766      767
        3      771      766      770
        3     3126     3119     3122
        3     3125     3122     3123
        3     3122      775      776
        3      775     3125      774
        3     3127     3120     3126
        3     3104     3120     3127
        3     3102      777      778
        3     3105      777     3102
        3      777     3126      776
        3     3101     3128     3110
        3     3101     3129     3128
        3     3106     3101     3110
        3      781     3101      780
        3     3101      779      780
        3     3101     3102      779
        3     3081     3097     3085
        3     3129     3081     3080
        3     3099     3081     3129
        3      783     3098      782
        3     3099      781      782
        3     3095      783      784
        3     3096      783     3095
        3     3064     3061     3068
        3     3063     3094     3062
        3     3061      788      789
        3     3061     3062      788
        3      787     3094      786
        3     3062     3094      787
        3     3061     3131     3068
        3     3061     3060     3131
        3     3060      790      791
        3      790     3061      789
        3     3040     3035     3037
        3     3059     3035     3040
        3     3057     3058     3059
        3     3035      794      795
        3     3059      793      794
        3      793     3058      792
        3      798     4326      799
        3      799     3134      798
        3      797     4329      798
        3     3134      797      798
        3      800     4322      801
        3      801     3136      800
        3      799     4325      800
        3      799     3136     3135
        3      802     4318      803
        3      803     3138      802
        3      801     4321      802
        3      801     3138     3137
        3      804     4314      805
        3      805     3140      804
        3      803     4317      804
        3      803     3140     3139
        3      806     4310      807
        3      807     3142      806
        3      805     4313      806
        3      805     3142     3141
        3      808     4306      809
        3      809     3144      808
        3      807     4309      808
        3      807     3144     3143
        3      810     4302      811
        3      811     3146      810
        3      809     4305      810
        3      809     3146     3145
        3      812     4298      813
        3      813     3148      812
        3      811     4301      812
        3      811     3148     3147
        3      814     4294      815
        3      815     3150      814
        3      813     4297      814
        3      813     3150     3149
        3      816     4290      817
        3      817     3152      816
        3      815     4293      816
        3      815     3152     3151
        3      818     4286      819
        3      819     3154      818
        3      817     4289      818
        3      817     3154     3153
        3      820     4282      821
        3      821     3156      820
        3      819     4285      820
        3      819     3156     3155
        3      822     4278      823
        3      823     3158      822
        3      821     4281      822
        3      821     3158     3157
        3      824     4274      825
        3      825     3160      824
        3      823     4277      824
        3      823     3160     3159
        3      826     4270      827
        3      827     3162      826
        3      825     4273      826
        3      825     3162     3161
        3      828     4266      829
        3      829     3164      828
        3      827     4269      828
        3      827     3164     3163
        3      830     4262      831
        3      831     3166      830
        3      829     4265      830
        3      829     3166     3165
        3      832     4258      833
        3      833     3168      832
        3      831     4261      832
        3      831     3168     3167
        3      837     3957     3963
        3     3956     3957      837
        3     3963      838      837
        3     3964      841      840
        3     3966     3964      443
        3     3966      841     3964
        3     3977      842      841
        3     3973      846      845
        3     3969     3972     3973
        3      847     3970     3971
        3     3972     3970      847
        3      449     3969      448
        3      449     3972     3969
        3     3971      848      847
        3     3985      849      848
        3     3991      857      858
        3     3991     3990      857
        3     3993      858      859
        3     3991     3994     3990
        3     3992     3991     3993
        3      860     4007      859
        3     4009      860      861
        3     4009     4006     4008
        3     4009     4003     4006
        3      862     4009      861
        3      862     4011     4009
        3      864     4013      863
        3     4009     4010     4012
        3     4013     4010     4011
        3     4014     4010     4013
        3     4016      864      865
        3     4018      865      866
        3     4016     4014     4015
        3     4016     4082     4014
        3     4017     4016     4018
        3      867     4048      866
        3     4045      867      868
        3     4046      867     4045
        3     4045     4047     4046
        3     4044      868      869
        3      870     4044      869
        3     4049     4044      870
        3     4045     4043     4047
        3     4041     4044     4042
        3      872     4049      871
        3      872     4050     4049
        3     4055      872      873
        3     4050     4041     4042
        3     4052     4041     4050
        3     4055     4052     4051
        3     4055     4053     4052
        3     4056      873      874
        3      875     4056      874
        3     4056     4060     4058
        3     4055     4059     4054
        3     4057     4056     4058
        3      880     4092     4093
        3     4167      884      885
        3      880      884      879
        3      880      885      884
        3     4091      940     4092
        3     4168      883      884
        3     4091      879      878
        3      883      879      884
        3      891     4139      890
        3     4094      941      942
        3     1273     1274     1276
        3     1275      947     1274
        3     1274     1279     1276
        3      947     1658     1274
        3     1267     1268     1270
        3     1269      951     1268
        3     1273     1268     1275
        3     1275      951      950
        3     1261     1262     1264
        3     1263      955     1262
        3     1267     1262     1269
        3     1269      955      954
        3     1255     1256     1258
        3     1257      959     1256
        3     1261     1256     1263
        3     1263      959      958
        3     1249     1250     1252
        3     1251      963     1250
        3     1255     1250     1257
        3     1257      963      962
        3     1243     1244     1246
        3     1245      967     1244
        3     1249     1244     1251
        3     1251      967      966
        3     1237     1238     1240
        3     1239      971     1238
        3     1243     1238     1245
        3     1245      971      970
        3     1231     1232     1234
        3     1233      975     1232
        3     1237     1232     1239
        3     1239      975      974
        3     1225     1226     1228
        3     1227      979     1226
        3     1231     1226     1233
        3     1233      979      978
        3     1219     1220     1222
        3     1221      983     1220
        3     1225     1220     1227
        3     1227      983      982
        3     1213     1214     1216
        3     1215      987     1214
        3     1219     1214     1221
        3     1221      987      986
        3     1207     1208     1210
        3     1209      991     1208
        3     1213     1208     1215
        3     1215      991      990
        3     1201     1202     1204
        3     1203      995     1202
        3     1207     1202     1209
        3     1209      995      994
        3     1195     1196     1198
        3     1197      999     1196
        3     1201     1196     1203
        3     1203      999      998
        3     1189     1190     1192
        3     1191     1003     1190
        3     1195     1190     1197
        3     1197     1003     1002
        3     1183     1184     1186
        3     1185     1007     1184
        3     1189     1184     1191
        3     1191     1007     1006
        3     1178     1179     1180
        3     1176     1011     1179
        3     1183     1179     1185
        3     1185     1011     1010
        3     1175     1177     1174
        3     1659     1015     1177
        3     1178     1177     1176
        3     1176     1015     1014
        3     1283     1281     1579
        3     1282     1278     1281
        3     1276     1271     1273
        3     1281     1578     1579
        3     1278     1280     1281
        3     1279     1278     1276
        3     1287     1285     1284
        3     1286     1272     1285
        3     1270     1265     1267
        3     1283     1285     1282
        3     1282     1272     1271
        3     1273     1272     1270
        3     1291     1289     1288
        3     1290     1266     1289
        3     1264     1259     1261
        3     1287     1289     1286
        3     1286     1266     1265
        3     1267     1266     1264
        3     1295     1293     1292
        3     1294     1260     1293
        3     1258     1253     1255
        3     1291     1293     1290
        3     1290     1260     1259
        3     1261     1260     1258
        3     1299     1297     1296
        3     1298     1254     1297
        3     1252     1247     1249
        3     1295     1297     1294
        3     1294     1254     1253
        3     1255     1254     1252
        3     1303     1301     1300
        3     1302     1248     1301
        3     1246     1241     1243
        3     1299     1301     1298
        3     1298     1248     1247
        3     1249     1248     1246
        3     1307     1305     1304
        3     1306     1242     1305
        3     1240     1235     1237
        3     1303     1305     1302
        3     1302     1242     1241
        3     1243     1242     1240
        3     1311     1309     1308
        3     1310     1236     1309
        3     1234     1229     1231
        3     1307     1309     1306
        3     1306     1236     1235
        3     1237     1236     1234
        3     1315     1313     1312
        3     1314     1230     1313
        3     1228     1223     1225
        3     1311     1313     1310
        3     1310     1230     1229
        3     1231     1230     1228
        3     1319     1317     1316
        3     1318     1224     1317
        3     1222     1217     1219
        3     1315     1317     1314
        3     1314     1224     1223
        3     1225     1224     1222
        3     1323     1321     1320
        3     1322     1218     1321
        3     1216     1211     1213
        3     1319     1321     1318
        3     1318     1218     1217
        3     1219     1218     1216
        3     1327     1325     1324
        3     1326     1212     1325
        3     1210     1205     1207
        3     1323     1325     1322
        3     1322     1212     1211
        3     1213     1212     1210
        3     1331     1329     1328
        3     1330     1206     1329
        3     1204     1199     1201
        3     1327     1329     1326
        3     1326     1206     1205
        3     1207     1206     1204
        3     1335     1333     1332
        3     1334     1200     1333
        3     1198     1193     1195
        3     1331     1333     1330
        3     1330     1200     1199
        3     1201     1200     1198
        3     1339     1337     1336
        3     1338     1194     1337
        3     1192     1187     1189
        3     1335     1337     1334
        3     1334     1194     1193
        3     1195     1194     1192
        3     1343     1341     1340
        3     1342     1188     1341
        3     1186     1181     1183
        3     1339     1341     1338
        3     1338     1188     1187
        3     1189     1188     1186
        3     1166     1344     1345
        3     1172     1182     1344
        3     1180     1170     1178
        3     1343     1344     1342
        3     1342     1182     1181
        3     1183     1182     1180
        3     1167     1169     1168
        3     1169     1171     1168
        3     1174     1173     1175
        3     1166     1168     1172
        3     1172     1171     1170
        3     1178     1171     1174
        3     1576     1592     1574
        3     1574     1577     1576
        3     1575     1579     1577
        3     1576     1586     1587
        3     1577     1651     1576
        3     1579     1580     1577
        3     1572     1595     1570
        3     1570     1573     1572
        3     1571     1284     1573
        3     1592     1572     1574
        3     1574     1573     1575
        3     1575     1284     1283
        3     1568     1599     1566
        3     1566     1569     1568
        3     1567     1288     1569
        3     1595     1568     1570
        3     1570     1569     1571
        3     1571     1288     1287
        3     1564     1603     1562
        3     1562     1565     1564
        3     1563     1292     1565
        3     1599     1564     1566
        3     1566     1565     1567
        3     1567     1292     1291
        3     1560     1607     1558
        3     1558     1561     1560
        3     1559     1296     1561
        3     1603     1560     1562
        3     1562     1561     1563
        3     1563     1296     1295
        3     1556     1611     1554
        3     1554     1557     1556
        3     1555     1300     1557
        3     1607     1556     1558
        3     1558     1557     1559
        3     1559     1300     1299
        3     1552     1615     1550
        3     1550     1553     1552
        3     1551     1304     1553
        3     1611     1552     1554
        3     1554     1553     1555
        3     1555     1304     1303
        3     1548     1619     1546
        3     1546     1549     1548
        3     1547     1308     1549
        3     1615     1548     1550
        3     1550     1549     1551
        3     1551     1308     1307
        3     1544     1623     1542
        3     1542     1545     1544
        3     1543     1312     1545
        3     1619     1544     1546
        3     1546     1545     1547
        3     1547     1312     1311
        3     1540     1627     1538
        3     1538     1541     1540
        3     1539     1316     1541
        3     1623     1540     1542
        3     1542     1541     1543
        3     1543     1316     1315
        3     1536     1631     1534
        3     1534     1537     1536
        3     1535     1320     1537
        3     1627     1536     1538
        3     1538     1537     1539
        3     1539     1320     1319
        3     1532     1635     1530
        3     1530     1533     1532
        3     1531     1324     1533
        3     1631     1532     1534
        3     1534     1533     1535
        3     1535     1324     1323
        3     1528     1639     1526
        3     1526     1529     1528
        3     1527     1328     1529
        3     1635     1528     1530
        3     1530     1529     1531
        3     1531     1328     1327
        3     1524     1643     1522
        3     1522     1525     1524
        3     1523     1332     1525
        3     1639     1524     1526
        3     1526     1525     1527
        3     1527     1332     1331
        3     1519     1515     1517
        3     1517     1520     1519
        3     1521     1336     1520
        3     1643     1519     1522
        3     1522     1520     1523
        3     1523     1336     1335
        3     1518     1351     1348
        3     1348     1346     1518
        3     1347     1340     1346
        3     1515     1518     1517
        3     1517     1346     1521
        3     1521     1340     1339
        3     1349     1155     1161
        3     1161     1350     1349
        3     1162     1345     1350
        3     1351     1349     1348
        3     1348     1350     1347
        3     1347     1345     1343
        3     1158     1160     1159
        3     1159     1163     1158
        3     1163     1164     1167
        3     1155     1158     1161
        3     1161     1163     1162
        3     1162     1167     1166
        3     1590     1588     1589
        3     1587     1591     1592
        3     1588     1585     1589
        3     1586     1588     1587
        3     1457     1594     1456
        3     1593     1596     1595
        3     1590     1594     1591
        3     1592     1594     1593
        3     1461     1598     1459
        3     1597     1600     1599
        3     1457     1598     1596
        3     1595     1598     1597
        3     1465     1602     1463
        3     1601     1604     1603
        3     1461     1602     1600
        3     1599     1602     1601
        3     1469     1606     1467
        3     1605     1608     1607
        3     1465     1606     1604
        3     1603     1606     1605
        3     1473     1610     1471
        3     1609     1612     1611
        3     1469     1610     1608
        3     1607     1610     1609
        3     1477     1614     1475
        3     1613     1616     1615
        3     1473     1614     1612
        3     1611     1614     1613
        3     1481     1618     1479
        3     1617     1620     1619
        3     1477     1618     1616
        3     1615     1618     1617
        3     1485     1622     1483
        3     1621     1624     1623
        3     1481     1622     1620
        3     1619     1622     1621
        3     1489     1626     1487
        3     1625     1628     1627
        3     1485     1626     1624
        3     1623     1626     1625
        3     1493     1630     1491
        3     1629     1632     1631
        3     1489     1630     1628
        3     1627     1630     1629
        3     1497     1634     1495
        3     1633     1636     1635
        3     1493     1634     1632
        3     1631     1634     1633
        3     1501     1638     1499
        3     1637     1640     1639
        3     1497     1638     1636
        3     1635     1638     1637
        3     1505     1642     1503
        3     1641     1644     1643
        3     1501     1642     1640
        3     1639     1642     1641
        3     1509     1646     1507
        3     1645     1513     1515
        3     1505     1646     1644
        3     1643     1646     1645
        3     1355     1514     1511
        3     1516     1353     1351
        3     1509     1514     1513
        3     1515     1514     1516
        3     1150     1354     1356
        3     1352     1157     1155
        3     1355     1354     1353
        3     1351     1354     1352
        3     1154     1153     1151
        3     1156     1154     1160
        3     1150     1153     1157
        3     1155     1153     1156
        3     1589     1454     1590
        3     1585     1648     1589
        3     1456     1458     1457
        3     1590     1455     1456
        3     1459     1462     1461
        3     1457     1460     1459
        3     1463     1466     1465
        3     1461     1464     1463
        3     1467     1470     1469
        3     1465     1468     1467
        3     1471     1474     1473
        3     1469     1472     1471
        3     1475     1478     1477
        3     1473     1476     1475
        3     1479     1482     1481
        3     1477     1480     1479
        3     1483     1486     1485
        3     1481     1484     1483
        3     1487     1490     1489
        3     1485     1488     1487
        3     1491     1494     1493
        3     1489     1492     1491
        3     1495     1498     1497
        3     1493     1496     1495
        3     1499     1502     1501
        3     1497     1500     1499
        3     1503     1506     1505
        3     1501     1504     1503
        3     1507     1510     1509
        3     1505     1508     1507
        3     1511     1357     1355
        3     1509     1512     1511
        3     1356     1152     1150
        3     1355     1358     1356
        3     1151     1149     1154
        3     1150     1148     1151
        3     4215     4147     4145
        3     4150     4147     4215
        3     4148     4149     4183
        3       93     4146       92
        3       93     4147     4146
        3     1654     1065     1067
        3     1453     1653     1065
        3     1648     1451     1454
        3     2224     1066     1067
        3     1653     1064     1065
        3     1647     1653     1648
        3     1450     1448     1449
        3     1447     1452     1448
        3     1455     1445     1458
        3     1654     1448     1453
        3     1453     1452     1451
        3     1454     1452     1455
        3     1444     1442     1443
        3     1441     1446     1442
        3     1460     1439     1462
        3     1450     1442     1447
        3     1447     1446     1445
        3     1458     1446     1460
        3     1438     1436     1437
        3     1435     1440     1436
        3     1464     1433     1466
        3     1444     1436     1441
        3     1441     1440     1439
        3     1462     1440     1464
        3     1432     1430     1431
        3     1429     1434     1430
        3     1468     1427     1470
        3     1438     1430     1435
        3     1435     1434     1433
        3     1466     1434     1468
        3     1426     1424     1425
        3     1423     1428     1424
        3     1472     1421     1474
        3     1432     1424     1429
        3     1429     1428     1427
        3     1470     1428     1472
        3     1420     1418     1419
        3     1417     1422     1418
        3     1476     1415     1478
        3     1426     1418     1423
        3     1423     1422     1421
        3     1474     1422     1476
        3     1414     1412     1413
        3     1411     1416     1412
        3     1480     1409     1482
        3     1420     1412     1417
        3     1417     1416     1415
        3     1478     1416     1480
        3     1408     1406     1407
        3     1405     1410     1406
        3     1484     1403     1486
        3     1414     1406     1411
        3     1411     1410     1409
        3     1482     1410     1484
        3     1402     1400     1401
        3     1399     1404     1400
        3     1488     1397     1490
        3     1408     1400     1405
        3     1405     1404     1403
        3     1486     1404     1488
        3     1396     1394     1395
        3     1393     1398     1394
        3     1492     1391     1494
        3     1402     1394     1399
        3     1399     1398     1397
        3     1490     1398     1492
        3     1390     1388     1389
        3     1387     1392     1388
        3     1496     1385     1498
        3     1396     1388     1393
        3     1393     1392     1391
        3     1494     1392     1496
        3     1384     1382     1383
        3     1381     1386     1382
        3     1500     1379     1502
        3     1390     1382     1387
        3     1387     1386     1385
        3     1498     1386     1500
        3     1378     1376     1377
        3     1375     1380     1376
        3     1504     1373     1506
        3     1384     1376     1381
        3     1381     1380     1379
        3     1502     1380     1504
        3     1372     1370     1371
        3     1369     1374     1370
        3     1508     1367     1510
        3     1378     1370     1375
        3     1375     1374     1373
        3     1506     1374     1508
        3     1363     1365     1366
        3     1361     1368     1365
        3     1512     1359     1357
        3     1372     1365     1369
        3     1369     1368     1367
        3     1510     1368     1512
        3     1140     1362     1364
        3     1146     1360     1362
        3     1358     1144     1152
        3     1363     1362     1361
        3     1361     1360     1359
        3     1357     1360     1358
        3     1141     1143     1142
        3     1143     1145     1142
        3     1148     1147     1149
        3     1140     1142     1146
        3     1146     1145     1144
        3     1152     1145     1148
        3     1056     1661     1057
        3     1070     1068     1661
        3     1069     1067     1068
        3     1057     1660     1058
        3     1068     1660     1661
        3     1067     1662     1068
        3     1054     1071     1055
        3     1074     1072     1071
        3     1073     1449     1072
        3     1055     1070     1056
        3     1070     1072     1069
        3     1069     1449     1654
        3     1052     1075     1053
        3     1078     1076     1075
        3     1077     1443     1076
        3     1053     1074     1054
        3     1074     1076     1073
        3     1073     1443     1450
        3     1050     1079     1051
        3     1082     1080     1079
        3     1081     1437     1080
        3     1051     1078     1052
        3     1078     1080     1077
        3     1077     1437     1444
        3     1048     1083     1049
        3     1086     1084     1083
        3     1085     1431     1084
        3     1049     1082     1050
        3     1082     1084     1081
        3     1081     1431     1438
        3     1046     1087     1047
        3     1090     1088     1087
        3     1089     1425     1088
        3     1047     1086     1048
        3     1086     1088     1085
        3     1085     1425     1432
        3     1044     1091     1045
        3     1094     1092     1091
        3     1093     1419     1092
        3     1045     1090     1046
        3     1090     1092     1089
        3     1089     1419     1426
        3     1042     1095     1043
        3     1098     1096     1095
        3     1097     1413     1096
        3     1043     1094     1044
        3     1094     1096     1093
        3     1093     1413     1420
        3     1040     1099     1041
        3     1102     1100     1099
        3     1101     1407     1100
        3     1041     1098     1042
        3     1098     1100     1097
        3     1097     1407     1414
        3     1038     1103     1039
        3     1106     1104     1103
        3     1105     1401     1104
        3     1039     1102     1040
        3     1102     1104     1101
        3     1101     1401     1408
        3     1036     1107     1037
        3     1110     1108     1107
        3     1109     1395     1108
        3     1037     1106     1038
        3     1106     1108     1105
        3     1105     1395     1402
        3     1034     1111     1035
        3     1114     1112     1111
        3     1113     1389     1112
        3     1035     1110     1036
        3     1110     1112     1109
        3     1109     1389     1396
        3     1032     1115     1033
        3     1118     1116     1115
        3     1117     1383     1116
        3     1033     1114     1034
        3     1114     1116     1113
        3     1113     1383     1390
        3     1030     1119     1031
        3     1122     1120     1119
        3     1121     1377     1120
        3     1031     1118     1032
        3     1118     1120     1117
        3     1117     1377     1384
        3     1028     1123     1029
        3     1126     1124     1123
        3     1125     1371     1124
        3     1029     1122     1030
        3     1122     1124     1121
        3     1121     1371     1378
        3     1026     1127     1027
        3     1130     1128     1127
        3     1129     1366     1128
        3     1027     1126     1028
        3     1126     1128     1125
        3     1125     1366     1372
        3     1024     1131     1025
        3     1134     1132     1131
        3     1133     1364     1132
        3     1025     1130     1026
        3     1130     1132     1129
        3     1129     1364     1363
        3     1022     1135     1023
        3     1139     1136     1135
        3     1136     1137     1141
        3     1023     1134     1024
        3     1134     1136     1133
        3     1133     1141     1140
        3     1731     1718     1716
        3     1741     1714     1713
        3     1741     1740     1714
        3     1708     1741     1710
        3     1708     1742     1741
        3     1733     1738     1737
        3     1733     1739     1738
        3     1738     1742     1743
        3     1732     1731     1716
        3     1736     1732     1735
        3     1727     1732     1736
        3     1735     1733     1737
        3     1735     1734     1733
        3     1726     1724     1723
        3     1730     1725     1726
        3     1731     1727     1730
        3     1725     1729     1724
        3     1725     1728     1729
        3     1725     1727     1728
        3     1692     1694     1693
        3     1752     1751     1694
        3     1702     1704     1685
        3     1699     1701     1702
        3     1700     1698     1699
        3     1756     1701     1698
        3     1756     1703     1701
        3     1744     1724     1729
        3     1748     1752     1692
        3     1749     1747     1748
        3     1749     1745     1747
        3     1749     1723     1745
        3     1752     1750     1751
        3     1752     1747     1750
        3     1746     1745     1744
        3     1747     1745     1746
        3      211     1756      210
        3     1809      261        7
        3     1810     1808     1809
        3     1808      260      261
        3      260     1811     1807
        3     1808     1811      260
        3      282     1810      283
        3     1891      306      307
        3     1891     1890      306
        3     1893     1905     1891
        3     1907     1893     1892
        3     1906     1893     1907
        3     1902     1908     1909
        3     1902     1906     1908
        3     1888     1887     1889
        3     1888     1886     1887
        3     1891     1888     1889
        3     1883     1888     1882
        3     1888     1904     1882
        3     1905     1904     1888
        3     1863     1865     1864
        3     1886     1863     1911
        3     1912     1863     1886
        3     1866     1861     1867
        3     1866     1915     1861
        3     1864     1866     1867
        3     1866     1869     1870
        3     1868     1865     1913
        3     1856     1855     1857
        3     1856     1854     1855
        3     1850     1849     1853
        3     1851     1849     1850
        3     1849     1856     1848
        3     1831     1826     1832
        3     1831     1836     1826
        3     1829     1831     1832
        3     1831     1834     1835
        3     1850     1831     1830
        3     1916     1831     1850
        3     1824     1822     1823
        3     1836     1824     1827
        3     1824     1837     1839
        3     1839     1820     1821
        3     1838     1820     1839
        3     1837     1834     1838
        3     1921     1834     1833
        3     1834     1842     1840
        3      345     1938      346
        3      351     1928      352
        3      385     1963      384
        3     2080     2088     2090
        3     2022     2023     2049
        3      471     2043      472
        3     2059     2043      471
        3     2043     2040     2042
        3     2040     2060     2061
        3     2018     2015     2014
        3     2018     2016     2015
        3     2019     2017     2018
        3     2020     2017     2019
        3     2017     2106     2016
        3     2107     2017     2108
        3     2022     2020     2021
        3     2028     2020     2022
        3     2026     2028     2022
        3     2025     2028     2026
        3     2107     2029     2030
        3     2028     2032     2030
        3     2046     2025     2047
        3     2046     2053     2025
        3     2045     2052     2046
        3     2052     2045     2050
        3     2052     2054     2053
        3     2055     2052     2051
        3     2040     2050     2042
        3     2040     2057     2050
        3     2038     2040     2061
        3     2055     2056     2058
        3     2055     2057     2056
        3     2056     2034     2033
        3     2056     2038     2034
        3     2067     2036     2061
        3     2068     2067     2066
        3     2068     2035     2069
        3     2068     2074     2035
        3     2078     2080     2090
        3     2079     2075     2102
        3     2078     2077     2075
        3     2078     2076     2077
        3     2098     2091     2099
        3     2099     2097     2098
        3     2099     2095     2097
        3     2098     2101     2076
        3     2100     2098     2097
        3     2086     2068     2066
        3     2085     2068     2086
        3     2080     2085     2082
        3     2080     2103     2085
        3     2068     2070     2072
        3     2070     2103     2102
        3     2107     2105     2106
        3     2107      437     2105
        3     2055      443     2054
        3     2179     2240     2180
        3     2179     2169     2240
        3     2178     2179     2180
        3     2179     2165     2166
        3     2177     2164     2179
        3     2175     2177     2178
        3     2174     2176     2175
        3     2176     2195     2177
        3     2176     2194     2195
        3     2181     2176     2182
        3     2222     2182     2174
        3     2222     2183     2182
        3     2234     2222     2221
        3     2237     2234     2220
        3     2218     2237     2220
        3     2184     2237     2236
        3     2236     2217     2235
        3     2225     2213     2226
        3     2228     2233     2225
        3     2213     2210     2211
        3     2210     2213     2233
        3     2208     2233     2232
        3     2227     2232     2228
        3     2231     2229     2230
        3     2232     2206     2208
        3     2208     2207     2209
        3     2205     2206     2230
        3     2185     2183     2234
        3     2181     2186     2189
        3     2183     2186     2181
        3     2186     2185     2184
        3     2216     2217     2218
        3     2215     2226     2213
        3     2235     2215     2214
        3     2214     2213     2211
        3     2164     2163     2165
        3     2164     2193     2192
        3     2163     2192     2162
        3     2461     2459     2460
        3     2458     2463     2459
        3     2459     2888     2460
        3     2463     2464     2459
        3     2455     2453     2454
        3     2452     2457     2453
        3     2461     2453     2458
        3     2458     2457     2456
        3     2449     2447     2448
        3     2446     2451     2447
        3     2455     2447     2452
        3     2452     2451     2450
        3     2443     2441     2442
        3     2440     2445     2441
        3     2449     2441     2446
        3     2446     2445     2444
        3     2437     2435     2436
        3     2434     2439     2435
        3     2443     2435     2440
        3     2440     2439     2438
        3     2431     2429     2430
        3     2428     2433     2429
        3     2437     2429     2434
        3     2434     2433     2432
        3     2425     2423     2424
        3     2422     2427     2423
        3     2431     2423     2428
        3     2428     2427     2426
        3     2419     2417     2418
        3     2416     2421     2417
        3     2425     2417     2422
        3     2422     2421     2420
        3     2413     2411     2412
        3     2410     2415     2411
        3     2419     2411     2416
        3     2416     2415     2414
        3     2407     2405     2406
        3     2404     2409     2405
        3     2413     2405     2410
        3     2410     2409     2408
        3     2401     2399     2400
        3     2398     2403     2399
        3     2407     2399     2404
        3     2404     2403     2402
        3     2395     2393     2394
        3     2392     2397     2393
        3     2401     2393     2398
        3     2398     2397     2396
        3     2389     2387     2388
        3     2386     2391     2387
        3     2395     2387     2392
        3     2392     2391     2390
        3     2383     2381     2382
        3     2380     2385     2381
        3     2389     2381     2386
        3     2386     2385     2384
        3     2377     2375     2376
        3     2374     2379     2375
        3     2383     2375     2380
        3     2380     2379     2378
        3     2371     2369     2370
        3     2368     2373     2369
        3     2377     2369     2374
        3     2374     2373     2372
        3     2363     2364     2365
        3     2358     2367     2364
        3     2371     2364     2368
        3     2368     2367     2366
        3     2362     2359     2361
        3     2360     2355     2359
        3     2363     2359     2358
        3     2358     2355     2357
        3     2456     2475     2463
        3     2476     2473     2475
        3     2463     2887     2462
        3     2473     2887     2475
        3     2450     2478     2457
        3     2480     2477     2478
        3     2457     2476     2456
        3     2476     2477     2474
        3     2444     2482     2451
        3     2484     2481     2482
        3     2451     2480     2450
        3     2480     2481     2479
        3     2438     2486     2445
        3     2488     2485     2486
        3     2445     2484     2444
        3     2484     2485     2483
        3     2432     2490     2439
        3     2492     2489     2490
        3     2439     2488     2438
        3     2488     2489     2487
        3     2426     2494     2433
        3     2496     2493     2494
        3     2433     2492     2432
        3     2492     2493     2491
        3     2420     2498     2427
        3     2500     2497     2498
        3     2427     2496     2426
        3     2496     2497     2495
        3     2414     2502     2421
        3     2504     2501     2502
        3     2421     2500     2420
        3     2500     2501     2499
        3     2408     2506     2415
        3     2508     2505     2506
        3     2415     2504     2414
        3     2504     2505     2503
        3     2402     2510     2409
        3     2512     2509     2510
        3     2409     2508     2408
        3     2508     2509     2507
        3     2396     2514     2403
        3     2516     2513     2514
        3     2403     2512     2402
        3     2512     2513     2511
        3     2390     2518     2397
        3     2520     2517     2518
        3     2397     2516     2396
        3     2516     2517     2515
        3     2384     2522     2391
        3     2524     2521     2522
        3     2391     2520     2390
        3     2520     2521     2519
        3     2378     2526     2385
        3     2528     2525     2526
        3     2385     2524     2384
        3     2524     2525     2523
        3     2372     2530     2379
        3     2532     2529     2530
        3     2379     2528     2378
        3     2528     2529     2527
        3     2366     2534     2373
        3     2536     2533     2534
        3     2373     2532     2372
        3     2532     2533     2531
        3     2357     2538     2367
        3     2352     2537     2538
        3     2367     2536     2366
        3     2536     2537     2535
        3     2356     2353     2355
        3     2354     2349     2353
        3     2355     2352     2357
        3     2352     2349     2351
        3     2474     2471     2473
        3     2471     2850     2853
        3     2473     2470     2472
        3     2853     2470     2471
        3     2479     2852     2477
        3     2852     2815     2849
        3     2477     2851     2474
        3     2850     2852     2849
        3     2483     2814     2481
        3     2814     2811     2816
        3     2481     2880     2479
        3     2815     2814     2816
        3     2487     2813     2485
        3     2813     2776     2810
        3     2485     2812     2483
        3     2811     2813     2810
        3     2491     2775     2489
        3     2775     2772     2777
        3     2489     2881     2487
        3     2776     2775     2777
        3     2495     2774     2493
        3     2774     2737     2771
        3     2493     2773     2491
        3     2772     2774     2771
        3     2499     2736     2497
        3     2736     2733     2738
        3     2497     2882     2495
        3     2737     2736     2738
        3     2503     2735     2501
        3     2735     2698     2732
        3     2501     2734     2499
        3     2733     2735     2732
        3     2507     2697     2505
        3     2697     2694     2699
        3     2505     2883     2503
        3     2698     2697     2699
        3     2511     2696     2509
        3     2696     2659     2693
        3     2509     2695     2507
        3     2694     2696     2693
        3     2515     2658     2513
        3     2658     2655     2660
        3     2513     2884     2511
        3     2659     2658     2660
        3     2519     2657     2517
        3     2657     2620     2654
        3     2517     2656     2515
        3     2655     2657     2654
        3     2523     2619     2521
        3     2619     2616     2621
        3     2521     2885     2519
        3     2620     2619     2621
        3     2527     2618     2525
        3     2618     2581     2615
        3     2525     2617     2523
        3     2616     2618     2615
        3     2531     2580     2529
        3     2580     2577     2582
        3     2529     2886     2527
        3     2581     2580     2582
        3     2535     2579     2533
        3     2579     2541     2576
        3     2533     2578     2531
        3     2577     2579     2576
        3     2351     2540     2537
        3     2540     2345     2542
        3     2537     2539     2535
        3     2541     2540     2542
        3     2350     2347     2349
        3     2347     2344     2343
        3     2349     2346     2351
        3     2345     2347     2343
        3     2853     2847     2855
        3     2847     2858     2855
        3     2853     2854     2856
        3     2858     2854     2855
        3     2849     2817     2848
        3     2817     2846     2848
        3     2849     2847     2850
        3     2847     2846     2845
        3     2816     2808     2818
        3     2808     2820     2818
        3     2816     2817     2815
        3     2817     2820     2819
        3     2810     2778     2809
        3     2778     2807     2809
        3     2810     2808     2811
        3     2808     2807     2806
        3     2777     2769     2779
        3     2769     2781     2779
        3     2777     2778     2776
        3     2778     2781     2780
        3     2771     2739     2770
        3     2739     2768     2770
        3     2771     2769     2772
        3     2769     2768     2767
        3     2738     2730     2740
        3     2730     2742     2740
        3     2738     2739     2737
        3     2739     2742     2741
        3     2732     2700     2731
        3     2700     2729     2731
        3     2732     2730     2733
        3     2730     2729     2728
        3     2699     2691     2701
        3     2691     2703     2701
        3     2699     2700     2698
        3     2700     2703     2702
        3     2693     2661     2692
        3     2661     2690     2692
        3     2693     2691     2694
        3     2691     2690     2689
        3     2660     2652     2662
        3     2652     2664     2662
        3     2660     2661     2659
        3     2661     2664     2663
        3     2654     2622     2653
        3     2622     2651     2653
        3     2654     2652     2655
        3     2652     2651     2650
        3     2621     2613     2623
        3     2613     2625     2623
        3     2621     2622     2620
        3     2622     2625     2624
        3     2615     2583     2614
        3     2583     2612     2614
        3     2615     2613     2616
        3     2613     2612     2611
        3     2582     2574     2584
        3     2574     2586     2584
        3     2582     2583     2581
        3     2583     2586     2585
        3     2576     2543     2575
        3     2543     2573     2575
        3     2576     2574     2577
        3     2574     2573     2572
        3     2542     2342     2544
        3     2342     2546     2544
        3     2542     2543     2541
        3     2543     2546     2545
        3     2343     2341     2340
        3     2341     2338     2340
        3     2343     2342     2345
        3     2342     2338     2337
        3     2845     2860     2858
        3     2843     2862     2860
        3     2858     2859     2857
        3     2862     2859     2860
        3     2819     2844     2846
        3     2821     2842     2844
        3     2846     2843     2845
        3     2843     2842     2841
        3     2806     2822     2820
        3     2804     2824     2822
        3     2820     2821     2819
        3     2821     2824     2823
        3     2780     2805     2807
        3     2782     2803     2805
        3     2807     2804     2806
        3     2804     2803     2802
        3     2767     2783     2781
        3     2765     2785     2783
        3     2781     2782     2780
        3     2782     2785     2784
        3     2741     2766     2768
        3     2743     2764     2766
        3     2768     2765     2767
        3     2765     2764     2763
        3     2728     2744     2742
        3     2726     2746     2744
        3     2742     2743     2741
        3     2743     2746     2745
        3     2702     2727     2729
        3     2704     2725     2727
        3     2729     2726     2728
        3     2726     2725     2724
        3     2689     2705     2703
        3     2687     2707     2705
        3     2703     2704     2702
        3     2704     2707     2706
        3     2663     2688     2690
        3     2665     2686     2688
        3     2690     2687     2689
        3     2687     2686     2685
        3     2650     2666     2664
        3     2648     2668     2666
        3     2664     2665     2663
        3     2665     2668     2667
        3     2624     2649     2651
        3     2626     2647     2649
        3     2651     2648     2650
        3     2648     2647     2646
        3     2611     2627     2625
        3     2609     2629     2627
        3     2625     2626     2624
        3     2626     2629     2628
        3     2585     2610     2612
        3     2587     2608     2610
        3     2612     2609     2611
        3     2609     2608     2607
        3     2572     2588     2586
        3     2570     2590     2588
        3     2586     2587     2585
        3     2587     2590     2589
        3     2545     2571     2573
        3     2547     2569     2571
        3     2573     2570     2572
        3     2570     2569     2568
        3     2337     2548     2546
        3     2336     2550     2548
        3     2546     2547     2545
        3     2547     2550     2549
        3     2339     2334     2338
        3     2335     2332     2334
        3     2338     2336     2337
        3     2336     2332     2331
        3     2841     2864     2862
        3     2839     2866     2864
        3     2862     2863     2861
        3     2866     2863     2864
        3     2823     2840     2842
        3     2825     2838     2840
        3     2842     2839     2841
        3     2839     2838     2837
        3     2802     2826     2824
        3     2800     2828     2826
        3     2824     2825     2823
        3     2825     2828     2827
        3     2784     2801     2803
        3     2786     2799     2801
        3     2803     2800     2802
        3     2800     2799     2798
        3     2763     2787     2785
        3     2761     2789     2787
        3     2785     2786     2784
        3     2786     2789     2788
        3     2745     2762     2764
        3     2747     2760     2762
        3     2764     2761     2763
        3     2761     2760     2759
        3     2724     2748     2746
        3     2722     2750     2748
        3     2746     2747     2745
        3     2747     2750     2749
        3     2706     2723     2725
        3     2708     2721     2723
        3     2725     2722     2724
        3     2722     2721     2720
        3     2685     2709     2707
        3     2683     2711     2709
        3     2707     2708     2706
        3     2708     2711     2710
        3     2667     2684     2686
        3     2669     2682     2684
        3     2686     2683     2685
        3     2683     2682     2681
        3     2646     2670     2668
        3     2644     2672     2670
        3     2668     2669     2667
        3     2669     2672     2671
        3     2628     2645     2647
        3     2630     2643     2645
        3     2647     2644     2646
        3     2644     2643     2642
        3     2607     2631     2629
        3     2605     2633     2631
        3     2629     2630     2628
        3     2630     2633     2632
        3     2589     2606     2608
        3     2591     2604     2606
        3     2608     2605     2607
        3     2605     2604     2603
        3     2568     2592     2590
        3     2566     2594     2592
        3     2590     2591     2589
        3     2591     2594     2593
        3     2549     2567     2569
        3     2551     2565     2567
        3     2569     2566     2568
        3     2566     2565     2564
        3     2331     2552     2550
        3     2330     2554     2552
        3     2550     2551     2549
        3     2551     2554     2553
        3     2333     2328     2332
        3     2329     2326     2328
        3     2332     2330     2331
        3     2330     2326     2325
        3     2837     2868     2866
        3     2870     2835     2834
        3     2866     2867     2865
        3     2869     2868     2870
        3     2827     2836     2838
        3     2833     2829     2831
        3     2838     2835     2837
        3     2834     2836     2833
        3     2798     2830     2828
        3     2832     2796     2795
        3     2828     2829     2827
        3     2831     2830     2832
        3     2788     2797     2799
        3     2794     2790     2792
        3     2799     2796     2798
        3     2795     2797     2794
        3     2759     2791     2789
        3     2793     2757     2756
        3     2789     2790     2788
        3     2792     2791     2793
        3     2749     2758     2760
        3     2755     2751     2753
        3     2760     2757     2759
        3     2756     2758     2755
        3     2720     2752     2750
        3     2754     2718     2717
        3     2750     2751     2749
        3     2753     2752     2754
        3     2710     2719     2721
        3     2716     2712     2714
        3     2721     2718     2720
        3     2717     2719     2716
        3     2681     2713     2711
        3     2715     2679     2678
        3     2711     2712     2710
        3     2714     2713     2715
        3     2671     2680     2682
        3     2677     2673     2675
        3     2682     2679     2681
        3     2678     2680     2677
        3     2642     2674     2672
        3     2676     2640     2639
        3     2672     2673     2671
        3     2675     2674     2676
        3     2632     2641     2643
        3     2638     2634     2636
        3     2643     2640     2642
        3     2639     2641     2638
        3     2603     2635     2633
        3     2637     2601     2600
        3     2633     2634     2632
        3     2636     2635     2637
        3     2593     2602     2604
        3     2599     2595     2597
        3     2604     2601     2603
        3     2600     2602     2599
        3     2564     2596     2594
        3     2598     2562     2561
        3     2594     2595     2593
        3     2597     2596     2598
        3     2553     2563     2565
        3     2560     2555     2557
        3     2565     2562     2564
        3     2561     2563     2560
        3     2325     2556     2554
        3     2558     2324     2559
        3     2554     2555     2553
        3     2557     2556     2558
        3     2327     2322     2326
        3     2321     2323     2320
        3     2326     2324     2325
        3     2559     2322     2321
        3     2987     2990     2991
        3     2990     2988     2989
        3     2988     2986     3006
        3     2988     2987     2986
        3     2989     3001     2996
        3     3003     2988     3006
        3     2994     3001     2999
        3     3001     2994     2996
        3     3001     3002     3000
        3     3006     3005     3003
        3     3004     3005     3006
        3     3010     3005     3004
        3     3003     3009     3002
        3     3005     3007     3009
        3     2980     3010     2983
        3     2980     3011     3010
        3     3016     2980     2979
        3     3015     2979     2975
        3     2973     2975     2974
        3     3015     3012     3016
        3     3019     3015     2973
        3     3017     3015     3019
        3     2972     2974     2971
        3     2967     2971     2969
        3     2973     3021     3019
        3     3034     2972     2967
        3     2960     2962     2961
        3     3033     2961     3028
        3     3031     2960     3033
        3     2962     2958     2963
        3     2959     2956     2958
        3     2966     2967     2969
        3     2965     2961     2962
        3     2967     2964     3034
        3     2965     2963     2964
        3     3007     3011     3014
        3     3011     3007     3008
        3     3014     3012     3013
        3     3043      374      373
        3     3043     3045      374
        3     3070      368      367
        3     3070     3048      368
        3     3043     3041     3044
        3     3038     3040     3037
        3     3040     3039     3041
        3     3041     3057     3040
        3     3041     3053     3057
        3     3054     3043     3052
        3     3049     3051     3052
        3     3053     3055     3056
        3     3053     3051     3055
        3     3065     3051     3050
        3     3131     3051     3065
        3     3070     3067     3048
        3     3065     3064     3068
        3     3064     3066     3067
        3     3063     3067     3091
        3     3067     3063     3064
        3     3089     3070     3071
        3     3090     3070     3089
        3     3073     3089     3072
        3     3086     3089     3073
        3     3091     3087     3092
        3     3090     3087     3091
        3     3086     3087     3088
        3     3076     3078     3079
        3     3108     3076     3111
        3     3078     3128     3080
        3     3078     3107     3128
        3     3107     3106     3110
        3     3108     3106     3107
        3     3113     3109     3111
        3     3114     3112     3113
        3     3121     3112     3114
        3     3112     3106     3109
        3     3104     3112     3121
        3     3118     3121     3115
        3     3118     3116     3117
        3     3120     3118     3119
        3     3119     3124     3123
        3     3119     3117     3124
        3     3078     3130     3079
        3     3078     3083     3130
        3     3084     3081     3085
        3     3081     3078     3080
        3     3058     3055     3060
        3     3058      791      792
        3     3087     3094     3092
        3     3087     3096     3093
        3     3087     3085     3096
        3     3094      785      786
        3     3094     3095      785
        3     3106     3105     3103
        3     3106     3104     3105
        3     3135     3505     3134
        3     3506     3507     3505
        3     3504     3509     3507
        3     3134     3924     3133
        3     3507     3924     3505
        3     3509     3510     3507
        3     3137     3500     3136
        3     3501     3502     3500
        3     3499     3503     3502
        3     3136     3506     3135
        3     3506     3502     3504
        3     3504     3503     3519
        3     3139     3495     3138
        3     3496     3497     3495
        3     3494     3498     3497
        3     3138     3501     3137
        3     3501     3497     3499
        3     3499     3498     3524
        3     3141     3490     3140
        3     3491     3492     3490
        3     3489     3493     3492
        3     3140     3496     3139
        3     3496     3492     3494
        3     3494     3493     3529
        3     3143     3485     3142
        3     3486     3487     3485
        3     3484     3488     3487
        3     3142     3491     3141
        3     3491     3487     3489
        3     3489     3488     3534
        3     3145     3480     3144
        3     3481     3482     3480
        3     3479     3483     3482
        3     3144     3486     3143
        3     3486     3482     3484
        3     3484     3483     3539
        3     3147     3475     3146
        3     3476     3477     3475
        3     3474     3478     3477
        3     3146     3481     3145
        3     3481     3477     3479
        3     3479     3478     3544
        3     3149     3470     3148
        3     3471     3472     3470
        3     3469     3473     3472
        3     3148     3476     3147
        3     3476     3472     3474
        3     3474     3473     3549
        3     3151     3465     3150
        3     3466     3467     3465
        3     3464     3468     3467
        3     3150     3471     3149
        3     3471     3467     3469
        3     3469     3468     3554
        3     3153     3460     3152
        3     3461     3462     3460
        3     3459     3463     3462
        3     3152     3466     3151
        3     3466     3462     3464
        3     3464     3463     3559
        3     3155     3455     3154
        3     3456     3457     3455
        3     3454     3458     3457
        3     3154     3461     3153
        3     3461     3457     3459
        3     3459     3458     3564
        3     3157     3450     3156
        3     3451     3452     3450
        3     3449     3453     3452
        3     3156     3456     3155
        3     3456     3452     3454
        3     3454     3453     3569
        3     3159     3445     3158
        3     3446     3447     3445
        3     3444     3448     3447
        3     3158     3451     3157
        3     3451     3447     3449
        3     3449     3448     3574
        3     3161     3440     3160
        3     3441     3442     3440
        3     3439     3443     3442
        3     3160     3446     3159
        3     3446     3442     3444
        3     3444     3443     3579
        3     3163     3435     3162
        3     3436     3437     3435
        3     3434     3438     3437
        3     3162     3441     3161
        3     3441     3437     3439
        3     3439     3438     3584
        3     3165     3430     3164
        3     3431     3432     3430
        3     3429     3433     3432
        3     3164     3436     3163
        3     3436     3432     3434
        3     3434     3433     3589
        3     3167     3426     3166
        3     3423     3427     3426
        3     3425     3428     3427
        3     3166     3431     3165
        3     3431     3427     3429
        3     3429     3428     3594
        3     3169     3424     3168
        3     3925     3421     3424
        3     3422     3420     3421
        3     3168     3423     3167
        3     3423     3421     3425
        3     3425     3420     3419
        3     3519     3515     3509
        3     3518     3516     3515
        3     3515     3512     3509
        3     3516     3514     3515
        3     3524     3520     3503
        3     3523     3521     3520
        3     3519     3520     3518
        3     3518     3521     3517
        3     3529     3525     3498
        3     3528     3526     3525
        3     3524     3525     3523
        3     3523     3526     3522
        3     3534     3530     3493
        3     3533     3531     3530
        3     3529     3530     3528
        3     3528     3531     3527
        3     3539     3535     3488
        3     3538     3536     3535
        3     3534     3535     3533
        3     3533     3536     3532
        3     3544     3540     3483
        3     3543     3541     3540
        3     3539     3540     3538
        3     3538     3541     3537
        3     3549     3545     3478
        3     3548     3546     3545
        3     3544     3545     3543
        3     3543     3546     3542
        3     3554     3550     3473
        3     3553     3551     3550
        3     3549     3550     3548
        3     3548     3551     3547
        3     3559     3555     3468
        3     3558     3556     3555
        3     3554     3555     3553
        3     3553     3556     3552
        3     3564     3560     3463
        3     3563     3561     3560
        3     3559     3560     3558
        3     3558     3561     3557
        3     3569     3565     3458
        3     3568     3566     3565
        3     3564     3565     3563
        3     3563     3566     3562
        3     3574     3570     3453
        3     3573     3571     3570
        3     3569     3570     3568
        3     3568     3571     3567
        3     3579     3575     3448
        3     3578     3576     3575
        3     3574     3575     3573
        3     3573     3576     3572
        3     3584     3580     3443
        3     3583     3581     3580
        3     3579     3580     3578
        3     3578     3581     3577
        3     3589     3585     3438
        3     3588     3586     3585
        3     3584     3585     3583
        3     3583     3586     3582
        3     3594     3590     3433
        3     3593     3591     3590
        3     3589     3590     3588
        3     3588     3591     3587
        3     3419     3595     3428
        3     3415     3596     3595
        3     3594     3595     3593
        3     3593     3596     3592
        3     3417     3416     3420
        3     3418     3412     3416
        3     3419     3416     3415
        3     3415     3412     3414
        3     3517     3715     3516
        3     3716     3717     3715
        3     3714     3719     3717
        3     3516     3919     3921
        3     3717     3919     3715
        3     3719     3720     3717
        3     3522     3709     3521
        3     3710     3711     3709
        3     3708     3713     3711
        3     3521     3716     3517
        3     3716     3711     3714
        3     3714     3713     3712
        3     3527     3703     3526
        3     3704     3705     3703
        3     3702     3707     3705
        3     3526     3710     3522
        3     3710     3705     3708
        3     3708     3707     3706
        3     3532     3697     3531
        3     3698     3699     3697
        3     3696     3701     3699
        3     3531     3704     3527
        3     3704     3699     3702
        3     3702     3701     3700
        3     3537     3691     3536
        3     3692     3693     3691
        3     3690     3695     3693
        3     3536     3698     3532
        3     3698     3693     3696
        3     3696     3695     3694
        3     3542     3685     3541
        3     3686     3687     3685
        3     3684     3689     3687
        3     3541     3692     3537
        3     3692     3687     3690
        3     3690     3689     3688
        3     3547     3679     3546
        3     3680     3681     3679
        3     3678     3683     3681
        3     3546     3686     3542
        3     3686     3681     3684
        3     3684     3683     3682
        3     3552     3673     3551
        3     3674     3675     3673
        3     3672     3677     3675
        3     3551     3680     3547
        3     3680     3675     3678
        3     3678     3677     3676
        3     3557     3667     3556
        3     3668     3669     3667
        3     3666     3671     3669
        3     3556     3674     3552
        3     3674     3669     3672
        3     3672     3671     3670
        3     3562     3661     3561
        3     3662     3663     3661
        3     3660     3665     3663
        3     3561     3668     3557
        3     3668     3663     3666
        3     3666     3665     3664
        3     3567     3655     3566
        3     3656     3657     3655
        3     3654     3659     3657
        3     3566     3662     3562
        3     3662     3657     3660
        3     3660     3659     3658
        3     3572     3649     3571
        3     3650     3651     3649
        3     3648     3653     3651
        3     3571     3656     3567
        3     3656     3651     3654
        3     3654     3653     3652
        3     3577     3643     3576
        3     3644     3645     3643
        3     3642     3647     3645
        3     3576     3650     3572
        3     3650     3645     3648
        3     3648     3647     3646
        3     3582     3637     3581
        3     3638     3639     3637
        3     3636     3641     3639
        3     3581     3644     3577
        3     3644     3639     3642
        3     3642     3641     3640
        3     3587     3632     3586
        3     3630     3633     3632
        3     3628     3635     3633
        3     3586     3638     3582
        3     3638     3633     3636
        3     3636     3635     3634
        3     3592     3631     3591
        3     3597     3629     3631
        3     3599     3627     3629
        3     3591     3630     3587
        3     3630     3629     3628
        3     3628     3627     3626
        3     3414     3598     3596
        3     3408     3600     3598
        3     3410     3602     3600
        3     3596     3597     3592
        3     3597     3600     3599
        3     3599     3602     3601
        3     3413     3409     3412
        3     3411     3406     3409
        3     3407     3404     3406
        3     3412     3408     3414
        3     3408     3406     3410
        3     3410     3404     3403
        3     3712     3722     3719
        3     3719     3721     3718
        3     3706     3729     3713
        3     3713     3723     3712
        3     3700     3735     3707
        3     3707     3730     3706
        3     3694     3741     3701
        3     3701     3736     3700
        3     3688     3747     3695
        3     3695     3742     3694
        3     3682     3753     3689
        3     3689     3748     3688
        3     3676     3759     3683
        3     3683     3754     3682
        3     3670     3765     3677
        3     3677     3760     3676
        3     3664     3771     3671
        3     3671     3766     3670
        3     3658     3777     3665
        3     3665     3772     3664
        3     3652     3783     3659
        3     3659     3778     3658
        3     3646     3789     3653
        3     3653     3784     3652
        3     3640     3795     3647
        3     3647     3790     3646
        3     3634     3801     3641
        3     3641     3796     3640
        3     3626     3912     3635
        3     3635     3802     3634
        3     3601     3625     3627
        3     3627     3624     3626
        3     3403     3604     3602
        3     3602     3603     3601
        3     3405     3399     3404
        3     3404     3402     3403
        3     3723     3724     3722
        3     3725     3887     3724
        3     3722     3913     3721
        3     3887     3913     3724
        3     3730     3728     3729
        3     3731     3727     3728
        3     3729     3725     3723
        3     3725     3727     3726
        3     3736     3734     3735
        3     3737     3733     3734
        3     3735     3731     3730
        3     3731     3733     3732
        3     3742     3740     3741
        3     3743     3739     3740
        3     3741     3737     3736
        3     3737     3739     3738
        3     3748     3746     3747
        3     3749     3745     3746
        3     3747     3743     3742
        3     3743     3745     3744
        3     3754     3752     3753
        3     3755     3751     3752
        3     3753     3749     3748
        3     3749     3751     3750
        3     3760     3758     3759
        3     3761     3757     3758
        3     3759     3755     3754
        3     3755     3757     3756
        3     3766     3764     3765
        3     3767     3763     3764
        3     3765     3761     3760
        3     3761     3763     3762
        3     3772     3770     3771
        3     3773     3769     3770
        3     3771     3767     3766
        3     3767     3769     3768
        3     3778     3776     3777
        3     3779     3775     3776
        3     3777     3773     3772
        3     3773     3775     3774
        3     3784     3782     3783
        3     3785     3781     3782
        3     3783     3779     3778
        3     3779     3781     3780
        3     3790     3788     3789
        3     3791     3787     3788
        3     3789     3785     3784
        3     3785     3787     3786
        3     3796     3794     3795
        3     3797     3793     3794
        3     3795     3791     3790
        3     3791     3793     3792
        3     3802     3800     3801
        3     3803     3799     3800
        3     3801     3797     3796
        3     3797     3799     3798
        3     3624     3806     3912
        3     3622     3805     3806
        3     3912     3803     3802
        3     3803     3805     3804
        3     3603     3623     3625
        3     3605     3621     3623
        3     3625     3622     3624
        3     3622     3621     3620
        3     3402     3606     3604
        3     3397     3608     3606
        3     3604     3605     3603
        3     3605     3608     3607
        3     3400     3398     3399
        3     3401     3394     3398
        3     3399     3397     3402
        3     3397     3394     3396
        3     3887     3865     3866
        3     3866     3863     3868
        3     3887     3869     3886
        3     3868     3869     3866
        3     3727     3861     3862
        3     3862     3859     3864
        3     3727     3865     3726
        3     3863     3862     3864
        3     3733     3857     3858
        3     3858     3855     3860
        3     3733     3861     3732
        3     3859     3858     3860
        3     3739     3853     3854
        3     3854     3851     3856
        3     3739     3857     3738
        3     3855     3854     3856
        3     3745     3849     3850
        3     3850     3847     3852
        3     3745     3853     3744
        3     3851     3850     3852
        3     3751     3845     3846
        3     3846     3843     3848
        3     3751     3849     3750
        3     3847     3846     3848
        3     3757     3841     3842
        3     3842     3839     3844
        3     3757     3845     3756
        3     3843     3842     3844
        3     3763     3837     3838
        3     3838     3835     3840
        3     3763     3841     3762
        3     3839     3838     3840
        3     3769     3833     3834
        3     3834     3831     3836
        3     3769     3837     3768
        3     3835     3834     3836
        3     3775     3829     3830
        3     3830     3827     3832
        3     3775     3833     3774
        3     3831     3830     3832
        3     3781     3825     3826
        3     3826     3823     3828
        3     3781     3829     3780
        3     3827     3826     3828
        3     3787     3821     3822
        3     3822     3819     3824
        3     3787     3825     3786
        3     3823     3822     3824
        3     3793     3817     3818
        3     3818     3815     3820
        3     3793     3821     3792
        3     3819     3818     3820
        3     3799     3807     3816
        3     3816     3809     3814
        3     3799     3817     3798
        3     3815     3816     3814
        3     3805     3619     3808
        3     3808     3617     3810
        3     3805     3807     3804
        3     3809     3808     3810
        3     3621     3609     3618
        3     3618     3611     3616
        3     3621     3619     3620
        3     3617     3618     3616
        3     3608     3392     3610
        3     3610     3388     3612
        3     3608     3609     3607
        3     3611     3610     3612
        3     3394     3393     3391
        3     3391     3390     3389
        3     3394     3392     3396
        3     3388     3391     3389
        3     3863     3871     3868
        3     3874     3872     3871
        3     3868     3870     3867
        3     3872     3870     3871
        3     3859     3888     3864
        3     3889     3286     3888
        3     3864     3874     3863
        3     3874     3286     3873
        3     3855     3890     3860
        3     3891     3292     3890
        3     3860     3889     3859
        3     3889     3292     3287
        3     3851     3892     3856
        3     3893     3298     3892
        3     3856     3891     3855
        3     3891     3298     3293
        3     3847     3894     3852
        3     3895     3304     3894
        3     3852     3893     3851
        3     3893     3304     3299
        3     3843     3896     3848
        3     3897     3310     3896
        3     3848     3895     3847
        3     3895     3310     3305
        3     3839     3898     3844
        3     3899     3316     3898
        3     3844     3897     3843
        3     3897     3316     3311
        3     3835     3900     3840
        3     3901     3322     3900
        3     3840     3899     3839
        3     3899     3322     3317
        3     3831     3902     3836
        3     3903     3328     3902
        3     3836     3901     3835
        3     3901     3328     3323
        3     3827     3904     3832
        3     3905     3334     3904
        3     3832     3903     3831
        3     3903     3334     3329
        3     3823     3906     3828
        3     3907     3340     3906
        3     3828     3905     3827
        3     3905     3340     3335
        3     3819     3908     3824
        3     3909     3346     3908
        3     3824     3907     3823
        3     3907     3346     3341
        3     3815     3910     3820
        3     3911     3352     3910
        3     3820     3909     3819
        3     3909     3352     3347
        3     3809     3813     3814
        3     3811     3358     3813
        3     3814     3911     3815
        3     3911     3358     3353
        3     3617     3812     3810
        3     3922     3364     3812
        3     3810     3811     3809
        3     3811     3364     3359
        3     3611     3615     3616
        3     3613     3370     3615
        3     3616     3922     3617
        3     3922     3370     3365
        3     3388     3614     3612
        3     3387     3376     3614
        3     3612     3613     3611
        3     3613     3376     3371
        3     3390     3385     3389
        3     3386     3382     3385
        3     3389     3387     3388
        3     3387     3382     3377
        3     3873     3877     3872
        3     3872     3876     3875
        3     3287     3285     3286
        3     3286     3284     3873
        3     3293     3291     3292
        3     3292     3288     3287
        3     3299     3297     3298
        3     3298     3294     3293
        3     3305     3303     3304
        3     3304     3300     3299
        3     3311     3309     3310
        3     3310     3306     3305
        3     3317     3315     3316
        3     3316     3312     3311
        3     3323     3321     3322
        3     3322     3318     3317
        3     3329     3327     3328
        3     3328     3324     3323
        3     3335     3333     3334
        3     3334     3330     3329
        3     3341     3339     3340
        3     3340     3336     3335
        3     3347     3345     3346
        3     3346     3342     3341
        3     3353     3351     3352
        3     3352     3348     3347
        3     3359     3357     3358
        3     3358     3354     3353
        3     3365     3363     3364
        3     3364     3360     3359
        3     3371     3369     3370
        3     3370     3366     3365
        3     3377     3375     3376
        3     3376     3372     3371
        3     3383     3381     3382
        3     3382     3378     3377
        3     3284     3281     3877
        3     3282     3279     3281
        3     3877     3928     3876
        3     3279     3928     3281
        3     3288     3283     3285
        3     3289     3273     3283
        3     3285     3282     3284
        3     3282     3273     3272
        3     3294     3290     3291
        3     3295     3267     3290
        3     3291     3289     3288
        3     3289     3267     3266
        3     3300     3296     3297
        3     3301     3261     3296
        3     3297     3295     3294
        3     3295     3261     3260
        3     3306     3302     3303
        3     3307     3255     3302
        3     3303     3301     3300
        3     3301     3255     3254
        3     3312     3308     3309
        3     3313     3249     3308
        3     3309     3307     3306
        3     3307     3249     3248
        3     3318     3314     3315
        3     3319     3243     3314
        3     3315     3313     3312
        3     3313     3243     3242
        3     3324     3320     3321
        3     3325     3237     3320
        3     3321     3319     3318
        3     3319     3237     3236
        3     3330     3326     3327
        3     3331     3231     3326
        3     3327     3325     3324
        3     3325     3231     3230
        3     3336     3332     3333
        3     3337     3225     3332
        3     3333     3331     3330
        3     3331     3225     3224
        3     3342     3338     3339
        3     3343     3219     3338
        3     3339     3337     3336
        3     3337     3219     3218
        3     3348     3344     3345
        3     3349     3213     3344
        3     3345     3343     3342
        3     3343     3213     3212
        3     3354     3350     3351
        3     3355     3207     3350
        3     3351     3349     3348
        3     3349     3207     3206
        3     3360     3356     3357
        3     3361     3201     3356
        3     3357     3355     3354
        3     3355     3201     3200
        3     3366     3362     3363
        3     3367     3195     3362
        3     3363     3361     3360
        3     3361     3195     3194
        3     3372     3368     3369
        3     3373     3189     3368
        3     3369     3367     3366
        3     3367     3189     3188
        3     3378     3374     3375
        3     3379     3183     3374
        3     3375     3373     3372
        3     3373     3183     3182
        3     3384     3380     3381
        3     3380     3926     3177
        3     3381     3379     3378
        3     3379     3177     3176
        3     3272     3277     3279
        3     3275     3274     3276
        3     3277     3278     3279
        3     3881     3277     3275
        3     3266     3271     3273
        3     3269     3268     3270
        3     3272     3271     3274
        3     3276     3271     3269
        3     3260     3265     3267
        3     3263     3262     3264
        3     3266     3265     3268
        3     3270     3265     3263
        3     3254     3259     3261
        3     3257     3256     3258
        3     3260     3259     3262
        3     3264     3259     3257
        3     3248     3253     3255
        3     3251     3250     3252
        3     3254     3253     3256
        3     3258     3253     3251
        3     3242     3247     3249
        3     3245     3244     3246
        3     3248     3247     3250
        3     3252     3247     3245
        3     3236     3241     3243
        3     3239     3238     3240
        3     3242     3241     3244
        3     3246     3241     3239
        3     3230     3235     3237
        3     3233     3232     3234
        3     3236     3235     3238
        3     3240     3235     3233
        3     3224     3229     3231
        3     3227     3226     3228
        3     3230     3229     3232
        3     3234     3229     3227
        3     3218     3223     3225
        3     3221     3220     3222
        3     3224     3223     3226
        3     3228     3223     3221
        3     3212     3217     3219
        3     3215     3214     3216
        3     3218     3217     3220
        3     3222     3217     3215
        3     3206     3211     3213
        3     3209     3208     3210
        3     3212     3211     3214
        3     3216     3211     3209
        3     3200     3205     3207
        3     3203     3202     3204
        3     3206     3205     3208
        3     3210     3205     3203
        3     3194     3199     3201
        3     3197     3196     3198
        3     3200     3199     3202
        3     3204     3199     3197
        3     3188     3193     3195
        3     3191     3190     3192
        3     3194     3193     3196
        3     3198     3193     3191
        3     3182     3187     3189
        3     3185     3184     3186
        3     3188     3187     3190
        3     3192     3187     3185
        3     3176     3181     3183
        3     3179     3178     3180
        3     3182     3181     3184
        3     3186     3181     3179
        3     3177     3175     3174
        3     3173     3175     3172
        3     3176     3174     3178
        3     3180     3174     3173
        3     3976      843      842
        3     4007     3992     3993
        3     3992     4007     4006
        3     4068     4037     4054
        3     4069     4059     4057
        3     4068     4059     4069
        3     4037     4070     4036
        3     4070     4066     4067
        3     4070     4068     4066
        3     4038     4041     4039
        3     4053     4038     4039
        3     4053     4037     4038
        3     4033     4038     4035
        3     4033     4040     4038
        3     4036     4038     4037
        3     4030     4024     4047
        3     4024     4032     4023
        3     4032     4030     4031
        3     4017     4020     4022
        3     4024     4021     4047
        3     4027     4020     4025
        3     4028     4020     4027
        3     4020     4023     4025
        3     4010     4002     4012
        3     4010     4080     4002
        3     4076     4010     4083
        3     4076     4077     4079
        3     4076     4078     4077
        3     4001     3992     4005
        3     4003     4001     4005
        3     4002     4001     4003
        3     3999     4001     4000
        3     3997     4001     3999
        3     4001     4085     4000
        3     3989     3996     3988
        3     3989     3994     3996
        3     3992     3995     3994
        3     4088     3987     3988
        3     4088     3997     4087
        3     4088     3995     3997
        3     4036     4034     4035
        3     4036      266     4034
        3      892     4136     4138
        3     4139     4138     4137
        3     1683     1704     1703
        3     4092     4094     4093
        3     4170     4167     4176
        3      940     4091      939
        3     4165      412      411
        3     4196     4190     4193
        3     4213     4190     4196
        3     4202     4196     4195
        3     4195     4197     4200
        3     4212     4201     4204
        3     4214     4201     4212
        3     4201     4199     4203
        3     4202     4199     4201
        3     4189     4177     4192
        3     4189     4179     4177
        3     4190     4192     4193
        3     4191     4192     4190
        3     4189     4186     4179
        3     4211     4189     4191
        3     4181     4154     4155
        3     4156     4159     4157
        3     4151     4159     4156
        3     4153     4152     4154
        3     4153     4151     4152
        3     4159     4150     4160
        3     4151     4149     4150
        3     4149     4153     4183
        3     4165     4172     4176
        3     4174     4172     4165
        3     4170     4171     4169
        3     4172     4173     4171
        3     4174     4175     4173
        3     4155     4180     4181
        3     4180     4178     4179
        3     4181     4182     4183
        3     4180     4184     4182
        3     4179     4186     4184
        3     4158     4160     4161
        3     4186     4210     4185
        3     4186     4211     4210
        3     4329     4328     4326
        3     4330     4327     4329
        3     4325     4324     4322
        3     4326     4323     4325
        3     4321     4320     4318
        3     4322     4319     4321
        3     4317     4316     4314
        3     4318     4315     4317
        3     4313     4312     4310
        3     4314     4311     4313
        3     4309     4308     4306
        3     4310     4307     4309
        3     4305     4304     4302
        3     4306     4303     4305
        3     4301     4300     4298
        3     4302     4299     4301
        3     4297     4296     4294
        3     4298     4295     4297
        3     4293     4292     4290
        3     4294     4291     4293
        3     4289     4288     4286
        3     4290     4287     4289
        3     4285     4284     4282
        3     4286     4283     4285
        3     4281     4280     4278
        3     4282     4279     4281
        3     4277     4276     4274
        3     4278     4275     4277
        3     4273     4272     4270
        3     4274     4271     4273
        3     4269     4268     4266
        3     4270     4267     4269
        3     4265     4264     4262
        3     4266     4263     4265
        3     4261     4260     4258
        3     4262     4259     4261
        3     4513     4998     4337
        3     4327     4512     4328
        3     4998     4336     4337
        3     5000     4998     4327
        3     4509     4510     4511
        3     4323     4508     4324
        3     4513     4510     4512
        3     4328     4510     4323
        3     4505     4506     4507
        3     4319     4504     4320
        3     4509     4506     4508
        3     4324     4506     4319
        3     4501     4502     4503
        3     4315     4500     4316
        3     4505     4502     4504
        3     4320     4502     4315
        3     4497     4498     4499
        3     4311     4496     4312
        3     4501     4498     4500
        3     4316     4498     4311
        3     4493     4494     4495
        3     4307     4492     4308
        3     4497     4494     4496
        3     4312     4494     4307
        3     4489     4490     4491
        3     4303     4488     4304
        3     4493     4490     4492
        3     4308     4490     4303
        3     4485     4486     4487
        3     4299     4484     4300
        3     4489     4486     4488
        3     4304     4486     4299
        3     4481     4482     4483
        3     4295     4480     4296
        3     4485     4482     4484
        3     4300     4482     4295
        3     4477     4478     4479
        3     4291     4476     4292
        3     4481     4478     4480
        3     4296     4478     4291
        3     4473     4474     4475
        3     4287     4472     4288
        3     4477     4474     4476
        3     4292     4474     4287
        3     4469     4470     4471
        3     4283     4468     4284
        3     4473     4470     4472
        3     4288     4470     4283
        3     4465     4466     4467
        3     4279     4464     4280
        3     4469     4466     4468
        3     4284     4466     4279
        3     4461     4462     4463
        3     4275     4460     4276
        3     4465     4462     4464
        3     4280     4462     4275
        3     4457     4458     4459
        3     4271     4456     4272
        3     4461     4458     4460
        3     4276     4458     4271
        3     4453     4454     4455
        3     4267     4452     4268
        3     4457     4454     4456
        3     4272     4454     4267
        3     4449     4450     4451
        3     4263     4447     4264
        3     4453     4450     4452
        3     4268     4450     4263
        3     4446     4448     4445
        3     4259     4514     4260
        3     4449     4448     4447
        3     4264     4448     4259
        3     4342     4339     4341
        3     4337     4340     4513
        3     4339     4948     4341
        3     4336     4339     4337
        3     4348     4346     4345
        3     4511     4347     4509
        3     4342     4346     4340
        3     4513     4346     4511
        3     4354     4352     4351
        3     4507     4353     4505
        3     4348     4352     4347
        3     4509     4352     4507
        3     4360     4358     4357
        3     4503     4359     4501
        3     4354     4358     4353
        3     4505     4358     4503
        3     4366     4364     4363
        3     4499     4365     4497
        3     4360     4364     4359
        3     4501     4364     4499
        3     4372     4370     4369
        3     4495     4371     4493
        3     4366     4370     4365
        3     4497     4370     4495
        3     4378     4376     4375
        3     4491     4377     4489
        3     4372     4376     4371
        3     4493     4376     4491
        3     4384     4382     4381
        3     4487     4383     4485
        3     4378     4382     4377
        3     4489     4382     4487
        3     4390     4388     4387
        3     4483     4389     4481
        3     4384     4388     4383
        3     4485     4388     4483
        3     4396     4394     4393
        3     4479     4395     4477
        3     4390     4394     4389
        3     4481     4394     4479
        3     4402     4400     4399
        3     4475     4401     4473
        3     4396     4400     4395
        3     4477     4400     4475
        3     4408     4406     4405
        3     4471     4407     4469
        3     4402     4406     4401
        3     4473     4406     4471
        3     4414     4412     4411
        3     4467     4413     4465
        3     4408     4412     4407
        3     4469     4412     4467
        3     4420     4418     4417
        3     4463     4419     4461
        3     4414     4418     4413
        3     4465     4418     4463
        3     4426     4424     4423
        3     4459     4425     4457
        3     4420     4424     4419
        3     4461     4424     4459
        3     4432     4430     4429
        3     4455     4431     4453
        3     4426     4430     4425
        3     4457     4430     4455
        3     4438     4436     4435
        3     4451     4437     4449
        3     4432     4436     4431
        3     4453     4436     4451
        3     4444     4442     4441
        3     4445     4443     4446
        3     4438     4442     4437
        3     4449     4442     4445
        3     4811     4943     4945
        3     4955     4946     4943
        3     4341     4343     4342
        3     4943     4944     4945
        3     4946     4942     4943
        3     4948     4946     4341
        3     4952     4950     4812
        3     4951     4344     4950
        3     4345     4349     4348
        3     4811     4950     4955
        3     4955     4344     4343
        3     4342     4344     4345
        3     4801     4953     4954
        3     4961     4350     4953
        3     4351     4355     4354
        3     4952     4953     4951
        3     4951     4350     4349
        3     4348     4350     4351
        3     4958     4956     4802
        3     4957     4356     4956
        3     4357     4361     4360
        3     4801     4956     4961
        3     4961     4356     4355
        3     4354     4356     4357
        3     4791     4959     4960
        3     4967     4362     4959
        3     4363     4367     4366
        3     4958     4959     4957
        3     4957     4362     4361
        3     4360     4362     4363
        3     4964     4962     4792
        3     4963     4368     4962
        3     4369     4373     4372
        3     4791     4962     4967
        3     4967     4368     4367
        3     4366     4368     4369
        3     4781     4965     4966
        3     4973     4374     4965
        3     4375     4379     4378
        3     4964     4965     4963
        3     4963     4374     4373
        3     4372     4374     4375
        3     4970     4968     4782
        3     4969     4380     4968
        3     4381     4385     4384
        3     4781     4968     4973
        3     4973     4380     4379
        3     4378     4380     4381
        3     4771     4971     4972
        3     4979     4386     4971
        3     4387     4391     4390
        3     4970     4971     4969
        3     4969     4386     4385
        3     4384     4386     4387
        3     4976     4974     4772
        3     4975     4392     4974
        3     4393     4397     4396
        3     4771     4974     4979
        3     4979     4392     4391
        3     4390     4392     4393
        3     4761     4977     4978
        3     4985     4398     4977
        3     4399     4403     4402
        3     4976     4977     4975
        3     4975     4398     4397
        3     4396     4398     4399
        3     4982     4980     4762
        3     4981     4404     4980
        3     4405     4409     4408
        3     4761     4980     4985
        3     4985     4404     4403
        3     4402     4404     4405
        3     4751     4983     4984
        3     4991     4410     4983
        3     4411     4415     4414
        3     4982     4983     4981
        3     4981     4410     4409
        3     4408     4410     4411
        3     4988     4986     4752
        3     4987     4416     4986
        3     4417     4421     4420
        3     4751     4986     4991
        3     4991     4416     4415
        3     4414     4416     4417
        3     4741     4989     4990
        3     4992     4422     4989
        3     4423     4427     4426
        3     4988     4989     4987
        3     4987     4422     4421
        3     4420     4422     4423
        3     4735     4739     4740
        3     4737     4428     4739
        3     4429     4433     4432
        3     4741     4739     4992
        3     4992     4428     4427
        3     4426     4428     4429
        3     4519     4738     4736
        3     4518     4434     4738
        3     4435     4439     4438
        3     4735     4738     4737
        3     4737     4434     4433
        3     4432     4434     4435
        3     4521     4516     4520
        3     4517     4440     4516
        3     4441     4515     4444
        3     4519     4516     4518
        3     4518     4440     4439
        3     4438     4440     4441
        3     4815     4814     4816
        3     4945     4813     4811
        3     4814     4817     4816
        3     4944     4814     4945
        3     4807     4808     4810
        3     4812     4809     4952
        3     4815     4808     4813
        3     4811     4808     4812
        3     4806     4804     4805
        3     4954     4803     4801
        3     4807     4804     4809
        3     4952     4804     4954
        3     4797     4798     4800
        3     4802     4799     4958
        3     4806     4798     4803
        3     4801     4798     4802
        3     4796     4794     4795
        3     4960     4793     4791
        3     4797     4794     4799
        3     4958     4794     4960
        3     4787     4788     4790
        3     4792     4789     4964
        3     4796     4788     4793
        3     4791     4788     4792
        3     4786     4784     4785
        3     4966     4783     4781
        3     4787     4784     4789
        3     4964     4784     4966
        3     4777     4778     4780
        3     4782     4779     4970
        3     4786     4778     4783
        3     4781     4778     4782
        3     4776     4774     4775
        3     4972     4773     4771
        3     4777     4774     4779
        3     4970     4774     4972
        3     4767     4768     4770
        3     4772     4769     4976
        3     4776     4768     4773
        3     4771     4768     4772
        3     4766     4764     4765
        3     4978     4763     4761
        3     4767     4764     4769
        3     4976     4764     4978
        3     4757     4758     4760
        3     4762     4759     4982
        3     4766     4758     4763
        3     4761     4758     4762
        3     4756     4754     4755
        3     4984     4753     4751
        3     4757     4754     4759
        3     4982     4754     4984
        3     4747     4748     4750
        3     4752     4749     4988
        3     4756     4748     4753
        3     4751     4748     4752
        3     4746     4744     4745
        3     4990     4742     4741
        3     4747     4744     4749
        3     4988     4744     4990
        3     4731     4743     4730
        3     4740     4732     4735
        3     4746     4743     4742
        3     4741     4743     4740
        3     4525     4733     4734
        3     4736     4524     4519
        3     4731     4733     4732
        3     4735     4733     4736
        3     4526     4523     4522
        3     4520     4523     4521
        3     4525     4522     4524
        3     4519     4522     4520
        3     4831     4935     4827
        3     4934     4816     4935
        3     4935     4826     4827
        3     4816     4936     4935
        3     4836     4933     4832
        3     4932     4810     4933
        3     4831     4933     4934
        3     4934     4810     4815
        3     4841     4931     4837
        3     4930     4805     4931
        3     4836     4931     4932
        3     4932     4805     4807
        3     4846     4929     4842
        3     4928     4800     4929
        3     4841     4929     4930
        3     4930     4800     4806
        3     4851     4927     4847
        3     4926     4795     4927
        3     4846     4927     4928
        3     4928     4795     4797
        3     4856     4925     4852
        3     4924     4790     4925
        3     4851     4925     4926
        3     4926     4790     4796
        3     4861     4923     4857
        3     4922     4785     4923
        3     4856     4923     4924
        3     4924     4785     4787
        3     4866     4921     4862
        3     4920     4780     4921
        3     4861     4921     4922
        3     4922     4780     4786
        3     4871     4919     4867
        3     4918     4775     4919
        3     4866     4919     4920
        3     4920     4775     4777
        3     4876     4917     4872
        3     4916     4770     4917
        3     4871     4917     4918
        3     4918     4770     4776
        3     4881     4915     4877
        3     4914     4765     4915
        3     4876     4915     4916
        3     4916     4765     4767
        3     4886     4913     4882
        3     4912     4760     4913
        3     4881     4913     4914
        3     4914     4760     4766
        3     4891     4911     4887
        3     4910     4755     4911
        3     4886     4911     4912
        3     4912     4755     4757
        3     4896     4909     4892
        3     4908     4750     4909
        3     4891     4909     4910
        3     4910     4750     4756
        3     4901     4907     4897
        3     4904     4745     4907
        3     4896     4907     4908
        3     4908     4745     4747
        3     4726     4905     4902
        3     4728     4730     4905
        3     4901     4905     4904
        3     4904     4730     4746
        3     4531     4729     4727
        3     4530     4734     4729
        3     4726     4729     4728
        3     4728     4734     4731
        3     4533     4528     4532
        3     4528     4527     4526
        3     4531     4528     4530
        3     4530     4526     4525
        3     4829     4627     4830
        3     4830     4828     4829
        3     4827     4830     4831
        3     4829     4938     4626
        3     4828     4825     4829
        3     4826     4828     4827
        3     4834     4633     4835
        3     4835     4833     4834
        3     4832     4835     4836
        3     4627     4834     4830
        3     4831     4833     4832
        3     4839     4639     4840
        3     4840     4838     4839
        3     4837     4840     4841
        3     4633     4839     4835
        3     4836     4838     4837
        3     4844     4645     4845
        3     4845     4843     4844
        3     4842     4845     4846
        3     4639     4844     4840
        3     4841     4843     4842
        3     4849     4651     4850
        3     4850     4848     4849
        3     4847     4850     4851
        3     4645     4849     4845
        3     4846     4848     4847
        3     4854     4657     4855
        3     4855     4853     4854
        3     4852     4855     4856
        3     4651     4854     4850
        3     4851     4853     4852
        3     4859     4663     4860
        3     4860     4858     4859
        3     4857     4860     4861
        3     4657     4859     4855
        3     4856     4858     4857
        3     4864     4669     4865
        3     4865     4863     4864
        3     4862     4865     4866
        3     4663     4864     4860
        3     4861     4863     4862
        3     4869     4675     4870
        3     4870     4868     4869
        3     4867     4870     4871
        3     4669     4869     4865
        3     4866     4868     4867
        3     4874     4681     4875
        3     4875     4873     4874
        3     4872     4875     4876
        3     4675     4874     4870
        3     4871     4873     4872
        3     4879     4687     4880
        3     4880     4878     4879
        3     4877     4880     4881
        3     4681     4879     4875
        3     4876     4878     4877
        3     4884     4693     4885
        3     4885     4883     4884
        3     4882     4885     4886
        3     4687     4884     4880
        3     4881     4883     4882
        3     4889     4699     4890
        3     4890     4888     4889
        3     4887     4890     4891
        3     4693     4889     4885
        3     4886     4888     4887
        3     4894     4705     4895
        3     4895     4893     4894
        3     4892     4895     4896
        3     4699     4894     4890
        3     4891     4893     4892
        3     4899     4711     4900
        3     4900     4898     4899
        3     4897     4900     4901
        3     4705     4899     4895
        3     4896     4898     4897
        3     4906     4717     4724
        3     4724     4903     4906
        3     4902     4724     4726
        3     4711     4906     4900
        3     4901     4903     4902
        3     4723     4542     4538
        3     4538     4725     4723
        3     4727     4538     4531
        3     4717     4723     4724
        3     4726     4725     4727
        3     4537     4541     4535
        3     4535     4534     4537
        3     4532     4535     4533
        3     4542     4537     4538
        3     4536     1779      241
        3     4531     4534     4532
        3     4630     4625     4621
        3     4626     4628     4627
        3     4625     4620     4621
        3     4938     4625     4626
        3     4636     4629     4631
        3     4632     4634     4633
        3     4630     4629     4628
        3     4627     4629     4632
        3     4642     4635     4637
        3     4638     4640     4639
        3     4636     4635     4634
        3     4633     4635     4638
        3     4648     4641     4643
        3     4644     4646     4645
        3     4642     4641     4640
        3     4639     4641     4644
        3     4654     4647     4649
        3     4650     4652     4651
        3     4648     4647     4646
        3     4645     4647     4650
        3     4660     4653     4655
        3     4656     4658     4657
        3     4654     4653     4652
        3     4651     4653     4656
        3     4666     4659     4661
        3     4662     4664     4663
        3     4660     4659     4658
        3     4657     4659     4662
        3     4672     4665     4667
        3     4668     4670     4669
        3     4666     4665     4664
        3     4663     4665     4668
        3     4678     4671     4673
        3     4674     4676     4675
        3     4672     4671     4670
        3     4669     4671     4674
        3     4684     4677     4679
        3     4680     4682     4681
        3     4678     4677     4676
        3     4675     4677     4680
        3     4690     4683     4685
        3     4686     4688     4687
        3     4684     4683     4682
        3     4681     4683     4686
        3     4696     4689     4691
        3     4692     4694     4693
        3     4690     4689     4688
        3     4687     4689     4692
        3     4702     4695     4697
        3     4698     4700     4699
        3     4696     4695     4694
        3     4693     4695     4698
        3     4708     4701     4703
        3     4704     4706     4705
        3     4702     4701     4700
        3     4699     4701     4704
        3     4714     4707     4709
        3     4710     4712     4711
        3     4708     4707     4706
        3     4705     4707     4710
        3     4720     4713     4715
        3     4716     4718     4717
        3     4714     4713     4712
        3     4711     4713     4716
        3     4547     4719     4721
        3     4722     4543     4542
        3     4720     4719     4718
        3     4717     4719     4722
        3     4546     4545     4544
        3     4540     4545     4541
        3     4547     4544     4543
        3     4542     4544     4540
        3     4619     4617     4618
        3     4616     4621     4617
        3     4618     4622     4996
        3     4621     4622     4617
        3     4615     4613     4614
        3     4612     4631     4613
        3     4614     4616     4619
        3     4616     4631     4630
        3     4611     4609     4610
        3     4608     4637     4609
        3     4610     4612     4615
        3     4612     4637     4636
        3     4607     4605     4606
        3     4604     4643     4605
        3     4606     4608     4611
        3     4608     4643     4642
        3     4603     4601     4602
        3     4600     4649     4601
        3     4602     4604     4607
        3     4604     4649     4648
        3     4599     4597     4598
        3     4596     4655     4597
        3     4598     4600     4603
        3     4600     4655     4654
        3     4595     4593     4594
        3     4592     4661     4593
        3     4594     4596     4599
        3     4596     4661     4660
        3     4591     4589     4590
        3     4588     4667     4589
        3     4590     4592     4595
        3     4592     4667     4666
        3     4587     4585     4586
        3     4584     4673     4585
        3     4586     4588     4591
        3     4588     4673     4672
        3     4583     4581     4582
        3     4580     4679     4581
        3     4582     4584     4587
        3     4584     4679     4678
        3     4579     4577     4578
        3     4576     4685     4577
        3     4578     4580     4583
        3     4580     4685     4684
        3     4575     4573     4574
        3     4572     4691     4573
        3     4574     4576     4579
        3     4576     4691     4690
        3     4571     4569     4570
        3     4568     4697     4569
        3     4570     4572     4575
        3     4572     4697     4696
        3     4567     4565     4566
        3     4564     4703     4565
        3     4566     4568     4571
        3     4568     4703     4702
        3     4563     4561     4562
        3     4560     4709     4561
        3     4562     4564     4567
        3     4564     4709     4708
        3     4559     4557     4558
        3     4556     4715     4557
        3     4558     4560     4563
        3     4560     4715     4714
        3     4552     4554     4555
        3     4551     4721     4554
        3     4555     4556     4559
        3     4556     4721     4720
        3     4997     4549     4553
        3     4549     4548     4546
        3     4553     4551     4552
        3     4551     4546     4547
        3     4217     2117     2119
        3       43      945       44
        3     4218       43       44
        3     4996     4216     4218
        3        0      944       43
        3        0     4216      856
        3      856     4995      857
        3     4256     2152      637
        3       81       82        1
        3      315       81        1
        3      316     4255      315
        3       80     1020       81
        3       80     4255     4254
        3     4254     5019     4997
        3     4206       82       83
        3      100      194      101
        3      101     1059      100
        3      100      156        3
        3        3      195      100
        3      138        4        2
        3        2     1021      138
        3      138     1022      137
        3      137      157      138
        3      139     1709      140
        3     1753      150      149
        3      150     1754     1755
        3     1754     1691     1755
        3     1754     1748     1691
        3     1749     1722     1723
        3      203     1728      202
        3     1729     1728      203
        3     3116     3115      356
        3     4178      404      403
        3     4178     4155      404
        3     2101     2100      455
        3     3018     3021     3020
        3     3034     4217     3020
        3     3034     3020     3021
        3     2216     2219     2223
        3     2223     2226     2216
        3     2226     4256      637
        3      680     3881      681
        3      681     2242      680
        3     2244     2242     2243
        3       22     3880      680
        3      680      663       22
        3      663     2241      664
        3      718      774       36
        3       36     2318      718
        3      647     2318      646
        3      717     3171      718
        3      718     2315      717
        3     2315     2317     2316
        3      796     4330      797
        3     3133      796      797
        3       23     4331      796
        3       23     3132      480
        3      834      335       11
        3      795      834       11
        3      833     4257      834
        3      833     3170     3169
        3      944      946      945
        3      139      943      944
        3      948      950      949
        3      945      947      948
        3      952      954      953
        3      949      951      952
        3      956      958      957
        3      953      955      956
        3      960      962      961
        3      957      959      960
        3      964      966      965
        3      961      963      964
        3      968      970      969
        3      965      967      968
        3      972      974      973
        3      969      971      972
        3      976      978      977
        3      973      975      976
        3      980      982      981
        3      977      979      980
        3      984      986      985
        3      981      983      984
        3      988      990      989
        3      985      987      988
        3      992      994      993
        3      989      991      992
        3      996      998      997
        3      993      995      996
        3     1000     1002     1001
        3      997      999     1000
        3     1004     1006     1005
        3     1001     1003     1004
        3     1008     1010     1009
        3     1005     1007     1008
        3     1012     1014     1013
        3     1009     1011     1012
        3     1016     1018     1017
        3     1013     1015     1016
        3     1020       83       82
        3     1017     1019     1020
        3     2124     1060     1066
        3     1063     1061     1064
        3     1647     1062     1063
        3     2955     1061      152
        3      152     1062      151
        3      151     1649      150
        3     1586     1583     1585
        3     1984     1582      148
        3     1585     1649     1647
        3      150     1584      149
        3     1651     1582     1586
        3     1580     1650     1651
        3     1578     1652     1580
        3      148     1650      147
        3      147     1652      146
        3      146     1581      145
        3     1280     1581     1578
        3     1277     1657     1280
        3     1279     1655     1277
        3      145     1657      144
        3      144     1655      143
        3      143     1656      142
        3     1660     1059     1058
        3     1662     1663     1660
        3     1066     1664     1662
        3      156     1663      155
        3      155     1664      154
        3      154     1060      153
        3       98     1021       99
        3       97     1667       98
        3       97     1665     1666
        3     1022     1667     1139
        3     1139     1666     1138
        3     1138     1665     1137
        3     1778     1670     1665
        3       94     1670       95
        3       93     1668       94
        3     1712     1670     1143
        3     1143     1668     1147
        3     1147     1669     1149
        3       92     1669       93
        3     1149     1671     1154
        3     4207     1673       92
        3     1154     1672     1160
        3       90     1672       91
        3       89     1676       90
        3       89     1674     1675
        3     1160     1676     1159
        3     1159     1675     1165
        3     1165     1674     1164
        3       88     1679     1674
        3       86     1679       87
        3       85     1677       86
        3     1164     1679     1169
        3     1169     1677     1173
        3     1173     1678     1175
        3       84     1678       85
        3       83     1680       84
        3     1175     1680     1659
        3     1659     1019     1018
        3     1658     1656     1279
        3      946     1681     1658
        3      142     1681      141
        3      141      943      140
        3     1695     1700     1693
        3     1696     1695     1697
        3     1698     1695     1696
        3     1697     1694     1751
        3     1714     1734     1716
        3     1700     1689     1693
        3     1885     1884     1883
        3     1885     1912     1884
        3     1868     1871     1869
        3     1868     1875     1871
        3     1859     1856     1857
        3     1915     1859     1862
        3     1920     1859     1915
        3     1856     1918     1848
        3     1856     1917     1918
        3     1917     1869     1873
        3     1920     1869     1917
        3     1854     1829     1828
        3     1851     1829     1854
        3     2034     2035     2037
        3     2038     2035     2034
        3     2091     2076     2090
        3     2032     2053     2054
        3     2104     2016     2106
        3     2464     2467     2888
        3     2462     2466     2464
        3      665     2466      666
        3      666     2465      667
        3     2470     2469     2472
        3     2856     2468     2470
        3      669     2468      670
        3      670     2879      671
        3     2867     2873     2865
        3     2871     2867     2869
        3      677     2872      678
        3      679     2872     2871
        3     2863     2875     2861
        3     2865     2874     2863
        3      675     2874      676
        3      676     2873      677
        3     2859     2877     2857
        3     2861     2876     2859
        3      673     2876      674
        3      674     2875      675
        3     2854     2879     2856
        3     2857     2878     2854
        3      671     2878      672
        3      672     2877      673
        3     2887     2465     2462
        3     2472     2889     2887
        3      667     2889      668
        3      668     2469      669
        3      661     2891      660
        3     2319      661      662
        3     2327     2890     2323
        3     2320     2890     2319
        3      659     2893      658
        3      660     2892      659
        3     2333     2892     2329
        3     2329     2891     2327
        3      657     2895      656
        3      658     2894      657
        3     2339     2894     2335
        3     2335     2893     2333
        3      654     2896     2899
        3      656     2896      655
        3     2344     2896     2341
        3     2341     2895     2339
        3      653     2898      652
        3      653     2899     2897
        3     2350     2897     2348
        3     2348     2899     2344
        3      651     2901      650
        3      652     2900      651
        3     2356     2900     2354
        3     2354     2898     2350
        3      649     2903      648
        3      650     2902      649
        3     2362     2902     2360
        3     2360     2901     2356
        3      648     2317      647
        3     2317     2362     2316
        3     2316     2361     2313
        3     2313     2363     2312
        3     2312     2365     2309
        3     2309     2371     2308
        3     2308     2370     2305
        3     2305     2377     2304
        3     2304     2376     2301
        3     2301     2383     2300
        3     2300     2382     2297
        3     2297     2389     2296
        3     2296     2388     2293
        3     2293     2395     2292
        3     2292     2394     2289
        3     2289     2401     2288
        3     2288     2400     2285
        3     2285     2407     2284
        3     2284     2406     2281
        3     2281     2413     2280
        3     2280     2412     2277
        3     2277     2419     2276
        3     2276     2418     2273
        3     2273     2425     2272
        3     2272     2424     2269
        3     2269     2431     2268
        3     2268     2430     2265
        3     2265     2437     2264
        3     2264     2436     2261
        3     2261     2443     2260
        3     2260     2442     2257
        3     2257     2449     2256
        3     2256     2448     2253
        3     2253     2455     2252
        3     2252     2454     2249
        3     2249     2461     2248
        3     2248     2460     2245
        3     2245     2888     2244
        3     2244     2467     2241
        3      664     2467      665
        3     3121     3120     3104
        3     3083     3073     3074
        3     3083     3086     3073
        3     3066     3049     3048
        3     3511     3508     3512
        3     3876     3878     3875
        3      465     3879      464
        3     3870     3883     3867
        3     3875     3882     3870
        3      467     3882      466
        3      466     3878      465
        3     3869     3885     3886
        3     3867     3884     3869
        3      468     3885     3884
        3      467     3884     3883
        3     3913     3915     3721
        3     3886     3914     3913
        3      471     3914      470
        3      470     3885      469
        3     3721     3916     3718
        3      472     3915      471
        3     3919     3920     3921
        3     3720     3918     3919
        3     3718     3917     3720
        3      475     3918      474
        3      474     3917      473
        3      473     3916      472
        3     3514     3511     3512
        3     3921     3923     3514
        3      477     3923      476
        3      476     3920      475
        3     3509     3512     3508
        3     3928     3879     3876
        3     3278     3929     3928
        3      464     3929      463
        3      462     3929     3930
        3     3280     3930     3278
        3     3881     3931     3280
        3      461     3930     3931
        3      461     3880      460
        3      775     3932      776
        3      774     3933      775
        3     3175     3932     3933
        3     3175     3171     3172
        3      777     3935      778
        3       29     3934      777
        3     3384     3934     3927
        3     3926     3934     3932
        3      778     3936      779
        3     3383     3935     3384
        3      780     3938      781
        3      779     3937      780
        3     3390     3937     3386
        3     3386     3936     3383
        3      782     3940      783
        3      781     3939      782
        3     3395     3939     3393
        3     3393     3938     3390
        3      784     3942      785
        3      783     3941      784
        3     3400     3941     3401
        3     3401     3940     3395
        3      785     3943      786
        3     3405     3942     3400
        3      788     3945      789
        3      787     3944      788
        3      786     3946      787
        3     3413     3944     3411
        3     3411     3946     3407
        3     3407     3943     3405
        3      790     3948      791
        3      789     3947      790
        3     3417     3947     3418
        3     3418     3945     3413
        3      791     3949      792
        3      794     3170      795
        3      793     3950      794
        3      792     3951      793
        3     3169     3950     3925
        3     3925     3951     3422
        3     3422     3949     3417
        3     3924     3132     3133
        3     3510     3953     3924
        3     3508     3952     3510
        3      480     3953      479
        3      479     3952      478
        3      478     3513      477
        3     4040     4043     4041
        3     4030     4043     4040
        3     4082     4076     4083
        3     4072     4076     4082
        3     4017     4072     4019
        3     4017     4071     4072
        3     4076     4074     4075
        3     4074     4028     4029
        3     4074     4071     4028
        3     4018     4021     4017
        3     4048     4021     4018
        3     4085     4077     4084
        3     4085     4080     4077
        3     4162     4164     4163
        3     4162     4174     4164
        3     4158     4163     4157
        3     4162     4175     4174
        3     4161     4175     4162
        3     4191     4212     4211
        3     4143     4175     4161
        3     4334     4335     4336
        3     5000     4333     4334
        3      873     4333      874
        3      874     4332      875
        3     4819     4820     4817
        3     4944     4818     4819
        3      867     4820     4818
        3      867     4821      868
        3     4825     4937     4938
        3     4826     4823     4825
        3      861     4824      862
        3      862     4823      863
        3      863     4822      864
        3     4942     4821     4944
        3     4941     4939     4942
        3     4948     4940     4941
        3      868     4939      869
        3      869     4940      870
        3      870     4947      871
        3     4936     4822     4826
        3     4817     4949     4936
        3      864     4949      865
        3      866     4949     4820
        3     4624     4623     4620
        3     4938     4993     4624
        3      859     4993      860
        3      860     4937      861
        3     4622     4995     4996
        3     4620     4994     4622
        3      857     4994      858
        3      858     4623      859
        3     4338     4947     4948
        3     4336     4999     4338
        3      871     4999      872
        3      872     4335      873
        3     4330     4332     5000
        3      876     4332     4331
        3      335     5001      334
        3     4260     4257     4258
        3      333     5003      332
        3      334     5002      333
        3     4446     5002     4514
        3     4514     5001     4260
        3      331     5005      330
        3      332     5004      331
        3     4444     5004     4443
        3     4443     5003     4446
        3      328     5007      327
        3      329     5006      328
        3      330     5008      329
        3     4521     5006     4517
        3     4517     5008     4515
        3     4515     5005     4444
        3      326     5010      325
        3      327     5009      326
        3     4527     5009     4523
        3     4523     5007     4521
        3      324     5012      323
        3      325     5011      324
        3     4533     5011     4529
        3     4529     5010     4527
        3      321     5014      320
        3      322     5013      321
        3      323     5015      322
        3     4541     5013     4535
        3     4539     1983      414
        3     4535     5012     4533
        3      318     5016     5017
        3      320     5016      319
        3     4548     5016     4545
        3     4545     5014     4541
        3      317     5019      316
        3      317     5017     5018
        3     4997     5018     4550
        3     4550     5017     4548
 
CELL_TYPES     9778
        5
        5
        5
        5
        5
        5
        5
        5
        5
        5
        5
        5
        5
        5
        5
        5
        5
        5
        5
        5
        5
        5
        5
        5
        5
        5
        5
        5
        5
        5
        5
        5
        5
        5
        5
        5
        5
        5
        5
        5
        5
        5
        5
        5
        5
        5
        5
        5
        5
        5
        5
        5
        5
        5
        5
        5
        5
        5
        5
        5
        5
        5
        5
        5
        5
        5
        5
        5
        5
        5
        5
        5
        5
        5
        5
        5
        5
        5
        5
        5
        5
        5
        5
        5
        5
        5
        5
        5
        5
        5
        5
        5
        5
        5
        5
        5
        5
        5
        5
        5
        5
        5
        5
        5
        5
        5
        5
        5
        5
        5
        5
        5
        5
        5
        5
        5
        5
        5
        5
        5
        5
        5
        5
        5
        5
        5
        5
        5
        5
        5
        5
        5
        5
        5
        5
        5
        5
        5
        5
        5
        5
        5
        5
        5
        5
        5
        5
        5
        5
        5
        5
        5
        5
        5
        5
        5
        5
        5
        5
        5
        5
        5
        5
        5
        5
        5
        5
        5
        5
        5
        5
        5
        5
        5
        5
        5
        5
        5
        5
        5
        5
        5
        5
        5
        5
        5
        5
        5
        5
        5
        5
        5
        5
        5
        5
        5
        5
        5
        5
        5
        5
        5
        5
        5
        5
        5
        5
        5
        5
        5
        5
        5
        5
        5
        5
        5
        5
        5
        5
        5
        5
        5
        5
        5
        5
        5
        5
        5
        5
        5
        5
        5
        5
        5
        5
        5
        5
        5
        5
        5
        5
        5
        5
        5
        5
        5
        5
        5
        5
        5
        5
        5
        5
        5
        5
        5
        5
        5
        5
        5
        5
        5
        5
        5
        5
        5
        5
        5
        5
        5
        5
        5
        5
        5
        5
        5
        5
        5
        5
        5
        5
        5
        5
        5
        5
        5
        5
        5
        5
        5
        5
        5
        5
        5
        5
        5
        5
        5
        5
        5
        5
        5
        5
        5
        5
        5
        5
        5
        5
        5
        5
        5
        5
        5
        5
        5
        5
        5
        5
        5
        5
        5
        5
        5
        5
        5
        5
        5
        5
        5
        5
        5
        5
        5
        5
        5
        5
        5
        5
        5
        5
        5
        5
        5
        5
        5
        5
        5
        5
        5
        5
        5
        5
        5
        5
        5
        5
        5
        5
        5
        5
        5
        5
        5
        5
        5
        5
        5
        5
        5
        5
        5
        5
        5
        5
        5
        5
        5
        5
        5
        5
        5
        5
        5
        5
        5
        5
        5
        5
        5
        5
        5
        5
        5
        5
        5
        5
        5
        5
        5
        5
        5
        5
        5
        5
        5
        5
        5
        5
        5
        5
        5
        5
        5
        5
        5
        5
        5
        5
        5
        5
        5
        5
        5
        5
        5
        5
        5
        5
        5
        5
        5
        5
        5
        5
        5
        5
        5
        5
        5
        5
        5
        5
        5
        5
        5
        5
        5
        5
        5
        5
        5
        5
        5
        5
        5
        5
        5
        5
        5
        5
        5
        5
        5
        5
        5
        5
        5
        5
        5
        5
        5
        5
        5
        5
        5
        5
        5
        5
        5
        5
        5
        5
        5
        5
        5
        5
        5
        5
        5
        5
        5
        5
        5
        5
        5
        5
        5
        5
        5
        5
        5
        5
        5
        5
        5
        5
        5
        5
        5
        5
        5
        5
        5
        5
        5
        5
        5
        5
        5
        5
        5
        5
        5
        5
        5
        5
        5
        5
        5
        5
        5
        5
        5
        5
        5
        5
        5
        5
        5
        5
        5
        5
        5
        5
        5
        5
        5
        5
        5
        5
        5
        5
        5
        5
        5
        5
        5
        5
        5
        5
        5
        5
        5
        5
        5
        5
        5
        5
        5
        5
        5
        5
        5
        5
        5
        5
        5
        5
        5
        5
        5
        5
        5
        5
        5
        5
        5
        5
        5
        5
        5
        5
        5
        5
        5
        5
        5
        5
        5
        5
        5
        5
        5
        5
        5
        5
        5
        5
        5
        5
        5
        5
        5
        5
        5
        5
        5
        5
        5
        5
        5
        5
        5
        5
        5
        5
        5
        5
        5
        5
        5
        5
        5
        5
        5
        5
        5
        5
        5
        5
        5
        5
        5
        5
        5
        5
        5
        5
        5
        5
        5
        5
        5
        5
        5
        5
        5
        5
        5
        5
        5
        5
        5
        5
        5
        5
        5
        5
        5
        5
        5
        5
        5
        5
        5
        5
        5
        5
        5
        5
        5
        5
        5
        5
        5
        5
        5
        5
        5
        5
        5
        5
        5
        5
        5
        5
        5
        5
        5
        5
        5
        5
        5
        5
        5
        5
        5
        5
        5
        5
        5
        5
        5
        5
        5
        5
        5
        5
        5
        5
        5
        5
        5
        5
        5
        5
        5
        5
        5
        5
        5
        5
        5
        5
        5
        5
        5
        5
        5
        5
        5
        5
        5
        5
        5
        5
        5
        5
        5
        5
        5
        5
        5
        5
        5
        5
        5
        5
        5
        5
        5
        5
        5
        5
        5
        5
        5
        5
        5
        5
        5
        5
        5
        5
        5
        5
        5
        5
        5
        5
        5
        5
        5
        5
        5
        5
        5
        5
        5
        5
        5
        5
        5
        5
        5
        5
        5
        5
        5
        5
        5
        5
        5
        5
        5
        5
        5
        5
        5
        5
        5
        5
        5
        5
        5
        5
        5
        5
        5
        5
        5
        5
        5
        5
        5
        5
        5
        5
        5
        5
        5
        5
        5
        5
        5
        5
        5
        5
        5
        5
        5
        5
        5
        5
        5
        5
        5
        5
        5
        5
        5
        5
        5
        5
        5
        5
        5
        5
        5
        5
        5
        5
        5
        5
        5
        5
        5
        5
        5
        5
        5
        5
        5
        5
        5
        5
        5
        5
        5
        5
        5
        5
        5
        5
        5
        5
        5
        5
        5
        5
        5
        5
        5
        5
        5
        5
        5
        5
        5
        5
        5
        5
        5
        5
        5
        5
        5
        5
        5
        5
        5
        5
        5
        5
        5
        5
        5
        5
        5
        5
        5
        5
        5
        5
        5
        5
        5
        5
        5
        5
        5
        5
        5
        5
        5
        5
        5
        5
        5
        5
        5
        5
        5
        5
        5
        5
        5
        5
        5
        5
        5
        5
        5
        5
        5
        5
        5
        5
        5
        5
        5
        5
        5
        5
        5
        5
        5
        5
        5
        5
        5
        5
        5
        5
        5
        5
        5
        5
        5
        5
        5
        5
        5
        5
        5
        5
        5
        5
        5
        5
        5
        5
        5
        5
        5
        5
        5
        5
        5
        5
        5
        5
        5
        5
        5
        5
        5
        5
        5
        5
        5
        5
        5
        5
        5
        5
        5
        5
        5
        5
        5
        5
        5
        5
        5
        5
        5
        5
        5
        5
        5
        5
        5
        5
        5
        5
        5
        5
        5
        5
        5
        5
        5
        5
        5
        5
        5
        5
        5
        5
        5
        5
        5
        5
        5
        5
        5
        5
        5
        5
        5
        5
        5
        5
        5
        5
        5
        5
        5
        5
        5
        5
        5
        5
        5
        5
        5
        5
        5
        5
        5
        5
        5
        5
        5
        5
        5
        5
        5
        5
        5
        5
        5
        5
        5
        5
        5
        5
        5
        5
        5
        5
        5
        5
        5
        5
        5
        5
        5
        5
        5
        5
        5
        5
        5
        5
        5
        5
        5
        5
        5
        5
        5
        5
        5
        5
        5
        5
        5
        5
        5
        5
        5
        5
        5
        5
        5
        5
        5
        5
        5
        5
        5
        5
        5
        5
        5
        5
        5
        5
        5
        5
        5
        5
        5
        5
        5
        5
        5
        5
        5
        5
        5
        5
        5
        5
        5
        5
        5
        5
        5
        5
        5
        5
        5
        5
        5
        5
        5
        5
        5
        5
        5
        5
        5
        5
        5
        5
        5
        5
        5
        5
        5
        5
        5
        5
        5
        5
        5
        5
        5
        5
        5
        5
        5
        5
        5
        5
        5
        5
        5
        5
        5
        5
        5
        5
        5
        5
        5
        5
        5
        5
        5
        5
        5
        5
        5
        5
        5
        5
        5
        5
        5
        5
        5
        5
        5
        5
        5
        5
        5
        5
        5
        5
        5
        5
        5
        5
        5
        5
        5
        5
        5
        5
        5
        5
        5
        5
        5
        5
        5
        5
        5
        5
        5
        5
        5
        5
        5
        5
        5
        5
        5
        5
        5
        5
        5
        5
        5
        5
        5
        5
        5
        5
        5
        5
        5
        5
        5
        5
        5
        5
        5
        5
        5
        5
        5
        5
        5
        5
        5
        5
        5
        5
        5
        5
        5
        5
        5
        5
        5
        5
        5
        5
        5
        5
        5
        5
        5
        5
        5
        5
        5
        5
        5
        5
        5
        5
        5
        5
        5
        5
        5
        5
        5
        5
        5
        5
        5
        5
        5
        5
        5
        5
        5
        5
        5
        5
        5
        5
        5
        5
        5
        5
        5
        5
        5
        5
        5
        5
        5
        5
        5
        5
        5
        5
        5
        5
        5
        5
        5
        5
        5
        5
        5
        5
        5
        5
        5
        5
        5
        5
        5
        5
        5
        5
        5
        5
        5
        5
        5
        5
        5
        5
        5
        5
        5
        5
        5
        5
        5
        5
        5
        5
        5
        5
        5
        5
        5
        5
        5
        5
        5
        5
        5
        5
        5
        5
        5
        5
        5
        5
        5
        5
        5
        5
        5
        5
        5
        5
        5
        5
        5
        5
        5
        5
        5
        5
        5
        5
        5
        5
        5
        5
        5
        5
        5
        5
        5
        5
        5
        5
        5
        5
        5
        5
        5
        5
        5
        5
        5
        5
        5
        5
        5
        5
        5
        5
        5
        5
        5
        5
        5
        5
        5
        5
        5
        5
        5
        5
        5
        5
        5
        5
        5
        5
        5
        5
        5
        5
        5
        5
        5
        5
        5
        5
        5
        5
        5
        5
        5
        5
        5
        5
        5
        5
        5
        5
        5
        5
        5
        5
        5
        5
        5
        5
        5
        5
        5
        5
        5
        5
        5
        5
        5
        5
        5
        5
        5
        5
        5
        5
        5
        5
        5
        5
        5
        5
        5
        5
        5
        5
        5
        5
        5
        5
        5
        5
        5
        5
        5
        5
        5
        5
        5
        5
        5
        5
        5
        5
        5
        5
        5
        5
        5
        5
        5
        5
        5
        5
        5
        5
        5
        5
        5
        5
        5
        5
        5
        5
        5
        5
        5
        5
        5
        5
        5
        5
        5
        5
        5
        5
        5
        5
        5
        5
        5
        5
        5
        5
        5
        5
        5
        5
        5
        5
        5
        5
        5
        5
        5
        5
        5
        5
        5
        5
        5
        5
        5
        5
        5
        5
        5
        5
        5
        5
        5
        5
        5
        5
        5
        5
        5
        5
        5
        5
        5
        5
        5
        5
        5
        5
        5
        5
        5
        5
        5
        5
        5
        5
        5
        5
        5
        5
        5
        5
        5
        5
        5
        5
        5
        5
        5
        5
        5
        5
        5
        5
        5
        5
        5
        5
        5
        5
        5
        5
        5
        5
        5
        5
        5
        5
        5
        5
        5
        5
        5
        5
        5
        5
        5
        5
        5
        5
        5
        5
        5
        5
        5
        5
        5
        5
        5
        5
        5
        5
        5
        5
        5
        5
        5
        5
        5
        5
        5
        5
        5
        5
        5
        5
        5
        5
        5
        5
        5
        5
        5
        5
        5
        5
        5
        5
        5
        5
        5
        5
        5
        5
        5
        5
        5
        5
        5
        5
        5
        5
        5
        5
        5
        5
        5
        5
        5
        5
        5
        5
        5
        5
        5
        5
        5
        5
        5
        5
        5
        5
        5
        5
        5
        5
        5
        5
        5
        5
        5
        5
        5
        5
        5
        5
        5
        5
        5
        5
        5
        5
        5
        5
        5
        5
        5
        5
        5
        5
        5
        5
        5
        5
        5
        5
        5
        5
        5
        5
        5
        5
        5
        5
        5
        5
        5
        5
        5
        5
        5
        5
        5
        5
        5
        5
        5
        5
        5
        5
        5
        5
        5
        5
        5
        5
        5
        5
        5
        5
        5
        5
        5
        5
        5
        5
        5
        5
        5
        5
        5
        5
        5
        5
        5
        5
        5
        5
        5
        5
        5
        5
        5
        5
        5
        5
        5
        5
        5
        5
        5
        5
        5
        5
        5
        5
        5
        5
        5
        5
        5
        5
        5
        5
        5
        5
        5
        5
        5
        5
        5
        5
        5
        5
        5
        5
        5
        5
        5
        5
        5
        5
        5
        5
        5
        5
        5
        5
        5
        5
        5
        5
        5
        5
        5
        5
        5
        5
        5
        5
        5
        5
        5
        5
        5
        5
        5
        5
        5
        5
        5
        5
        5
        5
        5
        5
        5
        5
        5
        5
        5
        5
        5
        5
        5
        5
        5
        5
        5
        5
        5
        5
        5
        5
        5
        5
        5
        5
        5
        5
        5
        5
        5
        5
        5
        5
        5
        5
        5
        5
        5
        5
        5
        5
        5
        5
        5
        5
        5
        5
        5
        5
        5
        5
        5
        5
        5
        5
        5
        5
        5
        5
        5
        5
        5
        5
        5
        5
        5
        5
        5
        5
        5
        5
        5
        5
        5
        5
        5
        5
        5
        5
        5
        5
        5
        5
        5
        5
        5
        5
        5
        5
        5
        5
        5
        5
        5
        5
        5
        5
        5
        5
        5
        5
        5
        5
        5
        5
        5
        5
        5
        5
        5
        5
        5
        5
        5
        5
        5
        5
        5
        5
        5
        5
        5
        5
        5
        5
        5
        5
        5
        5
        5
        5
        5
        5
        5
        5
        5
        5
        5
        5
        5
        5
        5
        5
        5
        5
        5
        5
        5
        5
        5
        5
        5
        5
        5
        5
        5
        5
        5
        5
        5
        5
        5
        5
        5
        5
        5
        5
        5
        5
        5
        5
        5
        5
        5
        5
        5
        5
        5
        5
        5
        5
        5
        5
        5
        5
        5
        5
        5
        5
        5
        5
        5
        5
        5
        5
        5
        5
        5
        5
        5
        5
        5
        5
        5
        5
        5
        5
        5
        5
        5
        5
        5
        5
        5
        5
        5
        5
        5
        5
        5
        5
        5
        5
        5
        5
        5
        5
        5
        5
        5
        5
        5
        5
        5
        5
        5
        5
        5
        5
        5
        5
        5
        5
        5
        5
        5
        5
        5
        5
        5
        5
        5
        5
        5
        5
        5
        5
        5
        5
        5
        5
        5
        5
        5
        5
        5
        5
        5
        5
        5
        5
        5
        5
        5
        5
        5
        5
        5
        5
        5
        5
        5
        5
        5
        5
        5
        5
        5
        5
        5
        5
        5
        5
        5
        5
        5
        5
        5
        5
        5
        5
        5
        5
        5
        5
        5
        5
        5
        5
        5
        5
        5
        5
        5
        5
        5
        5
        5
        5
        5
        5
        5
        5
        5
        5
        5
        5
        5
        5
        5
        5
        5
        5
        5
        5
        5
        5
        5
        5
        5
        5
        5
        5
        5
        5
        5
        5
        5
        5
        5
        5
        5
        5
        5
        5
        5
        5
        5
        5
        5
        5
        5
        5
        5
        5
        5
        5
        5
        5
        5
        5
        5
        5
        5
        5
        5
        5
        5
        5
        5
        5
        5
        5
        5
        5
        5
        5
        5
        5
        5
        5
        5
        5
        5
        5
        5
        5
        5
        5
        5
        5
        5
        5
        5
        5
        5
        5
        5
        5
        5
        5
        5
        5
        5
        5
        5
        5
        5
        5
        5
        5
        5
        5
        5
        5
        5
        5
        5
        5
        5
        5
        5
        5
        5
        5
        5
        5
        5
        5
        5
        5
        5
        5
        5
        5
        5
        5
        5
        5
        5
        5
        5
        5
        5
        5
        5
        5
        5
        5
        5
        5
        5
        5
        5
        5
        5
        5
        5
        5
        5
        5
        5
        5
        5
        5
        5
        5
        5
        5
        5
        5
        5
        5
        5
        5
        5
        5
        5
        5
        5
        5
        5
        5
        5
        5
        5
        5
        5
        5
        5
        5
        5
        5
        5
        5
        5
        5
        5
        5
        5
        5
        5
        5
        5
        5
        5
        5
        5
        5
        5
        5
        5
        5
        5
        5
        5
        5
        5
        5
        5
        5
        5
        5
        5
        5
        5
        5
        5
        5
        5
        5
        5
        5
        5
        5
        5
        5
        5
        5
        5
        5
        5
        5
        5
        5
        5
        5
        5
        5
        5
        5
        5
        5
        5
        5
        5
        5
        5
        5
        5
        5
        5
        5
        5
        5
        5
        5
        5
        5
        5
        5
        5
        5
        5
        5
        5
        5
        5
        5
        5
        5
        5
        5
        5
        5
        5
        5
        5
        5
        5
        5
        5
        5
        5
        5
        5
        5
        5
        5
        5
        5
        5
        5
        5
        5
        5
        5
        5
        5
        5
        5
        5
        5
        5
        5
        5
        5
        5
        5
        5
        5
        5
        5
        5
        5
        5
        5
        5
        5
        5
        5
        5
        5
        5
        5
        5
        5
        5
        5
        5
        5
        5
        5
        5
        5
        5
        5
        5
        5
        5
        5
        5
        5
        5
        5
        5
        5
        5
        5
        5
        5
        5
        5
        5
        5
        5
        5
        5
        5
        5
        5
        5
        5
        5
        5
        5
        5
        5
        5
        5
        5
        5
        5
        5
        5
        5
        5
        5
        5
        5
        5
        5
        5
        5
        5
        5
        5
        5
        5
        5
        5
        5
        5
        5
        5
        5
        5
        5
        5
        5
        5
        5
        5
        5
        5
        5
        5
        5
        5
        5
        5
        5
        5
        5
        5
        5
        5
        5
        5
        5
        5
        5
        5
        5
        5
        5
        5
        5
        5
        5
        5
        5
        5
        5
        5
        5
        5
        5
        5
        5
        5
        5
        5
        5
        5
        5
        5
        5
        5
        5
        5
        5
        5
        5
        5
        5
        5
        5
        5
        5
        5
        5
        5
        5
        5
        5
        5
        5
        5
        5
        5
        5
        5
        5
        5
        5
        5
        5
        5
        5
        5
        5
        5
        5
        5
        5
        5
        5
        5
        5
        5
        5
        5
        5
        5
        5
        5
        5
        5
        5
        5
        5
        5
        5
        5
        5
        5
        5
        5
        5
        5
        5
        5
        5
        5
        5
        5
        5
        5
        5
        5
        5
        5
        5
        5
        5
        5
        5
        5
        5
        5
        5
        5
        5
        5
        5
        5
        5
        5
        5
        5
        5
        5
        5
        5
        5
        5
        5
        5
        5
        5
        5
        5
        5
        5
        5
        5
        5
        5
        5
        5
        5
        5
        5
        5
        5
        5
        5
        5
        5
        5
        5
        5
        5
        5
        5
        5
        5
        5
        5
        5
        5
        5
        5
        5
        5
        5
        5
        5
        5
        5
        5
        5
        5
        5
        5
        5
        5
        5
        5
        5
        5
        5
        5
        5
        5
        5
        5
        5
        5
        5
        5
        5
        5
        5
        5
        5
        5
        5
        5
        5
        5
        5
        5
        5
        5
        5
        5
        5
        5
        5
        5
        5
        5
        5
        5
        5
        5
        5
        5
        5
        5
        5
        5
        5
        5
        5
        5
        5
        5
        5
        5
        5
        5
        5
        5
        5
        5
        5
        5
        5
        5
        5
        5
        5
        5
        5
        5
        5
        5
        5
        5
        5
        5
        5
        5
        5
        5
        5
        5
        5
        5
        5
        5
        5
        5
        5
        5
        5
        5
        5
        5
        5
        5
        5
        5
        5
        5
        5
        5
        5
        5
        5
        5
        5
        5
        5
        5
        5
        5
        5
        5
        5
        5
        5
        5
        5
        5
        5
        5
        5
        5
        5
        5
        5
        5
        5
        5
        5
        5
        5
        5
        5
        5
        5
        5
        5
        5
        5
        5
        5
        5
        5
        5
        5
        5
        5
        5
        5
        5
        5
        5
        5
        5
        5
        5
        5
        5
        5
        5
        5
        5
        5
        5
        5
        5
        5
        5
        5
        5
        5
        5
        5
        5
        5
        5
        5
        5
        5
        5
        5
        5
        5
        5
        5
        5
        5
        5
        5
        5
        5
        5
        5
        5
        5
        5
        5
        5
        5
        5
        5
        5
        5
        5
        5
        5
        5
        5
        5
        5
        5
        5
        5
        5
        5
        5
        5
        5
        5
        5
        5
        5
        5
        5
        5
        5
        5
        5
        5
        5
        5
        5
        5
        5
        5
        5
        5
        5
        5
        5
        5
        5
        5
        5
        5
        5
        5
        5
        5
        5
        5
        5
        5
        5
        5
        5
        5
        5
        5
        5
        5
        5
        5
        5
        5
        5
        5
        5
        5
        5
        5
        5
        5
        5
        5
        5
        5
        5
        5
        5
        5
        5
        5
        5
        5
        5
        5
        5
        5
        5
        5
        5
        5
        5
        5
        5
        5
        5
        5
        5
        5
        5
        5
        5
        5
        5
        5
        5
        5
        5
        5
        5
        5
        5
        5
        5
        5
        5
        5
        5
        5
        5
        5
        5
        5
        5
        5
        5
        5
        5
        5
        5
        5
        5
        5
        5
        5
        5
        5
        5
        5
        5
        5
        5
        5
        5
        5
        5
        5
        5
        5
        5
        5
        5
        5
        5
        5
        5
        5
        5
        5
        5
        5
        5
        5
        5
        5
        5
        5
        5
        5
        5
        5
        5
        5
        5
        5
        5
        5
        5
        5
        5
        5
        5
        5
        5
        5
        5
        5
        5
        5
        5
        5
        5
        5
        5
        5
        5
        5
        5
        5
        5
        5
        5
        5
        5
        5
        5
        5
        5
        5
        5
        5
        5
        5
        5
        5
        5
        5
        5
        5
        5
        5
        5
        5
        5
        5
        5
        5
        5
        5
        5
        5
        5
        5
        5
        5
        5
        5
        5
        5
        5
        5
        5
        5
        5
        5
        5
        5
        5
        5
        5
        5
        5
        5
        5
        5
        5
        5
        5
        5
        5
        5
        5
        5
        5
        5
        5
        5
        5
        5
        5
        5
        5
        5
        5
        5
        5
        5
        5
        5
        5
        5
        5
        5
        5
        5
        5
        5
        5
        5
        5
        5
        5
        5
        5
        5
        5
        5
        5
        5
        5
        5
        5
        5
        5
        5
        5
        5
        5
        5
        5
        5
        5
        5
        5
        5
        5
        5
        5
        5
        5
        5
        5
        5
        5
        5
        5
        5
        5
        5
        5
        5
        5
        5
        5
        5
        5
        5
        5
        5
        5
        5
        5
        5
        5
        5
        5
        5
        5
        5
        5
        5
        5
        5
        5
        5
        5
        5
        5
        5
        5
        5
        5
        5
        5
        5
        5
        5
        5
        5
        5
        5
        5
        5
        5
        5
        5
        5
        5
        5
        5
        5
        5
        5
        5
        5
        5
        5
        5
        5
        5
        5
        5
        5
        5
        5
        5
        5
        5
        5
        5
        5
        5
        5
        5
        5
        5
        5
        5
        5
        5
        5
        5
        5
        5
        5
        5
        5
        5
        5
        5
        5
        5
        5
        5
        5
        5
        5
        5
        5
        5
        5
        5
        5
        5
        5
        5
        5
        5
        5
        5
        5
        5
        5
        5
        5
        5
        5
        5
        5
        5
        5
        5
        5
        5
        5
        5
        5
        5
        5
        5
        5
        5
        5
        5
        5
        5
        5
        5
        5
        5
        5
        5
        5
        5
        5
        5
        5
        5
        5
        5
        5
        5
        5
        5
        5
        5
        5
        5
        5
        5
        5
        5
        5
        5
        5
        5
        5
        5
        5
        5
        5
        5
        5
        5
        5
        5
        5
        5
        5
        5
        5
        5
        5
        5
        5
        5
        5
        5
        5
        5
        5
        5
        5
        5
        5
        5
        5
        5
        5
        5
        5
        5
        5
        5
        5
        5
        5
        5
        5
        5
        5
        5
        5
        5
        5
        5
        5
        5
        5
        5
        5
        5
        5
        5
        5
        5
        5
        5
        5
        5
        5
        5
        5
        5
        5
        5
        5
        5
        5
        5
        5
        5
        5
        5
        5
        5
        5
        5
        5
        5
        5
        5
        5
        5
        5
        5
        5
        5
        5
        5
        5
        5
        5
        5
        5
        5
        5
        5
        5
        5
        5
        5
        5
        5
        5
        5
        5
        5
        5
        5
        5
        5
        5
        5
        5
        5
        5
        5
        5
        5
        5
        5
        5
        5
        5
        5
        5
        5
        5
        5
        5
        5
        5
        5
        5
        5
        5
        5
        5
        5
        5
        5
        5
        5
        5
        5
        5
        5
        5
        5
        5
        5
        5
        5
        5
        5
        5
        5
        5
        5
        5
        5
        5
        5
        5
        5
        5
        5
        5
        5
        5
        5
        5
        5
        5
        5
        5
        5
        5
        5
        5
        5
        5
        5
        5
        5
        5
        5
        5
        5
        5
        5
        5
        5
        5
        5
        5
        5
        5
        5
        5
        5
        5
        5
        5
        5
        5
        5
        5
        5
        5
        5
        5
        5
        5
        5
        5
        5
        5
        5
        5
        5
        5
        5
        5
        5
        5
        5
        5
        5
        5
        5
        5
        5
        5
        5
        5
        5
        5
        5
        5
        5
        5
        5
        5
        5
        5
        5
        5
        5
        5
        5
        5
        5
        5
        5
        5
        5
        5
        5
        5
        5
        5
        5
        5
        5
        5
        5
        5
        5
        5
        5
        5
        5
        5
        5
        5
        5
        5
        5
        5
        5
        5
        5
        5
        5
        5
        5
        5
        5
        5
        5
        5
        5
        5
        5
        5
        5
        5
        5
        5
        5
        5
        5
        5
        5
        5
        5
        5
        5
        5
        5
        5
        5
        5
        5
        5
        5
        5
        5
        5
        5
        5
        5
        5
        5
        5
        5
        5
        5
        5
        5
        5
        5
        5
        5
        5
        5
        5
        5
        5
        5
        5
        5
        5
        5
        5
        5
        5
        5
        5
        5
        5
        5
        5
        5
        5
        5
        5
        5
        5
        5
        5
        5
        5
        5
        5
        5
        5
        5
        5
        5
        5
        5
        5
        5
        5
        5
        5
        5
        5
        5
        5
        5
        5
        5
        5
        5
        5
        5
        5
        5
        5
        5
        5
        5
        5
        5
        5
        5
        5
        5
        5
        5
        5
        5
        5
        5
        5
        5
        5
        5
        5
        5
        5
        5
        5
        5
        5
        5
        5
        5
        5
        5
        5
        5
        5
        5
        5
        5
        5
        5
        5
        5
        5
        5
        5
        5
        5
        5
        5
        5
        5
        5
        5
        5
        5
        5
        5
        5
        5
        5
        5
        5
        5
        5
        5
        5
        5
        5
        5
        5
        5
        5
        5
        5
        5
        5
        5
        5
        5
        5
        5
        5
        5
        5
        5
        5
        5
        5
        5
        5
        5
        5
        5
        5
        5
        5
        5
        5
        5
        5
        5
        5
        5
        5
        5
        5
        5
        5
        5
        5
        5
        5
        5
        5
        5
        5
        5
        5
        5
        5
        5
        5
        5
        5
        5
        5
        5
        5
        5
        5
        5
        5
        5
        5
        5
        5
        5
        5
        5
        5
        5
        5
        5
        5
        5
        5
        5
        5
        5
        5
        5
        5
        5
        5
        5
        5
        5
        5
        5
        5
        5
        5
        5
        5
        5
        5
        5
        5
        5
        5
        5
        5
        5
        5
        5
        5
        5
        5
        5
        5
        5
        5
        5
        5
        5
        5
        5
        5
        5
        5
        5
        5
        5
        5
        5
        5
        5
        5
        5
        5
        5
        5
        5
        5
        5
        5
        5
        5
        5
        5
        5
        5
        5
        5
        5
        5
        5
        5
        5
        5
        5
        5
        5
        5
        5
        5
        5
        5
        5
        5
        5
        5
        5
        5
        5
        5
        5
        5
        5
        5
        5
        5
        5
        5
        5
        5
        5
        5
        5
        5
        5
        5
        5
        5
        5
        5
        5
        5
        5
        5
        5
        5
        5
        5
        5
        5
        5
        5
        5
        5
        5
        5
        5
        5
        5
        5
        5
        5
        5
        5
        5
        5
        5
        5
        5
        5
        5
        5
        5
        5
        5
        5
        5
        5
        5
        5
        5
        5
        5
        5
        5
        5
        5
        5
        5
        5
        5
        5
        5
        5
        5
        5
        5
        5
        5
        5
        5
        5
        5
        5
        5
        5
        5
        5
        5
        5
        5
        5
        5
        5
        5
        5
        5
        5
        5
        5
        5
        5
        5
        5
        5
        5
        5
        5
        5
        5
        5
        5
        5
        5
        5
        5
        5
        5
        5
        5
        5
        5
        5
        5
        5
        5
        5
        5
        5
        5
        5
        5
        5
        5
        5
        5
        5
        5
        5
        5
        5
        5
        5
        5
        5
        5
        5
        5
        5
        5
        5
        5
        5
        5
        5
        5
        5
        5
        5
        5
        5
        5
        5
        5
        5
        5
        5
        5
        5
        5
        5
        5
        5
        5
        5
        5
        5
        5
        5
        5
        5
        5
        5
        5
        5
        5
        5
        5
        5
        5
        5
        5
        5
        5
        5
        5
        5
        5
        5
        5
        5
        5
        5
        5
        5
        5
        5
        5
        5
        5
        5
        5
        5
        5
        5
        5
        5
        5
        5
        5
        5
        5
        5
        5
        5
        5
        5
        5
        5
        5
        5
        5
        5
        5
        5
        5
        5
        5
        5
        5
        5
        5
        5
        5
        5
        5
        5
        5
        5
        5
        5
        5
        5
        5
        5
        5
        5
        5
        5
        5
        5
        5
        5
        5
        5
        5
        5
        5
        5
        5
        5
        5
        5
        5
        5
        5
        5
        5
        5
        5
        5
        5
        5
        5
        5
        5
        5
        5
        5
        5
        5
        5
        5
        5
        5
        5
        5
        5
        5
        5
        5
        5
        5
        5
        5
        5
        5
        5
        5
        5
        5
        5
        5
        5
        5
        5
        5
        5
        5
        5
        5
        5
        5
        5
        5
        5
        5
        5
        5
        5
        5
        5
        5
        5
        5
        5
        5
        5
        5
        5
        5
        5
        5
        5
        5
        5
        5
        5
        5
        5
        5
        5
        5
        5
        5
        5
        5
        5
        5
        5
        5
        5
        5
        5
        5
        5
        5
        5
        5
        5
        5
        5
        5
        5
        5
        5
        5
        5
        5
        5
        5
        5
        5
        5
        5
        5
        5
        5
        5
        5
        5
        5
        5
        5
        5
        5
        5
        5
        5
        5
        5
        5
        5
        5
        5
        5
        5
        5
        5
        5
        5
        5
        5
        5
        5
        5
        5
        5
        5
        5
        5
        5
        5
        5
        5
        5
        5
        5
        5
        5
        5
        5
        5
        5
        5
        5
        5
        5
        5
        5
        5
        5
        5
        5
        5
        5
        5
        5
        5
        5
        5
        5
        5
        5
        5
        5
        5
        5
        5
        5
        5
        5
        5
        5
        5
        5
        5
        5
        5
        5
        5
        5
        5
        5
        5
        5
        5
        5
        5
        5
        5
        5
        5
        5
        5
        5
        5
        5
        5
        5
        5
        5
        5
        5
        5
        5
        5
        5
        5
        5
        5
        5
        5
        5
        5
        5
        5
        5
        5
        5
        5
        5
        5
        5
        5
        5
        5
        5
        5
        5
        5
        5
        5
        5
        5
        5
        5
        5
        5
        5
        5
        5
        5
        5
        5
        5
        5
        5
        5
        5
        5
        5
        5
        5
        5
        5
        5
        5
        5
        5
        5
        5
        5
        5
        5
        5
        5
        5
        5
        5
        5
        5
        5
        5
        5
        5
        5
        5
        5
        5
        5
        5
        5
        5
        5
        5
        5
        5
        5
        5
        5
        5
        5
        5
        5
        5
        5
        5
        5
        5
        5
        5
        5
        5
        5
        5
        5
        5
        5
        5
        5
        5
        5
        5
        5
        5
        5
        5
        5
        5
        5
        5
        5
        5
        5
        5
        5
        5
        5
        5
        5
        5
        5
        5
        5
        5
        5
        5
        5
        5
        5
        5
        5
        5
        5
        5
        5
        5
        5
        5
        5
        5
        5
        5
        5
        5
        5
        5
        5
        5
        5
        5
        5
        5
        5
        5
        5
        5
        5
        5
        5
        5
        5
        5
        5
        5
        5
        5
        5
        5
        5
        5
        5
        5
        5
        5
        5
        5
        5
        5
        5
        5
        5
        5
        5
        5
        5
        5
        5
        5
        5
        5
        5
        5
        5
        5
        5
        5
        5
        5
        5
        5
        5
        5
        5
        5
        5
        5
        5
        5
        5
        5
        5
        5
        5
        5
        5
        5
        5
        5
        5
        5
        5
        5
        5
        5
        5
        5
        5
        5
        5
        5
        5
        5
        5
        5
        5
        5
        5
        5
        5
        5
        5
        5
        5
        5
        5
        5
        5
        5
        5
        5
        5
        5
        5
        5
        5
        5
        5
        5
        5
        5
        5
        5
        5
        5
        5
        5
        5
        5
        5
        5
        5
        5
        5
        5
        5
        5
        5
        5
        5
        5
        5
        5
        5
        5
        5
        5
        5
        5
        5
        5
        5
        5
        5
        5
        5
        5
        5
        5
        5
        5
        5
        5
        5
        5
        5
        5
        5
        5
        5
        5
        5
        5
        5
        5
        5
        5
        5
        5
        5
        5
        5
        5
        5
        5
        5
        5
        5
        5
        5
        5
        5
        5
        5
        5
        5
        5
        5
        5
        5
        5
        5
        5
        5
        5
        5
        5
        5
        5
        5
        5
        5
        5
        5
        5
        5
        5
        5
        5
        5
        5
        5
        5
        5
        5
        5
        5
        5
        5
        5
        5
        5
        5
        5
        5
        5
        5
        5
        5
        5
        5
        5
        5
        5
        5
        5
        5
        5
        5
        5
        5
        5
        5
        5
        5
        5
        5
        5
        5
        5
        5
        5
        5
        5
        5
        5
        5
        5
        5
        5
        5
        5
        5
        5
        5
        5
        5
        5
        5
        5
        5
        5
        5
        5
        5
        5
        5
        5
        5
        5
        5
        5
        5
        5
        5
        5
        5
        5
        5
        5
        5
        5
        5
        5
        5
        5
        5
        5
        5
        5
        5
        5
        5
        5
        5
        5
        5
        5
        5
        5
        5
        5
        5
        5
        5
        5
        5
        5
        5
        5
        5
        5
        5
        5
        5
        5
        5
        5
        5
        5
        5
        5
        5
        5
        5
        5
        5
        5
        5
        5
        5
        5
        5
        5
        5
        5
        5
        5
        5
        5
        5
        5
        5
        5
        5
        5
        5
        5
        5
        5
        5
        5
        5
        5
        5
        5
        5
        5
        5
        5
        5
        5
        5
        5
        5
        5
        5
        5
        5
        5
        5
        5
        5
        5
        5
        5
        5
        5
        5
        5
        5
        5
        5
        5
        5
        5
        5
        5
        5
        5
        5
        5
        5
        5
        5
        5
        5
        5
        5
        5
        5
        5
        5
        5
        5
        5
        5
        5
        5
        5
        5
        5
        5
        5
        5
        5
        5
        5
        5
        5
        5
        5
        5
        5
        5
        5
        5
        5
        5
        5
        5
        5
        5
        5
        5
        5
        5
        5
        5
        5
        5
        5
        5
        5
        5
        5
        5
        5
        5
        5
        5
        5
        5
        5
        5
        5
        5
        5
        5
        5
        5
        5
        5
        5
        5
        5
        5
        5
        5
        5
        5
        5
        5
        5
        5
        5
        5
        5
        5
        5
        5
        5
        5
        5
        5
        5
        5
        5
        5
        5
        5
        5
        5
        5
        5
        5
        5
        5
        5
        5
        5
        5
        5
        5
        5
        5
        5
        5
        5
        5
        5
        5
        5
        5
        5
        5
        5
        5
        5
        5
        5
        5
        5
        5
        5
        5
        5
        5
        5
        5
        5
        5
        5
        5
        5
        5
        5
        5
        5
        5
        5
        5
        5
        5
        5
        5
        5
        5
        5
        5
        5
        5
        5
        5
        5
        5
        5
        5
        5
        5
        5
        5
        5
        5
        5
        5
        5
        5
        5
        5
        5
        5
        5
        5
        5
        5
        5
        5
        5
        5
        5
        5
        5
        5
        5
        5
        5
        5
        5
        5
        5
        5
        5
        5
        5
        5
        5
        5
        5
        5
        5
        5
        5
        5
        5
        5
        5
        5
        5
        5
        5
        5
        5
        5
        5
        5
        5
        5
        5
        5
        5
        5
        5
        5
        5
        5
        5
        5
        5
        5
        5
        5
        5
        5
        5
        5
        5
        5
        5
        5
        5
        5
        5
        5
        5
        5
        5
        5
        5
        5
        5
        5
        5
        5
        5
        5
        5
        5
        5
        5
        5
        5
        5
        5
        5
        5
        5
        5
        5
        5
        5
        5
        5
        5
        5
        5
        5
        5
        5
        5
        5
        5
        5
        5
        5
        5
        5
        5
        5
        5
        5
        5
        5
        5
        5
        5
        5
        5
        5
        5
        5
        5
        5
        5
        5
        5
        5
        5
        5
        5
        5
        5
        5
        5
        5
        5
        5
        5
        5
        5
        5
        5
        5
        5
        5
        5
        5
        5
        5
        5
        5
        5
        5
        5
        5
        5
        5
        5
        5
        5
        5
        5
        5
        5
        5
        5
        5
        5
        5
        5
        5
        5
        5
        5
        5
        5
        5
        5
        5
        5
        5
        5
        5
        5
        5
        5
        5
        5
        5
        5
        5
        5
        5
        5
        5
        5
        5
        5
        5
        5
        5
        5
        5
        5
        5
        5
        5
        5
        5
        5
        5
        5
        5
        5
        5
        5
        5
        5
        5
        5
        5
        5
        5
        5
        5
        5
        5
        5
        5
        5
        5
        5
        5
        5
        5
        5
        5
        5
        5
        5
        5
        5
        5
        5
        5
        5
        5
        5
        5
        5
        5
        5
        5
        5
        5
        5
        5
        5
        5
        5
        5
        5
        5
        5
        5
        5
        5
        5
        5
        5
        5
        5
        5
        5
        5
        5
        5
        5
        5
        5
        5
        5
        5
        5
        5
        5
        5
        5
        5
        5
        5
        5
        5
        5
        5
        5
        5
        5
        5
        5
        5
        5
        5
        5
        5
        5
        5
        5
        5
        5
        5
        5
        5
        5
        5
        5
        5
        5
        5
        5
        5
        5
        5
        5
        5
        5
        5
        5
        5
        5
        5
        5
        5
        5
        5
        5
        5
        5
        5
        5
        5
        5
        5
        5
        5
        5
        5
        5
        5
        5
        5
        5
        5
        5
        5
        5
        5
        5
        5
        5
        5
        5
        5
        5
        5
        5
        5
        5
        5
        5
        5
        5
        5
        5
        5
        5
        5
        5
        5
        5
        5
        5
        5
        5
        5
        5
        5
        5
        5
        5
        5
        5
        5
        5
        5
        5
        5
        5
        5
        5
        5
        5
        5
        5
        5
        5
        5
        5
        5
        5
        5
        5
        5
        5
        5
        5
        5
        5
        5
        5
        5
        5
        5
        5
        5
        5
        5
        5
        5
        5
        5
        5
        5
        5
        5
        5
        5
        5
        5
        5
        5
        5
        5
        5
        5
        5
        5
        5
        5
        5
        5
        5
        5
        5
        5
        5
        5
        5
        5
        5
        5
        5
        5
        5
        5
        5
        5
        5
        5
        5
        5
        5
        5
        5
        5
        5
        5
        5
        5
        5
        5
        5
        5
        5
        5
        5
        5
        5
        5
        5
        5
        5
        5
        5
        5
        5
        5
        5
        5
        5
        5
        5
        5
        5
        5
        5
        5
        5
        5
        5
        5
        5
        5
        5
        5
        5
        5
        5
        5
        5
        5
        5
        5
        5
        5
        5
        5
        5
        5
        5
        5
        5
        5
        5
        5
        5
        5
        5
        5
        5
        5
        5
        5
        5
        5
        5
        5
        5
        5
        5
        5
        5
        5
        5
        5
        5
        5
        5
        5
        5
        5
        5
        5
        5
        5
        5
        5
        5
        5
        5
        5
        5
        5
        5
        5
        5
        5
        5
        5
        5
        5
        5
        5
        5
        5
        5
        5
        5
        5
        5
        5
        5
        5
        5
        5
        5
        5
        5
        5
        5
        5
        5
        5
        5
        5
        5
        5
        5
        5
        5
        5
        5
        5
        5
        5
        5
        5
        5
        5
        5
        5
        5
        5
        5
        5
        5
        5
        5
        5
        5
        5
        5
        5
        5
        5
        5
        5
        5
        5
        5
        5
        5
        5
        5
        5
        5
        5
        5
        5
        5
        5
        5
        5
        5
        5
        5
        5
        5
        5
        5
        5
        5
        5
        5
        5
        5
        5
        5
        5
        5
        5
        5
        5
        5
        5
        5
        5
        5
        5
        5
        5
        5
        5
        5
        5
        5
        5
        5
        5
        5
        5
        5
        5
        5
        5
        5
        5
        5
        5
        5
        5
        5
        5
        5
        5
        5
        5
        5
        5
        5
        5
        5
        5
        5
        5
        5
        5
        5
        5
        5
        5
        5
        5
        5
        5
        5
        5
        5
        5
        5
        5
        5
        5
        5
        5
        5
        5
        5
        5
        5
        5
        5
        5
        5
        5
        5
        5
        5
        5
        5
        5
        5
        5
        5
        5
        5
        5
        5
        5
        5
        5
        5
        5
        5
        5
        5
        5
        5
        5
        5
        5
        5
        5
        5
        5
        5
        5
        5
        5
        5
        5
        5
        5
        5
        5
        5
        5
        5
        5
        5
        5
        5
        5
        5
        5
        5
        5
        5
        5
        5
        5
        5
        5
        5
        5
        5
        5
        5
        5
        5
        5
        5
        5
        5
        5
        5
        5
        5
        5
        5
        5
        5
        5
        5
        5
        5
        5
        5
        5
        5
        5
        5
        5
        5
        5
        5
        5
        5
        5
        5
        5
        5
        5
        5
        5
        5
        5
        5
        5
        5
        5
        5
        5
        5
        5
        5
        5
        5
        5
        5
        5
        5
        5
        5
        5
        5
        5
        5
        5
        5
        5
        5
        5
        5
        5
        5
        5
        5
        5
        5
        5
        5
        5
        5
        5
        5
        5
        5
        5
        5
        5
        5
        5
        5
        5
        5
        5
        5
        5
        5
        5
        5
        5
        5
        5
        5
        5
        5
        5
        5
        5
        5
        5
        5
        5
        5
        5
        5
        5
        5
        5
        5
        5
        5
        5
        5
        5
        5
        5
        5
        5
        5
        5
        5
        5
        5
        5
        5
        5
        5
        5
        5
        5
        5
        5
        5
        5
        5
        5
        5
        5
        5
        5
        5
        5
        5
        5
        5
        5
        5
        5
        5
        5
        5
        5
        5
        5
        5
        5
        5
        5
        5
        5
        5
        5
        5
        5
        5
        5
        5
        5
        5
        5
        5
        5
        5
        5
        5
        5
        5
        5
        5
        5
        5
        5
        5
        5
        5
        5
        5
        5
        5
        5
        5
        5
        5
        5
        5
        5
        5
        5
        5
        5
        5
        5
        5
        5
        5
        5
        5
        5
        5
        5
        5
        5
        5
        5
        5
        5
        5
        5
        5
        5
        5
        5
        5
        5
        5
        5
        5
        5
        5
        5
        5
        5
        5
        5
        5
        5
        5
        5
        5
        5
        5
        5
        5
        5
        5
        5
        5
        5
        5
        5
        5
        5
        5
        5
        5
        5
        5
        5
        5
        5
        5
        5
        5
        5
        5
        5
        5
        5
        5
        5
        5
        5
        5
        5
        5
        5
        5
        5
        5
        5
        5
        5
        5
        5
        5
        5
        5
        5
        5
        5
        5
        5
        5
        5
        5
        5
        5
        5
        5
        5
        5
        5
        5
        5
        5
        5
        5
        5
        5
        5
        5
        5
        5
        5
        5
        5
        5
        5
        5
        5
        5
        5
        5
        5
        5
        5
        5
        5
        5
        5
        5
        5
        5
        5
        5
        5
        5
        5
        5
        5
        5
        5
        5
        5
        5
        5
        5
        5
        5
        5
        5
        5
        5
        5
        5
        5
        5
        5
        5
        5
        5
        5
        5
        5
        5
        5
        5
        5
        5
        5
        5
        5
        5
        5
        5
        5
        5
        5
        5
        5
        5
        5
        5
        5
        5
        5
        5
        5
        5
        5
        5
        5
        5
        5
        5
        5
        5
        5
        5
        5
        5
        5
        5
        5
        5
        5
        5
        5
        5
        5
        5
        5
        5
        5
        5
        5
        5
        5
        5
        5
        5
        5
        5
        5
        5
        5
        5
        5
        5
        5
        5
        5
        5
        5
        5
        5
        5
        5
        5
        5
        5
        5
        5
        5
        5
        5
        5
        5
        5
        5
        5
        5
        5
        5
        5
        5
        5
        5
        5
        5
        5
        5
        5
        5
        5
        5
        5
        5
        5
        5
        5
        5
        5
        5
        5
        5
        5
        5
        5
        5
        5
        5
        5
        5
        5
        5
        5
        5
        5
        5
        5
        5
        5
        5
        5
        5
        5
        5
        5
        5
        5
        5
        5
        5
        5
        5
        5
        5
        5
        5
        5
        5
        5
        5
        5
        5
        5
        5
        5
        5
        5
        5
        5
        5
        5
        5
        5
        5
        5
        5
        5
        5
        5
        5
        5
        5
        5
        5
        5
        5
        5
        5
        5
        5
        5
        5
        5
        5
        5
        5
        5
        5
        5
        5
        5
        5
        5
        5
        5
        5
        5
        5
        5
        5
        5
        5
        5
        5
        5
        5
        5
        5
        5
        5
        5
        5
        5
        5
        5
        5
        5
        5
        5
        5
        5
        5
        5
        5
        5
        5
        5
        5
        5
        5
        5
        5
        5
        5
        5
        5
        5
        5
        5
        5
        5
        5
        5
        5
        5
        5
        5
        5
        5
        5
        5
        5
        5
        5
        5
        5
        5
        5
        5
        5
        5
        5
        5
        5
        5
        5
        5
        5
        5
        5
        5
        5
        5
        5
        5
        5
        5
        5
        5
        5
        5
        5
        5
        5
        5
        5
        5
        5
        5
        5
        5
        5
        5
        5
        5
        5
        5
        5
        5
        5
        5
        5
        5
        5
        5
        5
        5
        5
        5
        5
        5
        5
        5
        5
        5
        5
        5
        5
        5
        5
        5
        5
        5
        5
        5
        5
        5
        5
        5
        5
        5
        5
        5
        5
        5
        5
        5
        5
        5
        5
        5
        5
        5
        5
        5
        5
        5
        5
        5
        5
        5
        5
        5
        5
        5
        5
        5
        5
        5
        5
        5
        5
        5
        5
        5
        5
        5
        5
        5
        5
        5
        5
        5
        5
        5
        5
        5
        5
        5
        5
        5
        5
        5
        5
        5
        5
        5
        5
        5
        5
        5
        5
        5
        5
        5
        5
        5
        5
        5
        5
        5
        5
        5
        5
        5
        5
        5
        5
        5
        5
        5
        5
        5
        5
        5
        5
        5
        5
        5
        5
        5
        5
        5
        5
        5
        5
        5
        5
        5
        5
        5
        5
        5
        5
        5
        5
        5
        5
        5
        5
        5
        5
        5
        5
        5
        5
        5
        5
        5
        5
        5
        5
        5
        5
        5
        5
        5
        5
        5
        5
        5
        5
        5
        5
        5
        5
        5
        5
        5
        5
        5
        5
        5
        5
        5
        5
        5
        5
        5
        5
        5
        5
        5
        5
        5
        5
        5
        5
        5
        5
        5
        5
        5
        5
        5
        5
        5
        5
        5
        5
        5
        5
        5
        5
        5
        5
        5
        5
        5
        5
        5
        5
        5
        5
        5
        5
        5
        5
        5
        5
        5
        5
        5
        5
        5
        5
        5
        5
        5
        5
        5
        5
        5
        5
        5
        5
        5
        5
        5
        5
        5
        5
        5
        5
        5
        5
        5
        5
        5
        5
        5
        5
        5
        5
        5
        5
        5
        5
        5
        5
        5
        5
        5
        5
        5
        5
        5
        5
        5
        5
        5
        5
        5
        5
        5
        5
        5
        5
        5
        5
        5
        5
        5
        5
        5
        5
        5
        5
        5
        5
        5
        5
        5
        5
        5
        5
        5
        5
        5
        5
        5
        5
        5
        5
        5
        5
        5
        5
        5
        5
        5
        5
        5
        5
        5
        5
        5
        5
        5
        5
        5
        5
        5
        5
        5
        5
        5
        5
        5
        5
        5
        5
        5
        5
        5
        5
        5
        5
        5
        5
        5
        5
        5
        5
        5
        5
        5
        5
        5
        5
        5
        5
        5
        5
        5
        5
        5
        5
        5
        5
        5
        5
        5
        5
        5
        5
        5
        5
        5
        5
        5
        5
        5
        5
        5
        5
        5
        5
        5
        5
        5
        5
        5
        5
        5
        5
        5
        5
        5
        5
        5
        5
        5
        5
        5
        5
        5
        5
        5
        5
        5
        5
        5
        5
        5
        5
        5
        5
        5
        5
        5
        5
        5
        5
        5
        5
        5
        5
        5
        5
        5
        5
        5
        5
        5
        5
        5
        5
        5
        5
        5
        5
        5
        5
        5
        5
        5
        5
        5
        5
        5
        5
        5
        5
        5
        5
        5
        5
        5
        5
        5
        5
        5
        5
        5
        5
        5
        5
        5
        5
        5
        5
        5
        5
        5
        5
        5
        5
        5
        5
        5
        5
        5
        5
        5
        5
        5
        5
        5
        5
        5
        5
        5
        5
        5
        5
        5
        5
        5
        5
        5
        5
        5
        5
        5
        5
        5
        5
        5
        5
        5
        5
        5
        5
        5
        5
        5
        5
        5
        5
        5
        5
        5
        5
        5
        5
        5
        5
        5
        5
        5
        5
        5
        5
        5
        5
        5
        5
        5
        5
        5
        5
        5
        5
        5
        5
        5
        5
        5
        5
        5
        5
        5
        5
        5
        5
        5
        5
        5
        5
        5
        5
        5
        5
        5
        5
        5
        5
        5
        5
        5
        5
        5
        5
        5
        5
        5
        5
        5
        5
        5
        5
        5
        5
        5
        5
        5
        5
        5
        5
        5
        5
        5
        5
        5
        5
        5
        5
        5
        5
        5
        5
        5
        5
        5
        5
        5
        5
        5
        5
        5
        5
        5
        5
        5
        5
        5
        5
        5
        5
        5
        5
        5
        5
        5
        5
        5
        5
        5
        5
        5
        5
        5
        5
        5
        5
        5
        5
        5
        5
        5
        5
        5
        5
        5
        5
        5
        5
        5
        5
        5
        5
        5
        5
        5
        5
        5
        5
        5
        5
        5
        5
        5
        5
        5
        5
        5
        5
        5
        5
        5
        5
        5
        5
        5
        5
        5
        5
        5
        5
        5
        5
        5
        5
        5
        5
        5
        5
        5
        5
        5
        5
        5
        5
        5
        5
        5
        5
        5
        5
        5
        5
        5
        5
        5
        5
        5
        5
        5
        5
        5
        5
        5
        5
        5
        5
        5
        5
        5
        5
        5
        5
        5
        5
        5
        5
        5
        5
        5
        5
        5
        5
        5
        5
        5
        5
        5
        5
        5
        5
        5
        5
        5
        5
        5
        5
        5
        5
        5
        5
        5
        5
        5
        5
        5
        5
        5
        5
        5
        5
        5
        5
        5
        5
        5
        5
        5
        5
        5
        5
        5
        5
        5
        5
        5
        5
        5
        5
        5
        5
        5
        5
        5
        5
        5
        5
        5
        5
        5
        5
        5
        5
        5
        5
        5
        5
        5
        5
        5
        5
        5
        5
        5
        5
        5
        5
        5
        5
        5
        5
        5
        5
        5
        5
        5
        5
        5
        5
        5
        5
        5
        5
        5
        5
        5
        5
        5
        5
        5
        5
        5
        5
        5
        5
        5
        5
        5
        5
        5
        5
        5
        5
        5
        5
        5
        5
        5
        5
        5
        5
        5
        5
        5
        5
        5
        5
        5
        5
        5
        5
        5
        5
        5
        5
        5
        5
        5
        5
        5
        5
        5
        5
        5
        5
        5
        5
        5
        5
        5
        5
        5
        5
        5
        5
        5
        5
        5
        5
        5
        5
        5
        5
        5
        5
        5
        5
        5
        5
        5
        5
        5
        5
        5
        5
        5
        5
        5
        5
        5
        5
        5
        5
        5
        5
        5
        5
        5
        5
        5
        5
        5
        5
        5
        5
        5
        5
        5
        5
        5
        5
        5
        5
        5
        5
        5
        5
        5
        5
        5
        5
        5
        5
        5
        5
        5
        5
        5
        5
        5
        5
        5
        5
        5
        5
        5
        5
        5
        5
        5
        5
        5
        5
        5
        5
        5
        5
        5
        5
        5
        5
        5
        5
        5
        5
        5
        5
        5
        5
        5
        5
        5
        5
        5
        5
        5
        5
        5
        5
        5
        5
        5
        5
        5
        5
        5
        5
        5
        5
        5
        5
        5
        5
        5
        5
        5
        5
        5
        5
        5
        5
        5
        5
        5
        5
        5
        5
        5
        5
        5
        5
        5
        5
        5
        5
        5
        5
        5
        5
        5
        5
        5
        5
        5
        5
        5
        5
        5
        5
        5
        5
        5
        5
        5
        5
        5
        5
        5
        5
        5
        5
        5
        5
        5
        5
        5
        5
        5
        5
        5
        5
        5
        5
        5
        5
        5
        5
        5
        5
        5
        5
        5
        5
        5
        5
        5
        5
        5
        5
        5
        5
        5
        5
        5
        5
        5
        5
        5
        5
        5
        5
        5
        5
        5
        5
        5
        5
        5
        5
        5
        5
        5
        5
        5
        5
        5
        5
        5
        5
        5
        5
        5
        5
        5
        5
        5
        5
        5
        5
        5
        5
        5
        5
        5
        5
        5
        5
        5
        5
        5
        5
        5
        5
        5
        5
        5
        5
        5
        5
        5
        5
        5
        5
        5
        5
        5
        5
        5
        5
        5
        5
        5
        5
        5
        5
        5
        5
        5
        5
        5
        5
        5
        5
        5
        5
        5
        5
        5
        5
        5
        5
        5
        5
        5
        5
        5
        5
        5
        5
        5
        5
        5
        5
        5
        5
        5
        5
        5
        5
        5
        5
        5
        5
        5
        5
        5
        5
        5
        5
        5
        5
        5
        5
        5
        5
        5
        5
        5
        5
        5
        5
        5
        5
        5
        5
        5
        5
        5
        5
        5
        5
        5
        5
        5
        5
        5
        5
        5
        5
        5
        5
        5
        5
        5
        5
        5
        5
        5
        5
        5
        5
        5
        5
        5
        5
        5
        5
        5
        5
        5
        5
        5
        5
        5
        5
        5
        5
        5
        5
        5
        5
        5
        5
        5
        5
        5
        5
        5
        5
        5
        5
        5
        5
        5
        5
        5
        5
        5
        5
        5
        5
        5
        5
        5
        5
        5
        5
        5
        5
        5
        5
        5
        5
        5
        5
        5
        5
        5
        5
        5
        5
        5
        5
        5
        5
        5
        5
        5
        5
        5
        5
        5
        5
        5
        5
        5
        5
        5
        5
        5
        5
        5
        5
        5
        5
        5
        5
        5
        5
        5
        5
        5
        5
        5
        5
        5
        5
        5
        5
        5
        5
        5
        5
        5
        5
        5
        5
        5
        5
        5
        5
        5
        5
        5
        5
        5
        5
        5
        5
        5
        5
        5
        5
        5
        5
        5
        5
        5
        5
        5
        5
        5
        5
        5
        5
        5
        5
        5
        5
        5
        5
        5
        5
        5
        5
        5
        5
        5
        5
        5
        5
        5
        5
        5
        5
        5
        5
        5
        5
        5
        5
        5
        5
        5
        5
        5
        5
        5
        5
        5
        5
        5
        5
        5
        5
        5
        5
        5
        5
        5
        5
        5
        5
        5
        5
        5
        5
        5
        5
        5
        5
        5
        5
        5
        5
        5
        5
        5
        5
        5
        5
        5
        5
        5
        5
        5
        5
        5
        5
        5
        5
        5
        5
        5
        5
        5
        5
        5
        5
        5
        5
        5
        5
        5
        5
        5
        5
        5
        5
        5
        5
        5
        5
        5
        5
        5
        5
        5
        5
        5
        5
        5
        5
        5
        5
        5
        5
        5
        5
        5
        5
        5
        5
        5
        5
        5
        5
        5
        5
        5
        5
        5
        5
        5
        5
        5
        5
        5
        5
        5
        5
        5
        5
        5
        5
        5
        5
        5
        5
        5
        5
        5
        5
        5
        5
        5
        5
        5
        5
        5
        5
        5
        5
        5
        5
        5
        5
        5
        5
        5
        5
        5
        5
        5
        5
        5
        5
        5
        5
        5
        5
        5
        5
        5
        5
        5
        5
        5
        5
        5
        5
        5
        5
        5
        5
        5
        5
        5
        5
        5
        5
        5
        5
        5
        5
        5
        5
        5
        5
        5
        5
        5
        5
        5
        5
        5
        5
        5
        5
        5
        5
        5
        5
        5
        5
        5
        5
        5
        5
        5
        5
        5
        5
        5
        5
        5
        5
        5
        5
        5
        5
        5
        5
        5
        5
        5
        5
        5
        5
        5
        5
        5
        5
        5
        5
        5
        5
        5
        5
        5
        5
        5
        5
        5
        5
        5
        5
        5
        5
        5
        5
        5
        5
        5
        5
        5
        5
        5
        5
        5
        5
        5
        5
        5
        5
        5
        5
        5
        5
        5
        5
        5
        5
        5
        5
        5
        5
        5
        5
        5
        5
        5
        5
        5
        5
        5
        5
        5
        5
        5
        5
        5
        5
        5
        5
        5
        5
        5
        5
        5
        5
        5
        5
        5
        5
        5
        5
        5
        5
        5
        5
        5
        5
        5
        5
        5
        5
        5
        5
        5
        5
        5
        5
        5
        5
        5
        5
        5
        5
        5
        5
        5
        5
        5
        5
        5
        5
        5
        5
        5
        5
        5
        5
        5
        5
        5
        5
        5
        5
        5
        5
        5
        5
        5
        5
        5
        5
        5
        5
        5
        5
        5
        5
        5
        5
        5
        5
        5
        5
        5
        5
        5
        5
        5
        5
        5
        5
        5
        5
        5
        5
        5
        5
        5
        5
        5
        5
        5
        5
        5
        5
        5
        5
        5
        5
        5
        5
        5
        5
        5
        5
        5
        5
        5
        5
        5
        5
        5
        5
        5
        5
        5
        5
        5
        5
        5
        5
        5
        5
        5
        5
        5
        5
        5
        5
        5
        5
        5
        5
        5
        5
        5
        5
        5
        5
        5
        5
        5
        5
        5
        5
        5
        5
        5
        5
        5
        5
        5
        5
        5
        5
        5
        5
        5
        5
        5
        5
        5
        5
        5
        5
        5
        5
        5
        5
        5
        5
        5
        5
        5
        5
        5
        5
        5
        5
        5
        5
        5
        5
        5
        5
        5
        5
        5
        5
        5
        5
        5
        5
        5
        5
        5
        5
        5
        5
        5
        5
        5
        5
        5
        5
        5
        5
        5
        5
        5
        5
        5
        5
        5
        5
        5
        5
        5
        5
        5
        5
        5
        5
        5
        5
        5
        5
        5
        5
        5
        5
        5
        5
        5
        5
        5
        5
        5
        5
        5
        5
        5
        5
        5
        5
        5
        5
        5
        5
        5
        5
        5
        5
        5
        5
        5
        5
        5
        5
        5
        5
        5
        5
        5
        5
        5
        5
        5
        5
        5
        5
        5
        5
        5
        5
        5
        5
        5
        5
        5
        5
        5
        5
        5
        5
        5
        5
        5
        5
        5
        5
        5
        5
        5
        5
        5
        5
        5
        5
        5
        5
        5
        5
        5
        5
        5
        5
        5
        5
        5
        5
        5
        5
        5
        5
        5
        5
        5
        5
        5
        5
        5
        5
        5
        5
        5
        5
        5
        5
        5
        5
        5
        5
        5
        5
        5
        5
        5
        5
        5
        5
        5
        5
        5
        5
        5
        5
        5
        5
        5
        5
        5
        5
        5
        5
        5
        5
        5
        5
        5
        5
        5
        5
        5
        5
        5
        5
        5
        5
        5
        5
        5
        5
        5
        5
        5
        5
        5
        5
        5
        5
        5
        5
        5
        5
        5
        5
        5
        5
        5
        5
        5
        5
        5
        5
        5
        5
        5
        5
        5
        5
        5
        5
        5
        5
        5
        5
        5
        5
        5
        5
        5
        5
        5
        5
        5
        5
        5
        5
        5
        5
        5
        5
        5
        5
        5
        5
        5
        5
        5
        5
        5
        5
        5
        5
        5
        5
        5
        5
        5
        5
        5
        5
        5
        5
        5
        5
        5
        5
        5
        5
        5
        5
        5
        5
        5
        5
        5
        5
        5
        5
        5
        5
        5
        5
        5
        5
        5
        5
        5
        5
        5
        5
        5
        5
        5
        5
        5
        5
        5
        5
        5
        5
        5
        5
        5
        5
        5
        5
        5
        5
        5
        5
        5
        5
        5
        5
        5
        5
        5
        5
        5
        5
        5
        5
        5
        5
        5
        5
        5
        5
        5
        5
        5
        5
        5
        5
        5
        5
        5
        5
        5
        5
        5
        5
        5
        5
        5
        5
        5
        5
        5
        5
        5
        5
        5
        5
        5
        5
        5
        5
        5
        5
        5
        5
        5
        5
        5
        5
        5
        5
        5
        5
        5
        5
        5
        5
        5
        5
        5
        5
        5
        5
        5
        5
        5
        5
        5
        5
        5
        5
        5
        5
        5
        5
        5
        5
        5
        5
        5
        5
        5
        5
        5
        5
        5
        5
        5
        5
        5
        5
        5
        5
        5
        5
        5
        5
        5
        5
        5
        5
        5
        5
        5
        5
        5
        5
        5
        5
        5
        5
        5
        5
        5
        5
        5
        5
        5
        5
        5
        5
        5
        5
        5
        5
        5
        5
        5
        5
        5
        5
        5
        5
        5
        5
        5
        5
        5
        5
        5
        5
        5
        5
        5
        5
        5
        5
        5
        5
        5
        5
        5
        5
        5
        5
        5
        5
        5
        5
        5
        5
        5
        5
        5
        5
        5
        5
        5
        5
        5
        5
        5
        5
        5
        5
        5
        5
        5
        5
        5
        5
        5
        5
        5
        5
        5
        5
        5
        5
        5
        5
        5
        5
        5
        5
        5
        5
        5
        5
        5
        5
        5
        5
        5
        5
        5
        5
        5
        5
        5
        5
        5
        5
        5
        5
        5
        5
        5
        5
        5
        5
        5
        5
        5
        5
        5
        5
        5
        5
        5
        5
        5
        5
        5
        5
        5
        5
        5
        5
        5
        5
        5
        5
        5
        5
        5
        5
        5
        5
        5
        5
        5
        5
        5
        5
        5
        5
        5
        5
        5
        5
        5
        5
        5
        5
        5
        5
        5
        5
        5
        5
        5
        5
        5
        5
        5
        5
        5
        5
        5
        5
        5
        5
        5
        5
        5
        5
        5
        5
        5
        5
        5
        5
        5
        5
        5
        5
        5
        5
        5
        5
        5
        5
        5
        5
        5
        5
        5
        5
        5
        5
        5
        5
        5
        5
        5
        5
        5
        5
        5
        5
        5
        5
        5
        5
        5
        5
        5
        5
        5
        5
        5
        5
        5
        5
        5
        5
        5
        5
        5
        5
        5
        5
        5
        5
        5
        5
        5
        5
        5
        5
        5
        5
        5
        5
        5
        5
        5
        5
        5
        5
        5
        5
        5
        5
        5
        5
        5
        5
        5
        5
        5
        5
        5
        5
        5
        5
        5
        5
        5
        5
        5
        5
        5
        5
        5
        5
        5
        5
        5
        5
        5
        5
        5
        5
        5
        5
        5
        5
        5
        5
        5
        5
        5
        5
        5
        5
        5
        5
        5
        5
        5
        5
        5
        5
        5
        5
        5
        5
        5
        5
        5
        5
        5
        5
        5
        5
        5
        5
        5
        5
        5
        5
        5
        5
        5
        5
        5
        5
        5
        5
        5
        5
        5
        5
        5
        5
        5
        5
        5
        5
        5
        5
        5
        5
        5
        5
        5
        5
        5
        5
        5
        5
        5
        5
        5
        5
        5
        5
        5
        5
        5
        5
        5
        5
        5
        5
        5
        5
        5
        5
        5
        5
        5
        5
        5
        5
        5
        5
        5
        5
        5
        5
        5
        5
        5
        5
        5
        5
        5
        5
        5
        5
        5
        5
        5
        5
        5
        5
        5
        5
        5
        5
        5
        5
        5
        5
        5
        5
        5
        5
        5
        5
        5
        5
        5
        5
        5
        5
        5
        5
        5
        5
        5
        5
        5
        5
        5
        5
        5
        5
        5
        5
        5
        5
        5
        5
        5
        5
        5
        5
        5
        5
        5
        5
        5
        5
        5
        5
        5
        5
        5
        5
        5
        5
        5
        5
        5
        5
        5
        5
        5
        5
        5
        5
        5
        5
        5
        5
        5
        5
        5
        5
        5
        5
        5
        5
        5
        5
        5
        5
        5
        5
        5
        5
        5
        5
        5
        5
        5
        5
        5
        5
        5
        5
        5
        5
        5
        5
        5
        5
        5
        5
        5
        5
        5
        5
        5
        5
        5
        5
        5
        5
        5
        5
        5
        5
        5
        5
        5
        5
        5
        5
        5
        5
        5
        5
        5
        5
        5
        5
        5
        5
        5
        5
        5
        5
        5
        5
        5
        5
        5
        5
        5
        5
        5
        5
        5
        5
        5
        5
        5
        5
        5
        5
        5
        5
        5
        5
        5
        5
        5
        5
        5
        5
        5
        5
        5
        5
        5
        5
        5
        5
        5
        5
        5
        5
        5
        5
        5
        5
        5
        5
        5
        5
        5
        5
        5
        5
        5
        5
        5
        5
        5
        5
        5
        5
CELL_DATA    9778
SCALARS Body int 
LOOKUP_TABLE default
        1
        1
        1
        1
        1
        1
        1
        1
        1
        1
        1
        1
        1
        1
        1
        1
        1
        1
        1
        1
        1
        1
        1
        1
        1
        1
        1
        1
        1
        1
        1
        1
        1
        1
        1
        1
        1
        1
        1
        1
        1
        1
        1
        1
        1
        1
        1
        1
        1
        1
        1
        1
        1
        1
        1
        1
        1
        1
        1
        1
        1
        1
        1
        1
        1
        1
        1
        1
        1
        1
        1
        1
        1
        1
        1
        1
        1
        1
        1
        1
        1
        1
        1
        1
        1
        1
        1
        1
        1
        1
        1
        1
        1
        1
        1
        1
        1
        1
        1
        1
        1
        1
        1
        1
        1
        1
        1
        1
        1
        1
        1
        1
        1
        1
        1
        1
        1
        1
        1
        1
        1
        1
        1
        1
        1
        1
        1
        1
        1
        1
        1
        1
        1
        1
        1
        1
        1
        1
        1
        1
        1
        1
        1
        1
        1
        1
        1
        1
        1
        1
        1
        1
        1
        1
        1
        1
        1
        1
        1
        1
        1
        1
        1
        1
        1
        1
        1
        1
        1
        1
        1
        1
        1
        1
        1
        1
        1
        1
        1
        1
        1
        1
        1
        1
        1
        1
        1
        1
        1
        1
        1
        1
        1
        1
        1
        1
        1
        1
        1
        1
        1
        1
        1
        1
        1
        1
        1
        1
        1
        1
        1
        1
        1
        1
        1
        1
        1
        1
        1
        1
        1
        1
        1
        1
        1
        1
        1
        1
        1
        1
        1
        1
        1
        1
        1
        1
        1
        1
        1
        1
        1
        1
        1
        1
        1
        1
        1
        1
        1
        1
        1
        1
        1
        1
        1
        1
        1
        1
        1
        1
        1
        1
        1
        1
        1
        1
        1
        1
        1
        1
        1
        1
        1
        1
        1
        1
        1
        1
        1
        1
        1
        1
        1
        1
        1
        1
        1
        1
        1
        1
        1
        1
        1
        1
        1
        1
        1
        1
        1
        1
        1
        1
        1
        1
        1
        1
        1
        1
        1
        1
        1
        1
        1
        1
        1
        1
        1
        1
        1
        1
        1
        1
        1
        1
        1
        1
        1
        1
        1
        1
        1
        1
        1
        1
        1
        1
        1
        1
        1
        1
        1
        1
        1
        1
        1
        1
        1
        1
        1
        1
        1
        1
        1
        1
        1
        1
        1
        1
        1
        1
        1
        1
        1
        1
        1
        1
        1
        1
        1
        1
        1
        1
        1
        1
        1
        1
        1
        1
        1
        1
        1
        1
        1
        1
        1
        1
        1
        1
        1
        1
        1
        1
        1
        1
        1
        1
        1
        1
        1
        1
        1
        1
        1
        1
        1
        1
        1
        1
        1
        1
        1
        1
        1
        1
        1
        1
        1
        1
        1
        1
        1
        1
        1
        1
        1
        1
        1
        1
        1
        1
        1
        1
        1
        1
        1
        1
        1
        1
        1
        1
        1
        1
        1
        1
        1
        1
        1
        1
        1
        1
        1
        1
        1
        1
        1
        1
        1
        1
        1
        1
        1
        1
        1
        1
        1
        1
        1
        1
        1
        1
        1
        1
        1
        1
        1
        1
        1
        1
        1
        1
        1
        1
        1
        1
        1
        1
        1
        1
        1
        1
        1
        1
        1
        1
        1
        1
        1
        1
        1
        1
        1
        1
        1
        1
        1
        1
        1
        1
        1
        1
        1
        1
        1
        1
        1
        1
        1
        1
        1
        1
        1
        1
        1
        1
        1
        1
        1
        1
        1
        1
        1
        1
        1
        1
        1
        1
        1
        1
        1
        1
        1
        1
        1
        1
        1
        1
        1
        1
        1
        1
        1
        1
        1
        1
        1
        1
        1
        1
        1
        1
        1
        1
        1
        1
        1
        1
        1
        1
        1
        1
        1
        1
        1
        1
        1
        1
        1
        1
        1
        1
        1
        1
        1
        1
        1
        1
        1
        1
        1
        1
        1
        1
        1
        1
        1
        1
        1
        1
        1
        1
        1
        1
        1
        1
        1
        1
        1
        1
        1
        1
        1
        1
        1
        1
        1
        1
        1
        1
        1
        1
        1
        1
        1
        1
        1
        1
        1
        1
        1
        1
        1
        1
        1
        1
        1
        1
        1
        1
        1
        1
        1
        1
        1
        1
        1
        1
        1
        1
        1
        1
        1
        1
        1
        1
        1
        1
        1
        1
        1
        1
        1
        1
        1
        1
        1
        1
        1
        1
        1
        1
        1
        1
        1
        1
        1
        1
        1
        1
        1
        1
        1
        1
        1
        1
        1
        1
        1
        1
        1
        1
        1
        1
        1
        1
        1
        1
        1
        1
        1
        1
        1
        1
        1
        1
        1
        1
        1
        1
        1
        1
        1
        1
        1
        1
        1
        1
        1
        1
        1
        1
        1
        1
        1
        1
        1
        1
        1
        1
        1
        1
        1
        1
        1
        1
        1
        1
        1
        1
        1
        1
        1
        1
        1
        1
        1
        1
        1
        1
        1
        1
        1
        1
        1
        1
        1
        1
        1
        1
        1
        1
        1
        1
        1
        1
        1
        1
        1
        1
        1
        1
        1
        1
        1
        1
        1
        1
        1
        1
        1
        1
        1
        1
        1
        1
        1
        1
        1
        1
        1
        1
        1
        1
        1
        1
        1
        1
        1
        1
        1
        1
        1
        1
        1
        1
        1
        1
        1
        1
        1
        1
        1
        1
        1
        1
        1
        1
        1
        1
        1
        1
        1
        1
        1
        1
        1
        1
        1
        1
        1
        1
        1
        1
        1
        1
        1
        1
        1
        1
        1
        1
        1
        1
        1
        1
        1
        1
        1
        1
        1
        1
        1
        1
        1
        1
        1
        1
        1
        1
        1
        1
        1
        1
        1
        1
        1
        1
        1
        1
        1
        1
        1
        1
        1
        1
        1
        1
        1
        1
        1
        1
        1
        1
        1
        1
        1
        1
        1
        1
        1
        1
        1
        1
        1
        1
        1
        1
        1
        1
        1
        1
        1
        1
        1
        1
        1
        1
        1
        1
        1
        1
        1
        1
        1
        1
        1
        1
        1
        1
        1
        1
        1
        1
        1
        1
        1
        1
        1
        1
        1
        1
        1
        1
        1
        1
        1
        1
        1
        1
        1
        1
        1
        1
        1
        1
        1
        1
        1
        1
        1
        1
        1
        1
        1
        1
        1
        1
        1
        1
        1
        1
        1
        1
        1
        1
        1
        1
        1
        1
        1
        1
        1
        1
        1
        1
        1
        1
        1
        1
        1
        1
        1
        1
        1
        1
        1
        1
        1
        1
        1
        1
        1
        1
        1
        1
        1
        1
        1
        1
        1
        1
        1
        1
        1
        1
        1
        1
        1
        1
        1
        1
        1
        1
        1
        1
        1
        1
        1
        1
        1
        1
        1
        1
        1
        1
        1
        1
        1
        1
        1
        1
        1
        1
        1
        1
        1
        1
        1
        1
        1
        1
        1
        1
        1
        1
        1
        1
        1
        1
        1
        1
        1
        1
        1
        1
        1
        1
        1
        1
        1
        1
        1
        1
        1
        1
        1
        1
        1
        1
        1
        1
        1
        1
        1
        1
        1
        1
        1
        1
        1
        1
        1
        1
        1
        1
        1
        1
        1
        1
        1
        1
        1
        1
        1
        1
        1
        1
        1
        1
        1
        1
        1
        1
        1
        1
        1
        1
        1
        1
        1
        1
        1
        1
        1
        1
        1
        1
        1
        1
        1
        1
        1
        1
        1
        1
        1
        1
        1
        1
        1
        1
        1
        1
        1
        1
        1
        1
        1
        1
        1
        1
        1
        1
        1
        1
        1
        1
        1
        1
        1
        1
        1
        1
        1
        1
        1
        1
        1
        1
        1
        1
        1
        1
        1
        1
        1
        1
        1
        1
        1
        1
        1
        1
        1
        1
        1
        1
        1
        1
        1
        1
        1
        1
        1
        1
        1
        1
        1
        1
        1
        1
        1
        1
        1
        1
        1
        1
        1
        1
        1
        1
        1
        1
        1
        1
        1
        1
        1
        1
        1
        1
        1
        1
        1
        1
        1
        1
        1
        1
        1
        1
        1
        1
        1
        1
        1
        1
        1
        1
        1
        1
        1
        1
        1
        1
        1
        1
        1
        1
        1
        1
        1
        1
        1
        1
        1
        1
        1
        1
        1
        1
        1
        1
        1
        1
        1
        1
        1
        1
        1
        1
        1
        1
        1
        1
        1
        1
        1
        1
        1
        1
        1
        1
        1
        1
        1
        1
        1
        1
        1
        1
        1
        1
        1
        1
        1
        1
        1
        1
        1
        1
        1
        1
        1
        1
        1
        1
        1
        1
        1
        1
        1
        1
        1
        1
        1
        1
        1
        1
        1
        1
        1
        1
        1
        1
        1
        1
        1
        1
        1
        1
        1
        1
        1
        1
        1
        1
        1
        1
        1
        1
        1
        1
        1
        1
        1
        1
        1
        1
        1
        1
        1
        1
        1
        1
        1
        1
        1
        1
        1
        1
        1
        1
        1
        1
        1
        1
        1
        1
        1
        1
        1
        1
        1
        1
        1
        1
        1
        1
        1
        1
        1
        1
        1
        1
        1
        1
        1
        1
        1
        1
        1
        1
        1
        1
        1
        1
        1
        1
        1
        1
        1
        1
        1
        1
        1
        1
        1
        1
        1
        1
        1
        1
        1
        1
        1
        1
        1
        1
        1
        1
        1
        1
        1
        1
        1
        1
        1
        1
        1
        1
        1
        1
        1
        1
        1
        1
        1
        1
        1
        1
        1
        1
        1
        1
        1
        1
        1
        1
        1
        1
        1
        1
        1
        1
        1
        1
        1
        1
        1
        1
        1
        1
        1
        1
        1
        1
        1
        1
        1
        1
        1
        1
        1
        1
        1
        1
        1
        1
        1
        1
        1
        1
        1
        1
        1
        1
        1
        1
        1
        1
        1
        1
        1
        1
        1
        1
        1
        1
        1
        1
        1
        1
        1
        1
        1
        1
        1
        1
        1
        1
        1
        1
        1
        1
        1
        1
        1
        1
        1
        1
        1
        1
        1
        1
        1
        1
        1
        1
        1
        1
        1
        1
        1
        1
        1
        1
        1
        1
        1
        1
        1
        1
        1
        1
        1
        1
        1
        1
        1
        1
        1
        1
        1
        1
        1
        1
        1
        1
        1
        1
        1
        1
        1
        1
        1
        1
        1
        1
        1
        1
        1
        1
        1
        1
        1
        1
        1
        1
        1
        1
        1
        1
        1
        1
        1
        1
        1
        1
        1
        1
        1
        1
        1
        1
        1
        1
        1
        1
        1
        1
        1
        1
        1
        1
        1
        1
        1
        1
        1
        1
        1
        1
        1
        1
        1
        1
        1
        1
        1
        1
        1
        1
        1
        1
        1
        1
        1
        1
        1
        1
        1
        1
        1
        1
        1
        1
        1
        1
        1
        1
        1
        1
        1
        1
        1
        1
        1
        1
        1
        1
        1
        1
        1
        1
        1
        1
        1
        1
        1
        1
        1
        1
        1
        1
        1
        1
        1
        1
        1
        1
        1
        1
        1
        1
        1
        1
        1
        1
        1
        1
        1
        1
        1
        1
        1
        1
        1
        1
        1
        1
        1
        1
        1
        1
        1
        1
        1
        1
        1
        1
        1
        1
        1
        1
        1
        1
        1
        1
        1
        1
        1
        1
        1
        1
        1
        1
        1
        1
        1
        1
        1
        1
        1
        1
        1
        1
        1
        1
        1
        1
        1
        1
        1
        1
        1
        1
        1
        1
        1
        1
        1
        1
        1
        1
        1
        1
        1
        1
        1
        1
        1
        1
        1
        1
        1
        1
        1
        1
        1
        1
        1
        1
        1
        1
        1
        1
        1
        1
        1
        1
        1
        1
        1
        1
        1
        1
        1
        1
        1
        1
        1
        1
        1
        1
        1
        1
        1
        1
        1
        1
        1
        1
        1
        1
        1
        1
        1
        1
        1
        1
        1
        1
        1
        1
        1
        1
        1
        1
        1
        1
        1
        1
        1
        1
        1
        1
        1
        1
        1
        1
        1
        1
        1
        1
        1
        1
        1
        1
        1
        1
        1
        1
        1
        1
        1
        1
        1
        1
        1
        1
        1
        1
        1
        1
        1
        1
        1
        1
        1
        1
        1
        1
        1
        1
        1
        1
        1
        1
        1
        1
        1
        1
        1
        1
        1
        1
        1
        1
        1
        1
        1
        1
        1
        1
        1
        1
        1
        1
        1
        1
        1
        1
        1
        1
        1
        1
        1
        1
        1
        1
        1
        1
        1
        1
        1
        1
        1
        1
        1
        1
        1
        1
        1
        1
        1
        1
        1
        1
        1
        1
        1
        1
        1
        1
        1
        1
        1
        1
        1
        1
        1
        1
        1
        1
        1
        1
        1
        1
        1
        1
        1
        1
        1
        1
        1
        1
        1
        1
        1
        1
        1
        1
        1
        1
        1
        1
        1
        1
        1
        1
        1
        1
        1
        1
        1
        1
        1
        1
        1
        1
        1
        1
        1
        1
        1
        1
        1
        1
        1
        1
        1
        1
        1
        1
        1
        1
        1
        1
        1
        1
        1
        1
        1
        1
        1
        1
        1
        1
        1
        1
        1
        1
        1
        1
        1
        1
        1
        1
        1
        1
        1
        1
        1
        1
        1
        1
        1
        1
        1
        1
        1
        1
        1
        1
        1
        1
        1
        1
        1
        1
        1
        1
        1
        1
        1
        1
        1
        1
        1
        1
        1
        1
        1
        1
        1
        1
        1
        1
        1
        1
        1
        1
        1
        1
        1
        1
        1
        1
        1
        1
        1
        1
        1
        1
        1
        1
        1
        1
        1
        1
        1
        1
        1
        1
        1
        1
        1
        1
        1
        1
        1
        1
        1
        1
        1
        1
        1
        1
        1
        1
        1
        1
        1
        1
        1
        1
        1
        1
        1
        1
        1
        1
        1
        1
        1
        1
        1
        1
        1
        1
        1
        1
        1
        1
        1
        1
        1
        1
        1
        1
        1
        1
        1
        1
        1
        1
        1
        1
        1
        1
        1
        1
        1
        1
        1
        1
        1
        1
        1
        1
        1
        1
        1
        1
        1
        1
        1
        1
        1
        1
        1
        1
        1
        1
        1
        1
        1
        1
        1
        1
        1
        1
        1
        1
        1
        1
        1
        1
        1
        1
        1
        1
        1
        1
        1
        1
        1
        1
        1
        1
        1
        1
        1
        1
        1
        1
        1
        1
        1
        1
        1
        1
        1
        1
        1
        1
        1
        1
        1
        1
        1
        1
        1
        1
        1
        1
        1
        1
        1
        1
        1
        1
        1
        1
        1
        1
        1
        1
        1
        1
        1
        1
        1
        1
        1
        1
        1
        1
        1
        1
        1
        1
        1
        1
        1
        1
        1
        1
        1
        1
        1
        1
        1
        1
        1
        1
        1
        1
        1
        1
        1
        1
        1
        1
        1
        1
        1
        1
        1
        1
        1
        1
        1
        1
        1
        1
        1
        1
        1
        1
        1
        1
        1
        1
        1
        1
        1
        1
        1
        1
        1
        1
        1
        1
        1
        1
        1
        1
        1
        1
        1
        1
        1
        1
        1
        1
        1
        1
        1
        1
        1
        1
        1
        1
        1
        1
        1
        1
        1
        1
        1
        1
        1
        1
        1
        1
        1
        1
        1
        1
        1
        1
        1
        1
        1
        1
        1
        1
        1
        1
        1
        1
        1
        1
        1
        1
        1
        1
        1
        1
        1
        1
        1
        1
        1
        1
        1
        1
        1
        1
        1
        1
        1
        1
        1
        1
        1
        1
        1
        1
        1
        1
        1
        1
        1
        1
        1
        1
        1
        1
        1
        1
        1
        1
        1
        1
        1
        1
        1
        1
        1
        1
        1
        1
        1
        1
        1
        1
        1
        1
        1
        1
        1
        1
        1
        1
        1
        1
        1
        1
        1
        1
        1
        1
        1
        1
        1
        1
        1
        1
        1
        1
        1
        1
        1
        1
        1
        1
        1
        1
        1
        1
        1
        1
        1
        1
        1
        1
        1
        1
        1
        1
        1
        1
        1
        1
        1
        1
        1
        1
        1
        1
        1
        1
        1
        1
        1
        1
        1
        1
        1
        1
        1
        1
        1
        1
        1
        1
        1
        1
        1
        1
        1
        1
        1
        1
        1
        1
        1
        1
        1
        1
        1
        1
        1
        1
        1
        1
        1
        1
        1
        1
        1
        1
        1
        1
        1
        1
        1
        1
        1
        1
        1
        1
        1
        1
        1
        1
        1
        1
        1
        1
        1
        1
        1
        1
        1
        1
        1
        1
        1
        1
        1
        1
        1
        1
        1
        1
        1
        1
        1
        1
        1
        1
        1
        1
        1
        1
        1
        1
        1
        1
        1
        1
        1
        1
        1
        1
        1
        1
        1
        1
        1
        1
        1
        1
        1
        1
        1
        1
        1
        1
        1
        1
        1
        1
        1
        1
        1
        1
        1
        1
        1
        1
        1
        1
        1
        1
        1
        1
        1
        1
        1
        1
        1
        1
        1
        1
        1
        1
        1
        1
        1
        1
        1
        1
        1
        1
        1
        1
        1
        1
        1
        1
        1
        1
        1
        1
        1
        1
        1
        1
        1
        1
        1
        1
        1
        1
        1
        1
        1
        1
        1
        1
        1
        1
        1
        1
        1
        1
        1
        1
        1
        1
        1
        1
        1
        1
        1
        1
        1
        1
        1
        1
        1
        1
        1
        1
        1
        1
        1
        1
        1
        1
        1
        1
        1
        1
        1
        1
        1
        1
        1
        1
        1
        1
        1
        1
        1
        1
        1
        1
        1
        1
        1
        1
        1
        1
        1
        1
        1
        1
        1
        1
        1
        1
        1
        1
        1
        1
        1
        1
        1
        1
        1
        1
        1
        1
        1
        1
        1
        1
        1
        1
        1
        1
        1
        1
        1
        1
        1
        1
        1
        1
        1
        1
        1
        1
        1
        1
        1
        1
        1
        1
        1
        1
        1
        1
        1
        1
        1
        1
        1
        1
        1
        1
        1
        1
        1
        1
        1
        1
        1
        1
        1
        1
        1
        1
        1
        1
        1
        1
        1
        1
        1
        1
        1
        1
        1
        1
        1
        1
        1
        1
        1
        1
        1
        1
        1
        1
        1
        1
        1
        1
        1
        1
        1
        1
        1
        1
        1
        1
        1
        1
        1
        1
        1
        1
        1
        1
        1
        1
        1
        1
        1
        1
        1
        1
        1
        1
        1
        1
        1
        1
        1
        1
        1
        1
        1
        1
        1
        1
        1
        1
        1
        1
        1
        1
        1
        1
        1
        1
        1
        1
        1
        1
        1
        1
        1
        1
        1
        1
        1
        1
        1
        1
        1
        1
        1
        1
        1
        1
        1
        1
        1
        1
        1
        1
        1
        1
        1
        1
        1
        1
        1
        1
        1
        1
        1
        1
        1
        1
        1
        1
        1
        1
        1
        1
        1
        1
        1
        1
        1
        1
        1
        1
        1
        1
        1
        1
        1
        1
        1
        1
        1
        1
        1
        1
        1
        1
        1
        1
        1
        1
        1
        1
        1
        1
        1
        1
        1
        1
        1
        1
        1
        1
        1
        1
        1
        1
        1
        1
        1
        1
        1
        1
        1
        1
        1
        1
        1
        1
        1
        1
        1
        1
        1
        1
        1
        1
        1
        1
        1
        1
        1
        1
        1
        1
        1
        1
        1
        1
        1
        1
        1
        1
        1
        1
        1
        1
        1
        1
        1
        1
        1
        1
        1
        1
        1
        1
        1
        1
        1
        1
        1
        1
        1
        1
        1
        1
        1
        1
        1
        1
        1
        1
        1
        1
        1
        1
        1
        1
        1
        1
        1
        1
        1
        1
        1
        1
        1
        1
        1
        1
        1
        1
        1
        1
        1
        1
        1
        1
        1
        1
        1
        1
        1
        1
        1
        1
        1
        1
        1
        1
        1
        1
        1
        1
        1
        1
        1
        1
        1
        1
        1
        1
        1
        1
        1
        1
        1
        1
        1
        1
        1
        1
        1
        1
        1
        1
        1
        1
        1
        1
        1
        1
        1
        1
        1
        1
        1
        1
        1
        1
        1
        1
        1
        1
        1
        1
        1
        1
        1
        1
        1
        1
        1
        1
        1
        1
        1
        1
        1
        1
        1
        1
        1
        1
        1
        1
        1
        1
        1
        1
        1
        1
        1
        1
        1
        1
        1
        1
        1
        1
        1
        1
        1
        1
        1
        1
        1
        1
        1
        1
        1
        1
        1
        1
        1
        1
        1
        1
        1
        1
        1
        1
        1
        1
        1
        1
        1
        1
        1
        1
        1
        1
        1
        1
        1
        1
        1
        1
        1
        1
        1
        1
        1
        1
        1
        1
        1
        1
        1
        1
        1
        1
        1
        1
        1
        1
        1
        1
        1
        1
        1
        1
        1
        1
        1
        1
        1
        1
        1
        1
        1
        1
        1
        1
        1
        1
        1
        1
        1
        1
        1
        1
        1
        1
        1
        1
        1
        1
        1
        1
        1
        1
        1
        1
        1
        1
        1
        1
        1
        1
        1
        1
        1
        1
        1
        1
        1
        1
        1
        1
        1
        1
        1
        1
        1
        1
        1
        1
        1
        1
        1
        1
        1
        1
        1
        1
        1
        1
        1
        1
        1
        1
        1
        1
        1
        1
        1
        1
        1
        1
        1
        1
        1
        1
        1
        1
        1
        1
        1
        1
        1
        1
        1
        1
        1
        1
        1
        1
        1
        1
        1
        1
        1
        1
        1
        1
        1
        1
        1
        1
        1
        1
        1
        1
        1
        1
        1
        1
        1
        1
        1
        1
        1
        1
        1
        1
        1
        1
        1
        1
        1
        1
        1
        1
        1
        1
        1
        1
        1
        1
        1
        1
        1
        1
        1
        1
        1
        1
        1
        1
        1
        1
        1
        1
        1
        1
        1
        1
        1
        1
        1
        1
        1
        1
        1
        1
        1
        1
        1
        1
        1
        1
        1
        1
        1
        1
        1
        1
        1
        1
        1
        1
        1
        1
        1
        1
        1
        1
        1
        1
        1
        1
        1
        1
        1
        1
        1
        1
        1
        1
        1
        1
        1
        1
        1
        1
        1
        1
        1
        1
        1
        1
        1
        1
        1
        1
        1
        1
        1
        1
        1
        1
        1
        1
        1
        1
        1
        1
        1
        1
        1
        1
        1
        1
        1
        1
        1
        1
        1
        1
        1
        1
        1
        1
        1
        1
        1
        1
        1
        1
        1
        1
        1
        1
        1
        1
        1
        1
        1
        1
        1
        1
        1
        1
        1
        1
        1
        1
        1
        1
        1
        1
        1
        1
        1
        1
        1
        1
        1
        1
        1
        1
        1
        1
        1
        1
        1
        1
        1
        1
        1
        1
        1
        1
        1
        1
        1
        1
        1
        1
        1
        1
        1
        1
        1
        1
        1
        1
        1
        1
        1
        1
        1
        1
        1
        1
        1
        1
        1
        1
        1
        1
        1
        1
        1
        1
        1
        1
        1
        1
        1
        1
        1
        1
        1
        1
        1
        1
        1
        1
        1
        1
        1
        1
        1
        1
        1
        1
        1
        1
        1
        1
        1
        1
        1
        1
        1
        1
        1
        1
        1
        1
        1
        1
        1
        1
        1
        1
        1
        1
        1
        1
        1
        1
        1
        1
        1
        1
        1
        1
        1
        1
        1
        1
        1
        1
        1
        1
        1
        1
        1
        1
        1
        1
        1
        1
        1
        1
        1
        1
        1
        1
        1
        1
        1
        1
        1
        1
        1
        1
        1
        1
        1
        1
        1
        1
        1
        1
        1
        1
        1
        1
        1
        1
        1
        1
        1
        1
        1
        1
        1
        1
        1
        1
        1
        1
        1
        1
        1
        1
        1
        1
        1
        1
        1
        1
        1
        1
        1
        1
        1
        1
        1
        1
        1
        1
        1
        1
        1
        1
        1
        1
        1
        1
        1
        1
        1
        1
        1
        1
        1
        1
        1
        1
        1
        1
        1
        1
        1
        1
        1
        1
        1
        1
        1
        1
        1
        1
        1
        1
        1
        1
        1
        1
        1
        1
        1
        1
        1
        1
        1
        1
        1
        1
        1
        1
        1
        1
        1
        1
        1
        1
        1
        1
        1
        1
        1
        1
        1
        1
        1
        1
        1
        1
        1
        1
        1
        1
        1
        1
        1
        1
        1
        1
        1
        1
        1
        1
        1
        1
        1
        1
        1
        1
        1
        1
        1
        1
        1
        1
        1
        1
        1
        1
        1
        1
        1
        1
        1
        1
        1
        1
        1
        1
        1
        1
        1
        1
        1
        1
        1
        1
        1
        1
        1
        1
        1
        1
        1
        1
        1
        1
        1
        1
        1
        1
        1
        1
        1
        1
        1
        1
        1
        1
        1
        1
        1
        1
        1
        1
        1
        1
        1
        1
        1
        1
        1
        1
        1
        1
        1
        1
        1
        1
        1
        1
        1
        1
        1
        1
        1
        1
        1
        1
        1
        1
        1
        1
        1
        1
        1
        1
        1
        1
        1
        1
        1
        1
        1
        1
        1
        1
        1
        1
        1
        1
        1
        1
        1
        1
        1
        1
        1
        1
        1
        1
        1
        1
        1
        1
        1
        1
        1
        1
        1
        1
        1
        1
        1
        1
        1
        1
        1
        1
        1
        1
        1
        1
        1
        1
        1
        1
        1
        1
        1
        1
        1
        1
        1
        1
        1
        1
        1
        1
        1
        1
        1
        1
        1
        1
        1
        1
        1
        1
        1
        1
        1
        1
        1
        1
        1
        1
        1
        1
        1
        1
        1
        1
        1
        1
        1
        1
        1
        1
        1
        1
        1
        1
        1
        1
        1
        1
        1
        1
        1
        1
        1
        1
        1
        1
        1
        1
        1
        1
        1
        1
        1
        1
        1
        1
        1
        1
        1
        1
        1
        1
        1
        1
        1
        1
        1
        1
        1
        1
        1
        1
        1
        1
        1
        1
        1
        1
        1
        1
        1
        1
        1
        1
        1
        1
        1
        1
        1
        1
        1
        1
        1
        1
        1
        1
        1
        1
        1
        1
        1
        1
        1
        1
        1
        1
        1
        1
        1
        1
        1
        1
        1
        1
        1
        1
        1
        1
        1
        1
        1
        1
        1
        1
        1
        1
        1
        1
        1
        1
        1
        1
        1
        1
        1
        1
        1
        1
        1
        1
        1
        1
        1
        1
        1
        1
        1
        1
        1
        1
        1
        1
        1
        1
        1
        1
        1
        1
        1
        1
        1
        1
        1
        1
        1
        1
        1
        1
        1
        1
        1
        1
        1
        1
        1
        1
        1
        1
        1
        1
        1
        1
        1
        1
        1
        1
        1
        1
        1
        1
        1
        1
        1
        1
        1
        1
        1
        1
        1
        1
        1
        1
        1
        1
        1
        1
        1
        1
        1
        1
        1
        1
        1
        1
        1
        1
        1
        1
        1
        1
        1
        1
        1
        1
        1
        1
        1
        1
        1
        1
        1
        1
        1
        1
        1
        1
        1
        1
        1
        1
        1
        1
        1
        1
        1
        1
        1
        1
        1
        1
        1
        1
        1
        1
        1
        1
        1
        1
        1
        1
        1
        1
        1
        1
        1
        1
        1
        1
        1
        1
        1
        1
        1
        1
        1
        1
        1
        1
        1
        1
        1
        1
        1
        1
        1
        1
        1
        1
        1
        1
        1
        1
        1
        1
        1
        1
        1
        1
        1
        1
        1
        1
        1
        1
        1
        1
        1
        1
        1
        1
        1
        1
        1
        1
        1
        1
        1
        1
        1
        1
        1
        1
        1
        1
        1
        1
        1
        1
        1
        1
        1
        1
        1
        1
        1
        1
        1
        1
        1
        1
        1
        1
        1
        1
        1
        1
        1
        1
        1
        1
        1
        1
        1
        1
        1
        1
        1
        1
        1
        1
        1
        1
        1
        1
        1
        1
        1
        1
        1
        1
        1
        1
        1
        1
        1
        1
        1
        1
        1
        1
        1
        1
        1
        1
        1
        1
        1
        1
        1
        1
        1
        1
        1
        1
        1
        1
        1
        1
        1
        1
        1
        1
        1
        1
        1
        1
        1
        1
        1
        1
        1
        1
        1
        1
        1
        1
        1
        1
        1
        1
        1
        1
        1
        1
        1
        1
        1
        1
        1
        1
        1
        1
        1
        1
        1
        1
        1
        1
        1
        1
        1
        1
        1
        1
        1
        1
        1
        1
        1
        1
        1
        1
        1
        1
        1
        1
        1
        1
        1
        1
        1
        1
        1
        1
        1
        1
        1
        1
        1
        1
        1
        1
        1
        1
        1
        1
        1
        1
        1
        1
        1
        1
        1
        1
        1
        1
        1
        1
        1
        1
        1
        1
        1
        1
        1
        1
        1
        1
        1
        1
        1
        1
        1
        1
        1
        1
        1
        1
        1
        1
        1
        1
        1
        1
        1
        1
        1
        1
        1
        1
        1
        1
        1
        1
        1
        1
        1
        1
        1
        1
        1
        1
        1
        1
        1
        1
        1
        1
        1
        1
        1
        1
        1
        1
        1
        1
        1
        1
        1
        1
        1
        1
        1
        1
        1
        1
        1
        1
        1
        1
        1
        1
        1
        1
        1
        1
        1
        1
        1
        1
        1
        1
        1
        1
        1
        1
        1
        1
        1
        1
        1
        1
        1
        1
        1
        1
        1
        1
        1
        1
        1
        1
        1
        1
        1
        1
        1
        1
        1
        1
        1
        1
        1
        1
        1
        1
        1
        1
        1
        1
        1
        1
        1
        1
        1
        1
        1
        1
        1
        1
        1
        1
        1
        1
        1
        1
        1
        1
        1
        1
        1
        1
        1
        1
        1
        1
        1
        1
        1
        1
        1
        1
        1
        1
        1
        1
        1
        1
        1
        1
        1
        1
        1
        1
        1
        1
        1
        1
        1
        1
        1
        1
        1
        1
        1
        1
        1
        1
        1
        1
        1
        1
        1
        1
        1
        1
        1
        1
        1
        1
        1
        1
        1
        1
        1
        1
        1
        1
        1
        1
        1
        1
        1
        1
        1
        1
        1
        1
        1
        1
        1
        1
        1
        1
        1
        1
        1
        1
        1
        1
        1
        1
        1
        1
        1
        1
        1
        1
        1
        1
        1
        1
        1
        1
        1
        1
        1
        1
        1
        1
        1
        1
        1
        1
        1
        1
        1
        1
        1
        1
        1
        1
        1
        1
        1
        1
        1
        1
        1
        1
        1
        1
        1
        1
        1
        1
        1
        1
        1
        1
        1
        1
        1
        1
        1
        1
        1
        1
        1
        1
        1
        1
        1
        1
        1
        1
        1
        1
        1
        1
        1
        1
        1
        1
        1
        1
        1
        1
        1
        1
        1
        1
        1
        1
        1
        1
        1
        1
        1
        1
        1
        1
        1
        1
        1
        1
        1
        1
        1
        1
        1
        1
        1
        1
        1
        1
        1
        1
        1
        1
        1
        1
        1
        1
        1
        1
        1
        1
        1
        1
        1
        1
        1
        1
        1
        1
        1
        1
        1
        1
        1
        1
        1
        1
        1
        1
        1
        1
        1
        1
        1
        1
        1
        1
        1
        1
        1
        1
        1
        1
        1
        1
        1
        1
        1
        1
        1
        1
        1
        1
        1
        1
        1
        1
        1
        1
        1
        1
        1
        1
        1
        1
        1
        1
        1
        1
        1
        1
        1
        1
        1
        1
        1
        1
        1
        1
        1
        1
        1
        1
        1
        1
        1
        1
        1
        1
        1
        1
        1
        1
        1
        1
        1
        1
        1
        1
        1
        1
        1
        1
        1
        1
        1
        1
        1
        1
        1
        1
        1
        1
        1
        1
        1
        1
        1
        1
        1
        1
        1
        1
        1
        1
        1
        1
        1
        1
        1
        1
        1
        1
        1
        1
        1
        1
        1
        1
        1
        1
        1
        1
        1
        1
        1
        1
        1
        1
        1
        1
        1
        1
        1
        1
        1
        1
        1
        1
        1
        1
        1
        1
        1
        1
        1
        1
        1
        1
        1
        1
        1
        1
        1
        1
        1
        1
        1
        1
        1
        1
        1
        1
        1
        1
        1
        1
        1
        1
        1
        1
        1
        1
        1
        1
        1
        1
        1
        1
        1
        1
        1
        1
        1
        1
        1
        1
        1
        1
        1
        1
        1
        1
        1
        1
        1
        1
        1
        1
        1
        1
        1
        1
        1
        1
        1
        1
        1
        1
        1
        1
        1
        1
        1
        1
        1
        1
        1
        1
        1
        1
        1
        1
        1
        1
        1
        1
        1
        1
        1
        1
        1
        1
        1
        1
        1
        1
        1
        1
        1
        1
        1
        1
        1
        1
        1
        1
        1
        1
        1
        1
        1
        1
        1
        1
        1
        1
        1
        1
        1
        1
        1
        1
        1
        1
        1
        1
        1
        1
        1
        1
        1
        1
        1
        1
        1
        1
        1
        1
        1
        1
        1
        1
        1
        1
        1
        1
        1
        1
        1
        1
        1
        1
        1
        1
        1
        1
        1
        1
        1
        1
        1
        1
        1
        1
        1
        1
        1
        1
        1
        1
        1
        1
        1
        1
        1
        1
        1
        1
        1
        1
        1
        1
        1
        1
        1
        1
        1
        1
        1
        1
        1
        1
        1
        1
        1
        1
        1
        1
        1
        1
        1
        1
        1
        1
        1
        1
        1
        1
        1
        1
        1
        1
        1
        1
        1
        1
        1
        1
        1
        1
        1
        1
        1
        1
        1
        1
        1
        1
        1
        1
        1
        1
        1
        1
        1
        1
        1
        1
        1
        1
        1
        1
        1
        1
        1
        1
        1
        1
        1
        1
        1
        1
        1
        1
        1
        1
        1
        1
        1
        1
        1
        1
        1
        1
        1
        1
        1
        1
        1
        1
        1
        1
        1
        1
        1
        1
        1
        1
        1
        1
        1
        1
        1
        1
        1
        1
        1
        1
        1
        1
        1
        1
        1
        1
        1
        1
        1
        1
        1
        1
        1
        1
        1
        1
        1
        1
        1
        1
        1
        1
        1
        1
        1
        1
        1
        1
        1
        1
        1
        1
        1
        1
        1
        1
        1
        1
        1
        1
        1
        1
        1
        1
        1
        1
        1
        1
        1
        1
        1
        1
        1
        1
        1
        1
        1
        1
        1
        1
        1
        1
        1
        1
        1
        1
        1
        1
        1
        1
        1
        1
        1
        1
        1
        1
        1
        1
        1
        1
        1
        1
        1
        1
        1
        1
        1
        1
        1
        1
        1
        1
        1
        1
        1
        1
        1
        1
        1
        1
        1
        1
        1
        1
        1
        1
        1
        1
        1
        1
        1
        1
        1
        1
        1
        1
        1
        1
        1
        1
        1
        1
        1
        1
        1
        1
        1
        1
        1
        1
        1
        1
        1
        1
        1
        1
        1
        1
        1
        1
        1
        1
        1
        1
        1
        1
        1
        1
        1
        1
        1
        1
        1
        1
        1
        1
        1
        1
        1
        1
        1
        1
        1
        1
        1
        1
        1
        1
        1
        1
        1
        1
        1
        1
        1
        1
        1
        1
        1
        1
        1
        1
        1
        1
        1
        1
        1
        1
        1
        1
        1
        1
        1
        1
        1
        1
        1
        1
        1
        1
        1
        1
        1
        1
        1
        1
        1
        1
        1
        1
        1
        1
        1
        1
        1
        1
        1
        1
        1
        1
        1
        1
        1
        1
        1
        1
        1
        1
        1
        1
        1
        1
        1
        1
        1
        1
        1
        1
        1
        1
        1
        1
        1
        1
        1
        1
        1
        1
        1
        1
        1
        1
        1
        1
        1
        1
        1
        1
        1
        1
        1
        1
        1
        1
        1
        1
        1
        1
        1
        1
        1
        1
        1
        1
        1
        1
        1
        1
        1
        1
        1
        1
        1
        1
        1
        1
        1
        1
        1
        1
        1
        1
        1
        1
        1
        1
        1
        1
        1
        1
        1
        1
        1
        1
        1
        1
        1
        1
        1
        1
        1
        1
        1
        1
        1
        1
        1
        1
        1
        1
        1
        1
        1
        1
        1
        1
        1
        1
        1
        1
        1
        1
        1
        1
        1
        1
        1
        1
        1
        1
        1
        1
        1
        1
        1
        1
        1
        1
        1
        1
        1
        1
        1
        1
        1
        1
        1
        1
        1
        1
        1
        1
        1
        1
        1
        1
        1
        1
        1
        1
        1
        1
        1
        1
        1
        1
        1
        1
        1
        1
        1
        1
        1
        1
        1
        1
        1
        1
        1
        1
        1
        1
        1
        1
        1
        1
        1
        1
        1
        1
        1
        1
        1
        1
        1
        1
        1
        1
        1
        1
        1
        1
        1
        1
        1
        1
        1
        1
        1
        1
        1
        1
        1
        1
        1
        1
        1
        1
        1
        1
        1
        1
        1
        1
        1
        1
        1
        1
        1
        1
        1
        1
        1
        1
        1
        1
        1
        1
        1
        1
        1
        1
        1
        1
        1
        1
        1
        1
        1
        1
        1
        1
        1
        1
        1
        1
        1
        1
        1
        1
        1
        1
        1
        1
        1
        1
        1
        1
        1
        1
        1
        1
        1
        1
        1
        1
        1
        1
        1
        1
        1
        1
        1
        1
        1
        1
        1
        1
        1
        1
        1
        1
        1
        1
        1
        1
        1
        1
        1
        1
        1
        1
        1
        1
        1
        1
        1
        1
        1
        1
        1
        1
        1
        1
        1
        1
        1
        1
        1
        1
        1
        1
        1
        1
        1
        1
        1
        1
        1
        1
        1
        1
        1
        1
        1
        1
        1
        1
        1
        1
        1
        1
        1
        1
        1
        1
        1
        1
        1
        1
        1
        1
        1
        1
        1
        1
        1
        1
        1
        1
        1
        1
        1
        1
        1
        1
        1
        1
        1
        1
        1
        1
        1
        1
        1
        1
        1
        1
        1
        1
        1
        1
        1
        1
        1
        1
        1
        1
        1
        1
        1
        1
        1
        1
        1
        1
        1
        1
        1
        1
        1
        1
        1
        1
        1
        1
        1
        1
        1
        1
        1
        1
        1
        1
        1
        1
        1
        1
        1
        1
        1
        1
        1
        1
        1
        1
        1
        1
        1
        1
        1
        1
        1
        1
        1
        1
        1
        1
        1
        1
        1
        1
        1
        1
        1
        1
        1
        1
        1
        1
        1
        1
        1
        1
        1
        1
        1
        1
        1
        1
        1
        1
        1
        1
        1
        1
        1
        1
        1
        1
        1
        1
        1
        1
        1
        1
        1
        1
        1
        1
        1
        1
        1
        1
        1
        1
        1
        1
        1
        1
        1
        1
        1
        1
        1
        1
        1
        1
        1
        1
        1
        1
        1
        1
        1
        1
        1
        1
        1
        1
        1
        1
        1
        1
        1
        1
        1
        1
        1
        1
        1
        1
        1
        1
        1
        1
        1
        1
        1
        1
        1
        1
        1
        1
        1
        1
        1
        1
        1
        1
        1
        1
        1
        1
        1
        1
        1
        1
        1
        1
        1
        1
        1
        1
        1
        1
        1
        1
        1
        1
        1
        1
        1
        1
        1
        1
        1
        1
        1
        1
        1
        1
        1
        1
        1
        1
        1
        1
        1
        1
        1
        1
        1
        1
        1
        1
        1
        1
        1
        1
        1
        1
        1
        1
        1
        1
        1
        1
        1
        1
        1
        1
        1
        1
        1
        1
        1
        1
        1
        1
        1
        1
        1
        1
        1
        1
        1
        1
        1
        1
        1
        1
        1
        1
        1
        1
        1
        1
        1
        1
        1
        1
        1
        1
        1
        1
        1
        1
        1
        1
        1
        1
        1
        1
        1
        1
        1
        1
        1
        1
        1
        1
        1
        1
        1
        1
        1
        1
        1
        1
        1
        1
        1
        1
        1
        1
        1
        1
        1
        1
        1
        1
        1
        1
        1
        1
        1
        1
        1
        1
        1
        1
        1
        1
        1
        1
        1
        1
        1
        1
        1
        1
        1
        1
        1
        1
        1
        1
        1
        1
        1
        1
        1
        1
        1
        1
        1
        1
        1
        1
        1
        1
        1
        1
        1
        1
        1
        1
        1
        1
        1
        1
        1
        1
        1
        1
        1
        1
        1
        1
        1
        1
        1
        1
        1
        1
        1
        1
        1
        1
        1
        1
        1
        1
        1
        1
        1
        1
        1
        1
        1
        1
        1
        1
        1
        1
        1
        1
        1
        1
        1
        1
        1
        1
        1
        1
        1
        1
        1
        1
        1
        1
        1
        1
        1
        1
        1
        1
        1
        1
        1
        1
        1
        1
        1
        1
        1
        1
        1
        1
        1
        1
        1
        1
        1
        1
        1
        1
        1
        1
        1
        1
        1
        1
        1
        1
        1
        1
        1
        1
        1
        1
        1
        1
        1
        1
        1
        1
        1
        1
        1
        1
        1
        1
        1
        1
        1
        1
        1
        1
        1
        1
        1
        1
        1
        1
        1
        1
        1
        1
        1
        1
        1
        1
        1
        1
        1
        1
        1
        1
        1
        1
        1
        1
        1
        1
        1
        1
        1
        1
        1
        1
        1
        1
        1
        1
        1
        1
        1
        1
        1
        1
        1
        1
        1
        1
        1
        1
        1
        1
        1
        1
        1
        1
        1
        1
        1
        1
        1
        1
        1
        1
        1
        1
        1
        1
        1
        1
        1
        1
        1
        1
        1
        1
        1
        1
        1
        1
        1
        1
        1
        1
        1
        1
        1
        1
        1
        1
        1
        1
        1
        1
        1
        1
        1
        1
        1
        1
        1
        1
        1
        1
        1
        1
        1
        1
        1
        1
        1
        1
        1
        1
        1
        1
        1
        1
        1
        1
        1
        1
        1
        1
        1
        1
        1
        1
        1
        1
        1
        1
        1
        1
        1
        1
        1
        1
        1
        1
        1
        1
        1
        1
        1
        1
        1
        1
        1
        1
        1
        1
        1
        1
        1
        1
        1
        1
        1
        1
        1
        1
        1
        1
        1
        1
        1
        1
        1
        1
        1
        1
        1
        1
        1
        1
        1
        1
        1
        1
        1
        1
        1
        1
        1
        1
        1
        1
        1
        1
        1
        1
        1
        1
        1
        1
        1
        1
        1
        1
        1
        1
        1
        1
        1
        1
        1
        1
        1
        1
        1
        1
        1
        1
        1
        1
        1
        1
        1
        1
        1
        1
        1
        1
        1
        1
        1
        1
        1
        1
        1
        1
        1
        1
        1
        1
        1
        1
        1
        1
        1
        1
        1
        1
        1
        1
        1
        1
        1
        1
        1
        1
        1
        1
        1
        1
        1
        1
        1
        1
        1
        1
        1
        1
        1
        1
        1
        1
        1
        1
        1
        1
        1
        1
        1
        1
        1
        1
        1
        1
        1
        1
        1
        1
        1
        1
        1
        1
        1
        1
        1
        1
        1
        1
        1
        1
        1
        1
        1
        1
        1
        1
        1
        1
        1
        1
        1
        1
        1
        1
        1
        1
        1
        1
        1
        1
        1
        1
        1
        1
        1
        1
        1
        1
        1
        1
        1
        1
        1
        1
        1
        1
        1
        1
        1
        1
        1
        1
        1
        1
        1
        1
        1
        1
        1
        1
        1
        1
        1
        1
        1
        1
        1
        1
        1
        1
        1
        1
        1
        1
        1
        1
        1
        1
        1
        1
        1
        1
        1
        1
        1
        1
        1
        1
        1
        1
        1
        1
        1
        1
        1
        1
        1
        1
        1
        1
        1
        1
        1
        1
        1
        1
        1
        1
        1
        1
        1
        1
        1
        1
        1
        1
        1
        1
        1
        1
        1
        1
        1
        1
        1
        1
        1
        1
        1
        1
        1
        1
        1
        1
        1
        1
        1
        1
        1
        1
        1
        1
        1
        1
        1
        1
        1
        1
        1
        1
        1
        1
        1
        1
        1
        1
        1
        1
        1
        1
        1
        1
        1
        1
        1
        1
        1
        1
        1
        1
        1
        1
        1
        1
        1
        1
        1
        1
        1
        1
        1
        1
        1
        1
        1
        1
        1
        1
        1
        1
        1
        1
        1
        1
        1
        1
        1
        1
        1
        1
        1
        1
        1
        1
        1
        1
        1
        1
        1
        1
        1
        1
        1
        1
        1
        1
        1
        1
        1
        1
        1
        1
        1
        1
        1
        1
        1
        1
        1
        1
        1
        1
        1
        1
        1
        1
        1
        1
        1
        1
        1
        1
        1
        1
        1
        1
        1
        1
        1
        1
        1
        1
        1
        1
        1
        1
        1
        1
        1
        1
        1
        1
        1
        1
        1
        1
        1
        1
        1
        1
        1
        1
        1
        1
        1
        1
        1
        1
        1
        1
        1
        1
        1
        1
        1
        1
        1
        1
        1
        1
        1
        1
        1
        1
        1
        1
        1
        1
        1
        1
        1
        1
        1
        1
        1
        1
        1
        1
        1
        1
        1
        1
        1
        1
        1
        1
        1
        1
        1
        1
        1
        1
        1
        1
        1
        1
        1
        1
        1
        1
        1
        1
        1
        1
        1
        1
        1
        1
        1
        1
        1
        1
        1
        1
        1
        1
        1
        1
        1
        1
        1
        1
        1
        1
        1
        1
        1
        1
        1
        1
        1
        1
        1
        1
        1
        1
        1
        1
        1
        1
        1
        1
        1
        1
        1
        1
        1
        1
        1
        1
        1
        1
        1
        1
        1
        1
        1
        1
        1
        1
        1
        1
        1
        1
        1
        1
        1
        1
        1
        1
        1
        1
        1
        1
        1
        1
        1
        1
        1
        1
        1
        1
        1
        1
        1
        1
        1
        1
        1
        1
        1
        1
        1
        1
        1
        1
        1
        1
        1
        1
        1
        1
        1
        1
        1
        1
        1
        1
        1
        1
        1
        1
        1
        1
        1
        1
        1
        1
        1
        1
        1
        1
        1
        1
        1
        1
        1
        1
        1
        1
        1
        1
        1
        1
        1
        1
        1
        1
        1
        1
        1
        1
        1
        1
        1
        1
        1
        1
        1
        1
        1
        1
        1
        1
        1
        1
        1
        1
        1
        1
        1
        1
        1
        1
        1
        1
        1
        1
        1
        1
        1
        1
        1
        1
        1
        1
        1
        1
        1
        1
        1
        1
        1
        1
        1
        1
        1
        1
        1
        1
        1
        1
        1
        1
        1
        1
        1
        1
        1
        1
        1
        1
        1
        1
        1
        1
        1
        1
        1
        1
        1
        1
        1
        1
        1
        1
        1
        1
        1
        1
        1
        1
        1
        1
        1
        1
        1
        1
        1
        1
        1
        1
        1
        1
        1
        1
        1
        1
        1
        1
        1
        1
        1
        1
        1
        1
        1
        1
        1
        1
        1
        1
        1
        1
        1
        1
        1
        1
        1
        1
        1
        1
        1
        1
        1
        1
        1
        1
        1
        1
        1
        1
        1
        1
        1
        1
        1
        1
        1
        1
        1
        1
        1
        1
        1
        1
        1
        1
        1
        1
        1
        1
        1
        1
        1
        1
        1
        1
        1
        1
        1
        1
        1
        1
        1
        1
        1
        1
        1
        1
        1
        1
        1
        1
        1
        1
        1
        1
        1
        1
        1
        1
        1
        1
        1
        1
        1
        1
        1
        1
        1
        1
        1
        1
        1
        1
        1
        1
        1
        1
        1
        1
        1
        1
        1
        1
        1
        1
        1
        1
        1
        1
        1
        1
        1
        1
        1
        1
        1
        1
        1
        1
        1
        1
        1
        1
        1
        1
        1
        1
        1
        1
        1
        1
        1
        1
        1
        1
        1
        1
        1
        1
        1
        1
        1
        1
        1
        1
        1
        1
        1
        1
        1
        1
        1
        1
        1
        1
        1
        1
        1
        1
        1
        1
        1
        1
        1
        1
        1
        1
        1
        1
        1
        1
        1
        1
        1
        1
        1
        1
        1
        1
        1
        1
        1
        1
        1
        1
        1
        1
        1
        1
        1
        1
        1
        1
        1
        1
        1
        1
        1
        1
        1
        1
        1
        1
        1
        1
        1
        1
        1
        1
        1
        1
        1
        1
        1
        1
        1
        1
        1
        1
        1
        1
        1
        1
        1
        1
        1
        1
        1
        1
        1
        1
        1
        1
        1
        1
        1
        1
        1
        1
        1
        1
        1
        1
        1
        1
        1
        1
        1
        1
        1
        1
        1
        1
        1
        1
        1
        1
        1
        1
        1
        1
        1
        1
        1
        1
        1
        1
        1
        1
        1
        1
        1
        1
        1
        1
        1
        1
        1
        1
        1
        1
        1
        1
        1
        1
        1
        1
        1
        1
        1
        1
        1
        1
        1
        1
        1
        1
        1
        1
        1
        1
        1
        1
        1
        1
        1
        1
        1
        1
        1
        1
        1
        1
        1
        1
        1
        1
        1
        1
        1
        1
        1
        1
        1
        1
        1
        1
        1
        1
        1
        1
        1
        1
        1
        1
        1
        1
        1
        1
        1
        1
        1
        1
        1
        1
        1
        1
        1
        1
        1
        1
        1
        1
        1
        1
        1
        1
        1
        1
        1
        1
        1
        1
        1
        1
        1
        1
        1
        1
        1
        1
        1
        1
        1
        1
        1
        1
        1
        1
        1
        1
        1
        1
        1
        1
        1
        1
        1
        1
        1
        1
        1
        1
        1
        1
        1
        1
        1
        1
        1
        1
        1
        1
        1
        1
        1
        1
        1
        1
        1
        1
        1
        1
        1
        1
        1
        1
        1
        1
        1
        1
        1
        1
        1
        1
        1
        1
        1
        1
        1
        1
        1
        1
        1
        1
        1
        1
        1
        1
        1
        1
        1
        1
        1
        1
        1
        1
        1
        1
        1
        1
        1
        1
        1
        1
        1
        1
        1
        1
        1
        1
        1
        1
        1
        1
        1
        1
        1
        1
        1
        1
        1
        1
        1
        1
        1
        1
        1
        1
        1
        1
        1
        1
        1
        1
        1
        1
        1
        1
        1
        1
        1
        1
        1
        1
        1
        1
        1
        1
        1
        1
        1
        1
        1
        1
        1
        1
        1
        1
        1
        1
        1
        1
        1
        1
        1
        1
        1
        1
        1
        1
        1
        1
        1
        1
        1
        1
        1
        1
        1
        1
        1
        1
        1
        1
        1
        1
        1
        1
        1
        1
        1
        1
        1
        1
        1
        1
        1
        1
        1
        1
        1
        1
        1
        1
        1
        1
        1
        1
        1
        1
        1
        1
        1
        1
        1
        1
        1
        1
        1
        1
        1
        1
        1
        1
        1
        1
        1
        1
        1
        1
        1
        1
        1
        1
        1
        1
        1
        1
        1
        1
        1
        1
        1
        1
        1
        1
        1
        1
        1
        1
        1
        1
        1
        1
        1
        1
        1
        1
        1
        1
        1
        1
        1
        1
        1
        1
        1
        1
        1
        1
        1
        1
        1
        1
        1
        1
        1
        1
        1
        1
        1
        1
        1
        1
        1
        1
        1
        1
        1
        1
        1
        1
        1
        1
        1
        1
        1
        1
        1
        1
        1
        1
        1
        1
        1
        1
        1
        1
        1
        1
        1
        1
        1
        1
        1
        1
        1
        1
        1
        1
        1
        1
        1
        1
        1
        1
        1
        1
        1
        1
        1
        1
        1
        1
        1
        1
        1
        1
        1
        1
        1
        1
        1
        1
        1
        1
        1
        1
        1
        1
        1
        1
        1
        1
        1
        1
        1
        1
        1
        1
        1
        1
        1
        1
        1
        1
        1
        1
        1
        1
        1
        1
        1
        1
        1
        1
        1
        1
        1
        1
        1
        1
        1
        1
        1
        1
        1
        1
        1
        1
        1
        1
        1
        1
        1
        1
        1
        1
        1
        1
        1
        1
        1
        1
        1
        1
        1
        1
        1
        1
        1
        1
        1
        1
        1
        1
        1
        1
        1
        1
        1
        1
        1
        1
        1
        1
        1
        1
        1
        1
        1
        1
        1
        1
        1
        1
        1
        1
        1
        1
        1
        1
        1
        1
        1
        1
        1
        1
        1
        1
        1
        1
        1
        1
        1
        1
        1
        1
        1
        1
        1
        1
        1
        1
        1
        1
        1
        1
        1
        1
        1
        1
        1
        1
        1
        1
        1
        1
        1
        1
        1
        1
        1
        1
        1
        1
        1
        1
        1
        1
        1
        1
        1
        1
        1
        1
        1
        1
        1
        1
        1
        1
        1
        1
        1
        1
        1
        1
        1
        1
        1
        1
        1
        1
        1
        1
        1
        1
        1
        1
        1
        1
        1
        1
        1
        1
        1
        1
        1
        1
        1
        1
        1
        1
        1
        1
        1
        1
        1
        1
        1
        1
        1
        1
        1
        1
        1
        1
        1
        1
        1
        1
        1
        1
        1
        1
        1
        1
        1
        1
        1
        1
        1
        1
        1
        1
        1
        1
        1
        1
        1
        1
        1
        1
        1
        1
        1
        1
        1
        1
        1
        1
        1
        1
        1
        1
        1
        1
        1
        1
        1
        1
        1
        1
        1
        1
        1
        1
        1
        1
        1
        1
        1
        1
        1
        1
        1
        1
        1
        1
        1
        1
        1
        1
        1
        1
        1
        1
        1
        1
        1
        1
        1
        1
        1
        1
        1
        1
        1
        1
        1
        1
        1
        1
        1
        1
        1
        1
        1
        1
        1
        1
        1
        1
        1
        1
        1
        1
        1
        1
        1
        1
        1
        1
        1
        1
        1
        1
        1
        1
        1
        1
        1
        1
        1
        1
        1
        1
        1
        1
        1
        1
        1
        1
        1
        1
        1
        1
        1
        1
        1
        1
        1
        1
        1
        1
        1
        1
        1
        1
        1
        1
        1
        1
        1
        1
        1
        1
        1
        1
        1
        1
        1
        1
        1
        1
        1
        1
        1
        1
        1
        1
        1
        1
        1
        1
        1
        1
        1
        1
        1
        1
        1
        1
        1
        1
        1
        1
        1
        1
        1
        1
        1
        1
        1
        1
        1
        1
        1
        1
        1
        1
        1
        1
        1
        1
        1
        1
        1
        1
        1
        1
        1
        1
        1
        1
        1
        1
        1
        1
        1
        1
        1
        1
        1
        1
        1
        1
        1
        1
        1
        1
        1
        1
        1
        1
        1
        1
        1
        1
        1
        1
        1
        1
        1
        1
        1
        1
        1
        1
        1
        1
        1
        1
        1
        1
        1
        1
        1
        1
        1
        1
        1
        1
        1
        1
        1
        1
        1
        1
        1
        1
        1
        1
        1
        1
        1
        1
        1
        1
        1
        1
        1
        1
        1
        1
        1
        1
        1
        1
        1
        1
        1
        1
        1
        1
        1
        1
        1
        1
        1
        1
        1
        1
        1
        1
        1
        1
        1
        1
        1
        1
        1
        1
        1
        1
        1
        1
        1
        1
        1
        1
        1
        1
        1
        1
        1
        1
        1
        1
        1
        1
        1
        1
        1
        1
        1
        1
        1
        1
        1
        1
        1
        1
        1
        1
        1
        1
        1
        1
        1
        1
        1
        1
        1
        1
        1
        1
        1
        1
        1
        1
        1
        1
        1
        1
        1
        1
        1
        1
        1
        1
        1
        1
        1
        1
        1
        1
        1
        1
        1
        1
        1
        1
        1
        1
        1
        1
        1
        1
        1
        1
        1
        1
        1
        1
        1
        1
        1
        1
        1
        1
        1
        1
        1
        1
        1
        1
        1
        1
        1
        1
        1
        1
        1
        1
        1
        1
        1
        1
        1
        1
        1
        1
        1
        1
        1
        1
        1
        1
        1
        1
        1
        1
        1
        1
        1
        1
        1
        1
        1
        1
        1
        1
        1
        1
        1
        1
        1
        1
        1
        1
        1
        1
        1
        1
        1
        1
        1
        1
        1
        1
        1
        1
        1
        1
        1
        1
        1
        1
        1
        1
        1
        1
        1
        1
        1
        1
        1
        1
        1
        1
        1
        1
        1
        1
        1
        1
        1
        1
        1
        1
        1
        1
        1
        1
        1
        1
        1
        1
        1
        1
        1
        1
        1
        1
        1
        1
        1
        1
        1
        1
        1
        1
        1
        1
        1
        1
        1
        1
        1
        1
        1
        1
        1
        1
        1
        1
        1
        1
        1
        1
        1
        1
        1
        1
        1
        1
        1
        1
        1
        1
        1
        1
        1
        1
        1
        1
        1
        1
        1
        1
        1
        1
        1
        1
        1
        1
        1
        1
        1
        1
        1
        1
        1
        1
        1
        1
        1
        1
        1
        1
        1
        1
        1
        1
        1
        1
        1
        1
        1
        1
        1
        1
        1
        1
        1
        1
        1
        1
        1
        1
        1
        1
        1
        1
        1
        1
        1
        1
        1
        1
        1
        1
        1
        1
        1
        1
        1
        1
        1
        1
        1
        1
        1
        1
        1
        1
        1
        1
        1
        1
        1
        1
        1
        1
        1
        1
        1
        1
        1
        1
        1
        1
        1
        1
        1
        1
        1
        1
        1
        1
        1
        1
        1
        1
        1
        1
        1
        1
        1
        1
        1
        1
        1
        1
        1
        1
        1
        1
        1
        1
        1
        1
        1
        1
        1
        1
        1
        1
        1
        1
        1
        1
        1
        1
        1
        1
        1
        1
        1
        1
        1
        1
        1
        1
        1
        1
        1
        1
        1
        1
        1
        1
        1
        1
        1
        1
        1
        1
        1
        1
        1
        1
        1
        1
        1
        1
        1
        1
        1
        1
        1
        1
        1
        1
        1
        1
        1
        1
        1
        1
        1
        1
        1
        1
        1
        1
        1
        1
        1
        1
        1
        1
        1
        1
        1
        1
        1
        1
        1
        1
        1
        1
        1
        1
        1
        1
        1
        1
        1
        1
        1
        1
        1
        1
        1
        1
        1
        1
        1
        1
        1
        1
        1
        1
        1
        1
        1
        1
        1
        1
        1
        1
        1
        1
        1
        1
        1
        1
        1
        1
        1
        1
        1
        1
        1
        1
        1
        1
        1
        1
        1
        1
        1
        1
        1
        1
        1
        1
        1
        1
        1
        1
        1
        1
        1
        1
        1
        1
        1
        1
        1
        1
        1
        1
        1
        1
        1
        1
        1
        1
        1
        1
        1
        1
        1
        1
        1
        1
        1
        1
        1
        1
        1
        1
        1
        1
        1
        1
        1
        1
        1
        1
        1
        1
        1
        1
        1
        1
        1
        1
        1
        1
        1
        1
        1
        1
        1
        1
        1
        1
        1
        1
        1
        1
        1
        1
        1
        1
        1
        1
        1
        1
        1
        1
        1
        1
        1
        1
        1
        1
        1
        1
        1
        1
        1
        1
        1
        1
        1
        1
        1
        1
        1
        1
        1
        1
        1
        1
        1
        1
        1
        1
        1
        1
        1
        1
        1
        1
        1
        1
        1
        1
        1
        1
        1
        1
        1
        1
        1
        1
        1
        1
        1
        1
        1
        1
        1
        1
        1
        1
        1
        1
        1
        1
        1
        1
        1
        1
        1
        1
        1
        1
        1
        1
        1
        1
        1
        1
        1
        1
        1
        1
        1
        1
        1
        1
        1
        1
        1
        1
        1
        1
        1
        1
        1
        1
        1
        1
        1
        1
        1
        1
        1
        1
        1
        1
        1
        1
        1
        1
        1
        1
        1
        1
        1
        1
        1
        1
        1
        1
        1
        1
        1
        1
        1
        1
        1
        1
        1
        1
        1
        1
        1
        1
        1
        1
        1
        1
        1
        1
        1
        1
        1
        1
        1
        1
        1
        1
        1
        1
        1
        1
        1
        1
        1
        1
        1
        1
        1
        1
        1
        1
        1
        1
        1
        1
        1
        1
        1
        1
        1
        1
        1
        1
        1
        1
        1
        1
        1
        1
        1
        1
        1
        1
        1
        1
        1
        1
        1
        1
        1
        1
        1
        1
        1
        1
        1
        1
        1
        1
        1
        1
        1
        1
        1
        1
        1
        1
        1
        1
        1
        1
        1
        1
        1
        1
        1
        1
        1
        1
        1
        1
        1
        1
        1
        1
        1
        1
        1
        1
        1
        1
        1
        1
        1
        1
        1
        1
        1
        1
        1
        1
        1
        1
        1
        1
        1
        1
        1
        1
        1
        1
        1
        1
        1
        1
        1
        1
        1
        1
        1
        1
        1
        1
        1
        1
        1
        1
        1
        1
        1
        1
        1
        1
        1
        1
        1
        1
        1
        1
        1
        1
        1
        1
        1
        1
        1
        1
        1
        1
        1
        1
        1
        1
        1
        1
        1
        1
        1
        1
        1
        1
        1
        1
        1
        1
        1
        1
        1
        1
        1
        1
        1
        1
        1
        1
        1
        1
        1
        1
        1
        1
        1
        1
        1
        1
        1
        1
        1
        1
        1
        1
        1
        1
        1
        1
        1
        1
        1
        1
        1
        1
        1
        1
        1
        1
        1
        1
        1
        1
        1
        1
        1
        1
        1
        1
        1
        1
        1
        1
        1
        1
        1
        1
        1
        1
        1
        1
        1
        1
        1
        1
        1
        1
        1
        1
        1
        1
        1
        1
        1
        1
        1
        1
        1
        1
        1
        1
        1
        1
        1
        1
        1
        1
        1
        1
        1
        1
        1
        1
        1
        1
        1
        1
        1
        1
        1
        1
        1
        1
        1
        1
        1
        1
        1
        1
        1
        1
        1
        1
        1
        1
        1
        1
        1
        1
        1
        1
        1
        1
        1
        1
        1
        1
        1
        1
        1
        1
        1
        1
        1
        1
        1
        1
        1
        1
        1
        1
        1
        1
        1
        1
        1
        1
        1
        1
        1
        1
        1
        1
        1
        1
        1
        1
        1
        1
        1
        1
        1
        1
        1
        1
        1
        1
        1
        1
        1
        1
        1
        1
        1
        1
        1
        1
        1
        1
        1
        1
        1
        1
        1
        1
        1
        1
        1
        1
        1
        1
        1
        1
        1
        1
        1
        1
        1
        1
        1
        1
        1
        1
        1
        1
        1
        1
        1
        1
        1
        1
        1
        1
        1
        1
        1
        1
        1
        1
        1
        1
        1
        1
        1
        1
        1
        1
        1
        1
        1
        1
        1
        1
        1
        1
        1
        1
        1
        1
        1
        1
        1
        1
        1
        1
        1
        1
        1
        1
        1
        1
        1
        1
        1
        1
        1
        1
        1
        1
        1
        1
        1
        1
        1
        1
        1
        1
        1
        1
        1
        1
        1
        1
        1
        1
        1
        1
        1
        1
        1
        1
        1
        1
        1
        1
        1
        1
        1
        1
        1
        1
        1
        1
        1
        1
        1
        1
        1
        1
        1
        1
        1
        1
        1
        1
        1
        1
        1
        1
        1
        1
        1
        1
        1
        1
        1
        1
        1
        1
        1
        1
        1
        1
        1
        1
        1
        1
        1
        1
        1
        1
        1
        1
        1
        1
        1
        1
        1
        1
        1
        1
        1
        1
        1
        1
        1
        1
        1
        1
        1
        1
        1
        1
        1
        1
        1
        1
        1
        1
        1
        1
        1
        1
        1
        1
        1
        1
        1
        1
        1
        1
        1
        1
        1
        1
        1
        1
        1
        1
        1
        1
        1
        1
        1
        1
        1
        1
        1
        1
        1
        1
        1
        1
        1
        1
        1
        1
        1
        1
        1
        1
        1
        1
        1
        1
        1
        1
        1
        1
        1
        1
        1
        1
        1
        1
        1
        1
        1
        1
        1
        1
        1
        1
        1
        1
        1
        1
        1
        1
        1
        1
        1
        1
        1
        1
        1
        1
        1
        1
        1
        1
        1
        1
        1
        1
        1
        1
        1
        1
        1
        1
        1
        1
        1
        1
        1
        1
        1
        1
        1
        1
        1
        1
        1
        1
        1
        1
        1
        1
        1
        1
        1
        1
        1
        1
        1
        1
        1
        1
        1
        1
        1
        1
        1
        1
        1
        1
        1
        1
        1
        1
        1
        1
        1
        1
        1
        1
        1
        1
        1
        1
        1
        1
        1
        1
        1
        1
        1
        1
        1
        1
        1
        1
        1
        1
        1
        1
        1
        1
        1
        1
        1
        1
        1
        1
        1
        1
        1
        1
        1
        1
        1
        1
        1
        1
        1
        1
        1
        1
        1
        1
        1
        1
        1
        1
        1
        1
        1
        1
        1
        1
        1
        1
        1
        1
        1
        1
        1
        1
        1
        1
        1
        1
        1
        1
        1
        1
        1
        1
        1
        1
        1
        1
        1
        1
        1
        1
        1
        1
        1
        1
        1
        1
        1
        1
        1
        1
        1
        1
        1
        1
        1
        1
        1
        1
        1
        1
        1
        1
        1
        1
        1
        1
        1
        1
        1
        1
        1
        1
        1
        1
        1
        1
        1
        1
        1
        1
        1
        1
        1
        1
        1
        1
        1
        1
        1
        1
        1
        1
        1
        1
        1
        1
        1
        1
        1
        1
        1
        1
        1
        1
        1
        1
        1
        1
        1
        1
        1
        1
        1
        1
        1
        1
        1
        1
        1
        1
        1
        1
        1
        1
        1
        1
        1
        1
        1
        1
        1
        1
        1
        1
        1
        1
        1
        1
        1
        1
        1
        1
        1
        1
        1
        1
        1
        1
        1
        1
        1
        1
        1
        1
        1
        1
        1
        1
        1
        1
        1
        1
        1
        1
        1
        1
        1
        1
        1
        1
        1
        1
        1
        1
        1
        1
        1
        1
        1
        1
        1
        1
        1
        1
        1
        1
        1
        1
        1
        1
