# vtk DataFile Version 3.0
res12    Integer_Parameter=   1
ASCII
DATASET POLYDATA
POINTS    4434 float
    539.51221      0.50000000      -1505.1948    
    531.46631       79.428177      -1503.0962    
    332.42966      0.50017750      -1303.5699    
    321.77197       85.700745      -1303.0107    
    520.85150       139.04411      -1504.7826    
    527.91174      0.50000000      -1516.7952    
    517.85382       77.393768      -1516.8600    
    322.68021      0.50016463      -1313.3195    
    311.81461       83.032661      -1313.3195    
    509.61264       136.03265      -1516.3431    
    539.45923       1.0000017      -1509.4902    
    532.35956       79.561668      -1510.6783    
    907.16119       1.0000004      -1877.1797    
    874.47748       233.28018      -1879.2831    
    520.93561       138.54900      -1513.2579    
    522.05017       78.020920      -1521.1023    
    530.00934       1.0007093      -1518.9401    
    899.28467       1.0002037      -1885.0563    
    868.90112       231.78587      -1885.0563    
    513.81177       136.64017      -1520.5857    
    533.80725       70.277054      -1510.5370    
    898.35754       118.27101      -1878.2321    
    523.29242       68.892761      -1521.1425    
    887.84229       116.88666      -1888.8380    
    532.85242       70.151352      -1503.1760    
    329.86313       43.427303      -1303.2905    
    519.16608       68.349510      -1516.9805    
    318.58368       41.942337      -1314.6672    
    524.45502      -59.754105      -1521.1023    
    531.66913      -1.0000000      -1520.5857    
    899.28467      -1.0002037      -1885.0563    
    887.84229      -116.88666      -1888.8380    
    523.29242      -68.892761      -1521.1425    
    534.81195      -60.934124      -1510.6783    
    533.80725      -70.277054      -1510.5370    
    905.05774      -1.0000699      -1879.2831    
    898.35754      -118.27101      -1878.2321    
    539.04431      -1.0000000      -1513.2579    
    527.45587     -0.50000000      -1516.3431    
    520.23932      -59.273785      -1516.8600    
    519.16608      -68.349510      -1516.9805    
    318.58368      -41.942337      -1314.6672    
    322.68021     -0.50016463      -1313.3195    
    332.98886     -0.50015134      -1303.0107    
    329.86313      -43.427303      -1303.2905    
    532.85242      -70.151352      -1503.1760    
    533.91455      -60.831882      -1503.0962    
    539.09119     -0.50000000      -1504.7826    
    511.69070       138.14313      -1518.9401    
    487.63092       201.98335      -1521.1425    
    827.33728       342.69434      -1888.8380    
    868.38336       233.71811      -1885.0563    
    520.81879       140.58824      -1509.4902    
    497.42914       206.04190      -1510.5370    
    837.13593       346.75305      -1878.2321    
    875.99164       235.75653      -1877.1797    
    296.87274       122.96871      -1314.6672    
    311.55569       83.998901      -1313.3195    
    483.78580       200.39062      -1516.9805    
    509.79419       137.11658      -1516.7952    
    320.97293       86.522263      -1303.5699    
    307.38348       127.32241      -1303.2905    
    520.99933       140.11899      -1505.1948    
    496.53943       205.67337      -1503.1760    
    343.29996      0.50000000      -1314.2124    
    354.16730      0.50000000      -1324.8521    
    365.03671      0.50000000      -1335.4937    
    375.90961      0.50000000      -1346.1385    
    386.77960      0.50000000      -1356.7806    
    397.64963      0.50000000      -1367.4227    
    408.51892      0.50000000      -1378.0641    
    419.38931      0.50000000      -1388.7065    
    430.26285      0.50000000      -1399.3521    
    441.13095      0.50000000      -1409.9923    
    451.99915      0.50000000      -1420.6326    
    462.87238      0.50000000      -1431.2778    
    473.74002      0.50000000      -1441.9174    
    484.73080      0.50000000      -1452.4288    
    495.81479      0.50000000      -1462.8558    
    506.89331      0.50000000      -1473.2780    
    517.77203      0.50000000      -1483.9106    
    528.64209      0.50000000      -1494.5527    
    332.25174       88.508797      -1313.6324    
    342.72949       91.316315      -1324.2520    
    353.20569       94.123405      -1334.8700    
    363.67987       96.929962      -1345.4860    
    374.16037       99.738213      -1356.1084    
    384.63864       102.54587      -1366.7286    
    395.11652       105.35342      -1377.3484    
    405.59430       108.16093      -1387.9680    
    416.07205       110.96845      -1398.5878    
    426.54984       113.77597      -1409.2074    
    437.02759       116.58349      -1419.8271    
    447.50534       119.39100      -1430.4468    
    457.98312       122.19852      -1441.0664    
    468.45908       125.00555      -1451.6835    
    478.93985       127.81387      -1462.3046    
    489.41815       130.62154      -1472.9237    
    499.89612       133.42911      -1483.5431    
    510.37131       136.23593      -1494.1604    
    523.81409       124.20686      -1504.0457    
    526.57178       109.32141      -1503.5184    
    529.12299       94.393303      -1503.2018    
    530.53369      0.50000000      -1514.1733    
    532.68451      0.50000000      -1512.0225    
    534.44891      0.50000000      -1510.2581    
    535.89630      0.50000000      -1508.8107    
    537.08368      0.50000000      -1507.6233    
    538.05768      0.50000000      -1506.6493    
    538.85669      0.50000000      -1505.8502    
    520.93048       77.853577      -1513.7491    
    523.45435       78.230782      -1511.1971    
    525.52478       78.540207      -1509.1038    
    527.22327       78.794044      -1507.3865    
    528.61658       79.002274      -1505.9777    
    529.75952       79.173096      -1504.8220    
    530.69714       79.313225      -1503.8739    
    324.88373      0.50024498      -1311.1158    
    326.69138      0.50027716      -1309.3082    
    328.17426      0.50028080      -1307.8253    
    329.39072      0.50026846      -1306.6089    
    330.38861      0.50024807      -1305.6110    
    331.20721      0.50022441      -1304.7924    
    331.87875      0.50020033      -1304.1208    
    333.48187      0.50015599      -1324.0287    
    344.28351      0.50014728      -1334.7379    
    355.08517      0.50013864      -1345.4471    
    365.88684      0.50013000      -1356.1564    
    376.68851      0.50012130      -1366.8657    
    387.49017      0.50011265      -1377.5750    
    398.29184      0.50010395      -1388.2842    
    409.09351      0.50009531      -1398.9934    
    419.89514      0.50008667      -1409.7026    
    430.69681      0.50007796      -1420.4120    
    441.49847      0.50006932      -1431.1212    
    452.30014      0.50006068      -1441.8304    
    463.10181      0.50005198      -1452.5397    
    473.90347      0.50004333      -1463.2489    
    484.70514      0.50003463      -1473.9583    
    495.50677      0.50002599      -1484.6675    
    506.30844      0.50001734      -1495.3767    
    517.11011      0.50000864      -1506.0859    
    314.06516       83.635612      -1310.9895    
    315.91135       84.130264      -1309.0781    
    317.42587       84.536079      -1307.5103    
    318.66824       84.868996      -1306.2240    
    319.68744       85.142105      -1305.1688    
    320.52350       85.366158      -1304.3033    
    321.20935       85.549965      -1303.5933    
    520.21649       138.87395      -1505.4359    
    519.44232       138.66652      -1506.2322    
    518.49866       138.41367      -1507.2029    
    517.34833       138.10542      -1508.3861    
    515.94604       137.72969      -1509.8285    
    514.23663       137.27165      -1511.5869    
    512.15283       136.71330      -1513.7303    
    322.22501       85.822136      -1324.0049    
    332.63544       88.611603      -1334.6903    
    343.04587       91.401077      -1345.3759    
    353.45630       94.190552      -1356.0613    
    363.86670       96.980026      -1366.7467    
    374.27713       99.769501      -1377.4321    
    384.68756       102.55898      -1388.1177    
    395.09799       105.34845      -1398.8031    
    405.50839       108.13792      -1409.4885    
    415.91882       110.92740      -1420.1741    
    426.32925       113.71687      -1430.8595    
    436.73969       116.50634      -1441.5449    
    447.15009       119.29581      -1452.2305    
    457.56052       122.08529      -1462.9159    
    467.97095       124.87476      -1473.6013    
    478.38138       127.66424      -1484.2867    
    488.79181       130.45370      -1494.9723    
    499.20221       133.24318      -1505.6577    
    511.67294       121.37293      -1516.4724    
    513.73322       106.71321      -1516.6016    
    515.79352       92.053490      -1516.7307    
    549.96838       1.0000000      -1519.9988    
    560.47418       1.0000000      -1530.5040    
    570.98035       1.0000000      -1541.0096    
    581.48474       1.0000000      -1551.5135    
    591.98987       1.0000000      -1562.0182    
    602.49652       1.0000000      -1572.5243    
    613.00171       1.0000000      -1583.0289    
    623.50647       1.0000000      -1593.5333    
    634.01080       1.0000000      -1604.0372    
    644.51465       1.0000000      -1614.5406    
    655.02008       1.0000000      -1625.0457    
    665.52777       1.0000000      -1635.5530    
    676.03357       1.0000000      -1646.0583    
    686.53802       1.0000000      -1656.5624    
    697.04419       1.0000000      -1667.0681    
    707.55188       1.0000000      -1677.5756    
    718.05786       1.0000000      -1688.0812    
    728.56274       1.0000000      -1698.5857    
    739.06879       1.0000000      -1709.0914    
    749.57227       1.0000000      -1719.5946    
    760.07770       1.0000000      -1730.0997    
    770.58490       1.0000000      -1740.6066    
    781.09198       1.0000000      -1751.1134    
    791.59833       1.0000000      -1761.6195    
    802.10400       1.0000000      -1772.1249    
    812.60950       1.0000000      -1782.6301    
    823.11774       1.0000000      -1793.1381    
    833.62482       1.0000000      -1803.6449    
    844.12762       1.0000000      -1814.1475    
    854.63489       1.0000000      -1824.6544    
    865.13849       1.0000000      -1835.1578    
    875.64722       1.0000000      -1845.6664    
    886.15155       1.0000000      -1856.1704    
    896.65723       1.0000000      -1866.6759    
    531.03668       141.25558      -1523.7159    
    541.13782       143.96216      -1534.1738    
    551.23889       146.66873      -1544.6318    
    561.34003       149.37532      -1555.0897    
    571.44116       152.08191      -1565.5477    
    581.54230       154.78850      -1576.0056    
    591.64343       157.49509      -1586.4635    
    601.74457       160.20169      -1596.9214    
    611.84576       162.90828      -1607.3794    
    621.94690       165.61488      -1617.8373    
    632.04810       168.32147      -1628.2952    
    642.14929       171.02808      -1638.7531    
    652.24762       173.73392      -1649.2080    
    662.34814       176.44034      -1659.6652    
    672.44958       179.14702      -1670.1233    
    682.55182       181.85390      -1680.5822    
    692.65308       184.56052      -1691.0402    
    702.75391       187.26703      -1701.4976    
    712.85596       189.97386      -1711.9563    
    722.95880       192.68091      -1722.4158    
    733.06012       195.38756      -1732.8738    
    743.16400       198.09488      -1743.3344    
    753.26349       200.80103      -1753.7904    
    763.36572       203.50790      -1764.2493    
    773.46783       206.21475      -1774.7080    
    783.56818       208.92113      -1785.1649    
    793.67047       211.62804      -1795.6238    
    803.77142       214.33456      -1806.0813    
    813.87134       217.04083      -1816.5377    
    823.97125       219.74709      -1826.9941    
    834.07245       222.45370      -1837.4519    
    844.17371       225.16032      -1847.9097    
    854.27496       227.86694      -1858.3676    
    864.37622       230.57356      -1868.8253    
    522.54132       131.22035      -1512.7531    
    524.09668       123.87774      -1512.3002    
    525.60144       116.52159      -1511.8992    
    527.05548       109.15244      -1511.5504    
    528.45850       101.77129      -1511.2538    
    529.81030       94.378571      -1511.0095    
    531.11072       86.975105      -1510.8177    
    531.77704       79.474609      -1511.2673    
    531.06696       79.368484      -1511.9854    
    530.20129       79.239113      -1512.8606    
    529.14612       79.081413      -1513.9275    
    527.85974       78.889168      -1515.2281    
    526.29175       78.654823      -1516.8136    
    524.38025       78.369156      -1518.7462    
    538.92529       1.0000590      -1510.0242    
    538.27441       1.0001260      -1510.6750    
    537.48090       1.0002036      -1511.4685    
    536.51373       1.0002919      -1512.4357    
    535.33466       1.0003904      -1513.6147    
    533.89734       1.0004969      -1515.0520    
    532.14520       1.0006062      -1516.8042    
    906.71613       1.0000160      -1877.6248    
    906.17365       1.0000343      -1878.1672    
    905.51227       1.0000558      -1878.8286    
    904.70605       1.0000805      -1879.6348    
    903.72327       1.0001082      -1880.6176    
    902.52527       1.0001389      -1881.8156    
    901.06488       1.0001714      -1883.2760    
    888.73395       1.0002182      -1874.5957    
    878.18317       1.0002326      -1864.1353    
    867.63245       1.0002470      -1853.6748    
    857.08173       1.0002615      -1843.2144    
    846.53101       1.0002760      -1832.7539    
    835.98029       1.0002904      -1822.2935    
    825.42957       1.0003048      -1811.8330    
    814.87885       1.0003192      -1801.3726    
    804.32812       1.0003337      -1790.9121    
    793.77740       1.0003482      -1780.4517    
    783.22668       1.0003626      -1769.9911    
    772.67596       1.0003771      -1759.5306    
    762.12524       1.0003915      -1749.0702    
    751.57452       1.0004059      -1738.6097    
    741.02380       1.0004205      -1728.1493    
    730.47308       1.0004349      -1717.6888    
    719.92236       1.0004493      -1707.2284    
    709.37164       1.0004637      -1696.7679    
    698.82092       1.0004781      -1686.3075    
    688.27020       1.0004926      -1675.8470    
    677.71948       1.0005071      -1665.3865    
    667.16876       1.0005215      -1654.9260    
    656.61798       1.0005360      -1644.4656    
    646.06726       1.0005504      -1634.0051    
    635.51654       1.0005648      -1623.5447    
    624.96582       1.0005792      -1613.0842    
    614.41510       1.0005938      -1602.6238    
    603.86438       1.0006082      -1592.1633    
    593.31366       1.0006226      -1581.7029    
    582.76294       1.0006371      -1571.2424    
    572.21222       1.0006515      -1560.7820    
    561.66150       1.0006659      -1550.3214    
    551.11078       1.0006804      -1539.8610    
    540.56006       1.0006949      -1529.4005    
    874.16241       233.19576      -1879.6094    
    873.77832       233.09282      -1880.0070    
    873.31012       232.96735      -1880.4917    
    872.73932       232.81439      -1881.0826    
    872.04358       232.62794      -1881.8030    
    871.19537       232.40067      -1882.6810    
    870.16150       232.12361      -1883.7513    
    520.53308       138.44115      -1513.6720    
    520.04242       138.30966      -1514.1768    
    519.44427       138.14938      -1514.7920    
    518.71509       137.95401      -1515.5420    
    517.82623       137.71585      -1516.4563    
    516.74274       137.42552      -1517.5708    
    515.42188       137.07159      -1518.9294    
    858.75574       229.06743      -1874.6428    
    848.61029       226.34897      -1864.2294    
    838.46490       223.63052      -1853.8159    
    828.31952       220.91208      -1843.4025    
    818.17407       218.19363      -1832.9890    
    808.02869       215.47517      -1822.5756    
    797.88324       212.75673      -1812.1621    
    787.73785       210.03828      -1801.7487    
    777.59241       207.31984      -1791.3352    
    767.44702       204.60138      -1780.9218    
    757.30164       201.88293      -1770.5083    
    747.15619       199.16449      -1760.0948    
    737.01080       196.44604      -1749.6814    
    726.86536       193.72758      -1739.2679    
    716.71997       191.00914      -1728.8546    
    706.57458       188.29070      -1718.4412    
    696.42914       185.57225      -1708.0277    
    686.28375       182.85379      -1697.6143    
    676.13831       180.13535      -1687.2008    
    665.99292       177.41690      -1676.7874    
    655.84753       174.69846      -1666.3739    
    645.70209       171.98000      -1655.9604    
    635.55670       169.26155      -1645.5470    
    625.41125       166.54311      -1635.1335    
    615.26587       163.82466      -1624.7201    
    605.12048       161.10620      -1614.3066    
    594.97504       158.38776      -1603.8932    
    584.82965       155.66931      -1593.4797    
    574.68420       152.95087      -1583.0663    
    564.53882       150.23241      -1572.6530    
    554.39343       147.51396      -1562.2395    
    544.24799       144.79552      -1551.8260    
    534.10260       142.07707      -1541.4126    
    523.95715       139.35861      -1530.9991    
    519.99054       92.675735      -1520.9731    
    517.93097       107.33054      -1520.8440    
    515.87134       121.98536      -1520.7148    
    539.24225       9.6917505      -1509.6211    
    538.88513       18.378807      -1509.7518    
    538.38806       27.058928      -1509.8827    
    537.75110       35.729874      -1510.0135    
    536.97430       44.389397      -1510.1444    
    536.05798       53.035263      -1510.2753    
    535.00220       61.665226      -1510.4061    
    878.27643       219.08659      -1879.1517    
    881.84430       204.83372      -1879.0204    
    885.18054       190.52440      -1878.8889    
    888.28412       176.16318      -1878.7576    
    891.15430       161.75322      -1878.6262    
    893.79034       147.29880      -1878.4948    
    896.19165       132.80339      -1878.3634    
    900.28961       103.68821      -1878.1005    
    901.98480       89.075874      -1877.9689    
    903.44263       74.438126      -1877.8374    
    904.66272       59.778408      -1877.7058    
    905.64484       45.101131      -1877.5743    
    906.38867       30.409473      -1877.4427    
    906.89417       15.708140      -1877.3112    
    529.01746       14.597693      -1519.7316    
    527.84991       28.190201      -1520.3481    
    526.50659       41.773197      -1520.7893    
    524.98730       55.342213      -1521.0541    
    898.26691       15.506615      -1885.9407    
    897.13147       30.010954      -1886.7081    
    895.87811       44.511326      -1887.3582    
    894.50684       59.005817      -1887.8905    
    893.01752       73.492523      -1888.3049    
    891.41028       87.969513      -1888.6010    
    889.68512       102.43487      -1888.7787    
    885.88196       131.32301      -1888.7787    
    883.80438       145.74202      -1888.6010    
    881.60999       160.14171      -1888.3049    
    879.29907       174.52028      -1887.8905    
    876.87219       188.87579      -1887.3582    
    874.32983       203.20644      -1886.7081    
    871.67261       217.51041      -1885.9407    
    544.21954       71.647858      -1521.0391    
    554.63666       73.019295      -1531.5460    
    565.05341       74.390694      -1542.0526    
    575.46887       75.761909      -1552.5579    
    585.88379       77.133057      -1563.0626    
    596.29938       78.504303      -1573.5681    
    606.71686       79.875786      -1584.0753    
    617.13135       81.246880      -1594.5797    
    627.54803       82.618263      -1605.0862    
    637.96313       83.989433      -1615.5912    
    648.38019       85.360878      -1626.0981    
    658.79498       86.732002      -1636.6028    
    669.21094       88.103294      -1647.1085    
    679.62738       89.474640      -1657.6149    
    690.04272       90.845848      -1668.1201    
    700.45850       92.217110      -1678.6256    
    710.87433       93.588379      -1689.1313    
    721.29071       94.959724      -1699.6377    
    731.70874       96.331284      -1710.1455    
    742.12427       97.702515      -1720.6509    
    752.53845       99.073563      -1731.1549    
    762.95624       100.44510      -1741.6626    
    773.37238       101.81641      -1752.1686    
    783.78766       103.18760      -1762.6737    
    794.20386       104.55892      -1773.1798    
    804.61877       105.93007      -1783.6846    
    815.03406       107.30127      -1794.1897    
    825.44934       108.67246      -1804.6948    
    835.86615       110.04387      -1815.2015    
    846.28119       111.41503      -1825.7064    
    856.69659       112.78625      -1836.2117    
    867.11267       114.15755      -1846.7175    
    877.52924       115.52892      -1857.2240    
    887.94299       116.89991      -1867.7277    
    533.21307       70.198837      -1511.1362    
    532.48883       70.103485      -1511.8667    
    531.60596       69.987251      -1512.7572    
    530.52972       69.845566      -1513.8427    
    529.21777       69.672844      -1515.1660    
    527.61853       69.462296      -1516.7791    
    525.66895       69.205635      -1518.7454    
    897.76337       118.19279      -1878.8313    
    897.03906       118.09743      -1879.5618    
    896.15619       117.98120      -1880.4524    
    895.07990       117.83950      -1881.5380    
    893.76788       117.66677      -1882.8612    
    892.16852       117.45621      -1884.4744    
    890.21893       117.19954      -1886.4408    
    542.82080       80.668358      -1521.1757    
    553.28168       81.774986      -1531.6733    
    563.74225       82.881561      -1542.1713    
    574.20251       83.988075      -1552.6697    
    584.66248       85.094528      -1563.1682    
    595.12213       86.200935      -1573.6672    
    605.58148       87.307281      -1584.1664    
    616.04053       88.413582      -1594.6660    
    626.49933       89.519836      -1605.1658    
    636.95789       90.626038      -1615.6659    
    647.41614       91.732201      -1626.1661    
    657.87415       92.838318      -1636.6667    
    668.33191       93.944389      -1647.1676    
    678.78943       95.050430      -1657.6687    
    689.24677       96.156425      -1668.1700    
    699.70386       97.262383      -1678.6715    
    710.16071       98.368309      -1689.1733    
    720.61737       99.474205      -1699.6753    
    731.07385       100.58006      -1710.1774    
    741.53015       101.68590      -1720.6797    
    751.98627       102.79170      -1731.1823    
    762.44220       103.89748      -1741.6849    
    772.89795       105.00323      -1752.1879    
    783.35358       106.10896      -1762.6908    
    793.80908       107.21468      -1773.1940    
    804.26440       108.32037      -1783.6973    
    814.71960       109.42604      -1794.2008    
    825.17468       110.53169      -1804.7043    
    835.62964       111.63734      -1815.2080    
    846.08453       112.74297      -1825.7118    
    856.53925       113.84859      -1836.2157    
    866.99396       114.95421      -1846.7196    
    877.44855       116.05981      -1857.2236    
    887.90308       117.16541      -1867.7278    
    539.13196       14.505432      -1505.0133    
    538.13654       28.475716      -1504.5848    
    536.66559       42.400578      -1504.0450    
    534.85846       56.287079      -1503.5302    
    332.19180       14.841697      -1303.4768    
    331.33569       29.159609      -1303.3837    
    327.77490       57.630447      -1303.1973    
    325.07614       71.730324      -1303.1040    
    526.74066       14.125399      -1517.4126    
    525.14398       27.720695      -1517.6041    
    523.25787       41.280338      -1517.5040    
    521.21973       54.816162      -1517.2501    
    314.36417       69.396324      -1314.0673    
    316.62164       55.695316      -1314.5171    
    320.24805       28.150164      -1314.5171    
    321.61356       14.331707      -1314.0673    
    522.18372       68.746788      -1492.6409    
    511.51099       67.341698      -1482.1019    
    500.82349       65.934662      -1471.5923    
    490.05093       64.516426      -1461.1646    
    479.27533       63.097790      -1450.7367    
    468.56384       61.687599      -1440.2531    
    457.89078       60.282463      -1429.7137    
    447.22339       58.878075      -1419.1801    
    436.55429       57.473450      -1408.6447    
    425.88519       56.068836      -1398.1091    
    415.21606       54.664223      -1387.5737    
    404.54697       53.259609      -1377.0383    
    393.87784       51.854992      -1366.5029    
    383.20871       50.450378      -1355.9675    
    372.53961       49.045765      -1345.4321    
    361.87048       47.641148      -1334.8967    
    351.20135       46.236534      -1324.3613    
    340.53223       44.831917      -1313.8259    
    522.25983       68.756813      -1513.8601    
    524.79773       69.090927      -1511.3003    
    526.87817       69.364830      -1509.2019    
    528.58545       69.589592      -1507.4799    
    529.98621       69.774002      -1506.0670    
    531.13312       69.925003      -1504.9102    
    532.07733       70.049309      -1503.9579    
    329.22577       43.343395      -1303.9333    
    328.44885       43.241112      -1304.7169    
    327.50177       43.116428      -1305.6722    
    326.34729       42.964436      -1306.8367    
    324.93994       42.779152      -1308.2562    
    323.22433       42.553291      -1309.9866    
    321.13303       42.277966      -1312.0959    
    340.46411       45.320927      -1313.8167    
    351.06467       47.214451      -1324.3434    
    361.66476       49.107887      -1334.8704    
    372.26450       51.001240      -1345.3979    
    382.86380       52.894505      -1355.9259    
    393.46274       54.787693      -1366.4542    
    404.06128       56.680809      -1376.9829    
    414.65948       58.573856      -1387.5120    
    425.25735       60.466839      -1398.0414    
    435.85489       62.359764      -1408.5712    
    446.45215       64.252632      -1419.1013    
    457.04907       66.145447      -1429.6317    
    467.64575       68.038216      -1440.1624    
    478.28348       69.936333      -1450.6505    
    488.97464       71.842155      -1461.0829    
    499.66342       73.748123      -1471.5176    
    510.27606       75.643211      -1482.0316    
    520.87134       77.535713      -1492.5638    
    526.25854      -45.065578      -1520.9731    
    528.06207      -30.377052      -1520.8440    
    529.86560      -15.688526      -1520.7148    
    888.78137      -1.0001979      -1874.6428    
    878.27802      -1.0001920      -1864.2294    
    867.77472      -1.0001863      -1853.8159    
    857.27142      -1.0001805      -1843.4025    
    846.76813      -1.0001746      -1832.9890    
    836.26483      -1.0001688      -1822.5756    
    825.76154      -1.0001630      -1812.1621    
    815.25824      -1.0001571      -1801.7487    
    804.75494      -1.0001514      -1791.3352    
    794.25165      -1.0001456      -1780.9218    
    783.74835      -1.0001397      -1770.5083    
    773.24506      -1.0001339      -1760.0948    
    762.74176      -1.0001280      -1749.6814    
    752.23846      -1.0001222      -1739.2679    
    741.73511      -1.0001165      -1728.8546    
    731.23181      -1.0001106      -1718.4412    
    720.72852      -1.0001048      -1708.0277    
    710.22522      -1.0000989      -1697.6143    
    699.72192      -1.0000931      -1687.2008    
    689.21863      -1.0000873      -1676.7874    
    678.71533      -1.0000815      -1666.3739    
    668.21204      -1.0000757      -1655.9604    
    657.70874      -1.0000699      -1645.5470    
    647.20544      -1.0000640      -1635.1335    
    636.70215      -1.0000582      -1624.7201    
    626.19885      -1.0000523      -1614.3066    
    615.69556      -1.0000466      -1603.8932    
    605.19226      -1.0000408      -1593.4797    
    594.68890      -1.0000349      -1583.0663    
    584.18561      -1.0000291      -1572.6530    
    573.68231      -1.0000232      -1562.2395    
    563.17902      -1.0000174      -1551.8260    
    552.67572      -1.0000117      -1541.4126    
    542.17242      -1.0000058      -1530.9991    
    889.68512      -102.43482      -1888.7787    
    891.41028      -87.969421      -1888.6010    
    893.01758      -73.492432      -1888.3049    
    894.50684      -59.005707      -1887.8905    
    895.87817      -44.511215      -1887.3582    
    897.13147      -30.010862      -1886.7081    
    898.26691      -15.506559      -1885.9407    
    534.22675      -60.867447      -1511.2673    
    533.51337      -60.786167      -1511.9854    
    532.64374      -60.687088      -1512.8606    
    531.58368      -60.566307      -1513.9275    
    530.29138      -60.419075      -1515.2281    
    528.71613      -60.239594      -1516.8136    
    526.79584      -60.020809      -1518.7462    
    533.21307      -70.198837      -1511.1362    
    532.48883      -70.103485      -1511.8667    
    531.60596      -69.987251      -1512.7572    
    530.52972      -69.845566      -1513.8427    
    529.21777      -69.672844      -1515.1660    
    527.61853      -69.462296      -1516.7791    
    525.66895      -69.205635      -1518.7454    
    904.73157      -1.0000796      -1879.6094    
    904.33392      -1.0000912      -1880.0070    
    903.84918      -1.0001048      -1880.4917    
    903.25824      -1.0001205      -1881.0826    
    902.53796      -1.0001386      -1881.8030    
    901.65985      -1.0001588      -1882.6810    
    900.58948      -1.0001808      -1883.7513    
    905.05365      -15.693255      -1879.1517    
    904.81110      -30.383924      -1879.0204    
    904.33014      -45.069149      -1878.8889    
    903.61096      -59.744286      -1878.7576    
    902.65375      -74.406097      -1878.6262    
    901.45892      -89.050255      -1878.4948    
    900.02667      -103.67323      -1878.3634    
    897.76337      -118.19279      -1878.8313    
    897.03906      -118.09743      -1879.5618    
    896.15619      -117.98120      -1880.4524    
    895.07990      -117.83950      -1881.5380    
    893.76788      -117.66677      -1882.8612    
    892.16852      -117.45621      -1884.4744    
    890.21893      -117.19954      -1886.4408    
    544.21954      -71.647858      -1521.0391    
    554.63666      -73.019295      -1531.5460    
    565.05341      -74.390694      -1542.0526    
    575.46887      -75.761909      -1552.5579    
    585.88379      -77.133057      -1563.0626    
    596.29938      -78.504303      -1573.5681    
    606.71686      -79.875786      -1584.0753    
    617.13135      -81.246880      -1594.5797    
    627.54803      -82.618263      -1605.0862    
    637.96313      -83.989433      -1615.5912    
    648.38019      -85.360878      -1626.0981    
    658.79498      -86.732002      -1636.6028    
    669.21094      -88.103294      -1647.1085    
    679.62738      -89.474640      -1657.6149    
    690.04272      -90.845848      -1668.1201    
    700.45850      -92.217110      -1678.6256    
    710.87433      -93.588379      -1689.1313    
    721.29071      -94.959724      -1699.6377    
    731.70874      -96.331284      -1710.1455    
    742.12427      -97.702515      -1720.6509    
    752.53845      -99.073563      -1731.1549    
    762.95624      -100.44510      -1741.6626    
    773.37238      -101.81641      -1752.1686    
    783.78766      -103.18760      -1762.6737    
    794.20386      -104.55892      -1773.1798    
    804.61877      -105.93007      -1783.6846    
    815.03406      -107.30127      -1794.1897    
    825.44934      -108.67246      -1804.6948    
    835.86615      -110.04387      -1815.2015    
    846.28119      -111.41503      -1825.7064    
    856.69659      -112.78625      -1836.2117    
    867.11267      -114.15755      -1846.7175    
    877.52924      -115.52892      -1857.2240    
    887.94299      -116.89991      -1867.7277    
    545.20312      -62.572708      -1521.1757    
    555.59399      -64.211266      -1531.6733    
    565.98456      -65.849800      -1542.1713    
    576.37476      -67.488304      -1552.6697    
    586.76465      -69.126785      -1563.1682    
    597.15430      -70.765236      -1573.6672    
    607.54358      -72.403664      -1584.1664    
    617.93262      -74.042068      -1594.6660    
    628.32135      -75.680443      -1605.1658    
    638.70984      -77.318794      -1615.6659    
    649.09802      -78.957123      -1626.1661    
    659.48596      -80.595428      -1636.6667    
    669.87366      -82.233719      -1647.1676    
    680.26111      -83.871979      -1657.6687    
    690.64838      -85.510216      -1668.1700    
    701.03540      -87.148430      -1678.6715    
    711.42218      -88.786629      -1689.1733    
    721.80878      -90.424805      -1699.6753    
    732.19513      -92.062958      -1710.1774    
    742.58136      -93.701096      -1720.6797    
    752.96741      -95.339211      -1731.1823    
    763.35327      -96.977303      -1741.6849    
    773.73895      -98.615379      -1752.1879    
    784.12445      -100.25344      -1762.6908    
    794.50989      -101.89148      -1773.1940    
    804.89514      -103.52950      -1783.6973    
    815.28027      -105.16751      -1794.2008    
    825.66522      -106.80550      -1804.7043    
    836.05011      -108.44348      -1815.2080    
    846.43494      -110.08144      -1825.7118    
    856.81958      -111.71938      -1836.2157    
    867.20416      -113.35731      -1846.7196    
    877.58868      -114.99522      -1857.2236    
    887.97314      -116.63313      -1867.7278    
    549.50171      -1.0000020      -1523.7159    
    559.95911      -1.0000039      -1534.1738    
    570.41656      -1.0000060      -1544.6318    
    580.87402      -1.0000080      -1555.0897    
    591.33148      -1.0000100      -1565.5477    
    601.78894      -1.0000119      -1576.0056    
    612.24640      -1.0000139      -1586.4635    
    622.70392      -1.0000160      -1596.9214    
    633.16138      -1.0000180      -1607.3794    
    643.61890      -1.0000199      -1617.8373    
    654.07635      -1.0000219      -1628.2952    
    664.53387      -1.0000240      -1638.7531    
    674.98846      -1.0000260      -1649.2080    
    685.44531      -1.0000279      -1659.6652    
    695.90308      -1.0000299      -1670.1233    
    706.36169      -1.0000319      -1680.5822    
    716.81927      -1.0000340      -1691.0402    
    727.27643      -1.0000359      -1701.4976    
    737.73486      -1.0000379      -1711.9563    
    748.19409      -1.0000399      -1722.4158    
    758.65173      -1.0000420      -1732.8738    
    769.11200      -1.0000439      -1743.3344    
    779.56781      -1.0000459      -1753.7904    
    790.02637      -1.0000479      -1764.2493    
    800.48486      -1.0000499      -1774.7080    
    810.94153      -1.0000519      -1785.1649    
    821.40021      -1.0000539      -1795.6238    
    831.85742      -1.0000559      -1806.0813    
    842.31366      -1.0000579      -1816.5377    
    852.76984      -1.0000598      -1826.9941    
    863.22736      -1.0000619      -1837.4519    
    873.68500      -1.0000639      -1847.9097    
    884.14258      -1.0000659      -1858.3676    
    894.60016      -1.0000678      -1868.8253    
    538.69849      -8.4945126      -1512.7531    
    538.30042      -15.989492      -1512.3002    
    537.85004      -23.484449      -1511.8992    
    537.34723      -30.978830      -1511.5504    
    536.79205      -38.471603      -1511.2538    
    536.18439      -45.962296      -1511.0095    
    535.52435      -53.450062      -1510.8177    
    538.62756      -1.0000000      -1513.6720    
    538.11957      -1.0000000      -1514.1768    
    537.50031      -1.0000000      -1514.7920    
    536.74542      -1.0000000      -1515.5420    
    535.82520      -1.0000000      -1516.4563    
    534.70349      -1.0000000      -1517.5708    
    533.33606      -1.0000000      -1518.9294    
    525.65173      -15.193446      -1516.4724    
    523.84760      -29.886892      -1516.6016    
    522.04346      -44.580338      -1516.7307    
    321.61356      -14.331725      -1314.0673    
    320.24805      -28.150169      -1314.5171    
    333.45786     -0.50015599      -1324.0049    
    344.23553     -0.50014728      -1334.6903    
    355.01318     -0.50013864      -1345.3759    
    365.79086     -0.50013000      -1356.0613    
    376.56854     -0.50012130      -1366.7467    
    387.34619     -0.50011265      -1377.4321    
    398.12387     -0.50010395      -1388.1177    
    408.90152     -0.50009531      -1398.8031    
    419.67920     -0.50008667      -1409.4885    
    430.45685     -0.50007796      -1420.1741    
    441.23453     -0.50006932      -1430.8595    
    452.01221     -0.50006068      -1441.5449    
    462.78986     -0.50005198      -1452.2305    
    473.56754     -0.50004333      -1462.9159    
    484.34518     -0.50003463      -1473.6013    
    495.12286     -0.50002599      -1484.2867    
    505.90051     -0.50001734      -1494.9723    
    516.67816     -0.50000864      -1505.6577    
    325.01013     -0.50024825      -1310.9895    
    326.92145     -0.50027907      -1309.0781    
    328.48938     -0.50027895      -1307.5103    
    329.77560     -0.50026172      -1306.2240    
    330.83075     -0.50023609      -1305.1688    
    331.69632     -0.50020730      -1304.3033    
    332.40637     -0.50017852      -1303.5933    
    329.22577      -43.343395      -1303.9333    
    328.44885      -43.241112      -1304.7169    
    327.50177      -43.116428      -1305.6722    
    326.34729      -42.964436      -1306.8367    
    324.93994      -42.779152      -1308.2562    
    323.22433      -42.553291      -1309.9866    
    321.13303      -42.277966      -1312.0959    
    331.52209      -29.167650      -1303.1973    
    332.56461      -14.849721      -1303.1040    
    522.25983      -68.756813      -1513.8601    
    524.79773      -69.090927      -1511.3003    
    526.87817      -69.364830      -1509.2019    
    528.58545      -69.589592      -1507.4799    
    529.98621      -69.774002      -1506.0670    
    531.13312      -69.925003      -1504.9102    
    532.07733      -70.049309      -1503.9579    
    523.33020      -59.625942      -1513.7491    
    525.86572      -59.914829      -1511.1971    
    527.94568      -60.151814      -1509.1038    
    529.65198      -60.346218      -1507.3865    
    531.05170      -60.505695      -1505.9777    
    532.19989      -60.636520      -1504.8220    
    533.14185      -60.743843      -1503.8739    
    340.59299      -44.341942      -1313.8167    
    351.32242      -45.256561      -1324.3434    
    362.05139      -46.171154      -1334.8704    
    372.77997      -47.085724      -1345.3979    
    383.50815      -48.000275      -1355.9259    
    394.23590      -48.914799      -1366.4542    
    404.96329      -49.829296      -1376.9829    
    415.69034      -50.743771      -1387.5120    
    426.41702      -51.658222      -1398.0414    
    437.14340      -52.572643      -1408.5712    
    447.86945      -53.487041      -1419.1013    
    458.59521      -54.401413      -1429.6317    
    469.32068      -55.315758      -1440.1624    
    480.08722      -56.235561      -1450.6505    
    490.90735      -57.161755      -1461.0829    
    501.72522      -58.087193      -1471.5176    
    512.46674      -59.003433      -1482.0316    
    523.19080      -59.917671      -1492.5638    
    522.18372      -68.746788      -1492.6409    
    511.51099      -67.341698      -1482.1019    
    500.82349      -65.934662      -1471.5923    
    490.05093      -64.516434      -1461.1646    
    479.27533      -63.097797      -1450.7367    
    468.56384      -61.687599      -1440.2531    
    457.89078      -60.282463      -1429.7137    
    447.22339      -58.878082      -1419.1801    
    436.55429      -57.473473      -1408.6447    
    425.88519      -56.068859      -1398.1091    
    415.21606      -54.664246      -1387.5737    
    404.54697      -53.259628      -1377.0383    
    393.87784      -51.855011      -1366.5029    
    383.20871      -50.450390      -1355.9675    
    372.53961      -49.045773      -1345.4321    
    361.87048      -47.641155      -1334.8967    
    351.20135      -46.236538      -1324.3613    
    340.53223      -44.831921      -1313.8259    
    538.11267      -15.598453      -1504.0457    
    536.92377      -30.690435      -1503.5184    
    535.52435      -45.770176      -1503.2018    
    343.83829     -0.50014341      -1313.6324    
    354.68567     -0.50013542      -1324.2520    
    365.53140     -0.50012743      -1334.8700    
    376.37509     -0.50011951      -1345.4860    
    387.22531     -0.50011152      -1356.1084    
    398.07321     -0.50010353      -1366.7286    
    408.92072     -0.50009561      -1377.3484    
    419.76810     -0.50008762      -1387.9680    
    430.61551     -0.50007969      -1398.5878    
    441.46289     -0.50007170      -1409.2074    
    452.31027     -0.50006372      -1419.8271    
    463.15765     -0.50005579      -1430.4468    
    474.00500     -0.50004780      -1441.0664    
    484.85052     -0.50003982      -1451.6835    
    495.70102     -0.50003189      -1462.3046    
    506.54898     -0.50002390      -1472.9237    
    517.39655     -0.50001591      -1483.5431    
    528.24127     -0.50000799      -1494.1604    
    538.43378     -0.50000000      -1505.4359    
    537.63232     -0.50000000      -1506.2322    
    536.65533     -0.50000000      -1507.2029    
    535.46442     -0.50000000      -1508.3861    
    534.01263     -0.50000000      -1509.8285    
    532.24292     -0.50000000      -1511.5869    
    530.08563     -0.50000000      -1513.7303    
    507.21347       151.02008      -1519.7316    
    502.56772       163.84726      -1520.3481    
    497.75458       176.61974      -1520.7893    
    492.77521       189.33319      -1521.0541    
    863.64581       247.46683      -1885.9407    
    858.79504       261.18307      -1886.7081    
    853.83142       274.86496      -1887.3582    
    848.75543       288.51065      -1887.8905    
    843.56744       302.11826      -1888.3049    
    838.26801       315.68597      -1888.6010    
    832.85773       329.21194      -1888.7787    
    858.19220       230.98740      -1874.5957    
    848.00098       228.25668      -1864.1353    
    837.80975       225.52597      -1853.6748    
    827.61853       222.79526      -1843.2144    
    817.42731       220.06454      -1832.7539    
    807.23608       217.33383      -1822.2935    
    797.04486       214.60312      -1811.8330    
    786.85364       211.87241      -1801.3726    
    776.66241       209.14169      -1790.9121    
    766.47119       206.41098      -1780.4517    
    756.27997       203.68025      -1769.9911    
    746.08875       200.94954      -1759.5306    
    735.89752       198.21883      -1749.0702    
    725.70630       195.48811      -1738.6097    
    715.51508       192.75740      -1728.1493    
    705.32385       190.02669      -1717.6888    
    695.13263       187.29597      -1707.2284    
    684.94141       184.56526      -1696.7679    
    674.75024       181.83455      -1686.3075    
    664.55902       179.10384      -1675.8470    
    654.36780       176.37312      -1665.3865    
    644.17657       173.64241      -1654.9260    
    633.98535       170.91170      -1644.4656    
    623.79413       168.18097      -1634.0051    
    613.60291       165.45026      -1623.5447    
    603.41168       162.71954      -1613.0842    
    593.22046       159.98883      -1602.6238    
    583.02924       157.25812      -1592.1633    
    572.83801       154.52740      -1581.7029    
    562.64679       151.79669      -1571.2424    
    552.45557       149.06598      -1560.7820    
    542.26434       146.33527      -1550.3214    
    532.07312       143.60455      -1539.8610    
    521.88190       140.87384      -1529.4005    
    518.35956       148.92767      -1509.6211    
    515.76630       157.22630      -1509.7518    
    513.03961       165.48201      -1509.8827    
    510.18011       173.69263      -1510.0135    
    507.18854       181.85605      -1510.1444    
    504.06567       189.97014      -1510.2753    
    500.81229       198.03279      -1510.4061    
    496.87549       205.81258      -1511.1362    
    496.20059       205.53302      -1511.8667    
    495.37790       205.19225      -1512.7572    
    494.37500       204.77684      -1513.8427    
    493.15247       204.27045      -1515.1660    
    491.66217       203.65314      -1516.7791    
    489.84549       202.90065      -1518.7454    
    520.30298       140.45010      -1510.0242    
    519.67426       140.28171      -1510.6750    
    518.90784       140.07642      -1511.4685    
    517.97357       139.82617      -1512.4357    
    516.83466       139.52110      -1513.6147    
    515.44629       139.14922      -1515.0520    
    513.75385       138.69583      -1516.8042    
    507.13187       210.06090      -1521.0391    
    516.83905       214.08174      -1531.5460    
    526.54596       218.10248      -1542.0526    
    536.25159       222.12268      -1552.5579    
    545.95673       226.14268      -1563.0626    
    555.66260       230.16298      -1573.5681    
    565.37006       234.18396      -1584.0753    
    575.07483       238.20381      -1594.5797    
    584.78168       242.22449      -1605.0862    
    594.48700       246.24457      -1615.5912    
    604.19415       250.26543      -1626.0981    
    613.89923       254.28537      -1636.6028    
    623.60535       258.30579      -1647.1085    
    633.31189       262.32639      -1657.6149    
    643.01746       266.34656      -1668.1201    
    652.72339       270.36688      -1678.6256    
    662.42944       274.38724      -1689.1313    
    672.13599       278.40784      -1699.6377    
    681.84399       282.42905      -1710.1455    
    691.54974       286.44928      -1720.6509    
    701.25415       290.46899      -1731.1549    
    710.96204       294.49011      -1741.6626    
    720.66833       298.51059      -1752.1686    
    730.37384       302.53073      -1762.6737    
    740.08020       306.55124      -1773.1798    
    749.78534       310.57126      -1783.6846    
    759.49084       314.59140      -1794.1897    
    769.19629       318.61154      -1804.6948    
    778.90326       322.63229      -1815.2015    
    788.60852       326.65234      -1825.7064    
    798.31415       330.67255      -1836.2117    
    808.02039       334.69299      -1846.7175    
    817.72711       338.71365      -1857.2240    
    827.43115       342.73322      -1867.7277    
    836.58228       346.52371      -1878.8313    
    835.90735       346.24417      -1879.5618    
    835.08459       345.90338      -1880.4524    
    834.08167       345.48795      -1881.5380    
    832.85907       344.98154      -1882.8612    
    831.36871       344.36420      -1884.4744    
    829.55194       343.61166      -1886.4408    
    875.56171       235.64136      -1877.6248    
    875.03766       235.50095      -1878.1672    
    874.39886       235.32980      -1878.8286    
    873.62012       235.12115      -1879.6348    
    872.67084       234.86682      -1880.6176    
    871.51361       234.55679      -1881.8156    
    870.10297       234.17885      -1883.2760    
    530.96985       143.30821      -1519.9988    
    541.11768       146.02733      -1530.5040    
    551.26581       148.74651      -1541.0096    
    561.41235       151.46526      -1551.5135    
    571.55951       154.18419      -1562.0182    
    581.70813       156.90349      -1572.5243    
    591.85535       159.62244      -1583.0289    
    602.00220       162.34128      -1593.5333    
    612.14862       165.06000      -1604.0372    
    622.29456       167.77859      -1614.5406    
    632.44196       170.49759      -1625.0457    
    642.59167       173.21719      -1635.5530    
    652.73950       175.93629      -1646.0583    
    662.88599       178.65503      -1656.5624    
    673.03412       181.37424      -1667.0681    
    683.18384       184.09383      -1677.5756    
    693.33185       186.81297      -1688.0812    
    703.47876       189.53183      -1698.5857    
    713.62683       192.25101      -1709.0914    
    723.77234       194.96950      -1719.5946    
    733.91986       197.68851      -1730.0997    
    744.06903       200.40797      -1740.6066    
    754.21808       203.12741      -1751.1134    
    764.36646       205.84665      -1761.6195    
    774.51416       208.56572      -1772.1249    
    784.66168       211.28474      -1782.6301    
    794.81189       214.00447      -1793.1381    
    804.96094       216.72391      -1803.6449    
    815.10590       219.44225      -1814.1475    
    825.25507       222.16171      -1824.6544    
    835.40076       224.88025      -1835.1578    
    845.55145       227.60011      -1845.6664    
    855.69788       230.31883      -1856.1704    
    865.84552       233.03789      -1866.6759    
    842.77655       333.16721      -1878.1005    
    848.19586       319.49155      -1877.9689    
    853.39252       305.72986      -1877.8374    
    858.36530       291.88544      -1877.7058    
    863.11267       277.96246      -1877.5743    
    867.63373       263.96396      -1877.4427    
    871.92694       249.89439      -1877.3112    
    302.05005       110.07726      -1314.5171    
    306.94553       97.083076      -1314.0673    
    505.13651       149.97461      -1517.4126    
    500.07547       162.69339      -1517.6041    
    494.74417       175.30286      -1517.5040    
    489.27216       187.84995      -1517.2501    
    321.98929       86.794571      -1324.0287    
    332.42291       89.590240      -1334.7379    
    342.85651       92.385902      -1345.4471    
    353.29010       95.181572      -1356.1564    
    363.72372       97.977242      -1366.8657    
    374.15732       100.77291      -1377.5750    
    384.59094       103.56857      -1388.2842    
    395.02454       106.36424      -1398.9934    
    405.45813       109.15991      -1409.7026    
    415.89175       111.95557      -1420.4120    
    426.32535       114.75124      -1431.1212    
    436.75897       117.54691      -1441.8304    
    447.19257       120.34258      -1452.5397    
    457.62616       123.13824      -1463.2489    
    468.05978       125.93391      -1473.9583    
    478.49338       128.72958      -1484.6675    
    488.92700       131.52525      -1495.3767    
    499.36060       134.32092      -1506.0859    
    317.03131       100.31355      -1303.4768    
    312.49863       113.92200      -1303.3837    
    306.78958       127.07641      -1303.9333    
    306.06561       126.77653      -1304.7169    
    305.18307       126.41096      -1305.6722    
    304.10724       125.96535      -1306.8367    
    302.79581       125.42213      -1308.2562    
    301.19714       124.75994      -1309.9866    
    299.24835       123.95272      -1312.0959    
    313.68411       84.569298      -1311.1158    
    315.43018       85.037186      -1309.3082    
    316.86252       85.420982      -1307.8253    
    318.03751       85.735809      -1306.6089    
    319.00143       85.994072      -1305.6110    
    319.79214       86.205917      -1304.7924    
    320.44080       86.379700      -1304.1208    
    512.32678       137.79518      -1514.1733    
    514.40430       138.35185      -1512.0225    
    516.10858       138.80852      -1510.2581    
    517.50665       139.18314      -1508.8107    
    518.65356       139.49045      -1507.6233    
    519.59442       139.74254      -1506.6493    
    520.36621       139.94934      -1505.8502    
    486.66867       201.58476      -1513.8601    
    489.03360       202.56435      -1511.3003    
    490.97229       203.36739      -1509.2019    
    492.56323       204.02637      -1507.4799    
    493.86850       204.56703      -1506.0670    
    494.93729       205.00974      -1504.9102    
    495.81714       205.37419      -1503.9579    
    517.00720       153.54880      -1505.0133    
    512.42993       166.78542      -1504.5848    
    507.40506       179.85509      -1504.0450    
    502.06540       192.80069      -1503.5302    
    486.59775       201.55539      -1492.6409    
    476.65237       197.43587      -1482.1019    
    466.69321       193.31065      -1471.5923    
    456.65479       189.15260      -1461.1646    
    446.61353       184.99338      -1450.7367    
    436.63199       180.85889      -1440.2531    
    426.68628       176.73924      -1429.7137    
    416.74588       172.62178      -1419.1801    
    406.80383       168.50366      -1408.6447    
    396.86182       164.38553      -1398.1091    
    386.91980       160.26741      -1387.5737    
    376.97775       156.14929      -1377.0383    
    367.03571       152.03116      -1366.5029    
    357.09369       147.91304      -1355.9675    
    347.15164       143.79491      -1345.4321    
    337.20959       139.67679      -1334.8967    
    327.26755       135.55865      -1324.3613    
    317.32553       131.44054      -1313.8259    
    331.47290       89.335533      -1314.2124    
    341.96994       92.148209      -1324.8521    
    352.46896       94.961411      -1335.4937    
    362.97137       97.775528      -1346.1385    
    373.47101       100.58889      -1356.7806    
    383.97064       103.40226      -1367.4227    
    394.46957       106.21544      -1378.0641    
    404.96954       109.02891      -1388.7065    
    415.47256       111.84318      -1399.3521    
    425.97037       114.65606      -1409.9923    
    436.46823       117.46895      -1420.6326    
    446.97098       120.28315      -1431.2778    
    457.46832       123.09590      -1441.9174    
    468.08459       125.94053      -1452.4288    
    478.79089       128.80927      -1462.8558    
    489.49191       131.67661      -1473.2780    
    500.00000       134.49223      -1483.9106    
    510.49966       137.30560      -1494.5527    
    528.39600      0.50000000      -1495.6058    
    518.02594      0.50000000      -1485.4496    
    507.46796      0.50000000      -1475.1234    
    497.03574      0.50000000      -1465.2174    
    486.21143      0.50000000      -1454.9805    
    475.90826      0.50000000      -1445.1232    
    465.15103      0.50000000      -1434.6423    
    455.05154      0.50000000      -1424.7512    
    445.48761      0.50000000      -1415.5176    
    435.20380      0.50000000      -1405.1635    
    424.63263      0.50000000      -1395.0919    
    415.20065      0.50000000      -1385.7230    
    405.10236      0.50000000      -1375.8333    
    394.37048      0.50000000      -1365.3231    
    384.18158      0.50000000      -1355.3445    
    373.53952      0.50000000      -1344.9219    
    363.25800      0.50000000      -1334.8523    
    352.70755      0.50000000      -1324.5198    
    342.33960      0.50000000      -1314.3657    
    527.73584      0.50000000      -1496.5350    
    517.41388      0.50000000      -1486.4209    
    507.08658      0.50000000      -1476.3118    
    496.63864      0.50000000      -1466.3309    
    486.16519      0.50000000      -1456.3699    
    475.73990      0.50000000      -1446.3647    
    465.39212      0.50000000      -1436.2808    
    455.06952      0.50000000      -1426.1658    
    444.74741      0.50000000      -1416.0513    
    434.42694      0.50000000      -1405.9385    
    424.10461      0.50000000      -1395.8235    
    413.78131      0.50000000      -1385.7075    
    403.45947      0.50000000      -1375.5933    
    393.13794      0.50000000      -1365.4792    
    382.81616      0.50000000      -1355.3647    
    372.49393      0.50000000      -1345.2495    
    362.17053      0.50000000      -1335.1335    
    351.84930      0.50000000      -1325.0198    
    341.52930      0.50000000      -1314.9071    
    526.76611      0.50000000      -1497.5049    
    516.44861      0.50000000      -1487.3860    
    506.12646      0.50000000      -1477.2722    
    495.70386      0.50000000      -1467.2646    
    485.26007      0.50000000      -1457.2747    
    474.85623      0.50000000      -1447.2466    
    464.51709      0.50000000      -1437.1536    
    454.19891      0.50000000      -1427.0347    
    443.88120      0.50000000      -1416.9155    
    433.56485      0.50000000      -1406.7982    
    423.24692      0.50000000      -1396.6793    
    412.92810      0.50000000      -1386.5596    
    402.61060      0.50000000      -1376.4409    
    392.29352      0.50000000      -1366.3225    
    381.97601      0.50000000      -1356.2041    
    371.65814      0.50000000      -1346.0851    
    361.33929      0.50000000      -1335.9653    
    351.02225      0.50000000      -1325.8469    
    340.70624      0.50000000      -1315.7297    
    525.58472      0.50000000      -1498.6860    
    515.27319      0.50000000      -1488.5615    
    504.95810      0.50000000      -1478.4414    
    494.56268      0.50000000      -1468.4058    
    484.15002      0.50000000      -1458.3835    
    473.76959      0.50000000      -1448.3319    
    463.44070      0.50000000      -1438.2280    
    453.12863      0.50000000      -1428.1031    
    442.81714      0.50000000      -1417.9784    
    432.50647      0.50000000      -1407.8546    
    422.19470      0.50000000      -1397.7300    
    411.88223      0.50000000      -1387.6042    
    401.57074      0.50000000      -1377.4797    
    391.25946      0.50000000      -1367.3555    
    380.94806      0.50000000      -1357.2312    
    370.63629      0.50000000      -1347.1062    
    360.32361      0.50000000      -1336.9810    
    350.01263      0.50000000      -1326.8571    
    339.70230      0.50000000      -1316.7335    
    524.14545      0.50000000      -1500.1257    
    513.84204      0.50000000      -1489.9932    
    503.53589      0.50000000      -1479.8636    
    493.16946      0.50000000      -1469.7976    
    482.79041      0.50000000      -1459.7426    
    472.43518      0.50000000      -1449.6647    
    462.11890      0.50000000      -1439.5477    
    451.81506      0.50000000      -1429.4148    
    441.51151      0.50000000      -1419.2822    
    431.20883      0.50000000      -1409.1503    
    420.90527      0.50000000      -1399.0173    
    410.60107      0.50000000      -1388.8846    
    400.29761      0.50000000      -1378.7521    
    389.99445      0.50000000      -1368.6200    
    379.69110      0.50000000      -1358.4874    
    369.38757      0.50000000      -1348.3550    
    359.08325      0.50000000      -1338.2217    
    348.78018      0.50000000      -1328.0895    
    338.47769      0.50000000      -1317.9578    
    522.39185      0.50000000      -1501.8795    
    512.09900      0.50000000      -1491.7365    
    501.80438      0.50000000      -1481.5956    
    491.46964      0.50000000      -1471.4976    
    481.12625      0.50000000      -1461.4059    
    470.79904      0.50000000      -1451.2991    
    460.49762      0.50000000      -1441.1665    
    450.20459      0.50000000      -1431.0232    
    439.91174      0.50000000      -1420.8801    
    429.61945      0.50000000      -1410.7375    
    419.32654      0.50000000      -1400.5947    
    409.03320      0.50000000      -1390.4514    
    398.74048      0.50000000      -1380.3086    
    388.44791      0.50000000      -1370.1656    
    378.15512      0.50000000      -1360.0227    
    367.86218      0.50000000      -1349.8795    
    357.56894      0.50000000      -1339.7362    
    347.27637      0.50000000      -1329.5935    
    336.98419      0.50000000      -1319.4510    
    520.11938      0.50000000      -1503.8833    
    509.79532      0.50000000      -1493.6821    
    499.28979      0.50000000      -1483.3042    
    489.03403      0.50000000      -1473.2156    
    478.41333      0.50000000      -1462.7732    
    468.25317      0.50000000      -1452.7678    
    457.56479      0.50000000      -1442.2144    
    447.51105      0.50000000      -1432.2805    
    438.24292      0.50000000      -1422.7528    
    427.35730      0.50000000      -1412.9977    
    417.47623      0.50000000      -1402.2390    
    407.83734      0.50000000      -1393.0801    
    397.78375      0.50000000      -1383.1465    
    387.09894      0.50000000      -1372.5891    
    376.95520      0.50000000      -1362.5667    
    366.36044      0.50000000      -1352.0981    
    356.12619      0.50000000      -1341.9856    
    345.62189      0.50000000      -1331.6067    
    335.29803      0.50000000      -1321.4060    
    502.11780       134.02441      -1503.4595    
    492.17029       131.35899      -1493.2784    
    482.04874       128.64693      -1482.9187    
    472.18777       126.00469      -1472.8264    
    461.97897       123.26925      -1462.3779    
    452.20496       120.65031      -1452.3745    
    441.90976       117.89173      -1441.8374    
    432.22253       115.29604      -1431.9227    
    423.30081       112.90547      -1422.4047    
    412.78949       110.08897      -1412.6895    
    403.29117       107.54391      -1401.9294    
    393.99515       105.05304      -1392.7971    
    384.30801       102.45738      -1382.8826    
    374.01263       99.698746      -1372.3453    
    364.23840       97.079750      -1362.3413    
    354.02979       94.344360      -1351.8932    
    344.16922       91.702225      -1341.8007    
    334.04785       88.990211      -1331.4418    
    324.10001       86.324699      -1321.2600    
    504.31982       134.61444      -1501.4611    
    494.40408       131.95753      -1491.3357    
    484.48788       129.30049      -1481.2103    
    474.57147       126.64340      -1471.0847    
    464.65475       123.98623      -1460.9596    
    454.73859       121.32920      -1450.8346    
    444.82248       118.67219      -1440.7092    
    434.90628       116.01515      -1430.5837    
    424.99002       113.35809      -1420.4583    
    415.07376       110.70104      -1410.3329    
    405.15750       108.04398      -1400.2070    
    395.24124       105.38693      -1390.0815    
    385.32495       102.72987      -1379.9565    
    375.40872       100.07283      -1369.8308    
    365.49216       97.415695      -1359.7051    
    355.57562       94.758560      -1349.5795    
    345.66016       92.101723      -1339.4547    
    335.74426       89.444763      -1329.3293    
    325.82800       86.787712      -1319.2036    
    506.01923       135.06981      -1499.7115    
    496.09412       132.41039      -1489.5966    
    486.16812       129.75072      -1479.4805    
    476.24200       127.09102      -1469.3647    
    466.31506       124.43111      -1459.2483    
    456.38940       121.77154      -1449.1333    
    446.46347       119.11189      -1439.0176    
    436.53751       116.45223      -1428.9016    
    426.61166       113.79261      -1418.7856    
    416.68564       111.13294      -1408.6699    
    406.75967       108.47328      -1398.5538    
    396.83365       105.81361      -1388.4375    
    386.90771       103.15398      -1378.3218    
    376.98157       100.49427      -1368.2058    
    367.05527       97.834526      -1358.0896    
    357.12881       95.174736      -1347.9728    
    347.20401       92.515396      -1337.8585    
    337.27853       89.855873      -1327.7432    
    327.35245       87.196182      -1317.6271    
    507.41321       135.44331      -1498.2771    
    497.48029       132.78180      -1488.1693    
    487.54645       130.12004      -1478.0615    
    477.61221       127.45818      -1467.9537    
    467.67712       124.79607      -1457.8450    
    457.74338       122.13433      -1447.7378    
    447.80966       119.47260      -1437.6302    
    437.87570       116.81081      -1427.5219    
    427.94180       114.14902      -1417.4136    
    418.00775       111.48721      -1407.3057    
    408.07388       108.82542      -1397.1970    
    398.14001       106.16365      -1387.0891    
    388.20596       103.50183      -1376.9810    
    378.27182       100.83999      -1366.8728    
    368.33743       98.178085      -1356.7644    
    358.40280       95.516106      -1346.6553    
    348.47043       92.854729      -1336.5487    
    338.53708       90.193100      -1326.4415    
    328.60312       87.531303      -1316.3329    
    508.55670       135.74973      -1497.0999    
    498.61755       133.08653      -1486.9991    
    488.67719       130.42302      -1476.8975    
    478.73642       127.75940      -1466.7963    
    468.79446       125.09546      -1456.6936    
    458.85422       122.43198      -1446.5931    
    448.91397       119.76850      -1436.4915    
    438.97348       117.10496      -1426.3901    
    429.03299       114.44141      -1416.2882    
    419.09262       111.77789      -1406.1864    
    409.15195       109.11430      -1396.0846    
    399.21155       106.45077      -1385.9832    
    389.27097       103.78720      -1375.8811    
    379.33029       101.12361      -1365.7791    
    369.38913       98.459877      -1355.6770    
    359.44781       95.796120      -1345.5741    
    349.50928       93.133095      -1335.4742    
    339.56964       90.469772      -1325.3735    
    329.62906       87.806206      -1315.2717    
    509.49472       136.00107      -1496.1340    
    499.55066       133.33656      -1486.0391    
    489.60471       130.67154      -1475.9427    
    479.65854       128.00647      -1465.8464    
    469.71082       125.34100      -1455.7494    
    459.76529       122.67609      -1445.6536    
    449.81982       120.01122      -1435.5576    
    439.87399       117.34624      -1425.4612    
    429.92810       114.68125      -1415.3649    
    419.98233       112.01629      -1405.2682    
    410.03641       109.35129      -1395.1720    
    400.09052       106.68629      -1385.0757    
    390.14468       104.02131      -1374.9786    
    380.19864       101.35628      -1364.8824    
    370.25195       98.691071      -1354.7848    
    360.30511       96.025833      -1344.6875    
    350.36157       93.361465      -1334.5934    
    340.41666       90.696732      -1324.4980    
    330.47076       88.031738      -1314.4011    
    510.13318       136.17213      -1495.2090    
    500.14130       133.49483      -1485.0740    
    489.97284       130.77019      -1474.7607    
    480.06583       128.11562      -1464.7134    
    469.80780       125.36698      -1454.3108    
    459.98920       122.73610      -1444.3525    
    449.64648       119.96478      -1433.8622    
    439.91446       117.35708      -1423.9916    
    430.69229       114.88602      -1414.7806    
    420.79208       112.23326      -1404.4326    
    410.59308       109.50045      -1394.3933    
    401.50995       107.06663      -1385.0393    
    391.77780       104.45891      -1375.1683    
    381.43457       101.68745      -1364.6775    
    371.61450       99.056168      -1354.7170    
    361.35730       96.307755      -1344.3138    
    351.45346       93.654030      -1334.2687    
    341.28613       90.929703      -1323.9563    
    331.29221       88.251839      -1313.8201    
    528.34851       94.256912      -1503.9879    
    527.41309       94.092316      -1504.9375    
    526.28119       93.893349      -1506.0863    
    524.90985       93.652496      -1507.4781    
    523.24652       93.360504      -1509.1664    
    521.22766       93.006302      -1511.2155    
    518.77490       92.576172      -1513.7048    
    525.81812       109.16818      -1504.2865    
    524.91052       108.98374      -1505.2114    
    523.81555       108.76122      -1506.3273    
    522.49219       108.49237      -1507.6758    
    520.89032       108.16694      -1509.3082    
    518.94867       107.77255      -1511.2869    
    516.59308       107.29410      -1513.6873    
    523.10693       124.04214      -1504.7694    
    522.25317       123.84319      -1505.6432    
    521.22119       123.60253      -1506.6995    
    519.97125       123.31091      -1507.9788    
    518.45667       122.95737      -1509.5289    
    516.61829       122.52809      -1511.4106    
    514.38580       122.00672      -1513.6956    
    542.46655       1.0000000      -1527.0571    
    552.73877       1.0000000      -1537.2610    
    563.10852       1.0000000      -1547.5620    
    573.33191       1.0000000      -1557.7173    
    583.75037       1.0000000      -1568.0667    
    593.92493       1.0000000      -1578.1738    
    604.39209       1.0000000      -1588.5719    
    614.51770       1.0000000      -1598.6304    
    625.03394       1.0000000      -1609.0763    
    635.11053       1.0000000      -1619.0862    
    645.67554       1.0000000      -1629.5811    
    655.70374       1.0000000      -1639.5425    
    666.31775       1.0000000      -1650.0859    
    676.29706       1.0000000      -1659.9993    
    686.95959       1.0000000      -1670.5911    
    696.89020       1.0000000      -1680.4558    
    706.45538       1.0000000      -1689.6510    
    716.34393       1.0000000      -1700.3008    
    727.06079       1.0000000      -1710.1228    
    736.31964       1.0000000      -1719.6235    
    746.25006       1.0000000      -1729.4883    
    756.91260       1.0000000      -1740.0801    
    766.89209       1.0000000      -1749.9934    
    777.50623       1.0000000      -1760.5371    
    787.53424       1.0000000      -1770.4987    
    798.09924       1.0000000      -1780.9939    
    808.17609       1.0000000      -1791.0032    
    818.69287       1.0000000      -1801.4502    
    828.81848       1.0000000      -1811.5089    
    839.28552       1.0000000      -1821.9062    
    849.46033       1.0000000      -1832.0137    
    859.87860       1.0000000      -1842.3632    
    870.10229       1.0000000      -1852.5189    
    880.47192       1.0000000      -1862.8199    
    890.74420       1.0000000      -1873.0234    
    544.13794       1.0000000      -1525.2411    
    554.37750       1.0000000      -1535.4286    
    564.61725       1.0000000      -1545.6165    
    574.85657       1.0000000      -1555.8040    
    585.09607       1.0000000      -1565.9912    
    595.33594       1.0000000      -1576.1796    
    605.57532       1.0000000      -1586.3676    
    615.81494       1.0000000      -1596.5549    
    626.05426       1.0000000      -1606.7427    
    636.29358       1.0000000      -1616.9303    
    646.53308       1.0000000      -1627.1177    
    656.77295       1.0000000      -1637.3057    
    667.01282       1.0000000      -1647.4939    
    677.25244       1.0000000      -1657.6816    
    687.49188       1.0000000      -1667.8693    
    697.73187       1.0000000      -1678.0577    
    707.97174       1.0000000      -1688.2454    
    718.21130       1.0000000      -1698.4333    
    728.45081       1.0000000      -1708.6213    
    738.69043       1.0000000      -1718.8087    
    748.92975       1.0000000      -1728.9965    
    759.16937       1.0000000      -1739.1846    
    769.40942       1.0000000      -1749.3723    
    779.64941       1.0000000      -1759.5609    
    789.88904       1.0000000      -1769.7487    
    800.12872       1.0000000      -1779.9370    
    810.36835       1.0000000      -1790.1245    
    820.60864       1.0000000      -1800.3127    
    830.84857       1.0000000      -1810.5009    
    841.08759       1.0000000      -1820.6884    
    851.32751       1.0000000      -1830.8766    
    861.56677       1.0000000      -1841.0637    
    871.80713       1.0000000      -1851.2527    
    882.04645       1.0000000      -1861.4399    
    892.28613       1.0000000      -1871.6278    
    545.56885       1.0000000      -1523.8105    
    555.80188       1.0000000      -1534.0048    
    566.03522       1.0000000      -1544.1997    
    576.26770       1.0000000      -1554.3936    
    586.50049       1.0000000      -1564.5879    
    596.73370       1.0000000      -1574.7825    
    606.96655       1.0000000      -1584.9766    
    617.19922       1.0000000      -1595.1708    
    627.43176       1.0000000      -1605.3650    
    637.66418       1.0000000      -1615.5587    
    647.89691       1.0000000      -1625.7527    
    658.13037       1.0000000      -1635.9479    
    668.36371       1.0000000      -1646.1426    
    678.59650       1.0000000      -1656.3372    
    688.82935       1.0000000      -1666.5315    
    699.06274       1.0000000      -1676.7264    
    709.29602       1.0000000      -1686.9211    
    719.52899       1.0000000      -1697.1160    
    729.76190       1.0000000      -1707.3096    
    739.99469       1.0000000      -1717.5042    
    750.22705       1.0000000      -1727.6980    
    760.46027       1.0000000      -1737.8928    
    770.69379       1.0000000      -1748.0879    
    780.92719       1.0000000      -1758.2827    
    791.16034       1.0000000      -1768.4774    
    801.39325       1.0000000      -1778.6719    
    811.62665       1.0000000      -1788.8668    
    821.86011       1.0000000      -1799.0621    
    832.09326       1.0000000      -1809.2570    
    842.32556       1.0000000      -1819.4507    
    852.55896       1.0000000      -1829.6453    
    862.79138       1.0000000      -1839.8392    
    873.02539       1.0000000      -1850.0349    
    883.25787       1.0000000      -1860.2289    
    893.49091       1.0000000      -1870.4236    
    546.74286       1.0000000      -1522.6371    
    556.97064       1.0000000      -1532.8370    
    567.19836       1.0000000      -1543.0374    
    577.42542       1.0000000      -1553.2368    
    587.65247       1.0000000      -1563.4358    
    597.88043       1.0000000      -1573.6362    
    608.10773       1.0000000      -1583.8359    
    618.33484       1.0000000      -1594.0354    
    628.56177       1.0000000      -1604.2349    
    638.78851       1.0000000      -1614.4338    
    649.01562       1.0000000      -1624.6333    
    659.24384       1.0000000      -1634.8341    
    669.47186       1.0000000      -1645.0342    
    679.69897       1.0000000      -1655.2336    
    689.92627       1.0000000      -1665.4336    
    700.15442       1.0000000      -1675.6337    
    710.38257       1.0000000      -1685.8346    
    720.60992       1.0000000      -1696.0343    
    730.83734       1.0000000      -1706.2341    
    741.06451       1.0000000      -1716.4338    
    751.29132       1.0000000      -1726.6331    
    761.51904       1.0000000      -1736.8329    
    771.74719       1.0000000      -1747.0339    
    781.97534       1.0000000      -1757.2346    
    792.20312       1.0000000      -1767.4347    
    802.43054       1.0000000      -1777.6348    
    812.65839       1.0000000      -1787.8348    
    822.88690       1.0000000      -1798.0363    
    833.11487       1.0000000      -1808.2358    
    843.34137       1.0000000      -1818.4353    
    853.56940       1.0000000      -1828.6355    
    863.79608       1.0000000      -1838.8352    
    874.02496       1.0000000      -1849.0364    
    884.25195       1.0000000      -1859.2357    
    894.47937       1.0000000      -1869.4355    
    547.70605       1.0000000      -1521.6748    
    557.92920       1.0000000      -1531.8792    
    568.15259       1.0000000      -1542.0836    
    578.37488       1.0000000      -1552.2877    
    588.59760       1.0000000      -1562.4916    
    598.82098       1.0000000      -1572.6960    
    609.04395       1.0000000      -1582.9006    
    619.26642       1.0000000      -1593.1040    
    629.48865       1.0000000      -1603.3074    
    639.71075       1.0000000      -1613.5110    
    649.93335       1.0000000      -1623.7147    
    660.15710       1.0000000      -1633.9200    
    670.38074       1.0000000      -1644.1249    
    680.60333       1.0000000      -1654.3287    
    690.82617       1.0000000      -1664.5330    
    701.04993       1.0000000      -1674.7383    
    711.27380       1.0000000      -1684.9434    
    721.49658       1.0000000      -1695.1476    
    731.71954       1.0000000      -1705.3521    
    741.94214       1.0000000      -1715.5559    
    752.16425       1.0000000      -1725.7594    
    762.38751       1.0000000      -1735.9642    
    772.61157       1.0000000      -1746.1691    
    782.83527       1.0000000      -1756.3745    
    793.05859       1.0000000      -1766.5793    
    803.28168       1.0000000      -1776.7833    
    813.50488       1.0000000      -1786.9885    
    823.72937       1.0000000      -1797.1943    
    833.95258       1.0000000      -1807.3989    
    844.17456       1.0000000      -1817.6019    
    854.39819       1.0000000      -1827.8074    
    864.62024       1.0000000      -1838.0110    
    874.84485       1.0000000      -1848.2170    
    885.06714       1.0000000      -1858.4205    
    895.29028       1.0000000      -1868.6252    
    548.49646       1.0000000      -1520.8857    
    558.71582       1.0000000      -1531.0933    
    568.93549       1.0000000      -1541.3018    
    579.15399       1.0000000      -1551.5088    
    589.37280       1.0000000      -1561.7164    
    599.59290       1.0000000      -1571.9248    
    609.81207       1.0000000      -1582.1326    
    620.03076       1.0000000      -1592.3398    
    630.24921       1.0000000      -1602.5472    
    640.46747       1.0000000      -1612.7539    
    650.68628       1.0000000      -1622.9614    
    660.90649       1.0000000      -1633.1699    
    671.12640       1.0000000      -1643.3788    
    681.34521       1.0000000      -1653.5864    
    691.56445       1.0000000      -1663.7942    
    701.78467       1.0000000      -1674.0032    
    712.00488       1.0000000      -1684.2122    
    722.22418       1.0000000      -1694.4200    
    732.44336       1.0000000      -1704.6279    
    742.66211       1.0000000      -1714.8353    
    752.88043       1.0000000      -1725.0425    
    763.10010       1.0000000      -1735.2509    
    773.32031       1.0000000      -1745.4598    
    783.54083       1.0000000      -1755.6692    
    793.76044       1.0000000      -1765.8776    
    803.97980       1.0000000      -1776.0856    
    814.19940       1.0000000      -1786.2942    
    824.42047       1.0000000      -1796.5038    
    834.64020       1.0000000      -1806.7123    
    844.85803       1.0000000      -1816.9191    
    855.07825       1.0000000      -1827.1277    
    865.29645       1.0000000      -1837.3350    
    875.51782       1.0000000      -1847.5449    
    885.73627       1.0000000      -1857.7523    
    895.95575       1.0000000      -1867.9606    
    549.21765       1.0000000      -1520.3109    
    559.45844       1.0000000      -1530.5465    
    569.79675       1.0000000      -1540.8787    
    579.98779       1.0000000      -1551.0649    
    590.37378       1.0000000      -1561.4453    
    600.51782       1.0000000      -1571.5839    
    610.95300       1.0000000      -1582.0137    
    621.04694       1.0000000      -1592.1021    
    631.52972       1.0000000      -1602.5793    
    641.57434       1.0000000      -1612.6188    
    652.10620       1.0000000      -1623.1453    
    662.10504       1.0000000      -1633.1385    
    672.68665       1.0000000      -1643.7152    
    682.63477       1.0000000      -1653.6580    
    693.26453       1.0000000      -1664.2822    
    703.16589       1.0000000      -1674.1785    
    712.49200       1.0000000      -1683.6138    
    722.88599       1.0000000      -1693.7579    
    733.03607       1.0000000      -1704.1459    
    742.47424       1.0000000      -1713.4668    
    752.37317       1.0000000      -1723.3604    
    763.00330       1.0000000      -1733.9850    
    772.95325       1.0000000      -1743.9301    
    783.53552       1.0000000      -1754.5067    
    793.53345       1.0000000      -1764.4995    
    804.06580       1.0000000      -1775.0269    
    814.11237       1.0000000      -1785.0677    
    824.59821       1.0000000      -1795.5487    
    834.69366       1.0000000      -1805.6387    
    845.12695       1.0000000      -1816.0665    
    855.27112       1.0000000      -1826.2057    
    865.65643       1.0000000      -1836.5857    
    875.85065       1.0000000      -1846.7751    
    886.18781       1.0000000      -1857.1068    
    896.42834       1.0000000      -1867.3419    
    530.42615       141.09198      -1523.9099    
    540.27252       143.73032      -1534.0986    
    550.21234       146.39368      -1544.3846    
    560.01208       149.01950      -1554.5260    
    569.99878       151.69543      -1564.8601    
    579.75140       154.30864      -1574.9528    
    589.78503       156.99715      -1585.3352    
    599.49103       159.59785      -1595.3790    
    609.57129       162.29886      -1605.8103    
    619.23071       164.88708      -1615.8059    
    629.35779       167.60063      -1626.2856    
    638.97021       170.17627      -1636.2324    
    649.14227       172.90187      -1646.7588    
    658.70709       175.46475      -1656.6560    
    668.92761       178.20334      -1667.2325    
    678.44714       180.75409      -1677.0835    
    687.42688       183.16020      -1686.4624    
    697.39294       185.83060      -1696.5898    
    707.18042       188.45314      -1706.9023    
    716.24384       190.88168      -1716.1960    
    725.76379       193.43254      -1726.0469    
    735.98529       196.17139      -1736.6240    
    745.55212       198.73482      -1746.5240    
    755.72528       201.46069      -1757.0508    
    765.33862       204.03659      -1766.9991    
    775.46619       206.75026      -1777.4786    
    785.12500       209.33833      -1787.4741    
    795.20612       212.03955      -1797.9058    
    804.91193       214.64021      -1807.9495    
    814.94427       217.32838      -1818.3307    
    824.69623       219.94141      -1828.4218    
    834.68304       222.61737      -1838.7565    
    844.48254       225.24313      -1848.8967    
    854.42255       227.90656      -1859.1829    
    864.26923       230.54495      -1869.3719    
    529.86841       140.94254      -1524.3386    
    539.69427       143.57536      -1534.5009    
    549.52014       146.20821      -1544.6627    
    559.34613       148.84106      -1554.8247    
    569.17212       151.47394      -1564.9867    
    578.99805       154.10678      -1575.1489    
    588.82410       156.73967      -1585.3108    
    598.64990       159.37248      -1595.4724    
    608.47595       162.00536      -1605.6350    
    618.30188       164.63821      -1615.7964    
    628.12793       167.27109      -1625.9589    
    637.95374       169.90392      -1636.1208    
    647.77844       172.53644      -1646.2812    
    657.60327       175.16899      -1656.4420    
    667.42944       177.80190      -1666.6040    
    677.25592       180.43489      -1676.7666    
    687.08221       183.06784      -1686.9291    
    696.90808       185.70068      -1697.0906    
    706.73413       188.33356      -1707.2527    
    716.56122       190.96672      -1717.4154    
    726.38776       193.59973      -1727.5778    
    736.21478       196.23288      -1737.7412    
    746.04138       198.86591      -1747.9033    
    755.86694       201.49866      -1758.0649    
    765.69360       204.13170      -1768.2278    
    775.51996       206.76466      -1778.3903    
    785.34576       209.39748      -1788.5515    
    795.17218       212.03046      -1798.7136    
    804.99780       214.66324      -1808.8752    
    814.82294       217.29587      -1819.0364    
    824.64825       219.92856      -1829.1975    
    834.47424       222.56142      -1839.3593    
    844.30023       225.19429      -1849.5211    
    854.12616       227.82713      -1859.6831    
    863.95227       230.46005      -1869.8453    
    529.27393       140.78325      -1524.9504    
    539.10339       143.41704      -1535.1088    
    548.93292       146.05086      -1545.2671    
    558.76245       148.68468      -1555.4255    
    568.59204       151.31850      -1565.5837    
    578.42157       153.95232      -1575.7423    
    588.25110       156.58614      -1585.9009    
    598.08081       159.21999      -1596.0588    
    607.91040       161.85382      -1606.2170    
    617.74005       164.48767      -1616.3760    
    627.56952       167.12148      -1626.5339    
    637.39905       169.75528      -1636.6921    
    647.22766       172.38885      -1646.8492    
    657.05634       175.02243      -1657.0071    
    666.88580       177.65623      -1667.1652    
    676.71582       180.29018      -1677.3240    
    686.54578       182.92410      -1687.4830    
    696.37537       185.55794      -1697.6409    
    706.20514       188.19182      -1707.7991    
    716.03534       190.82581      -1717.9587    
    725.86560       193.45982      -1728.1174    
    735.69592       196.09384      -1738.2764    
    745.52618       198.72786      -1748.4353    
    755.35529       201.36156      -1758.5929    
    765.18555       203.99556      -1768.7520    
    775.01538       206.62947      -1778.9105    
    784.84479       209.26324      -1789.0684    
    794.67493       211.89723      -1799.2275    
    804.50427       214.53101      -1809.3850    
    814.33301       217.16460      -1819.5425    
    824.16187       219.79823      -1829.7002    
    833.99152       222.43207      -1839.8585    
    843.82123       225.06593      -1850.0167    
    853.65082       227.69977      -1860.1752    
    863.48053       230.33365      -1870.3334    
    528.54895       140.58899      -1525.6958    
    538.38312       143.22404      -1535.8499    
    548.21692       145.85901      -1546.0038    
    558.05096       148.49403      -1556.1580    
    567.88501       151.12904      -1566.3116    
    577.71887       153.76402      -1576.4656    
    587.55280       156.39902      -1586.6198    
    597.38684       159.03404      -1596.7734    
    607.22083       161.66905      -1606.9277    
    617.05481       164.30406      -1617.0814    
    626.88885       166.93909      -1627.2354    
    636.72272       169.57407      -1637.3893    
    646.55585       172.20883      -1647.5422    
    656.38916       174.84367      -1657.6952    
    666.22314       177.47867      -1667.8494    
    676.05750       180.11378      -1678.0033    
    685.89160       182.74883      -1688.1577    
    695.72577       185.38388      -1698.3113    
    705.55981       188.01891      -1708.4657    
    715.39441       190.65407      -1718.6201    
    725.22888       193.28922      -1728.7748    
    735.06354       195.92439      -1738.9287    
    744.89783       198.55949      -1749.0831    
    754.73151       201.19441      -1759.2369    
    764.56598       203.82956      -1769.3911    
    774.40021       206.46463      -1779.5454    
    784.23413       209.09962      -1789.6990    
    794.06848       211.73473      -1799.8530    
    803.90234       214.36972      -1810.0068    
    813.73578       217.00456      -1820.1599    
    823.56921       219.63943      -1830.3131    
    833.40326       222.27446      -1840.4673    
    843.23724       224.90947      -1850.6212    
    853.07123       227.54448      -1860.7749    
    862.90527       230.17949      -1870.9290    
    527.66553       140.35228      -1526.6049    
    537.50500       142.98875      -1536.7537    
    547.34430       145.62518      -1546.9021    
    557.18353       148.26160      -1557.0504    
    567.02295       150.89806      -1567.1992    
    576.86230       153.53452      -1577.3474    
    586.70172       156.17097      -1587.4961    
    596.54102       158.80740      -1597.6445    
    606.38043       161.44386      -1607.7931    
    616.21954       164.08025      -1617.9415    
    626.05908       166.71675      -1628.0903    
    635.89844       169.35320      -1638.2388    
    645.73700       171.98943      -1648.3866    
    655.57593       174.62576      -1658.5344    
    665.41528       177.26221      -1668.6831    
    675.25494       179.89873      -1678.8319    
    685.09442       182.53522      -1688.9805    
    694.93365       185.17163      -1699.1292    
    704.77319       187.80812      -1709.2780    
    714.61304       190.44470      -1719.4265    
    724.45276       193.08125      -1729.5752    
    734.29254       195.71780      -1739.7244    
    744.13232       198.35437      -1749.8732    
    753.97137       200.99074      -1760.0214    
    763.81116       203.62730      -1770.1703    
    773.65070       206.26381      -1780.3191    
    783.48999       208.90024      -1790.4675    
    793.32953       211.53673      -1800.6161    
    803.16864       214.17313      -1810.7646    
    813.00763       216.80946      -1820.9125    
    822.84662       219.44580      -1831.0605    
    832.68591       222.08223      -1841.2086    
    842.52533       224.71870      -1851.3574    
    852.36469       227.35516      -1861.5060    
    862.20435       229.99168      -1871.6543    
    526.58868       140.06374      -1527.7126    
    536.43457       142.70193      -1537.8551    
    546.28040       145.34012      -1547.9968    
    556.12622       147.97830      -1558.1384    
    565.97217       150.61652      -1568.2808    
    575.81793       153.25467      -1578.4226    
    585.66394       155.89290      -1588.5642    
    595.50970       158.53107      -1598.7065    
    605.35583       161.16933      -1608.8488    
    615.20178       163.80754      -1618.9905    
    625.04761       166.44572      -1629.1322    
    634.89355       169.08394      -1639.2744    
    644.73895       171.72200      -1649.4158    
    654.58435       174.36008      -1659.5576    
    664.43030       176.99829      -1669.6995    
    674.27637       179.63654      -1679.8414    
    684.12231       182.27473      -1689.9839    
    693.96826       184.91295      -1700.1254    
    703.81427       187.55118      -1710.2676    
    713.66052       190.18950      -1720.4100    
    723.50653       192.82771      -1730.5520    
    733.35278       195.46600      -1740.6941    
    743.19897       198.10428      -1750.8359    
    753.04462       200.74243      -1760.9780    
    762.89081       203.38071      -1771.1205    
    772.73688       206.01894      -1781.2623    
    782.58258       208.65709      -1791.4041    
    792.42865       211.29533      -1801.5464    
    802.27454       213.93353      -1811.6882    
    812.12018       216.57167      -1821.8298    
    821.96582       219.20981      -1831.9712    
    831.81165       221.84799      -1842.1136    
    841.65753       224.48619      -1852.2554    
    851.50348       227.12440      -1862.3971    
    861.34937       229.76259      -1872.5393    
    525.34601       139.73076      -1529.1359    
    535.22357       142.37744      -1539.2936    
    545.19458       145.04918      -1549.5488    
    555.02496       147.68321      -1559.6584    
    565.04321       150.36760      -1569.9612    
    574.82654       152.98903      -1580.0226    
    584.89166       155.68597      -1590.3740    
    594.62817       158.29486      -1600.3870    
    604.74017       161.00436      -1610.7865    
    614.42981       163.60069      -1620.7511    
    624.58862       166.32274      -1631.1993    
    634.23151       168.90654      -1641.1158    
    644.43701       171.64110      -1651.6116    
    654.03271       174.21225      -1661.4799    
    664.28546       176.95947      -1672.0239    
    673.83417       179.51804      -1681.8445    
    682.99677       181.97316      -1691.0348    
    692.60004       184.54634      -1701.5377    
    702.81012       187.28212      -1711.4142    
    711.74841       189.67712      -1720.8364    
    721.29749       192.23579      -1730.6564    
    731.55017       194.98300      -1741.2006    
    741.14618       197.55424      -1751.0693    
    751.35187       200.28885      -1761.5651    
    760.99481       202.87268      -1771.4818    
    771.15363       205.59473      -1781.9302    
    780.84332       208.19106      -1791.8948    
    790.95532       210.90057      -1802.2942    
    800.69183       213.50946      -1812.3071    
    810.75677       216.20636      -1822.6581    
    820.54004       218.82777      -1832.7196    
    830.55841       221.51218      -1843.0226    
    840.38861       224.14618      -1853.1324    
    850.35986       226.81796      -1863.3870    
    860.23718       229.46458      -1873.5450    
    530.29218       88.744164      -1511.3657    
    528.57556       98.906288      -1511.5615    
    526.62067       109.06477      -1511.9934    
    524.68231       119.22306      -1512.4089    
    522.54199       129.29019      -1513.0377    
    529.62952       89.268417      -1511.9436    
    527.93292       99.127754      -1512.1643    
    526.12122       108.96428      -1512.5022    
    524.22778       118.78149      -1512.9237    
    522.22986       128.57214      -1513.4525    
    528.92883       89.152115      -1512.6538    
    527.33179       99.017731      -1512.7751    
    525.54736       108.84908      -1513.0868    
    523.69165       118.66357      -1513.4714    
    521.67627       128.43828      -1514.0199    
    528.20398       89.031998      -1513.3884    
    526.64081       98.891579      -1513.4772    
    524.88916       108.71723      -1513.7572    
    523.07599       118.52834      -1514.1003    
    521.10443       128.30006      -1514.6058    
    527.24249       89.835190      -1514.2207    
    525.84784       98.747093      -1514.2827    
    524.13458       108.56626      -1514.5259    
    522.37042       118.37341      -1514.8210    
    520.64325       127.21433      -1515.2224    
    526.50177       87.405861      -1515.3124    
    524.88892       98.572746      -1515.2570    
    523.22382       108.38442      -1515.4535    
    521.51764       118.18639      -1515.6921    
    519.36261       129.24043      -1516.1896    
    524.95300       89.453728      -1516.5414    
    523.77863       98.371147      -1516.3848    
    522.16998       108.17426      -1516.5267    
    520.53058       117.97010      -1516.7003    
    518.81970       126.77800      -1517.0905    
    523.83533       88.310799      -1517.8158    
    522.49420       98.138260      -1517.6896    
    520.95239       107.93168      -1517.7668    
    519.38995       117.72025      -1517.8654    
    517.66583       127.46944      -1518.1295    
    522.43616       88.637276      -1519.1512    
    521.13348       97.054443      -1519.1956    
    519.54785       107.65215      -1519.1973    
    517.95038       118.24696      -1519.2112    
    516.71265       126.67612      -1519.1895    
    549.53021       9.8600082      -1519.9099    
    559.76740       10.027554      -1530.1479    
    570.10205       10.196676      -1540.4835    
    580.28925       10.363409      -1550.6716    
    590.67102       10.533291      -1561.0544    
    600.81116       10.699217      -1571.1954    
    611.24268       10.869946      -1581.6279    
    621.33252       11.035067      -1591.7188    
    631.81152       11.206574      -1602.1987    
    641.85242       11.370911      -1612.2406    
    652.38037       11.543212      -1622.7697    
    662.37512       11.706751      -1632.7654    
    672.95300       11.879844      -1643.3444    
    682.89734       12.042594      -1653.2897    
    693.52325       12.216481      -1663.9167    
    703.42090       12.378432      -1673.8153    
    712.76373       13.629809      -1683.2043    
    723.10608       11.140164      -1693.4419    
    733.29883       13.997904      -1703.7422    
    742.71472       13.021501      -1713.1133    
    752.60968       13.183434      -1723.0094    
    763.23572       13.357319      -1733.6366    
    773.18231       13.520096      -1743.5842    
    783.76056       13.693185      -1754.1636    
    793.75458       13.856715      -1764.1588    
    804.28314       14.029013      -1774.6885    
    814.32544       14.193332      -1784.7319    
    824.80768       14.364835      -1795.2153    
    834.89886       14.529954      -1805.3076    
    845.32843       14.700680      -1815.7384    
    855.46887       14.866591      -1825.8800    
    865.85046       15.036508      -1836.2627    
    876.04089       15.203232      -1846.4543    
    886.37390       15.372357      -1856.7886    
    896.61041       15.539843      -1867.0262    
    549.09515       18.712875      -1519.9669    
    559.30408       19.047102      -1530.1809    
    569.51282       19.381317      -1540.3947    
    579.72034       19.715500      -1550.6073    
    589.92804       20.049664      -1560.8201    
    600.13696       20.383831      -1571.0342    
    610.34558       20.718069      -1581.2479    
    620.55298       21.052237      -1591.4603    
    630.76086       21.386446      -1601.6733    
    640.96777       21.720613      -1611.8855    
    651.17590       22.054821      -1622.0988    
    661.38519       22.389013      -1632.3132    
    671.59399       22.723186      -1642.5271    
    681.80219       23.057402      -1652.7405    
    692.01019       23.391579      -1662.9537    
    702.21948       23.725760      -1673.1682    
    712.42871       24.059950      -1683.3827    
    722.63702       24.394146      -1693.5962    
    732.84546       24.728378      -1703.8098    
    743.05377       25.062601      -1714.0234    
    753.26056       25.396751      -1724.2355    
    763.46954       25.730944      -1734.4497    
    773.67920       26.065168      -1744.6646    
    783.88855       26.399363      -1754.8792    
    794.09729       26.733543      -1765.0931    
    804.30548       27.067720      -1775.3066    
    814.51410       27.401897      -1785.5205    
    824.72406       27.736074      -1795.7357    
    834.93280       28.070242      -1805.9497    
    845.13983       28.404455      -1816.1621    
    855.34875       28.738621      -1826.3763    
    865.55591       29.072802      -1836.5887    
    875.76648       29.406996      -1846.8046    
    885.97406       29.741205      -1857.0175    
    896.18213       30.075333      -1867.2308    
    548.59052       27.559933      -1520.0970    
    558.79248       28.061171      -1530.3110    
    568.99481       28.562389      -1540.5253    
    579.19556       29.063553      -1550.7380    
    589.39636       29.564676      -1560.9508    
    599.59845       30.065866      -1571.1649    
    609.80029       30.567089      -1581.3788    
    620.00098       31.068241      -1591.5914    
    630.20184       31.569426      -1601.8043    
    640.40222       32.070602      -1612.0167    
    650.60358       32.571789      -1622.2301    
    660.80597       33.072968      -1632.4446    
    671.00781       33.574139      -1642.6584    
    681.20886       34.075310      -1652.8716    
    691.41052       34.576523      -1663.0853    
    701.61255       35.077641      -1673.2994    
    711.81506       35.578838      -1683.5140    
    722.01660       36.080040      -1693.7277    
    732.21851       36.581272      -1703.9417    
    742.42004       37.082516      -1714.1553    
    752.62018       37.583630      -1724.3676    
    762.82196       38.084808      -1734.5814    
    773.02502       38.586033      -1744.7966    
    783.22729       39.087227      -1755.0110    
    793.42896       39.588387      -1765.2247    
    803.63043       40.089573      -1775.4384    
    813.83221       40.590710      -1785.6523    
    824.03473       41.091858      -1795.8669    
    834.23669       41.593018      -1806.0811    
    844.43744       42.094254      -1816.2939    
    854.63910       42.595375      -1826.5078    
    864.83942       43.096535      -1836.7202    
    875.04297       43.597740      -1846.9359    
    885.24414       44.098949      -1857.1493    
    895.44489       44.600014      -1867.3622    
    547.94293       36.397663      -1520.2269    
    558.13586       37.065765      -1530.4414    
    568.32837       37.733849      -1540.6555    
    578.51971       38.401844      -1550.8685    
    588.71094       39.069817      -1561.0813    
    598.90308       39.737816      -1571.2950    
    609.09540       40.405907      -1581.5090    
    619.28717       41.073921      -1591.7224    
    629.47845       41.741947      -1601.9354    
    639.66943       42.409946      -1612.1479    
    649.86163       43.078018      -1622.3618    
    660.05396       43.746006      -1632.5758    
    670.24609       44.414005      -1642.7897    
    680.43799       45.082066      -1653.0032    
    690.62994       45.750092      -1663.2168    
    700.82245       46.418091      -1673.4310    
    711.01495       47.086105      -1683.6453    
    721.20703       47.754139      -1693.8590    
    731.39960       48.422264      -1704.0732    
    741.59180       49.090359      -1714.2871    
    751.78259       49.758316      -1724.4996    
    761.97455       50.426308      -1734.7134    
    772.16791       51.094437      -1744.9285    
    782.36072       51.762455      -1755.1429    
    792.55261       52.430443      -1765.3566    
    802.74469       53.098473      -1775.5703    
    812.93640       53.766438      -1785.7838    
    823.12933       54.434429      -1795.9984    
    833.32147       55.102448      -1806.2123    
    843.51294       55.770527      -1816.4255    
    853.70496       56.438480      -1826.6393    
    863.89624       57.106491      -1836.8523    
    874.08960       57.774525      -1847.0675    
    884.28119       58.442574      -1857.2808    
    894.47229       59.110462      -1867.4937    
    547.15302       45.223812      -1520.3569    
    557.33356       46.058601      -1530.5714    
    567.51392       46.893353      -1540.7858    
    577.69312       47.728043      -1550.9989    
    587.87213       48.562656      -1561.2119    
    598.05194       49.397335      -1571.4257    
    608.23230       50.232147      -1581.6400    
    618.41119       51.066765      -1591.8529    
    628.59076       51.901527      -1602.0664    
    638.76953       52.736145      -1612.2792    
    648.94952       53.570915      -1622.4932    
    659.12958       54.405598      -1632.7073    
    669.30939       55.240269      -1642.9210    
    679.48920       56.075012      -1653.1349    
    689.66870       56.909683      -1663.3484    
    699.84875       57.744385      -1673.5625    
    710.02887       58.579048      -1683.7766    
    720.20868       59.413776      -1693.9905    
    730.38898       60.248592      -1704.2048    
    740.56915       61.083359      -1714.4189    
    750.74786       61.917984      -1724.6317    
    760.92755       62.752682      -1734.8455    
    771.10852       63.587456      -1745.0605    
    781.28876       64.422165      -1755.2748    
    791.46838       65.256836      -1765.4884    
    801.64801       66.091522      -1775.7021    
    811.82733       66.926147      -1785.9155    
    822.00769       67.760818      -1796.1299    
    832.18750       68.595497      -1806.3438    
    842.36688       69.430260      -1816.5573    
    852.54633       70.264862      -1826.7708    
    862.72534       71.099541      -1836.9838    
    872.90631       71.934242      -1847.1989    
    883.08563       72.768982      -1857.4122    
    893.26428       73.603523      -1867.6250    
    546.22113       54.036060      -1520.4874    
    556.38647       55.037308      -1530.7018    
    566.55219       56.038536      -1540.9165    
    576.71631       57.039658      -1551.1296    
    586.88019       58.040707      -1561.3425    
    597.04486       59.041817      -1571.5563    
    607.21021       60.043068      -1581.7706    
    617.37421       61.044144      -1591.9838    
    627.53888       62.045326      -1602.1974    
    637.70306       63.046429      -1612.4106    
    647.86804       64.047638      -1622.6248    
    658.03296       65.048752      -1632.8387    
    668.19733       66.049835      -1643.0521    
    678.36224       67.051025      -1653.2661    
    688.52679       68.052170      -1663.4797    
    698.69189       69.053291      -1673.6940    
    708.85657       70.054405      -1683.9077    
    719.02148       71.055565      -1694.1217    
    729.18726       72.056870      -1704.3365    
    739.35229       73.058083      -1714.5507    
    749.51599       74.059113      -1724.7634    
    759.68073       75.060249      -1734.9773    
    769.84668       76.061501      -1745.1924    
    780.01178       77.062675      -1755.4066    
    790.17639       78.063774      -1765.6202    
    800.34100       79.064911      -1775.8340    
    810.50531       80.065994      -1786.0474    
    820.66986       81.067039      -1796.2611    
    830.83466       82.068153      -1806.4750    
    840.99945       83.069389      -1816.6888    
    851.16388       84.070450      -1826.9025    
    861.32794       85.071571      -1837.1156    
    871.49353       86.072723      -1847.3303    
    881.65833       87.073936      -1857.5442    
    891.82153       88.074875      -1867.7565    
    545.21893       62.840488      -1520.6901    
    555.39099       64.010696      -1530.9292    
    565.65985       65.192032      -1541.2656    
    575.78241       66.356560      -1551.4548    
    586.09735       67.543190      -1561.8378    
    596.17175       68.702164      -1571.9785    
    606.53729       69.894615      -1582.4124    
    616.56250       71.047974      -1592.5035    
    626.97552       72.245903      -1602.9852    
    636.95282       73.393715      -1613.0282    
    647.41443       74.597275      -1623.5587    
    657.34363       75.739502      -1633.5533    
    667.85278       76.948471      -1644.1317    
    677.73456       78.085289      -1654.0786    
    688.29199       79.299866      -1664.7057    
    698.12476       80.430977      -1674.6031    
    707.57703       80.412727      -1683.9670    
    717.44312       84.223831      -1694.2653    
    727.98602       82.728424      -1704.5068    
    737.16882       84.922714      -1713.9045    
    747.00085       86.053810      -1723.8014    
    757.55811       87.268295      -1734.4282    
    767.44080       88.405235      -1744.3760    
    777.95050       89.614258      -1754.9550    
    787.87970       90.756538      -1764.9496    
    798.34076       91.959976      -1775.4796    
    808.31787       93.107735      -1785.5225    
    818.73029       94.305534      -1796.0035    
    828.75653       95.458954      -1806.0958    
    839.12109       96.651360      -1816.5287    
    849.19525       97.810265      -1826.6693    
    859.51062       98.997009      -1837.0526    
    869.63403       100.16154      -1847.2428    
    879.90216       101.34283      -1857.5786    
    890.07159       102.51271      -1867.8151    
    538.75574       9.6813459      -1510.1077    
    538.40369       18.359524      -1510.2338    
    537.89014       27.030659      -1510.3815    
    537.24341       35.693157      -1510.5226    
    536.46417       44.344910      -1510.6565    
    535.55261       52.983837      -1510.7832    
    534.47736       61.604095      -1510.9344    
    538.20935       9.6699286      -1510.6542    
    537.85004       18.337677      -1510.7878    
    537.31885       26.998528      -1510.9536    
    536.66205       35.651299      -1511.1055    
    535.87921       44.294010      -1511.2437    
    534.97101       52.924675      -1511.3678    
    533.88757       61.535393      -1511.5282    
    537.51929       9.6558008      -1511.3444    
    537.21375       18.312880      -1511.4246    
    536.66364       26.961981      -1511.6099    
    535.99530       35.603550      -1511.7739    
    535.20782       44.235706      -1511.9176    
    534.30212       52.856686      -1512.0402    
    533.14258       61.448582      -1512.2782    
    536.80597       9.6414442      -1512.0579    
    536.48285       18.284737      -1512.1560    
    535.91315       26.920403      -1512.3615    
    535.23145       35.549068      -1512.5397    
    534.43842       44.169056      -1512.6898    
    533.53369       52.778595      -1512.8125    
    532.37183       61.358768      -1513.0542    
    535.97095       10.446990      -1512.8776    
    535.64471       18.252769      -1512.9948    
    535.05322       26.873077      -1513.2228    
    534.35736       35.486946      -1513.4159    
    533.55688       44.092800      -1513.5747    
    532.65210       52.689056      -1513.6986    
    531.61560       60.441956      -1513.9098    
    534.98218       8.4571619      -1513.9014    
    534.63226       18.214594      -1514.0079    
    534.01685       26.816462      -1514.2606    
    533.30408       35.412407      -1514.4718    
    532.49390       44.001034      -1514.6416    
    531.58649       52.580872      -1514.7698    
    530.19165       62.262257      -1515.1154    
    533.70593       10.398959      -1515.1431    
    533.46027       18.170746      -1515.1807    
    532.81873       26.751293      -1515.4604    
    532.08710       35.326519      -1515.6918    
    531.26514       43.895073      -1515.8750    
    530.35278       52.455662      -1516.0098    
    529.17297       60.160698      -1516.3687    
    532.51172       9.5579948      -1516.3529    
    532.10553       18.120390      -1516.5364    
    531.43524       26.676386      -1516.8459    
    530.68219       35.227600      -1517.1002    
    529.84570       43.772835      -1517.2996    
    528.92639       52.310936      -1517.4435    
    527.72833       60.817398      -1517.7291    
    531.17719       10.102150      -1517.6771    
    530.58612       17.493969      -1518.0759    
    530.09863       25.624971      -1518.2327    
    528.81451       35.096382      -1518.9724    
    528.28595       44.620842      -1518.7833    
    527.21497       52.711071      -1519.1069    
    526.39673       60.087288      -1519.1353    
    532.43695       74.828575      -1511.2809    
    531.78802       74.737419      -1511.9363    
    530.91394       74.614624      -1512.8190    
    529.84808       74.464920      -1513.8953    
    528.54889       74.282417      -1515.2072    
    526.96521       74.059990      -1516.8064    
    525.21851       73.814613      -1518.5702    
    873.12408       217.85713      -1884.4485    
    874.32416       218.14363      -1883.2146    
    875.31775       218.38080      -1882.1932    
    876.14160       218.57747      -1881.3463    
    876.82690       218.74097      -1880.6417    
    877.39771       218.87720      -1880.0549    
    877.87543       218.99106      -1879.5640    
    875.95801       203.55821      -1885.0426    
    877.30896       203.85031      -1883.6606    
    878.43317       204.09344      -1882.5105    
    879.37097       204.29659      -1881.5510    
    880.15588       204.46669      -1880.7480    
    880.81549       204.60986      -1880.0731    
    881.37195       204.73087      -1879.5038    
    878.66223       189.22888      -1885.5339    
    880.14996       189.52281      -1884.0177    
    881.39001       189.76836      -1882.7538    
    882.42682       189.97404      -1881.6969    
    883.29700       190.14719      -1880.8097    
    884.03015       190.29355      -1880.0623    
    884.65149       190.41794      -1879.4286    
    881.23590       174.87120      -1885.9225    
    882.84558       175.16362      -1884.2866    
    884.18689       175.40797      -1882.9233    
    885.30823       175.61311      -1881.7836    
    886.24908       175.78580      -1880.8271    
    887.04156       175.93201      -1880.0214    
    887.71265       176.05655      -1879.3389    
    883.67877       160.48723      -1886.2076    
    885.39575       160.77493      -1884.4668    
    886.82385       161.01508      -1883.0188    
    888.01489       161.21616      -1881.8110    
    889.01141       161.38525      -1880.8003    
    889.84857       161.52814      -1879.9512    
    890.55518       161.64952      -1879.2343    
    885.99060       146.07930      -1886.3890    
    887.79999       146.35925      -1884.5582    
    889.29980       146.59215      -1883.0405    
    890.54596       146.78645      -1881.7793    
    891.58392       146.94905      -1880.7286    
    892.45099       147.08566      -1879.8510    
    893.17816       147.20097      -1879.1147    
    888.17078       131.64932      -1886.4668    
    890.05774       131.91887      -1884.5607    
    891.61469       132.14178      -1882.9879    
    892.90118       132.32655      -1881.6882    
    893.96552       132.47992      -1880.6129    
    894.84814       132.60760      -1879.7211    
    895.58130       132.71413      -1878.9802    
    899.66193       103.61451      -1878.7324    
    901.33850       89.008743      -1878.6187    
    902.79272       74.379234      -1878.4899    
    904.02374       59.729286      -1878.3467    
    905.03186       45.062984      -1878.1884    
    905.81671       30.383379      -1878.0153    
    906.37836       15.694800      -1877.8271    
    898.90814       103.52589      -1879.4915    
    900.57019       88.928764      -1879.3911    
    902.02460       74.309631      -1879.2611    
    903.27112       59.671597      -1879.1014    
    904.30920       45.018429      -1878.9124    
    905.13922       30.352997      -1878.6934    
    905.76062       15.679317      -1878.4451    
    898.00098       103.41891      -1880.4049    
    899.65302       88.833084      -1880.3132    
    901.11255       74.226952      -1880.1769    
    902.37915       59.603447      -1879.9960    
    903.45258       44.966019      -1879.7705    
    904.33264       30.317387      -1879.5007    
    905.01923       15.661231      -1879.1866    
    896.90601       103.28973      -1881.5074    
    898.55463       88.718285      -1881.4176    
    900.02551       74.128380      -1881.2683    
    901.31830       59.522549      -1881.0598    
    902.43274       44.904064      -1880.7921    
    903.36896       30.275414      -1880.4653    
    904.12683       15.639957      -1880.0793    
    895.58282       103.13331      -1882.8398    
    897.23505       88.580284      -1882.7444    
    898.72455       74.010391      -1882.5746    
    900.05084       59.426155      -1882.3309    
    901.21387       44.830460      -1882.0132    
    902.21375       30.225677      -1881.6215    
    903.05029       15.614812      -1881.1561    
    893.98102       102.94382      -1884.4528    
    895.64618       88.413795      -1884.3419    
    897.16284       73.868706      -1884.1427    
    898.53186       59.310806      -1883.8541    
    899.75262       44.742653      -1883.4771    
    900.82501       30.166491      -1883.0115    
    901.74933       15.584936      -1882.4574    
    892.04004       102.71397      -1886.4073    
    893.72827       88.212753      -1886.2703    
    895.28375       73.698181      -1886.0294    
    896.70636       59.172379      -1885.6848    
    897.99585       44.637543      -1885.2368    
    899.15186       30.095755      -1884.6860    
    900.17462       15.549285      -1884.0325    
    868.32452       216.62848      -1868.9012    
    858.41968       214.18195      -1858.6991    
    848.42041       211.71208      -1848.3998    
    838.56268       209.27718      -1838.2463    
    828.51654       206.79575      -1827.8988    
    818.70673       204.37279      -1817.7947    
    808.61481       201.88013      -1807.4000    
    798.85144       199.46849      -1797.3438    
    788.71039       196.96370      -1786.8986    
    778.99432       194.56374      -1776.8910    
    768.80652       192.04736      -1766.3976    
    759.13586       189.65875      -1756.4369    
    748.90234       187.13103      -1745.8965    
    739.27869       184.75397      -1735.9843    
    728.99640       182.21419      -1725.3936    
    719.41974       179.84879      -1715.5298    
    710.59741       176.56136      -1706.1511    
    700.05255       176.58907      -1695.9862    
    690.71576       171.69003      -1685.6830    
    681.39819       170.45749      -1676.3683    
    671.82190       168.09210      -1666.5049    
    661.54034       165.55255      -1655.9152    
    651.91858       163.17601      -1646.0050    
    641.68604       160.64865      -1635.4658    
    632.01617       158.26019      -1625.5062    
    621.82904       155.74396      -1615.0139    
    612.11188       153.34392      -1605.0056    
    601.97144       150.83926      -1594.5614    
    592.20734       148.42752      -1584.5048    
    582.11420       145.93452      -1574.1094    
    572.30273       143.51118      -1564.0042    
    562.25653       141.02982      -1553.6571    
    552.39838       138.59486      -1543.5038    
    542.39911       136.12508      -1533.2052    
    532.49365       133.67853      -1523.0033    
    871.90747       202.58499      -1868.8334    
    861.97009       200.33623      -1858.6460    
    852.03333       198.08752      -1848.4592    
    842.09607       195.83873      -1838.2721    
    832.15912       193.59001      -1828.0852    
    822.22284       191.34149      -1817.8990    
    812.28674       189.09302      -1807.7131    
    802.34979       186.84436      -1797.5264    
    792.41211       184.59544      -1787.3389    
    782.47546       182.34685      -1777.1525    
    772.53784       180.09795      -1766.9651    
    762.59979       177.84906      -1756.7775    
    752.66315       175.60045      -1746.5912    
    742.72522       173.35144      -1736.4036    
    732.78711       171.10243      -1726.2159    
    722.84937       168.85356      -1716.0287    
    712.91089       166.60452      -1705.8407    
    702.97345       164.35574      -1695.6538    
    693.03601       162.10698      -1685.4672    
    683.09839       159.85809      -1675.2802    
    673.16052       157.60921      -1665.0930    
    663.22284       155.36044      -1654.9061    
    653.28650       153.11197      -1644.7208    
    643.35059       150.86354      -1634.5359    
    633.41284       148.61481      -1624.3492    
    623.47522       146.36595      -1614.1627    
    613.53766       144.11719      -1603.9763    
    603.59985       141.86833      -1593.7898    
    593.66199       139.61954      -1583.6033    
    583.72455       137.37080      -1573.4174    
    573.78650       135.12193      -1563.2307    
    563.84869       132.87309      -1553.0446    
    553.91064       130.62428      -1542.8583    
    543.97284       128.37547      -1532.6724    
    534.03479       126.12660      -1522.4862    
    875.19275       188.46884      -1868.6938    
    865.20532       186.41325      -1858.4993    
    855.21759       184.35774      -1848.3044    
    845.22992       182.30217      -1838.1096    
    835.24231       180.24664      -1827.9149    
    825.25507       178.19119      -1817.7208    
    815.26843       176.13589      -1807.5272    
    805.28064       174.08038      -1797.3326    
    795.29254       172.02470      -1787.1377    
    785.30481       169.96921      -1776.9432    
    775.31671       167.91354      -1766.7485    
    765.32819       165.85777      -1756.5533    
    755.34076       163.80231      -1746.3594    
    745.35205       161.74657      -1736.1642    
    735.36334       159.69077      -1725.9691    
    725.37463       157.63507      -1715.7742    
    715.38574       155.57922      -1705.5790    
    705.39758       153.52359      -1695.3848    
    695.40930       151.46797      -1685.1904    
    685.42096       149.41232      -1674.9961    
    675.43207       147.35651      -1664.8014    
    665.44385       145.30095      -1654.6074    
    655.45624       143.24551      -1644.4142    
    645.46881       141.19017      -1634.2213    
    635.48041       139.13458      -1624.0276    
    625.49176       137.07892      -1613.8336    
    615.50311       135.02322      -1603.6399    
    605.51428       132.96753      -1593.4460    
    595.52539       130.91179      -1583.2523    
    585.53662       128.85611      -1573.0588    
    575.54761       126.80042      -1562.8654    
    565.55859       124.74466      -1552.6719    
    555.56940       122.68890      -1542.4786    
    545.58008       120.63315      -1532.2853    
    535.59106       118.57742      -1522.0924    
    878.25085       174.30191      -1868.5562    
    868.21790       172.44066      -1858.3552    
    858.18457       170.57932      -1848.1539    
    848.15137       168.71802      -1837.9528    
    838.11810       166.85674      -1827.7518    
    828.08551       164.99561      -1817.5515    
    818.05273       163.13445      -1807.3511    
    808.01965       161.27325      -1797.1504    
    797.98584       159.41180      -1786.9491    
    787.95245       157.55055      -1776.7484    
    777.91882       155.68925      -1766.5475    
    767.88470       153.82768      -1756.3462    
    757.85150       151.96654      -1746.1460    
    747.81732       150.10503      -1735.9448    
    737.78320       148.24353      -1725.7438    
    727.74884       146.38210      -1715.5427    
    717.71436       144.52057      -1705.3416    
    707.68018       142.65909      -1695.1410    
    697.64636       140.79774      -1684.9408    
    687.61212       138.93634      -1674.7404    
    677.57764       137.07483      -1664.5398    
    667.54340       135.21342      -1654.3397    
    657.50983       133.35220      -1644.1404    
    647.47620       131.49095      -1633.9413    
    637.44196       129.62955      -1623.7416    
    627.40741       127.76810      -1613.5419    
    617.37262       125.90661      -1603.3422    
    607.33795       124.04514      -1593.1427    
    597.30298       122.18359      -1582.9431    
    587.26813       120.32211      -1572.7439    
    577.23297       118.46054      -1562.5446    
    567.19775       116.59892      -1552.3455    
    557.16229       114.73734      -1542.1464    
    547.12695       112.87578      -1531.9476    
    537.09125       111.01411      -1521.7489    
    881.08087       160.08722      -1868.4200    
    871.00714       158.42128      -1858.2137    
    860.93365       156.75528      -1848.0078    
    850.85986       155.08926      -1837.8016    
    840.78638       153.42329      -1827.5959    
    830.71301       151.75742      -1817.3904    
    820.63965       150.09151      -1807.1851    
    810.56592       148.42558      -1796.9795    
    800.49170       146.75948      -1786.7734    
    790.41779       145.09344      -1776.5679    
    780.34369       143.42743      -1766.3622    
    770.26904       141.76126      -1756.1561    
    760.19507       140.09526      -1745.9509    
    750.12048       138.42914      -1735.7452    
    740.04553       136.76285      -1725.5393    
    729.97113       135.09679      -1715.3341    
    719.89600       133.43053      -1705.1284    
    709.82135       131.76443      -1694.9233    
    699.74658       130.09825      -1684.7183    
    689.67175       128.43205      -1674.5133    
    679.59662       126.76588      -1664.3083    
    669.52161       125.09975      -1654.1036    
    659.44702       123.43368      -1643.8997    
    649.37238       121.76767      -1633.6958    
    639.29706       120.10143      -1623.4916    
    629.22162       118.43520      -1613.2874    
    619.14606       116.76891      -1603.0834    
    609.07037       115.10260      -1592.8795    
    598.99438       113.43628      -1582.6755    
    588.91827       111.76997      -1572.4719    
    578.84210       110.10360      -1562.2684    
    568.76581       108.43718      -1552.0652    
    558.68909       106.77074      -1541.8619    
    548.61249       105.10430      -1531.6591    
    538.53558       103.43781      -1521.4563    
    883.68152       145.82901      -1868.2850    
    873.57281       144.35928      -1858.0756    
    863.46368       142.88951      -1847.8657    
    853.35468       141.41974      -1837.6562    
    843.24567       139.94995      -1827.4468    
    833.13684       138.48019      -1817.2377    
    823.02795       137.01048      -1807.0288    
    812.91888       135.54077      -1796.8197    
    802.80951       134.07086      -1786.6106    
    792.70013       132.60110      -1776.4016    
    782.59045       131.13121      -1766.1924    
    772.48065       129.66136      -1755.9834    
    762.37109       128.19153      -1745.7747    
    752.26105       126.72153      -1735.5657    
    742.15076       125.25160      -1725.3567    
    732.04071       123.78168      -1715.1482    
    721.93024       122.31166      -1704.9395    
    711.81995       120.84172      -1694.7311    
    701.70959       119.37175      -1684.5229    
    691.59900       117.90172      -1674.3147    
    681.48853       116.43169      -1664.1069    
    671.37769       114.96173      -1653.8990    
    661.26721       113.49173      -1643.6918    
    651.15662       112.02181      -1633.4847    
    641.04565       110.55171      -1623.2776    
    630.93445       109.08163      -1613.0706    
    620.82257       107.61147      -1602.8632    
    610.71094       106.14127      -1592.6564    
    600.59900       104.67103      -1582.4496    
    590.48718       103.20085      -1572.2434    
    580.37500       101.73058      -1562.0372    
    570.26263       100.26027      -1551.8313    
    560.14972       98.789894      -1541.6252    
    550.03693       97.319504      -1531.4199    
    539.92371       95.849045      -1521.2146    
    885.98016       131.52159      -1868.0785    
    875.81708       130.24593      -1857.8425    
    865.55731       128.95807      -1847.5094    
    855.44232       127.68835      -1837.3221    
    845.13397       126.39442      -1826.9403    
    835.06714       125.13080      -1816.8020    
    824.71057       123.83085      -1806.3721    
    814.69189       122.57324      -1796.2825    
    804.28650       121.26711      -1785.8038    
    794.31573       120.01556      -1775.7629    
    783.86218       118.70338      -1765.2361    
    773.93933       117.45780      -1755.2439    
    763.43726       116.13956      -1744.6688    
    753.56262       114.90003      -1734.7256    
    743.01147       113.57558      -1724.1014    
    733.18488       112.34209      -1714.2072    
    723.69604       112.23529      -1704.8424    
    713.90961       108.43114      -1694.5414    
    703.30988       109.63780      -1684.3119    
    694.16705       107.44428      -1674.9232    
    684.33948       106.21068      -1665.0294    
    673.78754       104.88610      -1654.4066    
    663.91199       103.64644      -1644.4650    
    653.40833       102.32793      -1633.8916    
    643.48370       101.08212      -1623.9014    
    633.02795       99.769585      -1613.3770    
    623.05450       98.517593      -1603.3384    
    612.64630       97.211029      -1592.8627    
    602.62451       95.952972      -1582.7765    
    592.26422       94.652367      -1572.3500    
    582.19336       93.388100      -1562.2153    
    571.88098       92.093506      -1551.8381    
    561.76117       90.823067      -1541.6553    
    551.49640       89.534424      -1531.3271    
    541.32800       88.257828      -1521.0967    
    528.51422       16.801231      -1494.6887    
    528.53070       34.858150      -1495.5676    
    524.88049       52.651676      -1493.4489    
    518.10431       17.319321      -1484.5192    
    516.90094       34.097588      -1484.1576    
    514.74695       50.793133      -1483.3965    
    507.57349       16.975178      -1474.2014    
    506.64230       33.426491      -1474.0918    
    504.31998       49.767487      -1473.1511    
    497.14618       16.636656      -1464.3235    
    496.23846       32.748772      -1464.1755    
    494.04160       48.758728      -1463.2915    
    486.34058       16.286224      -1454.1021    
    485.82712       32.071186      -1454.2623    
    483.39966       47.714653      -1453.0811    
    476.03244       15.951647      -1444.2847    
    475.44641       31.395184      -1444.3242    
    473.24951       46.718452      -1443.2731    
    465.32050       15.601930      -1433.7916    
    465.18677       30.724709      -1434.2584    
    462.64679       45.675945      -1432.8428    
    455.23862       15.272690      -1423.9160    
    454.92551       30.053740      -1424.1909    
    452.67096       44.694931      -1423.0291    
    445.68851       16.338671      -1414.5953    
    444.66537       29.382853      -1414.1245    
    443.45172       42.404598      -1413.8419    
    435.43787       12.742274      -1404.4807    
    434.40594       28.711924      -1404.0588    
    432.76743       44.629211      -1403.6166    
    424.87753       15.594219      -1394.2078    
    424.14539       28.040995      -1393.9921    
    422.83740       40.442265      -1393.5687    
    415.45718       13.973443      -1384.9481    
    413.88391       27.370064      -1383.9243    
    413.30573       40.823616      -1384.3037    
    405.37643       13.644198      -1375.0735    
    403.62366       26.699125      -1373.8578    
    403.32986       39.842571      -1374.4899    
    394.66284       13.294275      -1364.5790    
    393.36353       26.028193      -1363.7914    
    392.72821       38.799934      -1364.0605    
    384.49191       12.962080      -1354.6160    
    383.10330       25.357265      -1353.7249    
    382.66302       37.810085      -1354.1589    
    373.86826       12.615115      -1344.2095    
    372.84250       24.686325      -1343.6578    
    372.15054       36.776260      -1343.8173    
    363.60480       12.279960      -1334.1559    
    362.58115       24.015390      -1333.5902    
    361.99561       35.777630      -1333.8274    
    353.07248       11.935946      -1323.8390    
    352.32117       23.344454      -1323.5238    
    351.57285       34.752598      -1323.5740    
    343.74084       10.923986      -1314.6841    
    340.69394       22.584068      -1312.1161    
    342.24872       34.545715      -1314.4618    
    538.23975       17.100338      -1505.6968    
    537.29364       17.938816      -1506.5675    
    536.22424       17.898184      -1507.6379    
    534.93109       17.849169      -1508.9324    
    533.36621       17.790062      -1510.4987    
    531.47015       17.718655      -1512.3965    
    529.25568       16.776588      -1514.6886    
    536.74939       35.394112      -1505.0247    
    535.70404       35.320034      -1506.0730    
    534.57452       35.240032      -1507.2057    
    533.21100       35.143253      -1508.5732    
    531.56415       35.026295      -1510.2249    
    529.57166       34.884705      -1512.2231    
    526.76654       34.685173      -1515.0365    
    534.40613       53.602676      -1504.4332    
    533.56110       52.639091      -1505.4314    
    532.40570       52.521923      -1506.5930    
    531.00641       52.379646      -1507.9998    
    529.31213       52.207100      -1509.7031    
    527.25830       51.997620      -1511.7682    
    524.64008       52.593704      -1514.2532    
    531.28870       74.667267      -1503.9972    
    530.43726       74.547630      -1504.8571    
    529.29224       74.386665      -1506.0133    
    527.89532       74.190361      -1507.4240    
    526.19250       73.951088      -1509.1436    
    524.11676       73.659386      -1511.2396    
    521.82697       73.337608      -1513.5519    
    323.44699       75.739029      -1303.8037    
    322.93039       74.920914      -1304.4926    
    322.03732       74.716072      -1305.4088    
    320.95514       74.467621      -1306.5192    
    319.64172       74.165894      -1307.8668    
    318.04736       73.799400      -1309.5027    
    316.16867       74.050461      -1311.2754    
    325.91010       64.580040      -1303.7532    
    325.05481       64.413254      -1304.6245    
    324.12408       64.231659      -1305.5728    
    322.99808       64.011879      -1306.7201    
    321.63367       63.745476      -1308.1102    
    319.97906       63.422298      -1309.7961    
    317.64487       62.966343      -1312.1744    
    327.70667       53.292107      -1303.9884    
    326.89474       53.850777      -1304.6995    
    325.94611       53.696079      -1305.6605    
    324.79608       53.508575      -1306.8258    
    323.40027       53.281124      -1308.2400    
    321.70502       53.004959      -1309.9576    
    319.94092       52.042076      -1311.8541    
    330.21063       33.335659      -1304.1110    
    329.57126       32.586185      -1304.8217    
    328.62680       32.490894      -1305.7709    
    327.48163       32.375065      -1306.9220    
    326.09195       32.234272      -1308.3187    
    324.40427       32.063004      -1310.0151    
    322.47668       32.537251      -1311.8860    
    331.25348       21.965034      -1304.0190    
    330.40573       21.905920      -1304.8689    
    329.48303       21.841436      -1305.7938    
    328.36716       21.763300      -1306.9125    
    327.01529       21.668514      -1308.2676    
    325.37595       21.553396      -1309.9110    
    323.06320       21.390808      -1312.2294    
    331.62720       10.551083      -1304.2050    
    330.95099       11.208008      -1304.8593    
    330.07043       11.175447      -1305.7405    
    329.00378       11.136068      -1306.8077    
    327.70932       11.088341      -1308.1031    
    326.13818       11.030457      -1309.6753    
    324.45679       10.302421      -1311.3798    
    518.96161       92.352867      -1493.0575    
    516.57251       107.09053      -1493.4894    
    513.70789       121.72583      -1493.8580    
    508.88913       90.330338      -1483.0021    
    506.57516       104.86019      -1483.4624    
    503.69272       119.26723      -1483.7622    
    498.63510       88.271767      -1472.7766    
    496.57593       102.62977      -1473.4363    
    493.50012       116.76539      -1473.4891    
    488.58392       86.256981      -1462.8771    
    486.53366       100.39245      -1463.4540    
    483.54874       114.32436      -1463.5028    
    478.17810       84.171654      -1452.6288    
    476.49014       98.155396      -1453.4719    
    473.24445       111.79719      -1453.1637    
    468.23566       82.177940      -1442.7965    
    466.45761       95.919655      -1443.4805    
    463.38638       109.37853      -1443.2612    
    457.80957       80.084641      -1432.3911    
    456.45886       93.689369      -1433.4537    
    453.01953       106.83379      -1432.8116    
    447.99915       78.114754      -1422.6003    
    446.45981       91.458565      -1423.4270    
    443.26459       104.43906      -1422.9791    
    438.57718       77.501587      -1413.4014    
    436.46063       89.227745      -1413.4001    
    434.34061       100.95805      -1413.7085    
    428.90787       72.520882      -1403.2742    
    426.46124       86.996910      -1403.3734    
    423.66687       101.40420      -1403.6101    
    418.32178       73.391373      -1393.1788    
    416.46185       84.766083      -1393.3467    
    414.18976       96.054207      -1393.4080    
    409.28387       70.340714      -1383.9648    
    406.46252       82.535217      -1383.3202    
    404.76965       94.988922      -1384.1785    
    399.47284       68.370651      -1374.1748    
    396.46283       80.304298      -1373.2936    
    395.01447       92.594139      -1374.3459    
    389.04535       66.276794      -1363.7700    
    386.46332       78.073395      -1363.2673    
    384.64673       90.048943      -1363.8961    
    379.14575       64.288933      -1353.8923    
    376.46289       75.842285      -1353.2405    
    374.80353       87.632523      -1353.9751    
    368.80557       62.212585      -1343.5756    
    366.46237       73.611153      -1343.2136    
    364.52209       85.108505      -1343.6125    
    358.81848       60.207191      -1333.6115    
    356.46396       71.380562      -1333.1893    
    354.59433       82.671364      -1333.6064    
    348.56677       58.148613      -1323.3839    
    346.46469       69.149742      -1323.1643    
    344.40250       80.169426      -1323.3344    
    339.57010       55.629745      -1314.3042    
    335.13062       66.621132      -1311.8015    
    335.19797       78.629402      -1314.2090    
    533.66180      -65.525993      -1511.2808    
    533.01117      -65.446075      -1511.9363    
    532.13513      -65.338440      -1512.8190    
    531.06689      -65.207199      -1513.8953    
    529.76477      -65.047211      -1515.2072    
    528.17743      -64.852180      -1516.8064    
    526.42670      -64.637085      -1518.5703    
    899.75867      -15.547380      -1884.4485    
    900.99200      -15.581172      -1883.2147    
    902.01312      -15.609195      -1882.1932    
    902.85980      -15.632490      -1881.3463    
    903.56409      -15.651914      -1880.6417    
    904.15076      -15.668144      -1880.0549    
    904.64160      -15.681769      -1879.5638    
    898.79535      -30.092476      -1885.0425    
    900.17566      -30.160025      -1883.6606    
    901.32446      -30.216036      -1882.5106    
    902.28290      -30.262596      -1881.5511    
    903.08521      -30.301384      -1880.7480    
    903.75934      -30.333809      -1880.0731    
    904.32819      -30.361004      -1879.5037    
    897.69861      -44.633442      -1885.5339    
    899.21167      -44.734581      -1884.0177    
    900.47308      -44.818390      -1882.7537    
    901.52759      -44.888008      -1881.6970    
    902.41309      -44.945980      -1880.8097    
    903.15918      -44.994411      -1880.0621    
    903.79144      -45.034988      -1879.4286    
    896.46844      -59.168007      -1885.9225    
    898.09900      -59.302177      -1884.2866    
    899.45789      -59.413250      -1882.9235    
    900.59418      -59.505447      -1881.7836    
    901.54755      -59.582081      -1880.8271    
    902.35089      -59.645954      -1880.0214    
    903.03143      -59.699413      -1879.3387    
    895.10522      -73.694092      -1886.2076    
    896.83820      -73.860626      -1884.4669    
    898.27985      -73.998291      -1883.0188    
    899.48230      -74.112297      -1881.8110    
    900.48859      -74.206886      -1880.8004    
    901.33423      -74.285561      -1879.9512    
    902.04822      -74.351204      -1879.2341    
    893.60925      -88.209473      -1886.3890    
    895.42944      -88.407318      -1884.5582    
    896.93854      -88.570587      -1883.0404    
    898.19257      -88.705452      -1881.7792    
    899.23712      -88.817024      -1880.7288    
    900.10992      -88.909492      -1879.8511    
    900.84229      -88.986320      -1879.1147    
    891.98047      -102.71199      -1886.4668    
    893.87280      -102.94002      -1884.5608    
    895.43445      -103.12765      -1882.9879    
    896.72473      -103.28220      -1881.6884    
    897.79272      -103.40954      -1880.6129    
    898.67834      -103.51466      -1879.7211    
    899.41400      -103.60143      -1878.9802    
    894.80469      -15.491898      -1868.9012    
    884.60406      -15.291493      -1858.6991    
    874.30627      -15.089185      -1848.3998    
    864.15424      -14.889731      -1838.2463    
    853.80811      -14.686462      -1827.8987    
    843.70563      -14.487955      -1817.7948    
    833.31232      -14.283733      -1807.4000    
    823.25757      -14.086175      -1797.3439    
    812.81378      -13.880998      -1786.8987    
    802.80743      -13.684384      -1776.8909    
    792.31555      -13.478251      -1766.3976    
    782.35626      -13.282590      -1756.4370    
    771.81714      -13.075498      -1745.8965    
    761.90619      -12.880784      -1735.9841    
    751.31689      -12.672736      -1725.3936    
    741.45441      -12.478969      -1715.5298    
    732.08191      -13.370956      -1706.1511    
    721.90356      -10.615019      -1695.9863    
    711.61694      -12.930576      -1685.6831    
    702.29779      -11.709594      -1676.3683    
    692.43555      -11.515815      -1666.5049    
    681.84705      -11.307752      -1655.9152    
    671.93799      -11.113017      -1646.0050    
    661.40015      -10.905898      -1635.4659    
    651.44153      -10.710202      -1625.5062    
    640.95013      -10.504028      -1615.0138    
    630.94305      -10.307378      -1605.0056    
    620.49988      -10.102154      -1594.5614    
    610.44427      -9.9045458      -1584.5049    
    600.04962      -9.7002640      -1574.1093    
    589.94550      -9.5016975      -1564.0043    
    579.59930      -9.2983608      -1553.6571    
    569.44690      -9.0988340      -1543.5039    
    559.14899      -8.8964405      -1533.2051    
    548.94794      -8.6959572      -1523.0033    
    894.63074      -29.984156      -1868.8334    
    884.45001      -29.584373      -1858.6460    
    874.26984      -29.184593      -1848.4594    
    864.08911      -28.784813      -1838.2721    
    853.90875      -28.385027      -1828.0852    
    843.72919      -27.985243      -1817.8992    
    833.54956      -27.585451      -1807.7131    
    823.36932      -27.185642      -1797.5265    
    813.18817      -26.785845      -1787.3389    
    803.00812      -26.386049      -1777.1525    
    792.82715      -25.986237      -1766.9652    
    782.64557      -25.586426      -1756.7775    
    772.46552      -25.186613      -1746.5912    
    762.28412      -24.786789      -1736.4036    
    752.10248      -24.386963      -1726.2158    
    741.92139      -23.987143      -1716.0287    
    731.73944      -23.587309      -1705.8407    
    721.55865      -23.187473      -1695.6539    
    711.37787      -22.787632      -1685.4672    
    701.19666      -22.387777      -1675.2802    
    691.01532      -21.987934      -1665.0930    
    680.83429      -21.588076      -1654.9061    
    670.65460      -21.188213      -1644.7208    
    660.47516      -20.788351      -1634.5358    
    650.29425      -20.388474      -1624.3492    
    640.11316      -19.988596      -1614.1627    
    629.93213      -19.588713      -1603.9763    
    619.75092      -19.188828      -1593.7898    
    609.56970      -18.788931      -1583.6034    
    599.38879      -18.389030      -1573.4174    
    589.20734      -17.989126      -1563.2308    
    579.02606      -17.589214      -1553.0446    
    568.84460      -17.189295      -1542.8583    
    558.66339      -16.789360      -1532.6722    
    548.48193      -16.389433      -1522.4862    
    894.15070      -44.469677      -1868.6940    
    883.97137      -43.870209      -1858.4991    
    873.79211      -43.270737      -1848.3044    
    863.61273      -42.671238      -1838.1097    
    853.43341      -42.071751      -1827.9150    
    843.25446      -41.472267      -1817.7208    
    833.07605      -40.872765      -1807.5272    
    822.89679      -40.273258      -1797.3328    
    812.71686      -39.673752      -1787.1377    
    802.53754      -39.074230      -1776.9434    
    792.35760      -38.474712      -1766.7484    
    782.17743      -37.875183      -1756.5533    
    771.99823      -37.275650      -1746.3594    
    761.81799      -36.676102      -1736.1643    
    751.63733      -36.076569      -1725.9690    
    741.45709      -35.477024      -1715.7742    
    731.27655      -34.877464      -1705.5791    
    721.09662      -34.277901      -1695.3848    
    710.91669      -33.678326      -1685.1904    
    700.73645      -33.078754      -1674.9960    
    690.55585      -32.479176      -1664.8013    
    680.37604      -31.879578      -1654.6074    
    670.19672      -31.279980      -1644.4142    
    660.01764      -30.680378      -1634.2212    
    649.83765      -30.080765      -1624.0276    
    639.65729      -29.481142      -1613.8336    
    629.47693      -28.881512      -1603.6399    
    619.29645      -28.281874      -1593.4462    
    609.11584      -27.682224      -1583.2523    
    598.93524      -27.082581      -1573.0587    
    588.75476      -26.482914      -1562.8655    
    578.57397      -25.883242      -1552.6720    
    568.39307      -25.283556      -1542.4785    
    558.21198      -24.683863      -1532.2852    
    548.03125      -24.084166      -1522.0923    
    893.43781      -58.945389      -1868.5562    
    883.26508      -58.146473      -1858.3552    
    873.09186      -57.347553      -1848.1539    
    862.91870      -56.548634      -1837.9528    
    852.74567      -55.749714      -1827.7518    
    842.57312      -54.950790      -1817.5514    
    832.40045      -54.151840      -1807.3510    
    822.22760      -53.352890      -1797.1504    
    812.05402      -52.553921      -1786.9492    
    801.88074      -51.754974      -1776.7484    
    791.70728      -50.956005      -1766.5476    
    781.53308      -50.157028      -1756.3461    
    771.36029      -49.358044      -1746.1460    
    761.18610      -48.559052      -1735.9448    
    751.01196      -47.760048      -1725.7437    
    740.83783      -46.961037      -1715.5427    
    730.66357      -46.162025      -1705.3417    
    720.48944      -45.362995      -1695.1410    
    710.31573      -44.563969      -1684.9408    
    700.14166      -43.764923      -1674.7404    
    689.96735      -42.965881      -1664.5399    
    679.79315      -42.166817      -1654.3396    
    669.61981      -41.367744      -1644.1404    
    659.44617      -40.568657      -1633.9410    
    649.27222      -39.769573      -1623.7416    
    639.09778      -38.970470      -1613.5419    
    628.92328      -38.171356      -1603.3422    
    618.74866      -37.372238      -1593.1427    
    608.57373      -36.573097      -1582.9430    
    598.39911      -35.773956      -1572.7439    
    588.22412      -34.974800      -1562.5446    
    578.04889      -34.175632      -1552.3453    
    567.87366      -33.376450      -1542.1464    
    557.69843      -32.577263      -1531.9476    
    547.52289      -31.778048      -1521.7489    
    892.49225      -73.408089      -1868.4199    
    882.33075      -72.410065      -1858.2137    
    872.16937      -71.412048      -1848.0079    
    862.00757      -70.414032      -1837.8016    
    851.84613      -69.416000      -1827.5959    
    841.68481      -68.417946      -1817.3904    
    831.52350      -67.419899      -1807.1849    
    821.36194      -66.421822      -1796.9795    
    811.19983      -65.423729      -1786.7734    
    801.03796      -64.425659      -1776.5679    
    790.87579      -63.427574      -1766.3622    
    780.71326      -62.429451      -1756.1561    
    770.55133      -61.431347      -1745.9509    
    760.38879      -60.433235      -1735.7452    
    750.22589      -59.435085      -1725.5393    
    740.06360      -58.436966      -1715.3341    
    729.90057      -57.438812      -1705.1284    
    719.73785      -56.440655      -1694.9232    
    709.57507      -55.442459      -1684.7181    
    699.41223      -54.444283      -1674.5132    
    689.24927      -53.446117      -1664.3082    
    679.08643      -52.447891      -1654.1038    
    668.92389      -51.449673      -1643.8997    
    658.76135      -50.451443      -1633.6958    
    648.59814      -49.453197      -1623.4916    
    638.43469      -48.454941      -1613.2874    
    628.27118      -47.456680      -1603.0834    
    618.10754      -46.458401      -1592.8795    
    607.94354      -45.460110      -1582.6755    
    597.77960      -44.461792      -1572.4719    
    587.61548      -43.463474      -1562.2684    
    577.45111      -42.465137      -1552.0651    
    567.28650      -41.466770      -1541.8618    
    557.12189      -40.468384      -1531.6589    
    546.95709      -39.470009      -1521.4563    
    891.31403      -87.853615      -1868.2849    
    881.16943      -86.656906      -1858.0754    
    871.02435      -85.460197      -1847.8657    
    860.87946      -84.263496      -1837.6562    
    850.73444      -83.066765      -1827.4468    
    840.58966      -81.870041      -1817.2377    
    830.44489      -80.673302      -1807.0288    
    820.29993      -79.476570      -1796.8198    
    810.15448      -78.279800      -1786.6105    
    800.00922      -77.083046      -1776.4015    
    789.86346      -75.886261      -1766.1923    
    779.71783      -74.689484      -1755.9833    
    769.57220      -73.492676      -1745.7745    
    759.42615      -72.295837      -1735.5656    
    749.27997      -71.099022      -1725.3566    
    739.13409      -69.902176      -1715.1482    
    728.98767      -68.705338      -1704.9395    
    718.84149      -67.508461      -1694.7311    
    708.69525      -66.311577      -1684.5231    
    698.54852      -65.114677      -1674.3147    
    688.40198      -63.917789      -1664.1068    
    678.25531      -62.720882      -1653.8990    
    668.10889      -61.523941      -1643.6918    
    657.96234      -60.326992      -1633.4847    
    647.81537      -59.130032      -1623.2775    
    637.66827      -57.933067      -1613.0706    
    627.52051      -56.736046      -1602.8632    
    617.37286      -55.539051      -1592.6564    
    607.22491      -54.342003      -1582.4496    
    597.07721      -53.144970      -1572.2434    
    586.92896      -51.947922      -1562.0372    
    576.78064      -50.750835      -1551.8313    
    566.63184      -49.553719      -1541.6254    
    556.48297      -48.356606      -1531.4198    
    546.33374      -47.159458      -1521.2145    
    889.83148      -102.26842      -1868.0786    
    879.68451      -100.87028      -1857.8427    
    869.44104      -99.458832      -1847.5094    
    859.34198      -98.067276      -1837.3221    
    849.05005      -96.649124      -1826.9404    
    838.99915      -95.264206      -1816.8020    
    828.65918      -93.839417      -1806.3722    
    818.65619      -92.461098      -1796.2825    
    808.26727      -91.029625      -1785.8037    
    798.31232      -89.657928      -1775.7628    
    787.87537      -88.219810      -1765.2361    
    777.96826      -86.854698      -1755.2439    
    767.48291      -85.409897      -1744.6687    
    757.62384      -84.051445      -1734.7255    
    747.08948      -82.599922      -1724.1014    
    737.27844      -81.248108      -1714.2072    
    728.08533      -78.895348      -1704.8424    
    717.64771      -80.036934      -1694.5413    
    707.72144      -76.127953      -1684.3118    
    698.32245      -75.880424      -1674.9232    
    688.51044      -74.528481      -1665.0293    
    677.97534      -73.076874      -1654.4066    
    668.11536      -71.718277      -1644.4650    
    657.62836      -70.273300      -1633.8915    
    647.71954      -68.908020      -1623.9014    
    637.28027      -67.469650      -1613.3770    
    627.32269      -66.097679      -1603.3384    
    616.93097      -64.665901      -1592.8628    
    606.92505      -63.287273      -1582.7765    
    596.58112      -61.862095      -1572.3500    
    586.52618      -60.476753      -1562.2152    
    576.23016      -59.058186      -1551.8381    
    566.12628      -57.666145      -1541.6552    
    555.87781      -56.254177      -1531.3271    
    545.72546      -54.855453      -1521.0967    
    535.19153      -51.529404      -1511.3658    
    536.16357      -41.269276      -1511.5615    
    536.90448      -30.950987      -1511.9934    
    537.66144      -20.637173      -1512.4089    
    538.19946      -10.359043      -1513.0378    
    534.68726      -50.851540      -1511.9436    
    535.60016      -40.889053      -1512.1643    
    536.39606      -30.918762      -1512.5022    
    537.10809      -20.946035      -1512.9237    
    537.71228      -10.971907      -1513.4525    
    533.98041      -50.782528      -1512.6537    
    534.99097      -40.839725      -1512.7751    
    535.81201      -30.881491      -1513.0868    
    536.55963      -20.921173      -1513.4714    
    537.14282      -10.957872      -1514.0199    
    533.24908      -50.710941      -1513.3884    
    534.29095      -40.782753      -1513.4772    
    535.14203      -30.838537      -1513.7573    
    535.92999      -20.892492      -1514.1003    
    536.55475      -10.943377      -1514.6058    
    532.52820      -49.686287      -1514.2207    
    533.48761      -40.717094      -1514.2828    
    534.37408      -30.789040      -1514.5259    
    535.20831      -20.859509      -1514.8210    
    535.82825      -11.872759      -1515.2224    
    531.18402      -51.841137      -1515.3123    
    532.51624      -40.637318      -1515.2570    
    533.44727      -30.728987      -1515.4535    
    534.33618      -20.819422      -1515.6921    
    535.11566      -9.5842743      -1516.1896    
    530.21802      -49.462208      -1516.5414    
    531.39160      -40.544666      -1516.3849    
    532.37506      -30.659241      -1516.5267    
    533.32684      -20.772894      -1516.7003    
    533.95392      -11.822265      -1517.0905    
    528.84253      -50.276871      -1517.8158    
    530.09070      -40.437183      -1517.6896    
    531.13617      -30.578388      -1517.7668    
    532.16040      -20.718988      -1517.8654    
    533.01837      -10.855747      -1518.1294    
    527.57562      -49.599400      -1519.1512    
    528.49585      -41.131855      -1519.1956    
    529.70709      -30.484911      -1519.1973    
    530.90619      -19.837608      -1519.2112    
    531.89227      -11.375367      -1519.1895    
    548.86963      -1.0000000      -1523.9099    
    559.06335      -1.0000000      -1534.0986    
    569.35394      -1.0000000      -1544.3846    
    579.49902      -1.0000000      -1554.5260    
    589.83813      -1.0000000      -1564.8601    
    599.93481      -1.0000000      -1574.9528    
    610.32239      -1.0000000      -1585.3352    
    620.37085      -1.0000000      -1595.3790    
    630.80676      -1.0000000      -1605.8103    
    640.80688      -1.0000000      -1615.8059    
    651.29108      -1.0000000      -1626.2856    
    661.24261      -1.0000000      -1636.2324    
    671.77338      -1.0000000      -1646.7588    
    681.67578      -1.0000000      -1656.6560    
    692.25684      -1.0000000      -1667.2325    
    702.11230      -1.0000000      -1677.0835    
    711.40875      -1.0000000      -1686.4624    
    721.72620      -1.0000000      -1696.5898    
    731.85913      -1.0000000      -1706.9023    
    741.24231      -1.0000000      -1716.1960    
    751.09802      -1.0000000      -1726.0469    
    761.68005      -1.0000000      -1736.6240    
    771.58447      -1.0000000      -1746.5240    
    782.11633      -1.0000000      -1757.0508    
    792.06873      -1.0000000      -1766.9991    
    802.55377      -1.0000000      -1777.4786    
    812.55341      -1.0000000      -1787.4741    
    822.98981      -1.0000000      -1797.9058    
    833.03821      -1.0000000      -1807.9495    
    843.42444      -1.0000000      -1818.3307    
    853.52032      -1.0000000      -1828.4218    
    863.85938      -1.0000000      -1838.7565    
    874.00488      -1.0000000      -1848.8967    
    884.29541      -1.0000000      -1859.1829    
    894.48944      -1.0000000      -1869.3719    
    548.29224      -1.0000000      -1524.3386    
    558.46472      -1.0000000      -1534.5009    
    568.63715      -1.0000000      -1544.6627    
    578.80969      -1.0000000      -1554.8247    
    588.98218      -1.0000000      -1564.9867    
    599.15479      -1.0000000      -1575.1489    
    609.32751      -1.0000000      -1585.3108    
    619.50012      -1.0000000      -1595.4724    
    629.67249      -1.0000000      -1605.6350    
    639.84528      -1.0000000      -1615.7964    
    650.01794      -1.0000000      -1625.9589    
    660.19043      -1.0000000      -1636.1208    
    670.36182      -1.0000000      -1646.2812    
    680.53320      -1.0000000      -1656.4420    
    690.70569      -1.0000000      -1666.6040    
    700.87872      -1.0000000      -1676.7666    
    711.05200      -1.0000000      -1686.9291    
    721.22430      -1.0000000      -1697.0906    
    731.39722      -1.0000000      -1707.2527    
    741.57080      -1.0000000      -1717.4154    
    751.74414      -1.0000000      -1727.5778    
    761.91754      -1.0000000      -1737.7412    
    772.09094      -1.0000000      -1747.9033    
    782.26306      -1.0000000      -1758.0649    
    792.43640      -1.0000000      -1768.2278    
    802.60938      -1.0000000      -1778.3903    
    812.78180      -1.0000000      -1788.5515    
    822.95496      -1.0000000      -1798.7136    
    833.12708      -1.0000000      -1808.8752    
    843.29895      -1.0000000      -1819.0364    
    853.47058      -1.0000000      -1829.1975    
    863.64319      -1.0000000      -1839.3593    
    873.81598      -1.0000000      -1849.5211    
    883.98877      -1.0000000      -1859.6831    
    894.16119      -1.0000000      -1869.8453    
    547.67664      -1.0000000      -1524.9504    
    557.85278      -1.0000000      -1535.1088    
    568.02917      -1.0000000      -1545.2671    
    578.20544      -1.0000000      -1555.4255    
    588.38184      -1.0000000      -1565.5837    
    598.55798      -1.0000000      -1575.7423    
    608.73438      -1.0000000      -1585.9009    
    618.91064      -1.0000000      -1596.0588    
    629.08710      -1.0000000      -1606.2170    
    639.26349      -1.0000000      -1616.3760    
    649.43970      -1.0000000      -1626.5339    
    659.61615      -1.0000000      -1636.6921    
    669.79132      -1.0000000      -1646.8492    
    679.96680      -1.0000000      -1657.0071    
    690.14313      -1.0000000      -1667.1652    
    700.31989      -1.0000000      -1677.3240    
    710.49646      -1.0000000      -1687.4830    
    720.67267      -1.0000000      -1697.6409    
    730.84924      -1.0000000      -1707.7991    
    741.02649      -1.0000000      -1717.9587    
    751.20325      -1.0000000      -1728.1174    
    761.38055      -1.0000000      -1738.2764    
    771.55737      -1.0000000      -1748.4353    
    781.73328      -1.0000000      -1758.5929    
    791.91040      -1.0000000      -1768.7520    
    802.08698      -1.0000000      -1778.9105    
    812.26306      -1.0000000      -1789.0684    
    822.44000      -1.0000000      -1799.2275    
    832.61584      -1.0000000      -1809.3850    
    842.79175      -1.0000000      -1819.5425    
    852.96716      -1.0000000      -1829.7002    
    863.14368      -1.0000000      -1839.8585    
    873.31989      -1.0000000      -1850.0167    
    883.49646      -1.0000000      -1860.1752    
    893.67267      -1.0000000      -1870.3334    
    546.92627      -1.0000000      -1525.6958    
    557.10712      -1.0000000      -1535.8499    
    567.28802      -1.0000000      -1546.0038    
    577.46893      -1.0000000      -1556.1580    
    587.64990      -1.0000000      -1566.3116    
    597.83057      -1.0000000      -1576.4656    
    608.01160      -1.0000000      -1586.6198    
    618.19232      -1.0000000      -1596.7734    
    628.37347      -1.0000000      -1606.9277    
    638.55414      -1.0000000      -1617.0814    
    648.73517      -1.0000000      -1627.2354    
    658.91595      -1.0000000      -1637.3893    
    669.09583      -1.0000000      -1647.5422    
    679.27612      -1.0000000      -1657.6952    
    689.45697      -1.0000000      -1667.8494    
    699.63824      -1.0000000      -1678.0033    
    709.81940      -1.0000000      -1688.1577    
    720.00024      -1.0000000      -1698.3113    
    730.18121      -1.0000000      -1708.4657    
    740.36292      -1.0000000      -1718.6201    
    750.54431      -1.0000000      -1728.7748    
    760.72565      -1.0000000      -1738.9287    
    770.90717      -1.0000000      -1749.0831    
    781.08759      -1.0000000      -1759.2369    
    791.26910      -1.0000000      -1769.3911    
    801.45020      -1.0000000      -1779.5454    
    811.63086      -1.0000000      -1789.6990    
    821.81226      -1.0000000      -1799.8530    
    831.99274      -1.0000000      -1810.0068    
    842.17310      -1.0000000      -1820.1599    
    852.35364      -1.0000000      -1830.3131    
    862.53436      -1.0000000      -1840.4673    
    872.71545      -1.0000000      -1850.6212    
    882.89642      -1.0000000      -1860.7749    
    893.07733      -1.0000000      -1870.9290    
    546.01166      -1.0000000      -1526.6049    
    556.19800      -1.0000000      -1536.7537    
    566.38452      -1.0000000      -1546.9021    
    576.57092      -1.0000000      -1557.0504    
    586.75745      -1.0000000      -1567.1992    
    596.94366      -1.0000000      -1577.3474    
    607.13025      -1.0000000      -1587.4961    
    617.31665      -1.0000000      -1597.6445    
    627.50323      -1.0000000      -1607.7931    
    637.68958      -1.0000000      -1617.9415    
    647.87604      -1.0000000      -1628.0903    
    658.06250      -1.0000000      -1638.2388    
    668.24835      -1.0000000      -1648.3866    
    678.43408      -1.0000000      -1658.5344    
    688.62061      -1.0000000      -1668.6831    
    698.80737      -1.0000000      -1678.8319    
    708.99396      -1.0000000      -1688.9805    
    719.18030      -1.0000000      -1699.1292    
    729.36694      -1.0000000      -1709.2780    
    739.55402      -1.0000000      -1719.4265    
    749.74072      -1.0000000      -1729.5752    
    759.92773      -1.0000000      -1739.7244    
    770.11438      -1.0000000      -1749.8732    
    780.30060      -1.0000000      -1760.0214    
    790.48743      -1.0000000      -1770.1703    
    800.67407      -1.0000000      -1780.3191    
    810.86053      -1.0000000      -1790.4675    
    821.04724      -1.0000000      -1800.6161    
    831.23340      -1.0000000      -1810.7646    
    841.41949      -1.0000000      -1820.9125    
    851.60559      -1.0000000      -1831.0605    
    861.79187      -1.0000000      -1841.2086    
    871.97845      -1.0000000      -1851.3574    
    882.16486      -1.0000000      -1861.5060    
    892.35138      -1.0000000      -1871.6543    
    544.89673      -1.0000000      -1527.7126    
    555.08978      -1.0000000      -1537.8551    
    565.28314      -1.0000000      -1547.9968    
    575.47620      -1.0000000      -1558.1384    
    585.66949      -1.0000000      -1568.2808    
    595.86267      -1.0000000      -1578.4226    
    606.05597      -1.0000000      -1588.5642    
    616.24921      -1.0000000      -1598.7065    
    626.44238      -1.0000000      -1608.8488    
    636.63574      -1.0000000      -1618.9905    
    646.82886      -1.0000000      -1629.1322    
    657.02209      -1.0000000      -1639.2744    
    667.21478      -1.0000000      -1649.4158    
    677.40784      -1.0000000      -1659.5576    
    687.60095      -1.0000000      -1669.6995    
    697.79443      -1.0000000      -1679.8414    
    707.98755      -1.0000000      -1689.9839    
    718.18091      -1.0000000      -1700.1254    
    728.37427      -1.0000000      -1710.2676    
    738.56769      -1.0000000      -1720.4100    
    748.76117      -1.0000000      -1730.5520    
    758.95471      -1.0000000      -1740.6941    
    769.14825      -1.0000000      -1750.8359    
    779.34125      -1.0000000      -1760.9780    
    789.53479      -1.0000000      -1771.1205    
    799.72809      -1.0000000      -1781.2623    
    809.92108      -1.0000000      -1791.4041    
    820.11462      -1.0000000      -1801.5464    
    830.30774      -1.0000000      -1811.6882    
    840.50061      -1.0000000      -1821.8298    
    850.69348      -1.0000000      -1831.9712    
    860.88684      -1.0000000      -1842.1136    
    871.08014      -1.0000000      -1852.2554    
    881.27344      -1.0000000      -1862.3971    
    891.46667      -1.0000000      -1872.5393    
    543.61023      -1.0000000      -1529.1359    
    553.83618      -1.0000000      -1539.2936    
    564.15912      -1.0000000      -1549.5488    
    574.33618      -1.0000000      -1559.6584    
    584.70776      -1.0000000      -1569.9612    
    594.83636      -1.0000000      -1580.0226    
    605.25653      -1.0000000      -1590.3740    
    615.33630      -1.0000000      -1600.3870    
    625.80511      -1.0000000      -1610.7865    
    635.83661      -1.0000000      -1620.7511    
    646.35394      -1.0000000      -1631.1993    
    656.33673      -1.0000000      -1641.1158    
    666.90234      -1.0000000      -1651.6116    
    676.83643      -1.0000000      -1661.4799    
    687.45093      -1.0000000      -1672.0239    
    697.33649      -1.0000000      -1681.8445    
    706.82214      -1.0000000      -1691.0348    
    716.76422      -1.0000000      -1701.5377    
    727.33459      -1.0000000      -1711.4142    
    736.58813      -1.0000000      -1720.8364    
    746.47400      -1.0000000      -1730.6564    
    757.08850      -1.0000000      -1741.2006    
    767.02319      -1.0000000      -1751.0693    
    777.58899      -1.0000000      -1761.5651    
    787.57184      -1.0000000      -1771.4818    
    798.08905      -1.0000000      -1781.9302    
    808.12048      -1.0000000      -1791.8948    
    818.58929      -1.0000000      -1802.2942    
    828.66925      -1.0000000      -1812.3071    
    839.08917      -1.0000000      -1822.6581    
    849.21765      -1.0000000      -1832.7196    
    859.58911      -1.0000000      -1843.0226    
    869.76636      -1.0000000      -1853.1324    
    880.08936      -1.0000000      -1863.3870    
    890.31506      -1.0000000      -1873.5450    
    332.02847      -10.555943      -1303.8037    
    331.31778      -11.212517      -1304.4926    
    330.40210      -11.179217      -1305.4088    
    329.29251      -11.139087      -1306.5192    
    327.94574      -11.090607      -1307.8668    
    326.31082      -11.031981      -1309.5027    
    324.56116      -10.303209      -1311.2754    
    331.51950      -21.972200      -1303.7532    
    330.65021      -21.911945      -1304.6245    
    329.70419      -21.846464      -1305.5728    
    328.55969      -21.767340      -1306.7201    
    327.17279      -21.671526      -1308.1102    
    325.49094      -21.555416      -1309.7961    
    323.11823      -21.391714      -1312.1744    
    330.33334      -33.340530      -1303.9884    
    329.69370      -32.590721      -1304.6993    
    328.73734      -32.494663      -1305.6605    
    327.57800      -32.378098      -1306.8258    
    326.17084      -32.236549      -1308.2400    
    324.46191      -32.064526      -1309.9575    
    322.50867      -32.538029      -1311.8541    
    532.51080      -65.384583      -1503.9972    
    531.65741      -65.279808      -1504.8569    
    530.50964      -65.138863      -1506.0134    
    529.10956      -64.966957      -1507.4240    
    527.40289      -64.757370      -1509.1434    
    525.32239      -64.501892      -1511.2396    
    523.02728      -64.220078      -1513.5519    
    525.18115      -45.111145      -1493.0576    
    526.68781      -30.257313      -1493.4894    
    527.70880      -15.379266      -1493.8582    
    514.92841      -44.457783      -1483.0021    
    516.45392      -29.824169      -1483.4624    
    517.39844      -15.161980      -1483.7622    
    504.49094      -43.792271      -1472.7766    
    506.21802      -29.390553      -1473.4363    
    506.90561      -14.940544      -1473.4891    
    494.26080      -43.136951      -1462.8771    
    495.93887      -28.952515      -1463.4540    
    496.66150      -14.722733      -1463.5028    
    483.66983      -42.458015      -1452.6288    
    485.65860      -28.513893      -1453.4719    
    486.05426      -14.496905      -1453.1637    
    473.55014      -41.810486      -1442.7965    
    475.38931      -28.076832      -1443.4805    
    475.90616      -14.281668      -1443.2614    
    462.93747      -41.133953      -1432.3911    
    465.15396      -27.643276      -1433.4537    
    465.23386      -14.056539      -1432.8116    
    452.95145      -40.497662      -1422.6002    
    454.91830      -27.210100      -1423.4270    
    455.19156      -13.844927      -1422.9791    
    443.69186      -38.651344      -1413.4014    
    444.68243      -26.776917      -1413.4003    
    445.67068      -14.897639      -1413.7085    
    433.06299      -40.959747      -1403.2742    
    434.44644      -26.343719      -1403.3734    
    435.47610      -11.704096      -1403.6100    
    423.06287      -37.379017      -1393.1788    
    424.21033      -25.910526      -1393.3467    
    424.93729      -14.418941      -1393.4080    
    413.54333      -37.986534      -1383.9648    
    413.97433      -25.477339      -1383.3202    
    415.56235      -13.009845      -1384.1783    
    403.55676      -37.350197      -1374.1748    
    403.73798      -25.044130      -1373.2936    
    405.51987      -12.798213      -1374.3459    
    392.94266      -36.673859      -1363.7700    
    393.50174      -24.610947      -1363.2673    
    394.84662      -12.573298      -1363.8961    
    382.86591      -36.031807      -1353.8923    
    383.26462      -24.177731      -1353.2404    
    384.71335      -12.359773      -1353.9751    
    372.34061      -35.361183      -1343.5754    
    373.02737      -23.744524      -1343.2136    
    374.12900      -12.136752      -1343.6124    
    362.17480      -34.713387      -1333.6115    
    362.79233      -23.311323      -1333.1892    
    363.90869      -11.921329      -1333.6064    
    351.73956      -34.048473      -1323.3838    
    352.55640      -22.878122      -1323.1643    
    353.41666      -11.700210      -1323.3344    
    342.39755      -34.152996      -1314.3042    
    340.95413      -22.387140      -1311.8015    
    344.12711      -10.805428      -1314.2090    
    534.74097      -45.701492      -1503.9879    
    533.79486      -45.618343      -1504.9374    
    532.65002      -45.517574      -1506.0863    
    531.26306      -45.395309      -1507.4781    
    529.58081      -45.246830      -1509.1664    
    527.53912      -45.066444      -1511.2153    
    525.05847      -44.847122      -1513.7050    
    536.15613      -30.643353      -1504.2865    
    535.23175      -30.586626      -1505.2114    
    534.11652      -30.518137      -1506.3271    
    532.76874      -30.435347      -1507.6757    
    531.13715      -30.335098      -1509.3081    
    529.15942      -30.213541      -1511.2869    
    526.76038      -30.066032      -1513.6873    
    537.38684      -15.574508      -1504.7695    
    536.51086      -15.545726      -1505.6432    
    535.45172      -15.511094      -1506.6995    
    534.16888      -15.469263      -1507.9788    
    532.61432      -15.418773      -1509.5291    
    530.72748      -15.357583      -1511.4106    
    528.43616      -15.283420      -1513.6957    
    519.69678     -0.50000000      -1503.4595    
    509.39832     -0.50000000      -1493.2784    
    498.91959     -0.50000000      -1482.9187    
    488.71069     -0.50000000      -1472.8264    
    478.14182     -0.50000000      -1462.3779    
    468.02307     -0.50000000      -1452.3745    
    457.36465     -0.50000000      -1441.8374    
    447.33572     -0.50000000      -1431.9227    
    438.09930     -0.50000000      -1422.4047    
    427.21710     -0.50000000      -1412.6895    
    417.38385     -0.50000000      -1401.9294    
    407.75989     -0.50000000      -1392.7971    
    397.73096     -0.50000000      -1382.8826    
    387.07239     -0.50000000      -1372.3453    
    376.95340     -0.50000000      -1362.3413    
    366.38464     -0.50000000      -1351.8932    
    356.17621     -0.50000000      -1341.8007    
    345.69778     -0.50000000      -1331.4418    
    335.39908     -0.50000000      -1321.2600    
    521.97632     -0.50000000      -1501.4611    
    511.71078     -0.50000000      -1491.3357    
    501.44473     -0.50000000      -1481.2103    
    491.17853     -0.50000000      -1471.0847    
    480.91183     -0.50000000      -1460.9596    
    470.64603     -0.50000000      -1450.8346    
    460.38004     -0.50000000      -1440.7092    
    450.11407     -0.50000000      -1430.5837    
    439.84802     -0.50000000      -1420.4583    
    429.58191     -0.50000000      -1410.3329    
    419.31592     -0.50000000      -1400.2070    
    409.04987     -0.50000000      -1390.0815    
    398.78381     -0.50000000      -1379.9565    
    388.51773     -0.50000000      -1369.8308    
    378.25134     -0.50000000      -1359.7051    
    367.98492     -0.50000000      -1349.5795    
    357.71976     -0.50000000      -1339.4547    
    347.45404     -0.50000000      -1329.3293    
    337.18796     -0.50000000      -1319.2036    
    523.73560     -0.50000000      -1499.7115    
    513.46033     -0.50000000      -1489.5966    
    503.18414     -0.50000000      -1479.4805    
    492.90787     -0.50000000      -1469.3647    
    482.63092     -0.50000000      -1459.2483    
    472.35498     -0.50000000      -1449.1333    
    462.07910     -0.50000000      -1439.0176    
    451.80298     -0.50000000      -1428.9016    
    441.52673     -0.50000000      -1418.7856    
    431.25061     -0.50000000      -1408.6699    
    420.97455     -0.50000000      -1398.5538    
    410.69849     -0.50000000      -1388.4375    
    400.42224     -0.50000000      -1378.3218    
    390.14597     -0.50000000      -1368.2058    
    379.86951     -0.50000000      -1358.0896    
    369.59286     -0.50000000      -1347.9728    
    359.31799     -0.50000000      -1337.8585    
    349.04236     -0.50000000      -1327.7432    
    338.76620     -0.50000000      -1317.6271    
    525.17871     -0.50000000      -1498.2771    
    514.89551     -0.50000000      -1488.1693    
    504.61127     -0.50000000      -1478.0615    
    494.32663     -0.50000000      -1467.9537    
    484.04102     -0.50000000      -1457.8450    
    473.75690     -0.50000000      -1447.7378    
    463.47266     -0.50000000      -1437.6302    
    453.18848     -0.50000000      -1427.5219    
    442.90405     -0.50000000      -1417.4136    
    432.61957     -0.50000000      -1407.3057    
    422.33524     -0.50000000      -1397.1970    
    412.05078     -0.50000000      -1387.0891    
    401.76636     -0.50000000      -1376.9810    
    391.48193     -0.50000000      -1366.8728    
    381.19693     -0.50000000      -1356.7644    
    370.91190     -0.50000000      -1346.6553    
    360.62906     -0.50000000      -1336.5487    
    350.34540     -0.50000000      -1326.4415    
    340.06094     -0.50000000      -1316.3329    
    526.36261     -0.50000000      -1497.0999    
    516.07288     -0.50000000      -1486.9991    
    505.78186     -0.50000000      -1476.8975    
    495.49036     -0.50000000      -1466.7963    
    485.19763     -0.50000000      -1456.6936    
    474.90686     -0.50000000      -1446.5931    
    464.61591     -0.50000000      -1436.4915    
    454.32486     -0.50000000      -1426.3901    
    444.03369     -0.50000000      -1416.2882    
    433.74252     -0.50000000      -1406.1864    
    423.45142     -0.50000000      -1396.0846    
    413.16025     -0.50000000      -1385.9832    
    402.86896     -0.50000000      -1375.8811    
    392.57767     -0.50000000      -1365.7791    
    382.28577     -0.50000000      -1355.6770    
    371.99387     -0.50000000      -1345.5741    
    361.70465     -0.50000000      -1335.4742    
    351.41440     -0.50000000      -1325.3735    
    341.12308     -0.50000000      -1315.2717    
    527.33398     -0.50000000      -1496.1340    
    517.03876     -0.50000000      -1486.0391    
    506.74210     -0.50000000      -1475.9427    
    496.44513     -0.50000000      -1465.8464    
    486.14645     -0.50000000      -1455.7494    
    475.85025     -0.50000000      -1445.6536    
    465.55380     -0.50000000      -1435.5576    
    455.25717     -0.50000000      -1425.4612    
    444.96036     -0.50000000      -1415.3649    
    434.66367     -0.50000000      -1405.2682    
    424.36694     -0.50000000      -1395.1720    
    414.07022     -0.50000000      -1385.0757    
    403.77341     -0.50000000      -1374.9786    
    393.47656     -0.50000000      -1364.8824    
    383.17908     -0.50000000      -1354.7848    
    372.88129     -0.50000000      -1344.6875    
    362.58694     -0.50000000      -1334.5934    
    352.29129     -0.50000000      -1324.4980    
    341.99448     -0.50000000      -1314.4011    
    527.99475     -0.50000000      -1495.2090    
    517.65045     -0.50000000      -1485.0740    
    507.12335     -0.50000000      -1474.7607    
    496.86667     -0.50000000      -1464.7134    
    486.24689     -0.50000000      -1454.3108    
    476.08191     -0.50000000      -1444.3525    
    465.37436     -0.50000000      -1433.8622    
    455.29907     -0.50000000      -1423.9916    
    445.75146     -0.50000000      -1414.7806    
    435.50192     -0.50000000      -1404.4326    
    424.94324     -0.50000000      -1394.3933    
    415.53958     -0.50000000      -1385.0393    
    405.46429     -0.50000000      -1375.1683    
    394.75620     -0.50000000      -1364.6775    
    384.58960     -0.50000000      -1354.7170    
    373.97055     -0.50000000      -1344.3138    
    363.71735     -0.50000000      -1334.2687    
    353.19144     -0.50000000      -1323.9563    
    342.84497     -0.50000000      -1313.8201    
    517.89240       148.79170      -1510.1075    
    515.30621       157.08304      -1510.2338    
    512.56586       165.32581      -1510.3815    
    509.69925       173.52577      -1510.5226    
    506.70737       181.68102      -1510.6564    
    503.59076       189.78967      -1510.7833    
    500.32111       197.83792      -1510.9344    
    517.36743       148.63927      -1510.6543    
    514.77710       156.91867      -1510.7878    
    512.02246       165.14696      -1510.9536    
    509.14850       173.33484      -1511.1055    
    506.15543       181.48045      -1511.2437    
    503.04434       189.58200      -1511.3678    
    499.76932       197.61890      -1511.5282    
    516.70465       148.44702      -1511.3444    
    514.16888       156.73004      -1511.4246    
    511.39908       164.94203      -1511.6097    
    508.51685       173.11617      -1511.7739    
    505.52200       181.25035      -1511.9176    
    502.41589       189.34320      -1512.0402    
    499.07214       197.34227      -1512.2782    
    516.01935       148.24852      -1512.0579    
    513.47028       156.51370      -1512.1559    
    510.68488       164.70761      -1512.3615    
    507.79315       172.86586      -1512.5396    
    504.79617       180.98682      -1512.6898    
    501.69391       189.06892      -1512.8125    
    498.35095       197.05600      -1513.0542    
    515.00427       148.81052      -1512.8777    
    512.66895       156.26587      -1512.9948    
    509.86658       164.43935      -1513.2227    
    506.96484       172.57959      -1513.4160    
    503.96429       180.68507      -1513.5747    
    500.86548       188.75423      -1513.6986    
    497.85764       195.97470      -1513.9099    
    514.56421       146.63257      -1513.9014    
    511.70087       155.96693      -1514.0079    
    508.88016       164.11647      -1514.2605    
    505.96680       172.23503      -1514.4718    
    502.96124       180.32130      -1514.6417    
    499.86417       188.37395      -1514.7698    
    496.01126       197.36443      -1515.1152    
    512.82892       148.17789      -1515.1431    
    510.58014       155.62125      -1515.1807    
    507.73965       163.74341      -1515.4604    
    504.81351       171.83704      -1515.6918    
    501.80179       179.90094      -1515.8750    
    498.70486       187.93364      -1516.0099    
    495.57108       195.07077      -1516.3687    
    511.89310       147.05647      -1516.3528    
    509.28461       155.22200      -1516.5364    
    506.42273       163.31303      -1516.8459    
    503.48212       171.37793      -1517.1002    
    500.46243       179.41544      -1517.2996    
    497.36459       187.42471      -1517.4435    
    494.00577       195.33124      -1517.7291    
    510.46317       147.23665      -1517.6771    
    507.97903       154.22368      -1518.0759    
    505.40384       161.95149      -1518.2327    
    501.71198       170.76779      -1518.9725    
    498.73636       179.83090      -1518.7833    
    495.60788       187.36829      -1519.1069    
    492.90845       194.28137      -1519.1353    
    523.72369       141.36661      -1527.0571    
    533.64581       144.02524      -1537.2610    
    543.66241       146.70917      -1547.5620    
    553.53711       149.35510      -1557.7173    
    563.60071       152.05164      -1568.0667    
    573.42859       154.68501      -1578.1738    
    583.53918       157.39413      -1588.5719    
    593.31995       160.01488      -1598.6304    
    603.47748       162.73659      -1609.0763    
    613.21106       165.34468      -1619.0862    
    623.41577       168.07903      -1629.5811    
    633.10254       170.67459      -1639.5425    
    643.35474       173.42166      -1650.0859    
    652.99384       176.00444      -1659.9993    
    663.29321       178.76414      -1670.5911    
    672.88550       181.33440      -1680.4558    
    682.12469       183.81003      -1689.6510    
    691.67627       186.36937      -1700.3008    
    702.02795       189.14311      -1710.1228    
    710.97137       191.53947      -1719.6235    
    720.56348       194.10966      -1729.4883    
    730.86279       196.86937      -1740.0801    
    740.50220       199.45224      -1749.9934    
    750.75452       202.19934      -1760.5371    
    760.44092       204.79482      -1770.4987    
    770.64600       207.52925      -1780.9939    
    780.37946       210.13733      -1791.0032    
    790.53778       212.85924      -1801.4502    
    800.31842       215.47995      -1811.5089    
    810.42896       218.18906      -1821.9062    
    820.25696       220.82246      -1832.0137    
    830.32037       223.51895      -1842.3632    
    840.19562       226.16501      -1852.5189    
    850.21191       228.84886      -1862.8199    
    860.13422       231.50754      -1873.0234    
    525.33801       141.79918      -1525.2411    
    535.22882       144.44940      -1535.4286    
    545.11951       147.09961      -1545.6165    
    555.00995       149.74974      -1555.8040    
    564.90076       152.39998      -1565.9912    
    574.79163       155.05023      -1576.1796    
    584.68219       157.70039      -1586.3676    
    594.57263       160.35052      -1596.5549    
    604.46326       163.00072      -1606.7427    
    614.35364       165.65083      -1616.9303    
    624.24420       168.30099      -1627.1177    
    634.13525       170.95129      -1637.3057    
    644.02618       173.60158      -1647.4939    
    653.91669       176.25172      -1657.6816    
    663.80731       178.90192      -1667.8693    
    673.69849       181.55223      -1678.0577    
    683.58936       184.20250      -1688.2454    
    693.47998       186.85268      -1698.4333    
    703.37061       189.50285      -1708.6213    
    713.26123       192.15305      -1718.8087    
    723.15167       194.80319      -1728.9965    
    733.04266       197.45346      -1739.1846    
    742.93353       200.10371      -1749.3723    
    752.82465       202.75403      -1759.5609    
    762.71539       205.40425      -1769.7487    
    772.60632       208.05452      -1779.9370    
    782.49707       210.70474      -1790.1245    
    792.38831       213.35509      -1800.3127    
    802.27924       216.00534      -1810.5009    
    812.16949       218.65544      -1820.6884    
    822.06042       221.30569      -1830.8766    
    831.95074       223.95580      -1841.0637    
    841.84222       226.60622      -1851.2527    
    851.73260       229.25633      -1861.4399    
    861.62329       231.90654      -1871.6278    
    526.72028       142.16956      -1523.8105    
    536.60449       144.81801      -1534.0048    
    546.48901       147.46655      -1544.1997    
    556.37299       150.11497      -1554.3936    
    566.25726       152.76346      -1564.5879    
    576.14178       155.41200      -1574.7825    
    586.02588       158.06042      -1584.9766    
    595.90997       160.70888      -1595.1708    
    605.79364       163.35719      -1605.3650    
    615.67761       166.00560      -1615.5587    
    625.56158       168.65401      -1625.7527    
    635.44635       171.30261      -1635.9479    
    645.33087       173.95117      -1646.1426    
    655.21490       176.59958      -1656.3372    
    665.09924       179.24808      -1666.5315    
    674.98389       181.89667      -1676.7264    
    684.86859       184.54526      -1686.9211    
    694.75287       187.19374      -1697.1160    
    704.63702       189.84219      -1707.3096    
    714.52112       192.49063      -1717.5042    
    724.40491       195.13898      -1727.6980    
    734.28949       197.78755      -1737.8928    
    744.17426       200.43616      -1748.0879    
    754.05890       203.08475      -1758.2827    
    763.94342       205.73329      -1768.4774    
    773.82770       208.38177      -1778.6719    
    783.71210       211.03030      -1788.8668    
    793.59741       213.67906      -1799.0621    
    803.48163       216.32753      -1809.2570    
    813.36523       218.97583      -1819.4507    
    823.25000       221.62444      -1829.6453    
    833.13367       224.27277      -1839.8392    
    843.01904       226.92155      -1850.0349    
    852.90283       229.56992      -1860.2289    
    862.78723       232.21843      -1870.4236    
    527.85431       142.47342      -1522.6371    
    537.73340       145.12051      -1532.8370    
    547.61261       147.76764      -1543.0374    
    557.49109       150.41457      -1553.2368    
    567.36993       153.06160      -1563.4358    
    577.24939       155.70879      -1573.6362    
    587.12817       158.35580      -1583.8359    
    597.00677       161.00276      -1594.0354    
    606.88519       163.64967      -1604.2349    
    616.76349       166.29655      -1614.4338    
    626.64215       168.94353      -1624.6333    
    636.52179       171.59077      -1634.8341    
    646.40131       174.23798      -1645.0342    
    656.28003       176.88498      -1655.2336    
    666.15887       179.53200      -1665.4336    
    676.03864       182.17928      -1675.6337    
    685.91797       184.82645      -1685.8346    
    695.79688       187.47348      -1696.0343    
    705.67590       190.12056      -1706.2341    
    715.55444       192.76752      -1716.4338    
    725.43286       195.41443      -1726.6331    
    735.31219       198.06158      -1736.8329    
    745.19183       200.70882      -1747.0339    
    755.07147       203.35606      -1757.2346    
    764.95062       206.00317      -1767.4347    
    774.82965       208.65027      -1777.6348    
    784.70892       211.29739      -1787.8348    
    794.58917       213.94481      -1798.0363    
    804.46851       216.59196      -1808.2358    
    814.34650       219.23877      -1818.4353    
    824.22589       221.88593      -1828.6355    
    834.10431       224.53285      -1838.8352    
    843.98450       227.18024      -1849.0364    
    853.86292       229.82716      -1859.2357    
    863.74207       232.47427      -1869.4355    
    528.78467       142.72270      -1521.6748    
    538.65961       145.36868      -1531.8792    
    548.53448       148.01465      -1542.0836    
    558.40851       150.66039      -1552.2877    
    568.28296       153.30623      -1562.4916    
    578.15790       155.95221      -1572.6960    
    588.03247       158.59810      -1582.9006    
    597.90668       161.24388      -1593.1040    
    607.78070       163.88962      -1603.3074    
    617.65430       166.53525      -1613.5110    
    627.52875       169.18109      -1623.7147    
    637.40405       171.82718      -1633.9200    
    647.27917       174.47322      -1644.1249    
    657.15338       177.11899      -1654.3287    
    667.02802       179.76489      -1664.5330    
    676.90356       182.41103      -1674.7383    
    686.77893       185.05714      -1684.9434    
    696.65338       187.70299      -1695.1476    
    706.52802       190.34889      -1705.3521    
    716.40222       192.99466      -1715.5559    
    726.27612       195.64038      -1725.7594    
    736.15112       198.28638      -1735.9642    
    746.02661       200.93250      -1746.1691    
    755.90210       203.57864      -1756.3745    
    765.77692       206.22459      -1766.5793    
    775.65161       208.87050      -1776.7833    
    785.52667       211.51653      -1786.9885    
    795.40277       214.16281      -1797.1943    
    805.27765       216.80878      -1807.3989    
    815.15112       219.45436      -1817.6019    
    825.02649       222.10046      -1827.8074    
    834.90027       224.74614      -1838.0110    
    844.77649       227.39244      -1848.2170    
    854.65063       230.03822      -1858.4205    
    864.52515       232.68410      -1868.6252    
    529.54797       142.92723      -1520.8857    
    539.41907       145.57217      -1531.0933    
    549.29053       148.21722      -1541.3018    
    559.16107       150.86203      -1551.5088    
    569.03162       153.50684      -1561.7164    
    578.90332       156.15195      -1571.9248    
    588.77435       158.79688      -1582.1326    
    598.64484       161.44167      -1592.3398    
    608.51508       164.08641      -1602.5472    
    618.38507       166.73106      -1612.7539    
    628.25574       169.37590      -1622.9614    
    638.12775       172.02110      -1633.1699    
    647.99951       174.66621      -1643.3788    
    657.86993       177.31100      -1653.5864    
    667.74109       179.95596      -1663.7942    
    677.61310       182.60117      -1674.0032    
    687.48499       185.24634      -1684.2122    
    697.35608       187.89127      -1694.4200    
    707.22693       190.53616      -1704.6279    
    717.09766       193.18102      -1714.8353    
    726.96777       195.82571      -1725.0425    
    736.83923       198.47075      -1735.2509    
    746.71143       201.11600      -1745.4598    
    756.58325       203.76115      -1755.6692    
    766.45496       206.40627      -1765.8776    
    776.32611       209.05124      -1776.0856    
    786.19751       211.69627      -1786.2942    
    796.07013       214.34163      -1796.5038    
    805.94171       216.98671      -1806.7123    
    815.81146       219.63130      -1816.9191    
    825.68323       222.27643      -1827.1277    
    835.55334       224.92113      -1837.3350    
    845.42633       227.56659      -1847.5449    
    855.29663       230.21132      -1857.7523    
    865.16772       232.85628      -1867.9606    
    530.24457       143.11389      -1520.3109    
    540.13647       145.76442      -1530.5465    
    550.12238       148.44012      -1540.8787    
    559.96637       151.07782      -1551.0649    
    569.99835       153.76588      -1561.4453    
    579.79681       156.39137      -1571.5839    
    589.87634       159.09216      -1582.0137    
    599.62634       161.70468      -1592.1021    
    609.75195       164.41782      -1602.5793    
    619.45441       167.01759      -1612.6188    
    629.62738       169.74342      -1623.1453    
    639.28534       172.33127      -1633.1385    
    649.50665       175.07007      -1643.7152    
    659.11566       177.64479      -1653.6580    
    669.38324       180.39598      -1664.2822    
    678.94727       182.95865      -1674.1785    
    687.95563       185.37244      -1683.6138    
    697.99554       188.06262      -1693.7579    
    707.79956       190.68961      -1704.1459    
    716.91620       193.13240      -1713.4668    
    726.47766       195.69438      -1723.3604    
    736.74573       198.44571      -1733.9850    
    746.35663       201.02094      -1743.9301    
    756.57837       203.75984      -1754.5067    
    766.23560       206.34749      -1764.4995    
    776.40924       209.07350      -1775.0269    
    786.11322       211.67368      -1785.0677    
    796.24188       214.38765      -1795.5487    
    805.99323       217.00052      -1805.6387    
    816.07098       219.70084      -1816.0665    
    825.86963       222.32639      -1826.2057    
    835.90100       225.01427      -1836.5857    
    845.74811       227.65280      -1846.7751    
    855.73279       230.32819      -1857.1068    
    865.62445       232.97865      -1867.3419    
    842.18933       332.93350      -1878.7324    
    847.58899       319.25949      -1878.6187    
    852.78003       305.50467      -1878.4899    
    857.76086       291.67264      -1878.3466    
    862.53052       277.76694      -1878.1884    
    867.08807       263.79071      -1878.0151    
    871.43213       249.74799      -1877.8273    
    841.48431       332.65277      -1879.4913    
    846.86768       318.98331      -1879.3910    
    852.05597       305.23871      -1879.2612    
    857.04877       291.42209      -1879.1014    
    861.84393       277.53696      -1878.9124    
    866.44147       263.58594      -1878.6934    
    870.83936       249.57315      -1878.4452    
    840.63550       332.31482      -1880.4049    
    846.00647       318.65350      -1880.3132    
    851.19641       304.92282      -1880.1770    
    856.20483       291.12543      -1879.9960    
    861.03003       277.26459      -1879.7706    
    865.67151       263.34283      -1879.5007    
    870.12811       249.36382      -1879.1866    
    839.61145       331.90652      -1881.5073    
    844.97510       318.25833      -1881.4176    
    850.17206       304.54620      -1881.2683    
    855.20099       290.77267      -1881.0599    
    860.06116       276.94067      -1880.7921    
    864.75146       263.05292      -1880.4653    
    869.27148       249.11227      -1880.0793    
    838.37372       331.41302      -1882.8398    
    843.73627       317.78354      -1882.7443    
    848.94611       304.09549      -1882.5745    
    854.00189       290.35153      -1882.3307    
    858.90277       276.55423      -1882.0132    
    863.64844       262.70587      -1881.6216    
    868.23810       248.80936      -1881.1562    
    836.87567       330.81537      -1884.4526    
    842.24445       317.21146      -1884.3420    
    847.47418       303.55450      -1884.1426    
    852.56445       289.84698      -1883.8541    
    857.51416       276.09119      -1883.4769    
    862.32269       262.28931      -1883.0112    
    866.98938       248.44382      -1882.4573    
    835.06024       330.09100      -1886.4072    
    840.44397       316.52084      -1886.2704    
    845.70325       302.90347      -1886.0294    
    850.83691       289.24081      -1885.6848    
    855.84424       275.53494      -1885.2369    
    860.72449       261.78793      -1884.6862    
    865.47742       248.00185      -1884.0325    
    528.25342       151.75293      -1519.9099    
    538.09845       154.56438      -1530.1479    
    548.03705       157.40248      -1540.4834    
    557.83417       160.20021      -1550.6718    
    567.81812       163.05133      -1561.0543    
    577.56982       165.83606      -1571.1954    
    587.60162       168.70081      -1581.6278    
    597.30511       171.47177      -1591.7189    
    607.38251       174.34959      -1602.1987    
    617.03876       177.10710      -1612.2406    
    627.16345       179.99829      -1622.7697    
    636.77533       182.74318      -1632.7654    
    646.94800       185.64812      -1643.3444    
    656.51135       188.37914      -1653.2897    
    666.73016       191.29723      -1663.9166    
    676.24854       194.01540      -1673.8153    
    684.94922       197.64220      -1683.2043    
    695.58356       197.91417      -1693.4419    
    704.68939       203.31267      -1703.7422    
    714.03711       204.80647      -1713.1133    
    723.55298       207.52391      -1723.0093    
    733.77197       210.44217      -1733.6366    
    743.33752       213.17371      -1743.5842    
    753.51056       216.07878      -1754.1637    
    763.12158       218.82338      -1764.1587    
    773.24677       221.71480      -1774.6884    
    782.90442       224.47264      -1784.7318    
    792.98517       227.35126      -1795.2153    
    802.68964       230.12262      -1805.3075    
    812.71967       232.98688      -1815.7383    
    822.47162       235.77165      -1825.8799    
    832.45551       238.62274      -1836.2627    
    842.25555       241.42128      -1846.4542    
    852.19269       244.25903      -1856.7885    
    862.03711       247.07019      -1867.0262    
    525.54187       160.19153      -1519.9668    
    535.31653       163.15665      -1530.1809    
    545.09100       166.12169      -1540.3948    
    554.86414       169.08641      -1550.6073    
    564.63745       172.05113      -1560.8201    
    574.41211       175.01610      -1571.0342    
    584.18634       177.98119      -1581.2479    
    593.95953       180.94583      -1591.4604    
    603.73297       183.91064      -1601.6733    
    613.50562       186.87520      -1611.8855    
    623.27936       189.84009      -1622.0986    
    633.05438       192.80519      -1632.3132    
    642.82886       195.77020      -1642.5272    
    652.60266       198.73509      -1652.7406    
    662.37640       201.69997      -1662.9539    
    672.15131       204.66512      -1673.1683    
    681.92627       207.63028      -1683.3828    
    691.70013       210.59514      -1693.5962    
    701.47424       213.56010      -1703.8099    
    711.24811       216.52505      -1714.0233    
    721.02075       219.48958      -1724.2355    
    730.79529       222.45464      -1734.4497    
    740.57056       225.41992      -1744.6646    
    750.34546       228.38512      -1754.8792    
    760.12000       231.35011      -1765.0933    
    769.89380       234.31500      -1775.3066    
    779.66809       237.28000      -1785.5205    
    789.44366       240.24527      -1795.7357    
    799.21808       243.21027      -1805.9498    
    808.99084       246.17487      -1816.1621    
    818.76532       249.13995      -1826.3762    
    828.53827       252.10455      -1836.5887    
    838.31439       255.07001      -1846.8046    
    848.08771       258.03476      -1857.0176    
    857.86133       260.99951      -1867.2308    
    522.76465       168.60654      -1520.0970    
    532.48938       171.73114      -1530.3110    
    542.21423       174.85583      -1540.5253    
    551.93781       177.98009      -1550.7380    
    561.66119       181.10429      -1560.9508    
    571.38599       184.22893      -1571.1649    
    581.11047       187.35344      -1581.3787    
    590.83392       190.47771      -1591.5914    
    600.55750       193.60196      -1601.8043    
    610.28070       196.72612      -1612.0168    
    620.00464       199.85054      -1622.2301    
    629.72961       202.97522      -1632.4446    
    639.45416       206.09976      -1642.6584    
    649.17798       209.22403      -1652.8716    
    658.90228       212.34857      -1663.0853    
    668.62683       215.47307      -1673.2993    
    678.35211       218.59778      -1683.5140    
    688.07635       221.72224      -1693.7277    
    697.80084       224.84692      -1703.9417    
    707.52496       227.97141      -1714.1553    
    717.24786       231.09547      -1724.3676    
    726.97229       234.22000      -1734.5814    
    736.69794       237.34480      -1744.7965    
    746.42297       240.46948      -1755.0110    
    756.14728       243.59390      -1765.2247    
    765.87152       246.71840      -1775.4385    
    775.59583       249.84290      -1785.6522    
    785.32111       252.96753      -1795.8669    
    795.04572       256.09210      -1806.0811    
    804.76904       259.21643      -1816.2939    
    814.49353       262.34082      -1826.5078    
    824.21661       265.46503      -1836.7203    
    833.94269       268.59000      -1846.9359    
    843.66656       271.71442      -1857.1493    
    853.38989       274.83847      -1867.3621    
    519.85187       176.97552      -1520.2271    
    529.52448       180.25896      -1530.4414    
    539.19690       183.54227      -1540.6556    
    548.86792       186.82523      -1550.8684    
    558.53912       190.10812      -1561.0814    
    568.21112       193.39130      -1571.2952    
    577.88330       196.67459      -1581.5092    
    587.55469       199.95772      -1591.7224    
    597.22595       203.24062      -1601.9354    
    606.89673       206.52348      -1612.1479    
    616.56873       209.80670      -1622.3618    
    626.24091       213.08990      -1632.5758    
    635.91278       216.37312      -1642.7896    
    645.58453       219.65627      -1653.0032    
    655.25641       222.93938      -1663.2169    
    664.92865       226.22266      -1673.4310    
    674.60095       229.50591      -1683.6453    
    684.27277       232.78905      -1693.8589    
    693.94519       236.07246      -1704.0732    
    703.61719       239.35570      -1714.2872    
    713.28784       242.63846      -1724.4996    
    722.95959       245.92163      -1734.7134    
    732.63275       249.20525      -1744.9285    
    742.30536       252.48856      -1755.1429    
    751.97705       255.77164      -1765.3566    
    761.64893       259.05481      -1775.5703    
    771.32050       262.33783      -1785.7838    
    780.99329       265.62112      -1795.9985    
    790.66522       268.90436      -1806.2124    
    800.33655       272.18732      -1816.4257    
    810.00830       275.47052      -1826.6393    
    819.67950       278.75342      -1836.8524    
    829.35266       282.03690      -1847.0675    
    839.02405       285.31998      -1857.2809    
    848.69489       288.60275      -1867.4935    
    516.80450       185.29645      -1520.3571    
    526.42206       188.73773      -1530.5715    
    536.03943       192.17892      -1540.7858    
    545.65582       195.61972      -1550.9990    
    555.27191       199.06042      -1561.2119    
    564.88885       202.50143      -1571.4257    
    574.50629       205.94263      -1581.6400    
    584.12225       209.38330      -1591.8529    
    593.73907       212.82428      -1602.0665    
    603.35486       216.26491      -1612.2792    
    612.97192       219.70605      -1622.4932    
    622.58905       223.14706      -1632.7072    
    632.20605       226.58803      -1642.9211    
    641.82288       230.02901      -1653.1349    
    651.43958       233.46988      -1663.3484    
    661.05670       236.91095      -1673.5625    
    670.67377       240.35199      -1683.7765    
    680.29077       243.79300      -1693.9905    
    689.90808       247.23428      -1704.2048    
    699.52521       250.67543      -1714.4189    
    709.14117       254.11600      -1724.6317    
    718.75812       257.55692      -1734.8456    
    728.37604       260.99832      -1745.0605    
    737.99329       264.43945      -1755.2748    
    747.61011       267.88034      -1765.4885    
    757.22681       271.32123      -1775.7021    
    766.84320       274.76205      -1785.9154    
    776.46063       278.20319      -1796.1299    
    786.07764       281.64410      -1806.3439    
    795.69403       285.08505      -1816.5573    
    805.31061       288.52591      -1826.7708    
    814.92682       291.96661      -1836.9839    
    824.54474       295.40799      -1847.1989    
    834.16125       298.84888      -1857.4124    
    843.77692       302.28937      -1867.6249    
    513.62347       193.56723      -1520.4873    
    523.18323       197.16541      -1530.7017    
    532.74347       200.76357      -1540.9164    
    542.30225       204.36127      -1551.1296    
    551.86053       207.95882      -1561.3424    
    561.41980       211.55658      -1571.5562    
    570.97968       215.15472      -1581.7706    
    580.53839       218.75230      -1591.9838    
    590.09753       222.35022      -1602.1975    
    599.65613       225.94791      -1612.4106    
    609.21582       229.54582      -1622.6248    
    618.77509       233.14374      -1632.8386    
    628.33411       236.74144      -1643.0521    
    637.89362       240.33942      -1653.2662    
    647.45264       243.93719      -1663.4797    
    657.01227       247.53511      -1673.6940    
    666.57153       251.13290      -1683.9077    
    676.13080       254.73085      -1694.1216    
    685.69110       258.32916      -1704.3365    
    695.25061       261.92712      -1714.5507    
    704.80884       265.52466      -1724.7634    
    714.36816       269.12247      -1734.9773    
    723.92865       272.72070      -1745.1924    
    733.48828       276.31873      -1755.4066    
    743.04736       279.91660      -1765.6202    
    752.60651       283.51437      -1775.8340    
    762.16541       287.11197      -1786.0474    
    771.72443       290.70975      -1796.2610    
    781.28381       294.30765      -1806.4750    
    790.84308       297.90558      -1816.6888    
    800.40204       301.50330      -1826.9023    
    809.96075       305.10089      -1837.1156    
    819.52069       308.69897      -1847.3302    
    829.08032       312.29694      -1857.5443    
    838.63800       315.89426      -1867.7566    
    510.37674       201.81229      -1520.6901    
    519.89935       205.57541      -1530.9292    
    529.51251       209.37422      -1541.2656    
    538.98865       213.11894      -1551.4547    
    548.64508       216.93491      -1561.8378    
    558.07629       220.66177      -1571.9785    
    567.77997       224.49643      -1582.4124    
    577.16510       228.20518      -1592.5035    
    586.91321       232.05740      -1602.9851    
    596.25348       235.74844      -1613.0282    
    606.04724       239.61864      -1623.5588    
    615.34247       243.29179      -1633.5535    
    625.18048       247.17952      -1644.1317    
    634.43134       250.83519      -1654.0786    
    644.31488       254.74084      -1664.7058    
    653.51959       258.37833      -1674.6031    
    662.65454       260.80707      -1683.9669    
    671.19812       267.04190      -1694.2653    
    681.76874       268.32614      -1704.5068    
    690.07086       272.82242      -1713.9047    
    699.27515       276.45966      -1723.8014    
    709.15826       280.36517      -1734.4282    
    718.40997       284.02121      -1744.3761    
    728.24866       287.90912      -1754.9550    
    737.54395       291.58231      -1764.9497    
    747.33710       295.45227      -1775.4797    
    756.67700       299.14322      -1785.5225    
    766.42462       302.99518      -1796.0035    
    775.81073       306.70422      -1806.0958    
    785.51361       310.53857      -1816.5288    
    794.94452       314.26535      -1826.6693    
    804.60126       318.08148      -1837.0527    
    814.07837       321.82651      -1847.2429    
    823.69073       325.62500      -1857.5785    
    833.21100       329.38715      -1867.8152    
    310.33112       117.66456      -1304.1110    
    309.90747       116.77514      -1304.8217    
    309.01990       116.43867      -1305.7709    
    307.94366       116.03040      -1306.9220    
    306.63779       115.53471      -1308.3187    
    305.05197       114.93250      -1310.0150    
    303.06729       114.89169      -1311.8860    
    314.28128       106.95131      -1304.0192    
    313.47775       106.67480      -1304.8689    
    312.60321       106.37369      -1305.7938    
    311.54553       106.00941      -1306.9125    
    310.26431       105.56798      -1308.2676    
    308.71057       105.03246      -1309.9110    
    306.51868       104.27685      -1312.2295    
    317.59647       96.023003      -1304.2050    
    316.77328       96.482521      -1304.8593    
    315.93115       96.223160      -1305.7405    
    314.91098       95.909065      -1306.8079    
    313.67303       95.527924      -1308.1031    
    312.17044       95.065384      -1309.6753    
    310.73471       93.926964      -1311.3798    
    515.47382       155.82436      -1505.6967    
    514.34283       156.38942      -1506.5675    
    513.32043       156.07339      -1507.6379    
    512.08405       155.69136      -1508.9324    
    510.58774       155.22923      -1510.4988    
    508.77481       154.66946      -1512.3965    
    506.87958       153.18639      -1514.6886    
    509.29938       173.10904      -1505.0247    
    508.30893       172.76695      -1506.0730    
    507.23853       172.39735      -1507.2058    
    505.94647       171.95094      -1508.5732    
    504.38602       171.41168      -1510.2250    
    502.49808       170.75925      -1512.2231    
    499.84015       169.84053      -1515.0365    
    502.32327       190.09065      -1504.4332    
    501.75644       188.94124      -1505.4315    
    500.67068       188.52905      -1506.5930    
    499.35593       188.02942      -1507.9998    
    497.76407       187.42426      -1509.7031    
    495.83438       186.69037      -1511.7682    
    493.15115       186.58847      -1514.2532    
    506.15714       153.01823      -1494.6888    
    501.49957       170.46419      -1495.5677    
    493.36829       186.70668      -1493.4487    
    495.96780       150.82446      -1484.5193    
    490.46289       166.71956      -1484.1576    
    484.06110       182.28871      -1483.3965    
    485.88486       147.76645      -1474.2014    
    480.72745       163.41620      -1474.0917    
    474.25485       178.59930      -1473.1511    
    475.90051       144.74068      -1464.3235    
    470.85358       160.06885      -1464.1755    
    464.58780       174.96472      -1463.2914    
    465.55380       141.60548      -1454.1021    
    460.97229       156.71971      -1454.2623    
    454.57874       171.20184      -1453.0811    
    455.68347       138.61438      -1444.2847    
    451.12030       153.38002      -1444.3243    
    445.03232       167.61258      -1443.2731    
    445.42703       135.50414      -1433.7917    
    441.38379       150.07700      -1434.2584    
    435.06067       163.86136      -1432.8428    
    435.77386       132.57668      -1423.9159    
    431.64584       146.77307      -1424.1909    
    425.67874       160.33182      -1423.0292    
    426.27328       131.13463      -1414.5953    
    421.90894       143.46951      -1414.1245    
    417.36630       155.73343      -1413.8418    
    417.30270       125.00767      -1404.4807    
    412.17279       140.16611      -1404.0588    
    406.47034       155.11697      -1403.6166    
    406.36414       125.02928      -1394.2078    
    402.43546       136.86240      -1393.9921    
    397.96228       148.50258      -1393.5687    
    397.68427       121.02554      -1384.9481    
    392.69727       133.55852      -1383.9243    
    388.65668       146.40398      -1384.3036    
    388.03217       118.09842      -1375.0734    
    382.96024       130.25487      -1373.8578    
    379.27472       142.87442      -1374.4899    
    377.77420       114.98756      -1364.5789    
    373.22342       126.95127      -1363.7914    
    369.30411       139.12341      -1364.0605    
    368.03580       112.03422      -1354.6160    
    363.48645       123.64769      -1353.7250    
    359.83807       135.56221      -1354.1589    
    357.86398       108.94946      -1344.2096    
    353.74896       120.34390      -1343.6578    
    349.95142       131.84274      -1343.8173    
    348.03702       105.96938      -1334.1560    
    344.01083       117.03998      -1333.5901    
    340.40094       128.24991      -1333.8274    
    337.95258       102.91111      -1323.8390    
    334.27417       113.73644      -1323.5239    
    330.59863       124.56219      -1323.5740    
    329.20084       99.518463      -1314.6841    
    323.23990       109.99261      -1312.1161    
    321.64578       121.94909      -1314.4618    
    510.26199       137.24193      -1495.6058    
    500.24533       134.55797      -1485.4496    
    490.04718       131.82538      -1475.1234    
    479.97025       129.12527      -1465.2174    
    469.51480       126.32375      -1454.9805    
    459.56274       123.65710      -1445.1232    
    449.17200       120.87291      -1434.6423    
    439.41647       118.25893      -1424.7512    
    430.17859       115.78365      -1415.5176    
    420.24524       113.12201      -1405.1635    
    410.03418       110.38597      -1395.0919    
    400.92365       107.94481      -1385.7230    
    391.16937       105.33116      -1375.8333    
    380.80322       102.55356      -1365.3231    
    370.96149       99.916473      -1355.3445    
    360.68204       97.162102      -1344.9219    
    350.75079       94.501030      -1334.8523    
    340.55981       91.770370      -1324.5198    
    330.54526       89.086975      -1314.3657    
    509.62424       137.07104      -1496.5350    
    499.65414       134.39957      -1486.4209    
    489.67859       131.72662      -1476.3118    
    479.58670       129.02251      -1466.3309    
    469.47015       126.31179      -1456.3699    
    459.40002       123.61351      -1446.3647    
    449.40491       120.93532      -1436.2808    
    439.43390       118.26360      -1426.1658    
    429.46368       115.59209      -1416.0513    
    419.49475       112.92092      -1405.9385    
    409.52423       110.24933      -1395.8235    
    399.55261       107.57744      -1385.7075    
    389.58255       104.90596      -1375.5933    
    379.61279       102.23458      -1365.4792    
    369.64264       99.563087      -1355.3647    
    359.67209       96.891479      -1345.2495    
    349.70050       94.219604      -1335.1335    
    339.73093       91.548264      -1325.0198    
    329.76251       88.877235      -1314.9071    
    508.68759       136.82007      -1497.5049    
    498.72168       134.14970      -1487.3860    
    488.75128       131.47815      -1477.2722    
    478.68381       128.78058      -1467.2646    
    468.59576       126.07750      -1457.2747    
    458.54657       123.38483      -1447.2466    
    448.55972       120.70885      -1437.1536    
    438.59314       118.03832      -1427.0347    
    428.62698       115.36789      -1416.9155    
    418.66217       112.69782      -1406.7982    
    408.69583       110.02735      -1396.6793    
    398.72861       107.35664      -1386.5596    
    388.76273       104.68629      -1376.4409    
    378.79709       102.01601      -1366.3225    
    368.83115       99.345642      -1356.2041    
    358.86478       96.675163      -1346.0851    
    348.89743       94.004425      -1335.9653    
    338.93210       91.334221      -1325.8469    
    328.96759       88.664238      -1315.7297    
    507.54648       136.51430      -1498.6860    
    497.58643       133.84552      -1488.5615    
    487.62262       131.17574      -1478.4414    
    477.58130       128.48517      -1468.4058    
    467.52359       125.79021      -1458.3835    
    457.49680       123.10353      -1448.3319    
    447.51993       120.43024      -1438.2280    
    437.55923       117.76128      -1428.1031    
    427.59897       115.09244      -1417.9784    
    417.63980       112.42388      -1407.8546    
    407.67935       109.75499      -1397.7300    
    397.71823       107.08591      -1387.6042    
    387.75806       104.41710      -1377.4797    
    377.79825       101.74837      -1367.3555    
    367.83810       99.079559      -1357.2312    
    357.87772       96.410683      -1347.1062    
    347.91653       93.741592      -1336.9810    
    337.95676       91.072884      -1326.8571    
    327.99789       88.404404      -1316.7335    
    506.15619       136.14178      -1500.1257    
    496.20398       133.47510      -1489.9932    
    486.24896       130.80766      -1479.8636    
    476.23572       128.12462      -1469.7976    
    466.21017       125.43827      -1459.7426    
    456.20798       122.75819      -1449.6647    
    446.24301       120.08809      -1439.5477    
    436.29044       117.42130      -1429.4148    
    426.33792       114.75454      -1419.2822    
    416.38638       112.08803      -1409.1503    
    406.43381       109.42125      -1399.0173    
    396.48074       106.75433      -1388.8846    
    386.52850       104.08764      -1378.7521    
    376.57635       101.42097      -1368.6200    
    366.62399       98.754242      -1358.4874    
    356.67154       96.087494      -1348.3550    
    346.71838       93.420547      -1338.2217    
    336.76642       90.753929      -1328.0895    
    326.81497       88.087440      -1317.9578    
    504.46225       135.68790      -1501.8795    
    494.52026       133.02394      -1491.7365    
    484.57632       130.35948      -1481.5956    
    474.59384       127.68468      -1471.4976    
    464.60291       125.00761      -1461.4059    
    454.62750       122.33471      -1451.2991    
    444.67712       119.66851      -1441.1665    
    434.73477       117.00447      -1431.0232    
    424.79266       114.34049      -1420.8801    
    414.85104       111.67664      -1410.7375    
    404.90891       109.01266      -1400.5947    
    394.96640       106.34857      -1390.4514    
    385.02435       103.68461      -1380.3086    
    375.08240       101.02067      -1370.1656    
    365.14038       98.356712      -1360.0227    
    355.19821       95.692711      -1349.8795    
    345.25562       93.028603      -1339.7362    
    335.31381       90.364700      -1329.5935    
    325.37234       87.700897      -1319.4510    
    502.26730       135.09976      -1503.8833    
    492.29504       132.42770      -1493.6821    
    482.14755       129.70869      -1483.3042    
    472.24118       127.05428      -1473.2156    
    461.98239       124.30544      -1462.7732    
    452.16837       121.67578      -1452.7678    
    441.84430       118.90946      -1442.2144    
    432.13297       116.30732      -1432.2805    
    423.18066       113.90855      -1422.7528    
    412.66602       111.09116      -1412.9977    
    403.12164       108.53376      -1402.2390    
    393.81116       106.03902      -1393.0801    
    384.10019       103.43697      -1383.1465    
    373.77951       100.67156      -1372.5891    
    363.98132       98.046143      -1362.5667    
    353.74759       95.304016      -1352.0981    
    343.86218       92.655228      -1341.9856    
    333.71570       89.936485      -1331.6067    
    323.74365       87.264488      -1321.4060    

POLYGONS    8384   33536
        3       0      81    1106
        3     109       0    1106
        3      81      80    1106
        3    1107    1106      80
        3      80      79    1108
        3    1107      80    1108
        3      79      78    1108
        3    1109    1108      78
        3      78      77    1110
        3    1109      78    1110
        3      77      76    1110
        3    1111    1110      76
        3      76      75    1112
        3    1111      76    1112
        3      75      74    1112
        3    1113    1112      74
        3      74      73    1114
        3    1113      74    1114
        3    1114      73    1115
        3      73      72    1115
        3    1116    1115      72
        3    1238     117       7
        3      72      71    1116
        3    1117    1116      71
        3      71      70    1118
        3    1117      71    1118
        3      70      69    1118
        3    1119    1118      69
        3      69      68    1120
        3    1119      69    1120
        3      68      67    1120
        3    1121    1120      67
        3      67      66    1122
        3    1121      67    1122
        3      66      65    1122
        3    1123    1122      65
        3      65      64    1124
        3    1123      65    1124
        3      64       2    1124
        3     123    1124       2
        3     109    1106     108
        3    1125     108    1106
        3    1106    1107    1126
        3    1125    1106    1126
        3    1107    1108    1126
        3    1127    1126    1108
        3    1108    1109    1128
        3    1127    1108    1128
        3    1109    1110    1128
        3    1129    1128    1110
        3    1110    1111    1130
        3    1129    1110    1130
        3    1111    1112    1130
        3    1131    1130    1112
        3    1112    1113    1132
        3    1131    1112    1132
        3    1113    1114    1132
        3    1133    1132    1114
        3    1114    1115    1134
        3    1133    1114    1134
        3    1115    1116    1134
        3    1135    1134    1116
        3    1116    1117    1136
        3    1135    1116    1136
        3    1117    1118    1136
        3    1137    1136    1118
        3    1118    1119    1138
        3    1137    1118    1138
        3    1119    1120    1138
        3    1139    1138    1120
        3    1120    1121    1140
        3    1139    1120    1140
        3    1121    1122    1140
        3    1141    1140    1122
        3    1122    1123    1142
        3    1141    1122    1142
        3    1123    1124    1142
        3    1143    1142    1124
        3    1124     123     122
        3    1143    1124     122
        3     108    1125    1144
        3     107     108    1144
        3    1125    1126    1144
        3    1145    1144    1126
        3    1126    1127    1146
        3    1145    1126    1146
        3    1127    1128    1146
        3    1147    1146    1128
        3    1128    1129    1148
        3    1147    1128    1148
        3    1129    1130    1148
        3    1149    1148    1130
        3    1130    1131    1150
        3    1149    1130    1150
        3    1131    1132    1150
        3    1151    1150    1132
        3    1132    1133    1152
        3    1151    1132    1152
        3    1133    1134    1152
        3    1153    1152    1134
        3    1134    1135    1154
        3    1153    1134    1154
        3    1135    1136    1154
        3    1155    1154    1136
        3    1136    1137    1156
        3    1155    1136    1156
        3    1137    1138    1156
        3    1157    1156    1138
        3    1138    1139    1158
        3    1157    1138    1158
        3    1139    1140    1158
        3    1159    1158    1140
        3    1140    1141    1160
        3    1159    1140    1160
        3    1141    1142    1160
        3    1161    1160    1142
        3    1142    1143    1162
        3    1161    1142    1162
        3    1143     122    1162
        3     121    1162     122
        3     107    1144     106
        3    1163     106    1144
        3    1144    1145    1164
        3    1163    1144    1164
        3    1145    1146    1164
        3    1165    1164    1146
        3    1146    1147    1166
        3    1165    1146    1166
        3    1147    1148    1166
        3    1167    1166    1148
        3    1148    1149    1168
        3    1167    1148    1168
        3    1149    1150    1168
        3    1169    1168    1150
        3    1150    1151    1170
        3    1169    1150    1170
        3    1151    1152    1170
        3    1171    1170    1152
        3    1152    1153    1172
        3    1171    1152    1172
        3    1153    1154    1172
        3    1173    1172    1154
        3    1154    1155    1174
        3    1173    1154    1174
        3    1155    1156    1174
        3    1175    1174    1156
        3    1156    1157    1176
        3    1175    1156    1176
        3    1157    1158    1176
        3    1177    1176    1158
        3    1158    1159    1178
        3    1177    1158    1178
        3    1159    1160    1178
        3    1179    1178    1160
        3    1160    1161    1180
        3    1179    1160    1180
        3    1161    1162    1180
        3    1181    1180    1162
        3    1162     121     120
        3    1181    1162     120
        3     106    1163    1182
        3     105     106    1182
        3    1163    1164    1182
        3    1183    1182    1164
        3    1164    1165    1184
        3    1183    1164    1184
        3    1165    1166    1184
        3    1185    1184    1166
        3    1166    1167    1186
        3    1185    1166    1186
        3    1167    1168    1186
        3    1187    1186    1168
        3    1168    1169    1188
        3    1187    1168    1188
        3    1169    1170    1188
        3    1189    1188    1170
        3    1170    1171    1190
        3    1189    1170    1190
        3    1171    1172    1190
        3    1191    1190    1172
        3    1172    1173    1192
        3    1191    1172    1192
        3    1173    1174    1192
        3    1193    1192    1174
        3    1174    1175    1194
        3    1193    1174    1194
        3    1175    1176    1194
        3    1195    1194    1176
        3    1176    1177    1196
        3    1195    1176    1196
        3    1177    1178    1196
        3    1197    1196    1178
        3    1178    1179    1198
        3    1197    1178    1198
        3    1179    1180    1198
        3    1199    1198    1180
        3    1180    1181    1200
        3    1199    1180    1200
        3    1181     120    1200
        3     119    1200     120
        3     105    1182     104
        3    1201     104    1182
        3    1182    1183    1202
        3    1201    1182    1202
        3    1183    1184    1202
        3    1203    1202    1184
        3    1184    1185    1204
        3    1203    1184    1204
        3    1185    1186    1204
        3    1205    1204    1186
        3    1186    1187    1206
        3    1205    1186    1206
        3    1187    1188    1206
        3    1207    1206    1188
        3    1188    1189    1208
        3    1207    1188    1208
        3    1189    1190    1208
        3    1209    1208    1190
        3    1190    1191    1210
        3    1209    1190    1210
        3    1191    1192    1210
        3    1211    1210    1192
        3    1192    1193    1212
        3    1211    1192    1212
        3    1193    1194    1212
        3    1213    1212    1194
        3    1194    1195    1214
        3    1213    1194    1214
        3    1195    1196    1214
        3    1215    1214    1196
        3    1196    1197    1216
        3    1215    1196    1216
        3    1197    1198    1216
        3    1217    1216    1198
        3    1198    1199    1218
        3    1217    1198    1218
        3    1199    1200    1218
        3    1219    1218    1200
        3    1200     119     118
        3    1219    1200     118
        3     104    1201    1220
        3     103     104    1220
        3    1201    1202    1220
        3    1221    1220    1202
        3    1202    1203    1222
        3    1221    1202    1222
        3    1203    1204    1222
        3    1223    1222    1204
        3    1204    1205    1224
        3    1223    1204    1224
        3    1205    1206    1224
        3    1225    1224    1206
        3    1206    1207    1226
        3    1225    1206    1226
        3    1207    1208    1226
        3    1227    1226    1208
        3    1208    1209    1228
        3    1227    1208    1228
        3    1209    1210    1228
        3    1229    1228    1210
        3    1210    1211    1230
        3    1229    1210    1230
        3    1211    1212    1230
        3    1231    1230    1212
        3    1212    1213    1232
        3    1231    1212    1232
        3    1213    1214    1232
        3    1233    1232    1214
        3    1214    1215    1234
        3    1233    1214    1234
        3    1215    1216    1234
        3    1235    1234    1216
        3    1216    1217    1236
        3    1235    1216    1236
        3    1217    1218    1236
        3    1237    1236    1218
        3    1218    1219    1238
        3    1237    1218    1238
        3    1219     118    1238
        3     117    1238     118
        3     103    1220       5
        3     141       5    1220
        3    1220    1221     140
        3     141    1220     140
        3    1221    1222     140
        3     139     140    1222
        3    1222    1223     138
        3     139    1222     138
        3    1223    1224     138
        3     137     138    1224
        3    1224    1225     136
        3     137    1224     136
        3    1225    1226     136
        3     135     136    1226
        3    1226    1227     134
        3     135    1226     134
        3    1227    1228     134
        3     133     134    1228
        3     132     133    1229
        3    1228    1229     133
        3     124    1238       7
        3    1229    1230     132
        3    1230    1231     131
        3     132    1230     131
        3    1231    1232     131
        3     130     131    1232
        3    1232    1233     129
        3     130    1232     129
        3    1233    1234     129
        3     128     129    1234
        3    1234    1235     127
        3     128    1234     127
        3    1235    1236     127
        3     126     127    1236
        3    1236    1237     125
        3     126    1236     125
        3    1237    1238     125
        3     124     125    1238
        3       9     173    1239
        3     155       9    1239
        3     173     172    1239
        3    1240    1239     172
        3     172     171    1241
        3    1240     172    1241
        3     171     170    1241
        3    1242    1241     170
        3     170     169    1243
        3    1242     170    1243
        3     169     168    1243
        3    1244    1243     168
        3     168     167    1245
        3    1244     168    1245
        3     167     166    1245
        3    1246    1245     166
        3     166     165    1247
        3    1246     166    1247
        3    1247     165    1248
        3     165     164    1248
        3    1249    1248     164
        3    1371     148       3
        3     164     163    1249
        3    1250    1249     163
        3     163     162    1251
        3    1250     163    1251
        3     162     161    1251
        3    1252    1251     161
        3     161     160    1253
        3    1252     161    1253
        3     160     159    1253
        3    1254    1253     159
        3     159     158    1255
        3    1254     159    1255
        3     158     157    1255
        3    1256    1255     157
        3     157     156    1257
        3    1256     157    1257
        3     156       8    1257
        3     142    1257       8
        3     155    1239     154
        3    1258     154    1239
        3    1239    1240    1259
        3    1258    1239    1259
        3    1240    1241    1259
        3    1260    1259    1241
        3    1241    1242    1261
        3    1260    1241    1261
        3    1242    1243    1261
        3    1262    1261    1243
        3    1243    1244    1263
        3    1262    1243    1263
        3    1244    1245    1263
        3    1264    1263    1245
        3    1245    1246    1265
        3    1264    1245    1265
        3    1246    1247    1265
        3    1266    1265    1247
        3    1247    1248    1267
        3    1266    1247    1267
        3    1248    1249    1267
        3    1268    1267    1249
        3    1249    1250    1269
        3    1268    1249    1269
        3    1250    1251    1269
        3    1270    1269    1251
        3    1251    1252    1271
        3    1270    1251    1271
        3    1252    1253    1271
        3    1272    1271    1253
        3    1253    1254    1273
        3    1272    1253    1273
        3    1254    1255    1273
        3    1274    1273    1255
        3    1255    1256    1275
        3    1274    1255    1275
        3    1256    1257    1275
        3    1276    1275    1257
        3    1257     142     143
        3    1276    1257     143
        3     154    1258    1277
        3     153     154    1277
        3    1258    1259    1277
        3    1278    1277    1259
        3    1259    1260    1279
        3    1278    1259    1279
        3    1260    1261    1279
        3    1280    1279    1261
        3    1261    1262    1281
        3    1280    1261    1281
        3    1262    1263    1281
        3    1282    1281    1263
        3    1263    1264    1283
        3    1282    1263    1283
        3    1264    1265    1283
        3    1284    1283    1265
        3    1265    1266    1285
        3    1284    1265    1285
        3    1266    1267    1285
        3    1286    1285    1267
        3    1267    1268    1287
        3    1286    1267    1287
        3    1268    1269    1287
        3    1288    1287    1269
        3    1269    1270    1289
        3    1288    1269    1289
        3    1270    1271    1289
        3    1290    1289    1271
        3    1271    1272    1291
        3    1290    1271    1291
        3    1272    1273    1291
        3    1292    1291    1273
        3    1273    1274    1293
        3    1292    1273    1293
        3    1274    1275    1293
        3    1294    1293    1275
        3    1275    1276    1295
        3    1294    1275    1295
        3    1276     143    1295
        3     144    1295     143
        3     153    1277     152
        3    1296     152    1277
        3    1277    1278    1297
        3    1296    1277    1297
        3    1278    1279    1297
        3    1298    1297    1279
        3    1279    1280    1299
        3    1298    1279    1299
        3    1280    1281    1299
        3    1300    1299    1281
        3    1281    1282    1301
        3    1300    1281    1301
        3    1282    1283    1301
        3    1302    1301    1283
        3    1283    1284    1303
        3    1302    1283    1303
        3    1284    1285    1303
        3    1304    1303    1285
        3    1285    1286    1305
        3    1304    1285    1305
        3    1286    1287    1305
        3    1306    1305    1287
        3    1287    1288    1307
        3    1306    1287    1307
        3    1288    1289    1307
        3    1308    1307    1289
        3    1289    1290    1309
        3    1308    1289    1309
        3    1290    1291    1309
        3    1310    1309    1291
        3    1291    1292    1311
        3    1310    1291    1311
        3    1292    1293    1311
        3    1312    1311    1293
        3    1293    1294    1313
        3    1312    1293    1313
        3    1294    1295    1313
        3    1314    1313    1295
        3    1295     144     145
        3    1314    1295     145
        3     152    1296    1315
        3     151     152    1315
        3    1296    1297    1315
        3    1316    1315    1297
        3    1297    1298    1317
        3    1316    1297    1317
        3    1298    1299    1317
        3    1318    1317    1299
        3    1299    1300    1319
        3    1318    1299    1319
        3    1300    1301    1319
        3    1320    1319    1301
        3    1301    1302    1321
        3    1320    1301    1321
        3    1302    1303    1321
        3    1322    1321    1303
        3    1303    1304    1323
        3    1322    1303    1323
        3    1304    1305    1323
        3    1324    1323    1305
        3    1305    1306    1325
        3    1324    1305    1325
        3    1306    1307    1325
        3    1326    1325    1307
        3    1307    1308    1327
        3    1326    1307    1327
        3    1308    1309    1327
        3    1328    1327    1309
        3    1309    1310    1329
        3    1328    1309    1329
        3    1310    1311    1329
        3    1330    1329    1311
        3    1311    1312    1331
        3    1330    1311    1331
        3    1312    1313    1331
        3    1332    1331    1313
        3    1313    1314    1333
        3    1332    1313    1333
        3    1314     145    1333
        3     146    1333     145
        3     151    1315     150
        3    1334     150    1315
        3    1315    1316    1335
        3    1334    1315    1335
        3    1316    1317    1335
        3    1336    1335    1317
        3    1317    1318    1337
        3    1336    1317    1337
        3    1318    1319    1337
        3    1338    1337    1319
        3    1319    1320    1339
        3    1338    1319    1339
        3    1320    1321    1339
        3    1340    1339    1321
        3    1321    1322    1341
        3    1340    1321    1341
        3    1322    1323    1341
        3    1342    1341    1323
        3    1323    1324    1343
        3    1342    1323    1343
        3    1324    1325    1343
        3    1344    1343    1325
        3    1325    1326    1345
        3    1344    1325    1345
        3    1326    1327    1345
        3    1346    1345    1327
        3    1327    1328    1347
        3    1346    1327    1347
        3    1328    1329    1347
        3    1348    1347    1329
        3    1329    1330    1349
        3    1348    1329    1349
        3    1330    1331    1349
        3    1350    1349    1331
        3    1331    1332    1351
        3    1350    1331    1351
        3    1332    1333    1351
        3    1352    1351    1333
        3    1333     146     147
        3    1352    1333     147
        3     150    1334    1353
        3     149     150    1353
        3    1334    1335    1353
        3    1354    1353    1335
        3    1335    1336    1355
        3    1354    1335    1355
        3    1336    1337    1355
        3    1356    1355    1337
        3    1337    1338    1357
        3    1356    1337    1357
        3    1338    1339    1357
        3    1358    1357    1339
        3    1339    1340    1359
        3    1358    1339    1359
        3    1340    1341    1359
        3    1360    1359    1341
        3    1341    1342    1361
        3    1360    1341    1361
        3    1342    1343    1361
        3    1362    1361    1343
        3    1343    1344    1363
        3    1362    1343    1363
        3    1344    1345    1363
        3    1364    1363    1345
        3    1345    1346    1365
        3    1364    1345    1365
        3    1346    1347    1365
        3    1366    1365    1347
        3    1347    1348    1367
        3    1366    1347    1367
        3    1348    1349    1367
        3    1368    1367    1349
        3    1349    1350    1369
        3    1368    1349    1369
        3    1350    1351    1369
        3    1370    1369    1351
        3    1351    1352    1371
        3    1370    1351    1371
        3    1352     147    1371
        3     148    1371     147
        3     149    1353       4
        3      99       4    1353
        3    1353    1354      98
        3      99    1353      98
        3    1354    1355      98
        3      97      98    1355
        3    1355    1356      96
        3      97    1355      96
        3    1356    1357      96
        3      95      96    1357
        3    1357    1358      94
        3      95    1357      94
        3    1358    1359      94
        3      93      94    1359
        3    1359    1360      92
        3      93    1359      92
        3    1360    1361      92
        3      91      92    1361
        3      90      91    1362
        3    1361    1362      91
        3      82    1371       3
        3    1362    1363      90
        3    1363    1364      89
        3      90    1363      89
        3    1364    1365      89
        3      88      89    1365
        3    1365    1366      87
        3      88    1365      87
        3    1366    1367      87
        3      86      87    1367
        3    1367    1368      85
        3      86    1367      85
        3    1368    1369      85
        3      84      85    1369
        3    1369    1370      83
        3      84    1369      83
        3    1370    1371      83
        3      82      83    1371
        3       1     116    1372
        3     102       1    1372
        3     116     115    1372
        3    1373    1372     115
        3     115     114    1374
        3    1373     115    1374
        3     114     113    1374
        3    1375    1374     113
        3     113     112    1376
        3    1375     113    1376
        3     112     111    1376
        3    1377    1376     111
        3     111     110    1378
        3    1377     111    1378
        3     110       6    1378
        3     176    1378       6
        3     102    1372     101
        3    1379     101    1372
        3    1372    1373    1380
        3    1379    1372    1380
        3    1373    1374    1380
        3    1381    1380    1374
        3    1374    1375    1382
        3    1381    1374    1382
        3    1375    1376    1382
        3    1383    1382    1376
        3    1376    1377    1384
        3    1383    1376    1384
        3    1377    1378    1384
        3    1385    1384    1378
        3    1378     176     175
        3    1385    1378     175
        3     101    1379    1386
        3     100     101    1386
        3    1379    1380    1386
        3    1387    1386    1380
        3    1380    1381    1388
        3    1387    1380    1388
        3    1381    1382    1388
        3    1389    1388    1382
        3    1382    1383    1390
        3    1389    1382    1390
        3    1383    1384    1390
        3    1391    1390    1384
        3    1384    1385    1392
        3    1391    1384    1392
        3    1385     175    1392
        3     174    1392     175
        3     100    1386       4
        3     149       4    1386
        3    1386    1387     150
        3     149    1386     150
        3    1387    1388     150
        3     151     150    1388
        3    1388    1389     152
        3     151    1388     152
        3    1389    1390     152
        3     153     152    1390
        3    1390    1391     154
        3     153    1390     154
        3    1391    1392     154
        3     155     154    1392
        3    1392     174       9
        3     155    1392       9
        3      16     306    1393
        3     265      16    1393
        3     306     305    1393
        3    1394    1393     305
        3     305     304    1395
        3    1394     305    1395
        3     304     303    1395
        3    1396    1395     303
        3     303     302    1397
        3    1396     303    1397
        3     302     301    1397
        3    1398    1397     301
        3     301     300    1399
        3    1398     301    1399
        3     300     299    1399
        3    1400    1399     299
        3     299     298    1401
        3    1400     299    1401
        3     298     297    1401
        3    1402    1401     297
        3     297     296    1403
        3    1402     297    1403
        3     296     295    1403
        3    1404    1403     295
        3     295     294    1405
        3    1404     295    1405
        3     294     293    1405
        3    1406    1405     293
        3     293     292    1407
        3    1406     293    1407
        3     292     291    1407
        3    1408    1407     291
        3     291     290    1409
        3    1408     291    1409
        3    1409     290    1410
        3     290     289    1410
        3    1411    1410     289
        3    1637     266      12
        3     289     288    1411
        3    1412    1411     288
        3     288     287    1413
        3    1412     288    1413
        3     287     286    1413
        3    1414    1413     286
        3     286     285    1415
        3    1414     286    1415
        3     285     284    1415
        3    1416    1415     284
        3     284     283    1417
        3    1416     284    1417
        3     283     282    1417
        3    1418    1417     282
        3     282     281    1419
        3    1418     282    1419
        3     281     280    1419
        3    1420    1419     280
        3     280     279    1421
        3    1420     280    1421
        3     279     278    1421
        3    1422    1421     278
        3     278     277    1423
        3    1422     278    1423
        3     277     276    1423
        3    1424    1423     276
        3     276     275    1425
        3    1424     276    1425
        3     275     274    1425
        3    1426    1425     274
        3     274     273    1427
        3    1426     274    1427
        3     273      17    1427
        3     272    1427      17
        3     265    1393     264
        3    1428     264    1393
        3    1393    1394    1429
        3    1428    1393    1429
        3    1394    1395    1429
        3    1430    1429    1395
        3    1395    1396    1431
        3    1430    1395    1431
        3    1396    1397    1431
        3    1432    1431    1397
        3    1397    1398    1433
        3    1432    1397    1433
        3    1398    1399    1433
        3    1434    1433    1399
        3    1399    1400    1435
        3    1434    1399    1435
        3    1400    1401    1435
        3    1436    1435    1401
        3    1401    1402    1437
        3    1436    1401    1437
        3    1402    1403    1437
        3    1438    1437    1403
        3    1403    1404    1439
        3    1438    1403    1439
        3    1404    1405    1439
        3    1440    1439    1405
        3    1405    1406    1441
        3    1440    1405    1441
        3    1406    1407    1441
        3    1442    1441    1407
        3    1407    1408    1443
        3    1442    1407    1443
        3    1408    1409    1443
        3    1444    1443    1409
        3    1409    1410    1445
        3    1444    1409    1445
        3    1410    1411    1445
        3    1446    1445    1411
        3    1411    1412    1447
        3    1446    1411    1447
        3    1412    1413    1447
        3    1448    1447    1413
        3    1413    1414    1449
        3    1448    1413    1449
        3    1414    1415    1449
        3    1450    1449    1415
        3    1415    1416    1451
        3    1450    1415    1451
        3    1416    1417    1451
        3    1452    1451    1417
        3    1417    1418    1453
        3    1452    1417    1453
        3    1418    1419    1453
        3    1454    1453    1419
        3    1419    1420    1455
        3    1454    1419    1455
        3    1420    1421    1455
        3    1456    1455    1421
        3    1421    1422    1457
        3    1456    1421    1457
        3    1422    1423    1457
        3    1458    1457    1423
        3    1423    1424    1459
        3    1458    1423    1459
        3    1424    1425    1459
        3    1460    1459    1425
        3    1425    1426    1461
        3    1460    1425    1461
        3    1426    1427    1461
        3    1462    1461    1427
        3    1427     272     271
        3    1462    1427     271
        3     264    1428    1463
        3     263     264    1463
        3    1428    1429    1463
        3    1464    1463    1429
        3    1429    1430    1465
        3    1464    1429    1465
        3    1430    1431    1465
        3    1466    1465    1431
        3    1431    1432    1467
        3    1466    1431    1467
        3    1432    1433    1467
        3    1468    1467    1433
        3    1433    1434    1469
        3    1468    1433    1469
        3    1434    1435    1469
        3    1470    1469    1435
        3    1435    1436    1471
        3    1470    1435    1471
        3    1436    1437    1471
        3    1472    1471    1437
        3    1437    1438    1473
        3    1472    1437    1473
        3    1438    1439    1473
        3    1474    1473    1439
        3    1439    1440    1475
        3    1474    1439    1475
        3    1440    1441    1475
        3    1476    1475    1441
        3    1441    1442    1477
        3    1476    1441    1477
        3    1442    1443    1477
        3    1478    1477    1443
        3    1443    1444    1479
        3    1478    1443    1479
        3    1444    1445    1479
        3    1480    1479    1445
        3    1445    1446    1481
        3    1480    1445    1481
        3    1446    1447    1481
        3    1482    1481    1447
        3    1447    1448    1483
        3    1482    1447    1483
        3    1448    1449    1483
        3    1484    1483    1449
        3    1449    1450    1485
        3    1484    1449    1485
        3    1450    1451    1485
        3    1486    1485    1451
        3    1451    1452    1487
        3    1486    1451    1487
        3    1452    1453    1487
        3    1488    1487    1453
        3    1453    1454    1489
        3    1488    1453    1489
        3    1454    1455    1489
        3    1490    1489    1455
        3    1455    1456    1491
        3    1490    1455    1491
        3    1456    1457    1491
        3    1492    1491    1457
        3    1457    1458    1493
        3    1492    1457    1493
        3    1458    1459    1493
        3    1494    1493    1459
        3    1459    1460    1495
        3    1494    1459    1495
        3    1460    1461    1495
        3    1496    1495    1461
        3    1461    1462    1497
        3    1496    1461    1497
        3    1462     271    1497
        3     270    1497     271
        3     263    1463     262
        3    1498     262    1463
        3    1463    1464    1499
        3    1498    1463    1499
        3    1464    1465    1499
        3    1500    1499    1465
        3    1465    1466    1501
        3    1500    1465    1501
        3    1466    1467    1501
        3    1502    1501    1467
        3    1467    1468    1503
        3    1502    1467    1503
        3    1468    1469    1503
        3    1504    1503    1469
        3    1469    1470    1505
        3    1504    1469    1505
        3    1470    1471    1505
        3    1506    1505    1471
        3    1471    1472    1507
        3    1506    1471    1507
        3    1472    1473    1507
        3    1508    1507    1473
        3    1473    1474    1509
        3    1508    1473    1509
        3    1474    1475    1509
        3    1510    1509    1475
        3    1475    1476    1511
        3    1510    1475    1511
        3    1476    1477    1511
        3    1512    1511    1477
        3    1477    1478    1513
        3    1512    1477    1513
        3    1478    1479    1513
        3    1514    1513    1479
        3    1479    1480    1515
        3    1514    1479    1515
        3    1480    1481    1515
        3    1516    1515    1481
        3    1481    1482    1517
        3    1516    1481    1517
        3    1482    1483    1517
        3    1518    1517    1483
        3    1483    1484    1519
        3    1518    1483    1519
        3    1484    1485    1519
        3    1520    1519    1485
        3    1485    1486    1521
        3    1520    1485    1521
        3    1486    1487    1521
        3    1522    1521    1487
        3    1487    1488    1523
        3    1522    1487    1523
        3    1488    1489    1523
        3    1524    1523    1489
        3    1489    1490    1525
        3    1524    1489    1525
        3    1490    1491    1525
        3    1526    1525    1491
        3    1491    1492    1527
        3    1526    1491    1527
        3    1492    1493    1527
        3    1528    1527    1493
        3    1493    1494    1529
        3    1528    1493    1529
        3    1494    1495    1529
        3    1530    1529    1495
        3    1495    1496    1531
        3    1530    1495    1531
        3    1496    1497    1531
        3    1532    1531    1497
        3    1497     270     269
        3    1532    1497     269
        3     262    1498    1533
        3     261     262    1533
        3    1498    1499    1533
        3    1534    1533    1499
        3    1499    1500    1535
        3    1534    1499    1535
        3    1500    1501    1535
        3    1536    1535    1501
        3    1501    1502    1537
        3    1536    1501    1537
        3    1502    1503    1537
        3    1538    1537    1503
        3    1503    1504    1539
        3    1538    1503    1539
        3    1504    1505    1539
        3    1540    1539    1505
        3    1505    1506    1541
        3    1540    1505    1541
        3    1506    1507    1541
        3    1542    1541    1507
        3    1507    1508    1543
        3    1542    1507    1543
        3    1508    1509    1543
        3    1544    1543    1509
        3    1509    1510    1545
        3    1544    1509    1545
        3    1510    1511    1545
        3    1546    1545    1511
        3    1511    1512    1547
        3    1546    1511    1547
        3    1512    1513    1547
        3    1548    1547    1513
        3    1513    1514    1549
        3    1548    1513    1549
        3    1514    1515    1549
        3    1550    1549    1515
        3    1515    1516    1551
        3    1550    1515    1551
        3    1516    1517    1551
        3    1552    1551    1517
        3    1517    1518    1553
        3    1552    1517    1553
        3    1518    1519    1553
        3    1554    1553    1519
        3    1519    1520    1555
        3    1554    1519    1555
        3    1520    1521    1555
        3    1556    1555    1521
        3    1521    1522    1557
        3    1556    1521    1557
        3    1522    1523    1557
        3    1558    1557    1523
        3    1523    1524    1559
        3    1558    1523    1559
        3    1524    1525    1559
        3    1560    1559    1525
        3    1525    1526    1561
        3    1560    1525    1561
        3    1526    1527    1561
        3    1562    1561    1527
        3    1527    1528    1563
        3    1562    1527    1563
        3    1528    1529    1563
        3    1564    1563    1529
        3    1529    1530    1565
        3    1564    1529    1565
        3    1530    1531    1565
        3    1566    1565    1531
        3    1531    1532    1567
        3    1566    1531    1567
        3    1532     269    1567
        3     268    1567     269
        3     261    1533     260
        3    1568     260    1533
        3    1533    1534    1569
        3    1568    1533    1569
        3    1534    1535    1569
        3    1570    1569    1535
        3    1535    1536    1571
        3    1570    1535    1571
        3    1536    1537    1571
        3    1572    1571    1537
        3    1537    1538    1573
        3    1572    1537    1573
        3    1538    1539    1573
        3    1574    1573    1539
        3    1539    1540    1575
        3    1574    1539    1575
        3    1540    1541    1575
        3    1576    1575    1541
        3    1541    1542    1577
        3    1576    1541    1577
        3    1542    1543    1577
        3    1578    1577    1543
        3    1543    1544    1579
        3    1578    1543    1579
        3    1544    1545    1579
        3    1580    1579    1545
        3    1545    1546    1581
        3    1580    1545    1581
        3    1546    1547    1581
        3    1582    1581    1547
        3    1547    1548    1583
        3    1582    1547    1583
        3    1548    1549    1583
        3    1584    1583    1549
        3    1549    1550    1585
        3    1584    1549    1585
        3    1550    1551    1585
        3    1586    1585    1551
        3    1551    1552    1587
        3    1586    1551    1587
        3    1552    1553    1587
        3    1588    1587    1553
        3    1553    1554    1589
        3    1588    1553    1589
        3    1554    1555    1589
        3    1590    1589    1555
        3    1555    1556    1591
        3    1590    1555    1591
        3    1556    1557    1591
        3    1592    1591    1557
        3    1557    1558    1593
        3    1592    1557    1593
        3    1558    1559    1593
        3    1594    1593    1559
        3    1559    1560    1595
        3    1594    1559    1595
        3    1560    1561    1595
        3    1596    1595    1561
        3    1561    1562    1597
        3    1596    1561    1597
        3    1562    1563    1597
        3    1598    1597    1563
        3    1563    1564    1599
        3    1598    1563    1599
        3    1564    1565    1599
        3    1600    1599    1565
        3    1565    1566    1601
        3    1600    1565    1601
        3    1566    1567    1601
        3    1602    1601    1567
        3    1567     268     267
        3    1602    1567     267
        3     260    1568    1603
        3     259     260    1603
        3    1568    1569    1603
        3    1604    1603    1569
        3    1569    1570    1605
        3    1604    1569    1605
        3    1570    1571    1605
        3    1606    1605    1571
        3    1571    1572    1607
        3    1606    1571    1607
        3    1572    1573    1607
        3    1608    1607    1573
        3    1573    1574    1609
        3    1608    1573    1609
        3    1574    1575    1609
        3    1610    1609    1575
        3    1575    1576    1611
        3    1610    1575    1611
        3    1576    1577    1611
        3    1612    1611    1577
        3    1577    1578    1613
        3    1612    1577    1613
        3    1578    1579    1613
        3    1614    1613    1579
        3    1579    1580    1615
        3    1614    1579    1615
        3    1580    1581    1615
        3    1616    1615    1581
        3    1581    1582    1617
        3    1616    1581    1617
        3    1582    1583    1617
        3    1618    1617    1583
        3    1583    1584    1619
        3    1618    1583    1619
        3    1584    1585    1619
        3    1620    1619    1585
        3    1585    1586    1621
        3    1620    1585    1621
        3    1586    1587    1621
        3    1622    1621    1587
        3    1587    1588    1623
        3    1622    1587    1623
        3    1588    1589    1623
        3    1624    1623    1589
        3    1589    1590    1625
        3    1624    1589    1625
        3    1590    1591    1625
        3    1626    1625    1591
        3    1591    1592    1627
        3    1626    1591    1627
        3    1592    1593    1627
        3    1628    1627    1593
        3    1593    1594    1629
        3    1628    1593    1629
        3    1594    1595    1629
        3    1630    1629    1595
        3    1595    1596    1631
        3    1630    1595    1631
        3    1596    1597    1631
        3    1632    1631    1597
        3    1597    1598    1633
        3    1632    1597    1633
        3    1598    1599    1633
        3    1634    1633    1599
        3    1599    1600    1635
        3    1634    1599    1635
        3    1600    1601    1635
        3    1636    1635    1601
        3    1601    1602    1637
        3    1636    1601    1637
        3    1602     267    1637
        3     266    1637     267
        3     259    1603      10
        3     177      10    1603
        3    1603    1604     178
        3     177    1603     178
        3    1604    1605     178
        3     179     178    1605
        3    1605    1606     180
        3     179    1605     180
        3    1606    1607     180
        3     181     180    1607
        3    1607    1608     182
        3     181    1607     182
        3    1608    1609     182
        3     183     182    1609
        3    1609    1610     184
        3     183    1609     184
        3    1610    1611     184
        3     185     184    1611
        3    1611    1612     186
        3     185    1611     186
        3    1612    1613     186
        3     187     186    1613
        3    1613    1614     188
        3     187    1613     188
        3    1614    1615     188
        3     189     188    1615
        3    1615    1616     190
        3     189    1615     190
        3    1616    1617     190
        3     191     190    1617
        3    1617    1618     192
        3     191    1617     192
        3    1618    1619     192
        3     193     192    1619
        3     194     193    1620
        3    1619    1620     193
        3     210    1637      12
        3    1620    1621     194
        3    1621    1622     195
        3     194    1621     195
        3    1622    1623     195
        3     196     195    1623
        3    1623    1624     197
        3     196    1623     197
        3    1624    1625     197
        3     198     197    1625
        3    1625    1626     199
        3     198    1625     199
        3    1626    1627     199
        3     200     199    1627
        3    1627    1628     201
        3     200    1627     201
        3    1628    1629     201
        3     202     201    1629
        3    1629    1630     203
        3     202    1629     203
        3    1630    1631     203
        3     204     203    1631
        3    1631    1632     205
        3     204    1631     205
        3    1632    1633     205
        3     206     205    1633
        3    1633    1634     207
        3     206    1633     207
        3    1634    1635     207
        3     208     207    1635
        3    1635    1636     209
        3     208    1635     209
        3    1636    1637     209
        3     210     209    1637
        3      14     211    1638
        3     314      14    1638
        3     211     212    1638
        3    1639    1638     212
        3     212     213    1640
        3    1639     212    1640
        3     213     214    1640
        3    1641    1640     214
        3     214     215    1642
        3    1641     214    1642
        3     215     216    1642
        3    1643    1642     216
        3     216     217    1644
        3    1643     216    1644
        3     217     218    1644
        3    1645    1644     218
        3     218     219    1646
        3    1645     218    1646
        3     219     220    1646
        3    1647    1646     220
        3     220     221    1648
        3    1647     220    1648
        3     221     222    1648
        3    1649    1648     222
        3     222     223    1650
        3    1649     222    1650
        3     223     224    1650
        3    1651    1650     224
        3     224     225    1652
        3    1651     224    1652
        3     225     226    1652
        3    1653    1652     226
        3     226     227    1654
        3    1653     226    1654
        3    1654     227    1655
        3     227     228    1655
        3    1656    1655     228
        3    1882     313      18
        3     228     229    1656
        3    1657    1656     229
        3     229     230    1658
        3    1657     229    1658
        3     230     231    1658
        3    1659    1658     231
        3     231     232    1660
        3    1659     231    1660
        3     232     233    1660
        3    1661    1660     233
        3     233     234    1662
        3    1661     233    1662
        3     234     235    1662
        3    1663    1662     235
        3     235     236    1664
        3    1663     235    1664
        3     236     237    1664
        3    1665    1664     237
        3     237     238    1666
        3    1665     237    1666
        3     238     239    1666
        3    1667    1666     239
        3     239     240    1668
        3    1667     239    1668
        3     240     241    1668
        3    1669    1668     241
        3     241     242    1670
        3    1669     241    1670
        3     242     243    1670
        3    1671    1670     243
        3     243     244    1672
        3    1671     243    1672
        3     244      13    1672
        3     307    1672      13
        3     314    1638     315
        3    1673     315    1638
        3    1638    1639    1674
        3    1673    1638    1674
        3    1639    1640    1674
        3    1675    1674    1640
        3    1640    1641    1676
        3    1675    1640    1676
        3    1641    1642    1676
        3    1677    1676    1642
        3    1642    1643    1678
        3    1677    1642    1678
        3    1643    1644    1678
        3    1679    1678    1644
        3    1644    1645    1680
        3    1679    1644    1680
        3    1645    1646    1680
        3    1681    1680    1646
        3    1646    1647    1682
        3    1681    1646    1682
        3    1647    1648    1682
        3    1683    1682    1648
        3    1648    1649    1684
        3    1683    1648    1684
        3    1649    1650    1684
        3    1685    1684    1650
        3    1650    1651    1686
        3    1685    1650    1686
        3    1651    1652    1686
        3    1687    1686    1652
        3    1652    1653    1688
        3    1687    1652    1688
        3    1653    1654    1688
        3    1689    1688    1654
        3    1654    1655    1690
        3    1689    1654    1690
        3    1655    1656    1690
        3    1691    1690    1656
        3    1656    1657    1692
        3    1691    1656    1692
        3    1657    1658    1692
        3    1693    1692    1658
        3    1658    1659    1694
        3    1693    1658    1694
        3    1659    1660    1694
        3    1695    1694    1660
        3    1660    1661    1696
        3    1695    1660    1696
        3    1661    1662    1696
        3    1697    1696    1662
        3    1662    1663    1698
        3    1697    1662    1698
        3    1663    1664    1698
        3    1699    1698    1664
        3    1664    1665    1700
        3    1699    1664    1700
        3    1665    1666    1700
        3    1701    1700    1666
        3    1666    1667    1702
        3    1701    1666    1702
        3    1667    1668    1702
        3    1703    1702    1668
        3    1668    1669    1704
        3    1703    1668    1704
        3    1669    1670    1704
        3    1705    1704    1670
        3    1670    1671    1706
        3    1705    1670    1706
        3    1671    1672    1706
        3    1707    1706    1672
        3    1672     307     308
        3    1707    1672     308
        3     315    1673    1708
        3     316     315    1708
        3    1673    1674    1708
        3    1709    1708    1674
        3    1674    1675    1710
        3    1709    1674    1710
        3    1675    1676    1710
        3    1711    1710    1676
        3    1676    1677    1712
        3    1711    1676    1712
        3    1677    1678    1712
        3    1713    1712    1678
        3    1678    1679    1714
        3    1713    1678    1714
        3    1679    1680    1714
        3    1715    1714    1680
        3    1680    1681    1716
        3    1715    1680    1716
        3    1681    1682    1716
        3    1717    1716    1682
        3    1682    1683    1718
        3    1717    1682    1718
        3    1683    1684    1718
        3    1719    1718    1684
        3    1684    1685    1720
        3    1719    1684    1720
        3    1685    1686    1720
        3    1721    1720    1686
        3    1686    1687    1722
        3    1721    1686    1722
        3    1687    1688    1722
        3    1723    1722    1688
        3    1688    1689    1724
        3    1723    1688    1724
        3    1689    1690    1724
        3    1725    1724    1690
        3    1690    1691    1726
        3    1725    1690    1726
        3    1691    1692    1726
        3    1727    1726    1692
        3    1692    1693    1728
        3    1727    1692    1728
        3    1693    1694    1728
        3    1729    1728    1694
        3    1694    1695    1730
        3    1729    1694    1730
        3    1695    1696    1730
        3    1731    1730    1696
        3    1696    1697    1732
        3    1731    1696    1732
        3    1697    1698    1732
        3    1733    1732    1698
        3    1698    1699    1734
        3    1733    1698    1734
        3    1699    1700    1734
        3    1735    1734    1700
        3    1700    1701    1736
        3    1735    1700    1736
        3    1701    1702    1736
        3    1737    1736    1702
        3    1702    1703    1738
        3    1737    1702    1738
        3    1703    1704    1738
        3    1739    1738    1704
        3    1704    1705    1740
        3    1739    1704    1740
        3    1705    1706    1740
        3    1741    1740    1706
        3    1706    1707    1742
        3    1741    1706    1742
        3    1707     308    1742
        3     309    1742     308
        3     316    1708     317
        3    1743     317    1708
        3    1708    1709    1744
        3    1743    1708    1744
        3    1709    1710    1744
        3    1745    1744    1710
        3    1710    1711    1746
        3    1745    1710    1746
        3    1711    1712    1746
        3    1747    1746    1712
        3    1712    1713    1748
        3    1747    1712    1748
        3    1713    1714    1748
        3    1749    1748    1714
        3    1714    1715    1750
        3    1749    1714    1750
        3    1715    1716    1750
        3    1751    1750    1716
        3    1716    1717    1752
        3    1751    1716    1752
        3    1717    1718    1752
        3    1753    1752    1718
        3    1718    1719    1754
        3    1753    1718    1754
        3    1719    1720    1754
        3    1755    1754    1720
        3    1720    1721    1756
        3    1755    1720    1756
        3    1721    1722    1756
        3    1757    1756    1722
        3    1722    1723    1758
        3    1757    1722    1758
        3    1723    1724    1758
        3    1759    1758    1724
        3    1724    1725    1760
        3    1759    1724    1760
        3    1725    1726    1760
        3    1761    1760    1726
        3    1726    1727    1762
        3    1761    1726    1762
        3    1727    1728    1762
        3    1763    1762    1728
        3    1728    1729    1764
        3    1763    1728    1764
        3    1729    1730    1764
        3    1765    1764    1730
        3    1730    1731    1766
        3    1765    1730    1766
        3    1731    1732    1766
        3    1767    1766    1732
        3    1732    1733    1768
        3    1767    1732    1768
        3    1733    1734    1768
        3    1769    1768    1734
        3    1734    1735    1770
        3    1769    1734    1770
        3    1735    1736    1770
        3    1771    1770    1736
        3    1736    1737    1772
        3    1771    1736    1772
        3    1737    1738    1772
        3    1773    1772    1738
        3    1738    1739    1774
        3    1773    1738    1774
        3    1739    1740    1774
        3    1775    1774    1740
        3    1740    1741    1776
        3    1775    1740    1776
        3    1741    1742    1776
        3    1777    1776    1742
        3    1742     309     310
        3    1777    1742     310
        3     317    1743    1778
        3     318     317    1778
        3    1743    1744    1778
        3    1779    1778    1744
        3    1744    1745    1780
        3    1779    1744    1780
        3    1745    1746    1780
        3    1781    1780    1746
        3    1746    1747    1782
        3    1781    1746    1782
        3    1747    1748    1782
        3    1783    1782    1748
        3    1748    1749    1784
        3    1783    1748    1784
        3    1749    1750    1784
        3    1785    1784    1750
        3    1750    1751    1786
        3    1785    1750    1786
        3    1751    1752    1786
        3    1787    1786    1752
        3    1752    1753    1788
        3    1787    1752    1788
        3    1753    1754    1788
        3    1789    1788    1754
        3    1754    1755    1790
        3    1789    1754    1790
        3    1755    1756    1790
        3    1791    1790    1756
        3    1756    1757    1792
        3    1791    1756    1792
        3    1757    1758    1792
        3    1793    1792    1758
        3    1758    1759    1794
        3    1793    1758    1794
        3    1759    1760    1794
        3    1795    1794    1760
        3    1760    1761    1796
        3    1795    1760    1796
        3    1761    1762    1796
        3    1797    1796    1762
        3    1762    1763    1798
        3    1797    1762    1798
        3    1763    1764    1798
        3    1799    1798    1764
        3    1764    1765    1800
        3    1799    1764    1800
        3    1765    1766    1800
        3    1801    1800    1766
        3    1766    1767    1802
        3    1801    1766    1802
        3    1767    1768    1802
        3    1803    1802    1768
        3    1768    1769    1804
        3    1803    1768    1804
        3    1769    1770    1804
        3    1805    1804    1770
        3    1770    1771    1806
        3    1805    1770    1806
        3    1771    1772    1806
        3    1807    1806    1772
        3    1772    1773    1808
        3    1807    1772    1808
        3    1773    1774    1808
        3    1809    1808    1774
        3    1774    1775    1810
        3    1809    1774    1810
        3    1775    1776    1810
        3    1811    1810    1776
        3    1776    1777    1812
        3    1811    1776    1812
        3    1777     310    1812
        3     311    1812     310
        3     318    1778     319
        3    1813     319    1778
        3    1778    1779    1814
        3    1813    1778    1814
        3    1779    1780    1814
        3    1815    1814    1780
        3    1780    1781    1816
        3    1815    1780    1816
        3    1781    1782    1816
        3    1817    1816    1782
        3    1782    1783    1818
        3    1817    1782    1818
        3    1783    1784    1818
        3    1819    1818    1784
        3    1784    1785    1820
        3    1819    1784    1820
        3    1785    1786    1820
        3    1821    1820    1786
        3    1786    1787    1822
        3    1821    1786    1822
        3    1787    1788    1822
        3    1823    1822    1788
        3    1788    1789    1824
        3    1823    1788    1824
        3    1789    1790    1824
        3    1825    1824    1790
        3    1790    1791    1826
        3    1825    1790    1826
        3    1791    1792    1826
        3    1827    1826    1792
        3    1792    1793    1828
        3    1827    1792    1828
        3    1793    1794    1828
        3    1829    1828    1794
        3    1794    1795    1830
        3    1829    1794    1830
        3    1795    1796    1830
        3    1831    1830    1796
        3    1796    1797    1832
        3    1831    1796    1832
        3    1797    1798    1832
        3    1833    1832    1798
        3    1798    1799    1834
        3    1833    1798    1834
        3    1799    1800    1834
        3    1835    1834    1800
        3    1800    1801    1836
        3    1835    1800    1836
        3    1801    1802    1836
        3    1837    1836    1802
        3    1802    1803    1838
        3    1837    1802    1838
        3    1803    1804    1838
        3    1839    1838    1804
        3    1804    1805    1840
        3    1839    1804    1840
        3    1805    1806    1840
        3    1841    1840    1806
        3    1806    1807    1842
        3    1841    1806    1842
        3    1807    1808    1842
        3    1843    1842    1808
        3    1808    1809    1844
        3    1843    1808    1844
        3    1809    1810    1844
        3    1845    1844    1810
        3    1810    1811    1846
        3    1845    1810    1846
        3    1811    1812    1846
        3    1847    1846    1812
        3    1812     311     312
        3    1847    1812     312
        3     319    1813    1848
        3     320     319    1848
        3    1813    1814    1848
        3    1849    1848    1814
        3    1814    1815    1850
        3    1849    1814    1850
        3    1815    1816    1850
        3    1851    1850    1816
        3    1816    1817    1852
        3    1851    1816    1852
        3    1817    1818    1852
        3    1853    1852    1818
        3    1818    1819    1854
        3    1853    1818    1854
        3    1819    1820    1854
        3    1855    1854    1820
        3    1820    1821    1856
        3    1855    1820    1856
        3    1821    1822    1856
        3    1857    1856    1822
        3    1822    1823    1858
        3    1857    1822    1858
        3    1823    1824    1858
        3    1859    1858    1824
        3    1824    1825    1860
        3    1859    1824    1860
        3    1825    1826    1860
        3    1861    1860    1826
        3    1826    1827    1862
        3    1861    1826    1862
        3    1827    1828    1862
        3    1863    1862    1828
        3    1828    1829    1864
        3    1863    1828    1864
        3    1829    1830    1864
        3    1865    1864    1830
        3    1830    1831    1866
        3    1865    1830    1866
        3    1831    1832    1866
        3    1867    1866    1832
        3    1832    1833    1868
        3    1867    1832    1868
        3    1833    1834    1868
        3    1869    1868    1834
        3    1834    1835    1870
        3    1869    1834    1870
        3    1835    1836    1870
        3    1871    1870    1836
        3    1836    1837    1872
        3    1871    1836    1872
        3    1837    1838    1872
        3    1873    1872    1838
        3    1838    1839    1874
        3    1873    1838    1874
        3    1839    1840    1874
        3    1875    1874    1840
        3    1840    1841    1876
        3    1875    1840    1876
        3    1841    1842    1876
        3    1877    1876    1842
        3    1842    1843    1878
        3    1877    1842    1878
        3    1843    1844    1878
        3    1879    1878    1844
        3    1844    1845    1880
        3    1879    1844    1880
        3    1845    1846    1880
        3    1881    1880    1846
        3    1846    1847    1882
        3    1881    1846    1882
        3    1847     312    1882
        3     313    1882     312
        3     320    1848      19
        3     354      19    1848
        3    1848    1849     353
        3     354    1848     353
        3    1849    1850     353
        3     352     353    1850
        3    1850    1851     351
        3     352    1850     351
        3    1851    1852     351
        3     350     351    1852
        3    1852    1853     349
        3     350    1852     349
        3    1853    1854     349
        3     348     349    1854
        3    1854    1855     347
        3     348    1854     347
        3    1855    1856     347
        3     346     347    1856
        3    1856    1857     345
        3     346    1856     345
        3    1857    1858     345
        3     344     345    1858
        3    1858    1859     343
        3     344    1858     343
        3    1859    1860     343
        3     342     343    1860
        3    1860    1861     341
        3     342    1860     341
        3    1861    1862     341
        3     340     341    1862
        3    1862    1863     339
        3     340    1862     339
        3    1863    1864     339
        3     338     339    1864
        3     337     338    1865
        3    1864    1865     338
        3     321    1882      18
        3    1865    1866     337
        3    1866    1867     336
        3     337    1866     336
        3    1867    1868     336
        3     335     336    1868
        3    1868    1869     334
        3     335    1868     334
        3    1869    1870     334
        3     333     334    1870
        3    1870    1871     332
        3     333    1870     332
        3    1871    1872     332
        3     331     332    1872
        3    1872    1873     330
        3     331    1872     330
        3    1873    1874     330
        3     329     330    1874
        3    1874    1875     328
        3     329    1874     328
        3    1875    1876     328
        3     327     328    1876
        3    1876    1877     326
        3     327    1876     326
        3    1877    1878     326
        3     325     326    1878
        3    1878    1879     324
        3     325    1878     324
        3    1879    1880     324
        3     323     324    1880
        3    1880    1881     322
        3     323    1880     322
        3    1881    1882     322
        3     321     322    1882
        3      11     251    1883
        3     252      11    1883
        3     251     250    1883
        3    1884    1883     250
        3     249     248    1885
        3    1884     249    1885
        3     248     247    1885
        3    1886    1885     247
        3     246     245    1887
        3    1886     246    1887
        3     245      14    1887
        3     314    1887      14
        3     252    1883     253
        3    1888     253    1883
        3    1883    1884    1889
        3    1888    1883    1889
        3    1884    1885    1889
        3    1890    1889    1885
        3    1885    1886    1891
        3    1890    1885    1891
        3    1886    1887    1891
        3    1892    1891    1887
        3    1887     314     315
        3    1892    1887     315
        3     253    1888    1893
        3     254     253    1893
        3    1888    1889    1893
        3    1894    1893    1889
        3    1889    1890    1895
        3    1894    1889    1895
        3    1890    1891    1895
        3    1896    1895    1891
        3    1891    1892    1897
        3    1896    1891    1897
        3    1892     315    1897
        3     316    1897     315
        3     254    1893     255
        3    1898     255    1893
        3    1893    1894    1899
        3    1898    1893    1899
        3    1894    1895    1899
        3    1900    1899    1895
        3    1895    1896    1901
        3    1900    1895    1901
        3    1896    1897    1901
        3    1902    1901    1897
        3    1897     316     317
        3    1902    1897     317
        3     255    1898    1903
        3     256     255    1903
        3    1898    1899    1903
        3    1904    1903    1899
        3    1899    1900    1905
        3    1904    1899    1905
        3    1900    1901    1905
        3    1906    1905    1901
        3    1901    1902    1907
        3    1906    1901    1907
        3    1902     317    1907
        3     318    1907     317
        3     256    1903    1908
        3     257     256    1908
        3    1903    1904    1909
        3    1908    1903    1909
        3    1904    1905    1909
        3    1910    1909    1905
        3    1905    1906    1911
        3    1910    1905    1911
        3    1906    1907    1911
        3    1912    1911    1907
        3    1907     318    1912
        3     319    1912     318
        3     250     249    1884
        3    1913     257    1908
        3    1908    1909    1913
        3    1914    1913    1909
        3    1909    1910    1915
        3    1914    1909    1915
        3    1910    1911    1915
        3    1916    1915    1911
        3    1911    1912    1917
        3    1916    1911    1917
        3     247     246    1886
        3    1917    1912     319
        3     257    1913     258
        3    1918     258    1913
        3    1913    1914    1919
        3    1918    1913    1919
        3    1914    1915    1919
        3    1920    1919    1915
        3    1915    1916    1921
        3    1920    1915    1921
        3    1916    1917    1921
        3    1922    1921    1917
        3    1917     319     320
        3    1922    1917     320
        3     258    1918    1923
        3      15     258    1923
        3    1918    1919    1923
        3    1924    1923    1919
        3    1919    1920    1925
        3    1924    1919    1925
        3    1920    1921    1925
        3    1926    1925    1921
        3    1921    1922    1927
        3    1926    1921    1927
        3    1922     320    1927
        3      19    1927     320
        3    1923    1924     355
        3      15    1923     355
        3    1924    1925     355
        3     356     355    1925
        3    1925    1926     357
        3     356    1925     357
        3    1926    1927     357
        3      19     357    1927
        3      10     177    1928
        3     358      10    1928
        3     177     178    1928
        3    1929    1928     178
        3     178     179    1930
        3    1929     178    1930
        3     179     180    1930
        3    1931    1930     180
        3     180     181    1932
        3    1931     180    1932
        3     181     182    1932
        3    1933    1932     182
        3     182     183    1934
        3    1933     182    1934
        3     183     184    1934
        3    1935    1934     184
        3     184     185    1936
        3    1935     184    1936
        3     185     186    1936
        3    1937    1936     186
        3     186     187    1938
        3    1937     186    1938
        3     187     188    1938
        3    1939    1938     188
        3     188     189    1940
        3    1939     188    1940
        3     189     190    1940
        3    1941    1940     190
        3     190     191    1942
        3    1941     190    1942
        3     191     192    1942
        3    1943    1942     192
        3     192     193    1944
        3    1943     192    1944
        3    1944     193    1945
        3     193     194    1945
        3    1946    1945     194
        3    2172     372      21
        3     194     195    1946
        3    1947    1946     195
        3     195     196    1948
        3    1947     195    1948
        3     196     197    1948
        3    1949    1948     197
        3     197     198    1950
        3    1949     197    1950
        3     198     199    1950
        3    1951    1950     199
        3     199     200    1952
        3    1951     199    1952
        3     200     201    1952
        3    1953    1952     201
        3     201     202    1954
        3    1953     201    1954
        3     202     203    1954
        3    1955    1954     203
        3     203     204    1956
        3    1955     203    1956
        3     204     205    1956
        3    1957    1956     205
        3     205     206    1958
        3    1957     205    1958
        3     206     207    1958
        3    1959    1958     207
        3     207     208    1960
        3    1959     207    1960
        3     208     209    1960
        3    1961    1960     209
        3     209     210    1962
        3    1961     209    1962
        3     210      12    1962
        3     378    1962      12
        3     358    1928     359
        3    1963     359    1928
        3    1928    1929    1964
        3    1963    1928    1964
        3    1929    1930    1964
        3    1965    1964    1930
        3    1930    1931    1966
        3    1965    1930    1966
        3    1931    1932    1966
        3    1967    1966    1932
        3    1932    1933    1968
        3    1967    1932    1968
        3    1933    1934    1968
        3    1969    1968    1934
        3    1934    1935    1970
        3    1969    1934    1970
        3    1935    1936    1970
        3    1971    1970    1936
        3    1936    1937    1972
        3    1971    1936    1972
        3    1937    1938    1972
        3    1973    1972    1938
        3    1938    1939    1974
        3    1973    1938    1974
        3    1939    1940    1974
        3    1975    1974    1940
        3    1940    1941    1976
        3    1975    1940    1976
        3    1941    1942    1976
        3    1977    1976    1942
        3    1942    1943    1978
        3    1977    1942    1978
        3    1943    1944    1978
        3    1979    1978    1944
        3    1944    1945    1980
        3    1979    1944    1980
        3    1945    1946    1980
        3    1981    1980    1946
        3    1946    1947    1982
        3    1981    1946    1982
        3    1947    1948    1982
        3    1983    1982    1948
        3    1948    1949    1984
        3    1983    1948    1984
        3    1949    1950    1984
        3    1985    1984    1950
        3    1950    1951    1986
        3    1985    1950    1986
        3    1951    1952    1986
        3    1987    1986    1952
        3    1952    1953    1988
        3    1987    1952    1988
        3    1953    1954    1988
        3    1989    1988    1954
        3    1954    1955    1990
        3    1989    1954    1990
        3    1955    1956    1990
        3    1991    1990    1956
        3    1956    1957    1992
        3    1991    1956    1992
        3    1957    1958    1992
        3    1993    1992    1958
        3    1958    1959    1994
        3    1993    1958    1994
        3    1959    1960    1994
        3    1995    1994    1960
        3    1960    1961    1996
        3    1995    1960    1996
        3    1961    1962    1996
        3    1997    1996    1962
        3    1962     378     377
        3    1997    1962     377
        3     359    1963    1998
        3     360     359    1998
        3    1963    1964    1998
        3    1999    1998    1964
        3    1964    1965    2000
        3    1999    1964    2000
        3    1965    1966    2000
        3    2001    2000    1966
        3    1966    1967    2002
        3    2001    1966    2002
        3    1967    1968    2002
        3    2003    2002    1968
        3    1968    1969    2004
        3    2003    1968    2004
        3    1969    1970    2004
        3    2005    2004    1970
        3    1970    1971    2006
        3    2005    1970    2006
        3    1971    1972    2006
        3    2007    2006    1972
        3    1972    1973    2008
        3    2007    1972    2008
        3    1973    1974    2008
        3    2009    2008    1974
        3    1974    1975    2010
        3    2009    1974    2010
        3    1975    1976    2010
        3    2011    2010    1976
        3    1976    1977    2012
        3    2011    1976    2012
        3    1977    1978    2012
        3    2013    2012    1978
        3    1978    1979    2014
        3    2013    1978    2014
        3    1979    1980    2014
        3    2015    2014    1980
        3    1980    1981    2016
        3    2015    1980    2016
        3    1981    1982    2016
        3    2017    2016    1982
        3    1982    1983    2018
        3    2017    1982    2018
        3    1983    1984    2018
        3    2019    2018    1984
        3    1984    1985    2020
        3    2019    1984    2020
        3    1985    1986    2020
        3    2021    2020    1986
        3    1986    1987    2022
        3    2021    1986    2022
        3    1987    1988    2022
        3    2023    2022    1988
        3    1988    1989    2024
        3    2023    1988    2024
        3    1989    1990    2024
        3    2025    2024    1990
        3    1990    1991    2026
        3    2025    1990    2026
        3    1991    1992    2026
        3    2027    2026    1992
        3    1992    1993    2028
        3    2027    1992    2028
        3    1993    1994    2028
        3    2029    2028    1994
        3    1994    1995    2030
        3    2029    1994    2030
        3    1995    1996    2030
        3    2031    2030    1996
        3    1996    1997    2032
        3    2031    1996    2032
        3    1997     377    2032
        3     376    2032     377
        3     360    1998     361
        3    2033     361    1998
        3    1998    1999    2034
        3    2033    1998    2034
        3    1999    2000    2034
        3    2035    2034    2000
        3    2000    2001    2036
        3    2035    2000    2036
        3    2001    2002    2036
        3    2037    2036    2002
        3    2002    2003    2038
        3    2037    2002    2038
        3    2003    2004    2038
        3    2039    2038    2004
        3    2004    2005    2040
        3    2039    2004    2040
        3    2005    2006    2040
        3    2041    2040    2006
        3    2006    2007    2042
        3    2041    2006    2042
        3    2007    2008    2042
        3    2043    2042    2008
        3    2008    2009    2044
        3    2043    2008    2044
        3    2009    2010    2044
        3    2045    2044    2010
        3    2010    2011    2046
        3    2045    2010    2046
        3    2011    2012    2046
        3    2047    2046    2012
        3    2012    2013    2048
        3    2047    2012    2048
        3    2013    2014    2048
        3    2049    2048    2014
        3    2014    2015    2050
        3    2049    2014    2050
        3    2015    2016    2050
        3    2051    2050    2016
        3    2016    2017    2052
        3    2051    2016    2052
        3    2017    2018    2052
        3    2053    2052    2018
        3    2018    2019    2054
        3    2053    2018    2054
        3    2019    2020    2054
        3    2055    2054    2020
        3    2020    2021    2056
        3    2055    2020    2056
        3    2021    2022    2056
        3    2057    2056    2022
        3    2022    2023    2058
        3    2057    2022    2058
        3    2023    2024    2058
        3    2059    2058    2024
        3    2024    2025    2060
        3    2059    2024    2060
        3    2025    2026    2060
        3    2061    2060    2026
        3    2026    2027    2062
        3    2061    2026    2062
        3    2027    2028    2062
        3    2063    2062    2028
        3    2028    2029    2064
        3    2063    2028    2064
        3    2029    2030    2064
        3    2065    2064    2030
        3    2030    2031    2066
        3    2065    2030    2066
        3    2031    2032    2066
        3    2067    2066    2032
        3    2032     376     375
        3    2067    2032     375
        3     361    2033    2068
        3     362     361    2068
        3    2033    2034    2068
        3    2069    2068    2034
        3    2034    2035    2070
        3    2069    2034    2070
        3    2035    2036    2070
        3    2071    2070    2036
        3    2036    2037    2072
        3    2071    2036    2072
        3    2037    2038    2072
        3    2073    2072    2038
        3    2038    2039    2074
        3    2073    2038    2074
        3    2039    2040    2074
        3    2075    2074    2040
        3    2040    2041    2076
        3    2075    2040    2076
        3    2041    2042    2076
        3    2077    2076    2042
        3    2042    2043    2078
        3    2077    2042    2078
        3    2043    2044    2078
        3    2079    2078    2044
        3    2044    2045    2080
        3    2079    2044    2080
        3    2045    2046    2080
        3    2081    2080    2046
        3    2046    2047    2082
        3    2081    2046    2082
        3    2047    2048    2082
        3    2083    2082    2048
        3    2048    2049    2084
        3    2083    2048    2084
        3    2049    2050    2084
        3    2085    2084    2050
        3    2050    2051    2086
        3    2085    2050    2086
        3    2051    2052    2086
        3    2087    2086    2052
        3    2052    2053    2088
        3    2087    2052    2088
        3    2053    2054    2088
        3    2089    2088    2054
        3    2054    2055    2090
        3    2089    2054    2090
        3    2055    2056    2090
        3    2091    2090    2056
        3    2056    2057    2092
        3    2091    2056    2092
        3    2057    2058    2092
        3    2093    2092    2058
        3    2058    2059    2094
        3    2093    2058    2094
        3    2059    2060    2094
        3    2095    2094    2060
        3    2060    2061    2096
        3    2095    2060    2096
        3    2061    2062    2096
        3    2097    2096    2062
        3    2062    2063    2098
        3    2097    2062    2098
        3    2063    2064    2098
        3    2099    2098    2064
        3    2064    2065    2100
        3    2099    2064    2100
        3    2065    2066    2100
        3    2101    2100    2066
        3    2066    2067    2102
        3    2101    2066    2102
        3    2067     375    2102
        3     374    2102     375
        3     362    2068     363
        3    2103     363    2068
        3    2068    2069    2104
        3    2103    2068    2104
        3    2069    2070    2104
        3    2105    2104    2070
        3    2070    2071    2106
        3    2105    2070    2106
        3    2071    2072    2106
        3    2107    2106    2072
        3    2072    2073    2108
        3    2107    2072    2108
        3    2073    2074    2108
        3    2109    2108    2074
        3    2074    2075    2110
        3    2109    2074    2110
        3    2075    2076    2110
        3    2111    2110    2076
        3    2076    2077    2112
        3    2111    2076    2112
        3    2077    2078    2112
        3    2113    2112    2078
        3    2078    2079    2114
        3    2113    2078    2114
        3    2079    2080    2114
        3    2115    2114    2080
        3    2080    2081    2116
        3    2115    2080    2116
        3    2081    2082    2116
        3    2117    2116    2082
        3    2082    2083    2118
        3    2117    2082    2118
        3    2083    2084    2118
        3    2119    2118    2084
        3    2084    2085    2120
        3    2119    2084    2120
        3    2085    2086    2120
        3    2121    2120    2086
        3    2086    2087    2122
        3    2121    2086    2122
        3    2087    2088    2122
        3    2123    2122    2088
        3    2088    2089    2124
        3    2123    2088    2124
        3    2089    2090    2124
        3    2125    2124    2090
        3    2090    2091    2126
        3    2125    2090    2126
        3    2091    2092    2126
        3    2127    2126    2092
        3    2092    2093    2128
        3    2127    2092    2128
        3    2093    2094    2128
        3    2129    2128    2094
        3    2094    2095    2130
        3    2129    2094    2130
        3    2095    2096    2130
        3    2131    2130    2096
        3    2096    2097    2132
        3    2131    2096    2132
        3    2097    2098    2132
        3    2133    2132    2098
        3    2098    2099    2134
        3    2133    2098    2134
        3    2099    2100    2134
        3    2135    2134    2100
        3    2100    2101    2136
        3    2135    2100    2136
        3    2101    2102    2136
        3    2137    2136    2102
        3    2102     374     373
        3    2137    2102     373
        3     363    2103    2138
        3     364     363    2138
        3    2103    2104    2138
        3    2139    2138    2104
        3    2104    2105    2140
        3    2139    2104    2140
        3    2105    2106    2140
        3    2141    2140    2106
        3    2106    2107    2142
        3    2141    2106    2142
        3    2107    2108    2142
        3    2143    2142    2108
        3    2108    2109    2144
        3    2143    2108    2144
        3    2109    2110    2144
        3    2145    2144    2110
        3    2110    2111    2146
        3    2145    2110    2146
        3    2111    2112    2146
        3    2147    2146    2112
        3    2112    2113    2148
        3    2147    2112    2148
        3    2113    2114    2148
        3    2149    2148    2114
        3    2114    2115    2150
        3    2149    2114    2150
        3    2115    2116    2150
        3    2151    2150    2116
        3    2116    2117    2152
        3    2151    2116    2152
        3    2117    2118    2152
        3    2153    2152    2118
        3    2118    2119    2154
        3    2153    2118    2154
        3    2119    2120    2154
        3    2155    2154    2120
        3    2120    2121    2156
        3    2155    2120    2156
        3    2121    2122    2156
        3    2157    2156    2122
        3    2122    2123    2158
        3    2157    2122    2158
        3    2123    2124    2158
        3    2159    2158    2124
        3    2124    2125    2160
        3    2159    2124    2160
        3    2125    2126    2160
        3    2161    2160    2126
        3    2126    2127    2162
        3    2161    2126    2162
        3    2127    2128    2162
        3    2163    2162    2128
        3    2128    2129    2164
        3    2163    2128    2164
        3    2129    2130    2164
        3    2165    2164    2130
        3    2130    2131    2166
        3    2165    2130    2166
        3    2131    2132    2166
        3    2167    2166    2132
        3    2132    2133    2168
        3    2167    2132    2168
        3    2133    2134    2168
        3    2169    2168    2134
        3    2134    2135    2170
        3    2169    2134    2170
        3    2135    2136    2170
        3    2171    2170    2136
        3    2136    2137    2172
        3    2171    2136    2172
        3    2137     373    2172
        3     372    2172     373
        3     364    2138      20
        3     397      20    2138
        3    2138    2139     398
        3     397    2138     398
        3    2139    2140     398
        3     399     398    2140
        3    2140    2141     400
        3     399    2140     400
        3    2141    2142     400
        3     401     400    2142
        3    2142    2143     402
        3     401    2142     402
        3    2143    2144     402
        3     403     402    2144
        3    2144    2145     404
        3     403    2144     404
        3    2145    2146     404
        3     405     404    2146
        3    2146    2147     406
        3     405    2146     406
        3    2147    2148     406
        3     407     406    2148
        3    2148    2149     408
        3     407    2148     408
        3    2149    2150     408
        3     409     408    2150
        3    2150    2151     410
        3     409    2150     410
        3    2151    2152     410
        3     411     410    2152
        3    2152    2153     412
        3     411    2152     412
        3    2153    2154     412
        3     413     412    2154
        3     414     413    2155
        3    2154    2155     413
        3     430    2172      21
        3    2155    2156     414
        3    2156    2157     415
        3     414    2156     415
        3    2157    2158     415
        3     416     415    2158
        3    2158    2159     417
        3     416    2158     417
        3    2159    2160     417
        3     418     417    2160
        3    2160    2161     419
        3     418    2160     419
        3    2161    2162     419
        3     420     419    2162
        3    2162    2163     421
        3     420    2162     421
        3    2163    2164     421
        3     422     421    2164
        3    2164    2165     423
        3     422    2164     423
        3    2165    2166     423
        3     424     423    2166
        3    2166    2167     425
        3     424    2166     425
        3    2167    2168     425
        3     426     425    2168
        3    2168    2169     427
        3     426    2168     427
        3    2169    2170     427
        3     428     427    2170
        3    2170    2171     429
        3     428    2170     429
        3    2171    2172     429
        3     430     429    2172
        3      10     358    2173
        3     259      10    2173
        3     358     359    2173
        3    2174    2173     359
        3     359     360    2175
        3    2174     359    2175
        3     360     361    2175
        3    2176    2175     361
        3     361     362    2177
        3    2176     361    2177
        3     362     363    2177
        3    2178    2177     363
        3     363     364    2179
        3    2178     363    2179
        3     364      20    2179
        3     431    2179      20
        3     259    2173     260
        3    2180     260    2173
        3    2173    2174    2181
        3    2180    2173    2181
        3    2174    2175    2181
        3    2182    2181    2175
        3    2175    2176    2183
        3    2182    2175    2183
        3    2176    2177    2183
        3    2184    2183    2177
        3    2177    2178    2185
        3    2184    2177    2185
        3    2178    2179    2185
        3    2186    2185    2179
        3    2179     431     432
        3    2186    2179     432
        3     260    2180    2187
        3     261     260    2187
        3    2180    2181    2187
        3    2188    2187    2181
        3    2181    2182    2189
        3    2188    2181    2189
        3    2182    2183    2189
        3    2190    2189    2183
        3    2183    2184    2191
        3    2190    2183    2191
        3    2184    2185    2191
        3    2192    2191    2185
        3    2185    2186    2193
        3    2192    2185    2193
        3    2186     432    2193
        3     433    2193     432
        3     261    2187     262
        3    2194     262    2187
        3    2187    2188    2195
        3    2194    2187    2195
        3    2188    2189    2195
        3    2196    2195    2189
        3    2189    2190    2197
        3    2196    2189    2197
        3    2190    2191    2197
        3    2198    2197    2191
        3    2191    2192    2199
        3    2198    2191    2199
        3    2192    2193    2199
        3    2200    2199    2193
        3    2193     433     434
        3    2200    2193     434
        3     262    2194    2201
        3     263     262    2201
        3    2194    2195    2201
        3    2202    2201    2195
        3    2195    2196    2203
        3    2202    2195    2203
        3    2196    2197    2203
        3    2204    2203    2197
        3    2197    2198    2205
        3    2204    2197    2205
        3    2198    2199    2205
        3    2206    2205    2199
        3    2199    2200    2207
        3    2206    2199    2207
        3    2200     434    2207
        3     435    2207     434
        3     263    2201    2208
        3     264     263    2208
        3    2201    2202    2209
        3    2208    2201    2209
        3    2202    2203    2209
        3    2210    2209    2203
        3    2203    2204    2211
        3    2210    2203    2211
        3    2204    2205    2211
        3    2212    2211    2205
        3    2205    2206    2213
        3    2212    2205    2213
        3    2206    2207    2213
        3    2214    2213    2207
        3    2207     435    2214
        3     436    2214     435
        3      22     382    2235
        3    2215     264    2208
        3    2208    2209    2215
        3    2216    2215    2209
        3    2209    2210    2217
        3    2216    2209    2217
        3    2210    2211    2217
        3    2218    2217    2211
        3    2211    2212    2219
        3    2218    2211    2219
        3    2212    2213    2219
        3    2220    2219    2213
        3    2213    2214    2221
        3    2220    2213    2221
        3     381    2233     382
        3    2221    2214     436
        3     264    2215     265
        3    2222     265    2215
        3    2215    2216    2223
        3    2222    2215    2223
        3    2216    2217    2223
        3    2224    2223    2217
        3    2217    2218    2225
        3    2224    2217    2225
        3    2218    2219    2225
        3    2226    2225    2219
        3    2219    2220    2227
        3    2226    2219    2227
        3    2220    2221    2227
        3    2228    2227    2221
        3    2221     436     437
        3    2228    2221     437
        3     265    2222    2229
        3      16     265    2229
        3    2222    2223    2229
        3    2230    2229    2223
        3    2223    2224    2231
        3    2230    2223    2231
        3    2224    2225    2231
        3    2232    2231    2225
        3    2225    2226    2233
        3    2232    2225    2233
        3    2226    2227    2233
        3    2234    2233    2227
        3    2227    2228    2235
        3    2234    2227    2235
        3    2228     437    2235
        3      22    2235     437
        3    2229    2230     379
        3      16    2229     379
        3    2230    2231     379
        3     380     379    2231
        3     381     380    2232
        3    2231    2232     380
        3    2234    2235     382
        3    2232    2233     381
        3    2233    2234     382
        3      11     252    2236
        3      20      11    2236
        3     252     253    2236
        3    2237    2236     253
        3     253     254    2238
        3    2237     253    2238
        3     254     255    2238
        3    2239    2238     255
        3     255     256    2240
        3    2239     255    2240
        3     256     257    2240
        3    2241    2240     257
        3     257     258    2242
        3    2241     257    2242
        3     258      15    2242
        3      22    2242      15
        3     437    2242      22
        3     431      20    2236
        3    2236    2237     432
        3     431    2236     432
        3    2237    2238     432
        3     433     432    2238
        3    2238    2239     434
        3     433    2238     434
        3    2239    2240     434
        3     435     434    2240
        3    2240    2241     436
        3     435    2240     436
        3    2241    2242     436
        3     437     436    2242
        3      18     313    2243
        3     396      18    2243
        3     313     312    2243
        3    2244    2243     312
        3     312     311    2245
        3    2244     312    2245
        3     311     310    2245
        3    2246    2245     310
        3     310     309    2247
        3    2246     310    2247
        3     309     308    2247
        3    2248    2247     308
        3     308     307    2249
        3    2248     308    2249
        3     307      13    2249
        3     365    2249      13
        3     396    2243     395
        3    2250     395    2243
        3    2243    2244    2251
        3    2250    2243    2251
        3    2244    2245    2251
        3    2252    2251    2245
        3    2245    2246    2253
        3    2252    2245    2253
        3    2246    2247    2253
        3    2254    2253    2247
        3    2247    2248    2255
        3    2254    2247    2255
        3    2248    2249    2255
        3    2256    2255    2249
        3    2249     365     366
        3    2256    2249     366
        3     395    2250    2257
        3     394     395    2257
        3    2250    2251    2257
        3    2258    2257    2251
        3    2251    2252    2259
        3    2258    2251    2259
        3    2252    2253    2259
        3    2260    2259    2253
        3    2253    2254    2261
        3    2260    2253    2261
        3    2254    2255    2261
        3    2262    2261    2255
        3    2255    2256    2263
        3    2262    2255    2263
        3    2256     366    2263
        3     367    2263     366
        3     394    2257     393
        3    2264     393    2257
        3    2257    2258    2265
        3    2264    2257    2265
        3    2258    2259    2265
        3    2266    2265    2259
        3    2259    2260    2267
        3    2266    2259    2267
        3    2260    2261    2267
        3    2268    2267    2261
        3    2261    2262    2269
        3    2268    2261    2269
        3    2262    2263    2269
        3    2270    2269    2263
        3    2263     367     368
        3    2270    2263     368
        3     393    2264    2271
        3     392     393    2271
        3    2264    2265    2271
        3    2272    2271    2265
        3    2265    2266    2273
        3    2272    2265    2273
        3    2266    2267    2273
        3    2274    2273    2267
        3    2267    2268    2275
        3    2274    2267    2275
        3    2268    2269    2275
        3    2276    2275    2269
        3    2269    2270    2277
        3    2276    2269    2277
        3    2270     368    2277
        3     369    2277     368
        3     392    2271     391
        3    2278     391    2271
        3    2271    2272    2279
        3    2278    2271    2279
        3    2272    2273    2279
        3    2280    2279    2273
        3    2273    2274    2281
        3    2280    2273    2281
        3    2274    2275    2281
        3    2282    2281    2275
        3    2275    2276    2283
        3    2282    2275    2283
        3    2276    2277    2283
        3    2284    2283    2277
        3    2277     369     370
        3    2284    2277     370
        3     391    2278    2285
        3     390     391    2285
        3    2278    2279    2285
        3    2286    2285    2279
        3    2279    2280    2287
        3    2286    2279    2287
        3    2280    2281    2287
        3    2288    2287    2281
        3    2281    2282    2289
        3    2288    2281    2289
        3    2282    2283    2289
        3    2290    2289    2283
        3    2283    2284    2291
        3    2290    2283    2291
        3    2284     370    2291
        3     371    2291     370
        3     390    2285      23
        3     444      23    2285
        3    2285    2286     443
        3     444    2285     443
        3    2286    2287     443
        3     442     443    2287
        3    2287    2288     441
        3     442    2287     441
        3    2288    2289     441
        3     440     441    2289
        3    2289    2290     439
        3     440    2289     439
        3    2290    2291     439
        3     438     439    2291
        3    2291     371      21
        3     438    2291      21
        3      21     372    2292
        3     438      21    2292
        3     372     373    2292
        3    2293    2292     373
        3     373     374    2294
        3    2293     373    2294
        3     374     375    2294
        3    2295    2294     375
        3     375     376    2296
        3    2295     375    2296
        3     376     377    2296
        3    2297    2296     377
        3     377     378    2298
        3    2297     377    2298
        3     378      12    2298
        3     266    2298      12
        3     438    2292     439
        3    2299     439    2292
        3    2292    2293    2300
        3    2299    2292    2300
        3    2293    2294    2300
        3    2301    2300    2294
        3    2294    2295    2302
        3    2301    2294    2302
        3    2295    2296    2302
        3    2303    2302    2296
        3    2296    2297    2304
        3    2303    2296    2304
        3    2297    2298    2304
        3    2305    2304    2298
        3    2298     266     267
        3    2305    2298     267
        3     439    2299    2306
        3     440     439    2306
        3    2299    2300    2306
        3    2307    2306    2300
        3    2300    2301    2308
        3    2307    2300    2308
        3    2301    2302    2308
        3    2309    2308    2302
        3    2302    2303    2310
        3    2309    2302    2310
        3    2303    2304    2310
        3    2311    2310    2304
        3    2304    2305    2312
        3    2311    2304    2312
        3    2305     267    2312
        3     268    2312     267
        3     440    2306     441
        3    2313     441    2306
        3    2306    2307    2314
        3    2313    2306    2314
        3    2307    2308    2314
        3    2315    2314    2308
        3    2308    2309    2316
        3    2315    2308    2316
        3    2309    2310    2316
        3    2317    2316    2310
        3    2310    2311    2318
        3    2317    2310    2318
        3    2311    2312    2318
        3    2319    2318    2312
        3    2312     268     269
        3    2319    2312     269
        3     441    2313    2320
        3     442     441    2320
        3    2313    2314    2320
        3    2321    2320    2314
        3    2314    2315    2322
        3    2321    2314    2322
        3    2315    2316    2322
        3    2323    2322    2316
        3    2316    2317    2324
        3    2323    2316    2324
        3    2317    2318    2324
        3    2325    2324    2318
        3    2318    2319    2326
        3    2325    2318    2326
        3    2319     269    2326
        3     270    2326     269
        3     442    2320     443
        3    2327     443    2320
        3    2320    2321    2328
        3    2327    2320    2328
        3    2321    2322    2328
        3    2329    2328    2322
        3    2322    2323    2330
        3    2329    2322    2330
        3    2323    2324    2330
        3    2331    2330    2324
        3    2324    2325    2332
        3    2331    2324    2332
        3    2325    2326    2332
        3    2333    2332    2326
        3    2326     270     271
        3    2333    2326     271
        3     443    2327    2334
        3     444     443    2334
        3    2327    2328    2334
        3    2335    2334    2328
        3    2328    2329    2336
        3    2335    2328    2336
        3    2329    2330    2336
        3    2337    2336    2330
        3    2330    2331    2338
        3    2337    2330    2338
        3    2331    2332    2338
        3    2339    2338    2332
        3    2332    2333    2340
        3    2339    2332    2340
        3    2333     271    2340
        3     272    2340     271
        3     444    2334      23
        3     389      23    2334
        3    2334    2335     388
        3     389    2334     388
        3    2335    2336     388
        3     387     388    2336
        3    2336    2337     386
        3     387    2336     386
        3    2337    2338     386
        3     385     386    2338
        3    2338    2339     384
        3     385    2338     384
        3    2339    2340     384
        3     383     384    2340
        3    2340     272      17
        3     383    2340      17
        3      13     244    2341
        3     365      13    2341
        3     244     243    2341
        3    2342    2341     243
        3     243     242    2343
        3    2342     243    2343
        3     242     241    2343
        3    2344    2343     241
        3     241     240    2345
        3    2344     241    2345
        3     240     239    2345
        3    2346    2345     239
        3     239     238    2347
        3    2346     239    2347
        3     238     237    2347
        3    2348    2347     237
        3     237     236    2349
        3    2348     237    2349
        3     236     235    2349
        3    2350    2349     235
        3     235     234    2351
        3    2350     235    2351
        3     234     233    2351
        3    2352    2351     233
        3     233     232    2353
        3    2352     233    2353
        3     232     231    2353
        3    2354    2353     231
        3     231     230    2355
        3    2354     231    2355
        3     230     229    2355
        3    2356    2355     229
        3     229     228    2357
        3    2356     229    2357
        3    2357     228    2358
        3     228     227    2358
        3    2359    2358     227
        3    2585     251      11
        3     227     226    2359
        3    2360    2359     226
        3     226     225    2361
        3    2360     226    2361
        3     225     224    2361
        3    2362    2361     224
        3     224     223    2363
        3    2362     224    2363
        3     223     222    2363
        3    2364    2363     222
        3     222     221    2365
        3    2364     222    2365
        3     221     220    2365
        3    2366    2365     220
        3     220     219    2367
        3    2366     220    2367
        3     219     218    2367
        3    2368    2367     218
        3     218     217    2369
        3    2368     218    2369
        3     217     216    2369
        3    2370    2369     216
        3     216     215    2371
        3    2370     216    2371
        3     215     214    2371
        3    2372    2371     214
        3     214     213    2373
        3    2372     214    2373
        3     213     212    2373
        3    2374    2373     212
        3     212     211    2375
        3    2374     212    2375
        3     211      14    2375
        3     245    2375      14
        3     365    2341     366
        3    2376     366    2341
        3    2341    2342    2377
        3    2376    2341    2377
        3    2342    2343    2377
        3    2378    2377    2343
        3    2343    2344    2379
        3    2378    2343    2379
        3    2344    2345    2379
        3    2380    2379    2345
        3    2345    2346    2381
        3    2380    2345    2381
        3    2346    2347    2381
        3    2382    2381    2347
        3    2347    2348    2383
        3    2382    2347    2383
        3    2348    2349    2383
        3    2384    2383    2349
        3    2349    2350    2385
        3    2384    2349    2385
        3    2350    2351    2385
        3    2386    2385    2351
        3    2351    2352    2387
        3    2386    2351    2387
        3    2352    2353    2387
        3    2388    2387    2353
        3    2353    2354    2389
        3    2388    2353    2389
        3    2354    2355    2389
        3    2390    2389    2355
        3    2355    2356    2391
        3    2390    2355    2391
        3    2356    2357    2391
        3    2392    2391    2357
        3    2357    2358    2393
        3    2392    2357    2393
        3    2358    2359    2393
        3    2394    2393    2359
        3    2359    2360    2395
        3    2394    2359    2395
        3    2360    2361    2395
        3    2396    2395    2361
        3    2361    2362    2397
        3    2396    2361    2397
        3    2362    2363    2397
        3    2398    2397    2363
        3    2363    2364    2399
        3    2398    2363    2399
        3    2364    2365    2399
        3    2400    2399    2365
        3    2365    2366    2401
        3    2400    2365    2401
        3    2366    2367    2401
        3    2402    2401    2367
        3    2367    2368    2403
        3    2402    2367    2403
        3    2368    2369    2403
        3    2404    2403    2369
        3    2369    2370    2405
        3    2404    2369    2405
        3    2370    2371    2405
        3    2406    2405    2371
        3    2371    2372    2407
        3    2406    2371    2407
        3    2372    2373    2407
        3    2408    2407    2373
        3    2373    2374    2409
        3    2408    2373    2409
        3    2374    2375    2409
        3    2410    2409    2375
        3    2375     245     246
        3    2410    2375     246
        3     366    2376    2411
        3     367     366    2411
        3    2376    2377    2411
        3    2412    2411    2377
        3    2377    2378    2413
        3    2412    2377    2413
        3    2378    2379    2413
        3    2414    2413    2379
        3    2379    2380    2415
        3    2414    2379    2415
        3    2380    2381    2415
        3    2416    2415    2381
        3    2381    2382    2417
        3    2416    2381    2417
        3    2382    2383    2417
        3    2418    2417    2383
        3    2383    2384    2419
        3    2418    2383    2419
        3    2384    2385    2419
        3    2420    2419    2385
        3    2385    2386    2421
        3    2420    2385    2421
        3    2386    2387    2421
        3    2422    2421    2387
        3    2387    2388    2423
        3    2422    2387    2423
        3    2388    2389    2423
        3    2424    2423    2389
        3    2389    2390    2425
        3    2424    2389    2425
        3    2390    2391    2425
        3    2426    2425    2391
        3    2391    2392    2427
        3    2426    2391    2427
        3    2392    2393    2427
        3    2428    2427    2393
        3    2393    2394    2429
        3    2428    2393    2429
        3    2394    2395    2429
        3    2430    2429    2395
        3    2395    2396    2431
        3    2430    2395    2431
        3    2396    2397    2431
        3    2432    2431    2397
        3    2397    2398    2433
        3    2432    2397    2433
        3    2398    2399    2433
        3    2434    2433    2399
        3    2399    2400    2435
        3    2434    2399    2435
        3    2400    2401    2435
        3    2436    2435    2401
        3    2401    2402    2437
        3    2436    2401    2437
        3    2402    2403    2437
        3    2438    2437    2403
        3    2403    2404    2439
        3    2438    2403    2439
        3    2404    2405    2439
        3    2440    2439    2405
        3    2405    2406    2441
        3    2440    2405    2441
        3    2406    2407    2441
        3    2442    2441    2407
        3    2407    2408    2443
        3    2442    2407    2443
        3    2408    2409    2443
        3    2444    2443    2409
        3    2409    2410    2445
        3    2444    2409    2445
        3    2410     246    2445
        3     247    2445     246
        3     367    2411     368
        3    2446     368    2411
        3    2411    2412    2447
        3    2446    2411    2447
        3    2412    2413    2447
        3    2448    2447    2413
        3    2413    2414    2449
        3    2448    2413    2449
        3    2414    2415    2449
        3    2450    2449    2415
        3    2415    2416    2451
        3    2450    2415    2451
        3    2416    2417    2451
        3    2452    2451    2417
        3    2417    2418    2453
        3    2452    2417    2453
        3    2418    2419    2453
        3    2454    2453    2419
        3    2419    2420    2455
        3    2454    2419    2455
        3    2420    2421    2455
        3    2456    2455    2421
        3    2421    2422    2457
        3    2456    2421    2457
        3    2422    2423    2457
        3    2458    2457    2423
        3    2423    2424    2459
        3    2458    2423    2459
        3    2424    2425    2459
        3    2460    2459    2425
        3    2425    2426    2461
        3    2460    2425    2461
        3    2426    2427    2461
        3    2462    2461    2427
        3    2427    2428    2463
        3    2462    2427    2463
        3    2428    2429    2463
        3    2464    2463    2429
        3    2429    2430    2465
        3    2464    2429    2465
        3    2430    2431    2465
        3    2466    2465    2431
        3    2431    2432    2467
        3    2466    2431    2467
        3    2432    2433    2467
        3    2468    2467    2433
        3    2433    2434    2469
        3    2468    2433    2469
        3    2434    2435    2469
        3    2470    2469    2435
        3    2435    2436    2471
        3    2470    2435    2471
        3    2436    2437    2471
        3    2472    2471    2437
        3    2437    2438    2473
        3    2472    2437    2473
        3    2438    2439    2473
        3    2474    2473    2439
        3    2439    2440    2475
        3    2474    2439    2475
        3    2440    2441    2475
        3    2476    2475    2441
        3    2441    2442    2477
        3    2476    2441    2477
        3    2442    2443    2477
        3    2478    2477    2443
        3    2443    2444    2479
        3    2478    2443    2479
        3    2444    2445    2479
        3    2480    2479    2445
        3    2445     247     248
        3    2480    2445     248
        3     368    2446    2481
        3     369     368    2481
        3    2446    2447    2481
        3    2482    2481    2447
        3    2447    2448    2483
        3    2482    2447    2483
        3    2448    2449    2483
        3    2484    2483    2449
        3    2449    2450    2485
        3    2484    2449    2485
        3    2450    2451    2485
        3    2486    2485    2451
        3    2451    2452    2487
        3    2486    2451    2487
        3    2452    2453    2487
        3    2488    2487    2453
        3    2453    2454    2489
        3    2488    2453    2489
        3    2454    2455    2489
        3    2490    2489    2455
        3    2455    2456    2491
        3    2490    2455    2491
        3    2456    2457    2491
        3    2492    2491    2457
        3    2457    2458    2493
        3    2492    2457    2493
        3    2458    2459    2493
        3    2494    2493    2459
        3    2459    2460    2495
        3    2494    2459    2495
        3    2460    2461    2495
        3    2496    2495    2461
        3    2461    2462    2497
        3    2496    2461    2497
        3    2462    2463    2497
        3    2498    2497    2463
        3    2463    2464    2499
        3    2498    2463    2499
        3    2464    2465    2499
        3    2500    2499    2465
        3    2465    2466    2501
        3    2500    2465    2501
        3    2466    2467    2501
        3    2502    2501    2467
        3    2467    2468    2503
        3    2502    2467    2503
        3    2468    2469    2503
        3    2504    2503    2469
        3    2469    2470    2505
        3    2504    2469    2505
        3    2470    2471    2505
        3    2506    2505    2471
        3    2471    2472    2507
        3    2506    2471    2507
        3    2472    2473    2507
        3    2508    2507    2473
        3    2473    2474    2509
        3    2508    2473    2509
        3    2474    2475    2509
        3    2510    2509    2475
        3    2475    2476    2511
        3    2510    2475    2511
        3    2476    2477    2511
        3    2512    2511    2477
        3    2477    2478    2513
        3    2512    2477    2513
        3    2478    2479    2513
        3    2514    2513    2479
        3    2479    2480    2515
        3    2514    2479    2515
        3    2480     248    2515
        3     249    2515     248
        3     369    2481     370
        3    2516     370    2481
        3    2481    2482    2517
        3    2516    2481    2517
        3    2482    2483    2517
        3    2518    2517    2483
        3    2483    2484    2519
        3    2518    2483    2519
        3    2484    2485    2519
        3    2520    2519    2485
        3    2485    2486    2521
        3    2520    2485    2521
        3    2486    2487    2521
        3    2522    2521    2487
        3    2487    2488    2523
        3    2522    2487    2523
        3    2488    2489    2523
        3    2524    2523    2489
        3    2489    2490    2525
        3    2524    2489    2525
        3    2490    2491    2525
        3    2526    2525    2491
        3    2491    2492    2527
        3    2526    2491    2527
        3    2492    2493    2527
        3    2528    2527    2493
        3    2493    2494    2529
        3    2528    2493    2529
        3    2494    2495    2529
        3    2530    2529    2495
        3    2495    2496    2531
        3    2530    2495    2531
        3    2496    2497    2531
        3    2532    2531    2497
        3    2497    2498    2533
        3    2532    2497    2533
        3    2498    2499    2533
        3    2534    2533    2499
        3    2499    2500    2535
        3    2534    2499    2535
        3    2500    2501    2535
        3    2536    2535    2501
        3    2501    2502    2537
        3    2536    2501    2537
        3    2502    2503    2537
        3    2538    2537    2503
        3    2503    2504    2539
        3    2538    2503    2539
        3    2504    2505    2539
        3    2540    2539    2505
        3    2505    2506    2541
        3    2540    2505    2541
        3    2506    2507    2541
        3    2542    2541    2507
        3    2507    2508    2543
        3    2542    2507    2543
        3    2508    2509    2543
        3    2544    2543    2509
        3    2509    2510    2545
        3    2544    2509    2545
        3    2510    2511    2545
        3    2546    2545    2511
        3    2511    2512    2547
        3    2546    2511    2547
        3    2512    2513    2547
        3    2548    2547    2513
        3    2513    2514    2549
        3    2548    2513    2549
        3    2514    2515    2549
        3    2550    2549    2515
        3    2515     249     250
        3    2550    2515     250
        3     370    2516    2551
        3     371     370    2551
        3    2516    2517    2551
        3    2552    2551    2517
        3    2517    2518    2553
        3    2552    2517    2553
        3    2518    2519    2553
        3    2554    2553    2519
        3    2519    2520    2555
        3    2554    2519    2555
        3    2520    2521    2555
        3    2556    2555    2521
        3    2521    2522    2557
        3    2556    2521    2557
        3    2522    2523    2557
        3    2558    2557    2523
        3    2523    2524    2559
        3    2558    2523    2559
        3    2524    2525    2559
        3    2560    2559    2525
        3    2525    2526    2561
        3    2560    2525    2561
        3    2526    2527    2561
        3    2562    2561    2527
        3    2527    2528    2563
        3    2562    2527    2563
        3    2528    2529    2563
        3    2564    2563    2529
        3    2529    2530    2565
        3    2564    2529    2565
        3    2530    2531    2565
        3    2566    2565    2531
        3    2531    2532    2567
        3    2566    2531    2567
        3    2532    2533    2567
        3    2568    2567    2533
        3    2533    2534    2569
        3    2568    2533    2569
        3    2534    2535    2569
        3    2570    2569    2535
        3    2535    2536    2571
        3    2570    2535    2571
        3    2536    2537    2571
        3    2572    2571    2537
        3    2537    2538    2573
        3    2572    2537    2573
        3    2538    2539    2573
        3    2574    2573    2539
        3    2539    2540    2575
        3    2574    2539    2575
        3    2540    2541    2575
        3    2576    2575    2541
        3    2541    2542    2577
        3    2576    2541    2577
        3    2542    2543    2577
        3    2578    2577    2543
        3    2543    2544    2579
        3    2578    2543    2579
        3    2544    2545    2579
        3    2580    2579    2545
        3    2545    2546    2581
        3    2580    2545    2581
        3    2546    2547    2581
        3    2582    2581    2547
        3    2547    2548    2583
        3    2582    2547    2583
        3    2548    2549    2583
        3    2584    2583    2549
        3    2549    2550    2585
        3    2584    2549    2585
        3    2550     250    2585
        3     251    2585     250
        3     371    2551      21
        3     478      21    2551
        3    2551    2552     477
        3     478    2551     477
        3    2552    2553     477
        3     476     477    2553
        3    2553    2554     475
        3     476    2553     475
        3    2554    2555     475
        3     474     475    2555
        3    2555    2556     473
        3     474    2555     473
        3    2556    2557     473
        3     472     473    2557
        3    2557    2558     471
        3     472    2557     471
        3    2558    2559     471
        3     470     471    2559
        3    2559    2560     469
        3     470    2559     469
        3    2560    2561     469
        3     468     469    2561
        3    2561    2562     467
        3     468    2561     467
        3    2562    2563     467
        3     466     467    2563
        3    2563    2564     465
        3     466    2563     465
        3    2564    2565     465
        3     464     465    2565
        3    2565    2566     463
        3     464    2565     463
        3    2566    2567     463
        3     462     463    2567
        3     461     462    2568
        3    2567    2568     462
        3     445    2585      11
        3    2568    2569     461
        3    2569    2570     460
        3     461    2569     460
        3    2570    2571     460
        3     459     460    2571
        3    2571    2572     458
        3     459    2571     458
        3    2572    2573     458
        3     457     458    2573
        3    2573    2574     456
        3     457    2573     456
        3    2574    2575     456
        3     455     456    2575
        3    2575    2576     454
        3     455    2575     454
        3    2576    2577     454
        3     453     454    2577
        3    2577    2578     452
        3     453    2577     452
        3    2578    2579     452
        3     451     452    2579
        3    2579    2580     450
        3     451    2579     450
        3    2580    2581     450
        3     449     450    2581
        3    2581    2582     448
        3     449    2581     448
        3    2582    2583     448
        3     447     448    2583
        3    2583    2584     446
        3     447    2583     446
        3    2584    2585     446
        3     445     446    2585
        3     452     403     404
        3     445      20     397
        3     450     401     402
        3     446     397     398
        3     447     398     399
        3     448     399     400
        3     449     400     401
        3     451     402     403
        3     453     404     405
        3     454     405     406
        3     455     406     407
        3     456     407     408
        3     457     408     409
        3     445      11      20
        3     458     409     410
        3     459     410     411
        3     446     445     397
        3     460     411     412
        3     447     446     398
        3     461     412     413
        3     448     447     399
        3     449     448     400
        3     450     449     401
        3     462     413     414
        3     463     414     415
        3     451     450     402
        3     464     415     416
        3     452     451     403
        3     453     452     404
        3     454     453     405
        3     465     416     417
        3     466     417     418
        3     455     454     406
        3     456     455     407
        3     457     456     408
        3     467     418     419
        3     468     419     420
        3     458     457     409
        3     459     458     410
        3     460     459     411
        3     469     420     421
        3     470     421     422
        3     461     460     412
        3     462     461     413
        3     463     462     414
        3     471     422     423
        3     472     423     424
        3     464     463     415
        3     465     464     416
        3     466     465     417
        3     473     424     425
        3     474     425     426
        3     467     466     418
        3     468     467     419
        3     469     468     420
        3     475     426     427
        3     476     427     428
        3     470     469     421
        3     471     470     422
        3     472     471     423
        3     477     428     429
        3     473     472     424
        3     474     473     425
        3     478     429     430
        3     478     430      21
        3     475     474     426
        3     476     475     427
        3     477     476     428
        3     478     477     429
        3       0     479    2586
        3      81       0    2586
        3     479     480    2586
        3    2587    2586     480
        3     481     482    2588
        3    2587     481    2588
        3     482      24    2588
        3     495    2588      24
        3      81    2586      80
        3    2589      80    2586
        3    2586    2587    2590
        3    2589    2586    2590
        3    2587    2588    2590
        3    2591    2590    2588
        3    2588     495     496
        3    2591    2588     496
        3      80    2589    2592
        3      79      80    2592
        3    2589    2590    2592
        3    2593    2592    2590
        3    2590    2591    2594
        3    2593    2590    2594
        3    2591     496    2594
        3     497    2594     496
        3      79    2592      78
        3    2595      78    2592
        3    2592    2593    2596
        3    2595    2592    2596
        3    2593    2594    2596
        3    2597    2596    2594
        3    2594     497     498
        3    2597    2594     498
        3      78    2595    2598
        3      77      78    2598
        3    2595    2596    2598
        3    2599    2598    2596
        3    2596    2597    2600
        3    2599    2596    2600
        3    2597     498    2600
        3     499    2600     498
        3      77    2598      76
        3    2601      76    2598
        3    2598    2599    2602
        3    2601    2598    2602
        3    2599    2600    2602
        3    2603    2602    2600
        3    2600     499     500
        3    2603    2600     500
        3      76    2601    2604
        3      75      76    2604
        3    2601    2602    2604
        3    2605    2604    2602
        3    2602    2603    2606
        3    2605    2602    2606
        3    2603     500    2606
        3     501    2606     500
        3      75    2604      74
        3    2607      74    2604
        3    2604    2605    2608
        3    2607    2604    2608
        3    2605    2606    2608
        3    2609    2608    2606
        3    2606     501     502
        3    2609    2606     502
        3      74    2607    2610
        3      73      74    2610
        3    2607    2608    2610
        3    2611    2610    2608
        3    2608    2609    2612
        3    2611    2608    2612
        3    2609     502    2612
        3     503    2612     502
        3      73    2610    2613
        3      72      73    2613
        3    2610    2611    2614
        3    2613    2610    2614
        3    2611    2612    2614
        3    2615    2614    2612
        3    2612     503    2615
        3     504    2615     503
        3     480     481    2587
        3    2616      72    2613
        3    2613    2614    2616
        3    2617    2616    2614
        3    2614    2615    2618
        3    2617    2614    2618
        3    2642     512      25
        3    2618    2615     504
        3      72    2616      71
        3    2619      71    2616
        3    2616    2617    2620
        3    2619    2616    2620
        3    2617    2618    2620
        3    2621    2620    2618
        3    2618     504     505
        3    2621    2618     505
        3      71    2619    2622
        3      70      71    2622
        3    2619    2620    2622
        3    2623    2622    2620
        3    2620    2621    2624
        3    2623    2620    2624
        3    2621     505    2624
        3     506    2624     505
        3      70    2622      69
        3    2625      69    2622
        3    2622    2623    2626
        3    2625    2622    2626
        3    2623    2624    2626
        3    2627    2626    2624
        3    2624     506     507
        3    2627    2624     507
        3      69    2625    2628
        3      68      69    2628
        3    2625    2626    2628
        3    2629    2628    2626
        3    2626    2627    2630
        3    2629    2626    2630
        3    2627     507    2630
        3     508    2630     507
        3      68    2628      67
        3    2631      67    2628
        3    2628    2629    2632
        3    2631    2628    2632
        3    2629    2630    2632
        3    2633    2632    2630
        3    2630     508     509
        3    2633    2630     509
        3      67    2631    2634
        3      66      67    2634
        3    2631    2632    2634
        3    2635    2634    2632
        3    2632    2633    2636
        3    2635    2632    2636
        3    2633     509    2636
        3     510    2636     509
        3      66    2634      65
        3    2637      65    2634
        3    2634    2635    2638
        3    2637    2634    2638
        3    2635    2636    2638
        3    2639    2638    2636
        3    2636     510     511
        3    2639    2636     511
        3      65    2637    2640
        3      64      65    2640
        3    2637    2638    2640
        3    2641    2640    2638
        3    2638    2639    2642
        3    2641    2638    2642
        3    2639     511    2642
        3     512    2642     511
        3      64    2640       2
        3     483       2    2640
        3     484     483    2641
        3    2640    2641     483
        3     484    2642      25
        3    2641    2642     484
        3       0     109    2643
        3     479       0    2643
        3     109     108    2643
        3    2644    2643     108
        3     108     107    2645
        3    2644     108    2645
        3     107     106    2645
        3    2646    2645     106
        3     106     105    2647
        3    2646     106    2647
        3     105     104    2647
        3    2648    2647     104
        3     104     103    2649
        3    2648     104    2649
        3     103       5    2649
        3     487    2649       5
        3     479    2643     480
        3    2650     480    2643
        3    2643    2644    2651
        3    2650    2643    2651
        3    2644    2645    2651
        3    2652    2651    2645
        3    2645    2646    2653
        3    2652    2645    2653
        3    2646    2647    2653
        3    2654    2653    2647
        3    2647    2648    2655
        3    2654    2647    2655
        3    2648    2649    2655
        3    2656    2655    2649
        3    2649     487     488
        3    2656    2649     488
        3     481    2650    2657
        3     482     481    2657
        3    2650    2651    2657
        3    2658    2657    2651
        3    2651    2652    2659
        3    2658    2651    2659
        3    2652    2653    2659
        3    2660    2659    2653
        3    2653    2654    2661
        3    2660    2653    2661
        3    2654    2655    2661
        3    2662    2661    2655
        3    2655    2656    2663
        3    2662    2655    2663
        3    2656     489    2663
        3     490    2663     489
        3     482    2657      24
        3     519      24    2657
        3    2657    2658     518
        3     519    2657     518
        3    2658    2659     518
        3     517     518    2659
        3    2659    2660     516
        3     517    2659     516
        3    2660    2661     516
        3     515     516    2661
        3    2661    2662     514
        3     515    2661     514
        3    2662    2663     514
        3     513     514    2663
        3    2663     490      26
        3     513    2663      26
        3     488     489    2656
        3     481     480    2650
        3      24     519    2664
        3       1      24    2664
        3     519     518    2664
        3    2665    2664     518
        3     518     517    2666
        3    2665     518    2666
        3     517     516    2666
        3    2667    2666     516
        3     516     515    2668
        3    2667     516    2668
        3     515     514    2668
        3    2669    2668     514
        3     514     513    2670
        3    2669     514    2670
        3     513      26    2670
        3       6    2670      26
        3     110    2670       6
        3     116       1    2664
        3    2664    2665     115
        3     116    2664     115
        3    2665    2666     115
        3     114     115    2666
        3    2666    2667     113
        3     114    2666     113
        3    2667    2668     113
        3     112     113    2668
        3    2668    2669     111
        3     112    2668     111
        3    2669    2670     111
        3     110     111    2670
        3       3     148    2671
        3     486       3    2671
        3     148     147    2671
        3    2672    2671     147
        3     147     146    2673
        3    2672     147    2673
        3     146     145    2673
        3    2674    2673     145
        3     145     144    2675
        3    2674     145    2675
        3     144     143    2675
        3    2676    2675     143
        3     143     142    2677
        3    2676     143    2677
        3     142       8    2677
        3     491    2677       8
        3     486    2671    2678
        3     485     486    2678
        3    2671    2672    2679
        3    2678    2671    2679
        3    2672    2673    2679
        3    2680    2679    2673
        3    2673    2674    2681
        3    2680    2673    2681
        3    2674    2675    2681
        3    2682    2681    2675
        3    2675    2676    2683
        3    2682    2675    2683
        3    2676    2677    2683
        3    2684    2683    2677
        3    2677     491    2684
        3     492    2684     491
        3     526    2691      27
        3    2685     485    2678
        3    2678    2679    2685
        3    2686    2685    2679
        3    2679    2680    2687
        3    2686    2679    2687
        3    2680    2681    2687
        3    2688    2687    2681
        3    2681    2682    2689
        3    2688    2681    2689
        3    2682    2683    2689
        3    2690    2689    2683
        3    2683    2684    2691
        3    2690    2683    2691
        3    2691     492      27
        3    2691    2684     492
        3     485    2685      25
        3     520      25    2685
        3    2685    2686     521
        3     520    2685     521
        3    2686    2687     521
        3     522     521    2687
        3    2687    2688     523
        3     522    2687     523
        3    2688    2689     523
        3     524     523    2689
        3    2689    2690     525
        3     524    2689     525
        3    2690    2691     525
        3     526     525    2691
        3      25     520    2692
        3     484      25    2692
        3     520     521    2692
        3    2693    2692     521
        3     521     522    2694
        3    2693     521    2694
        3     522     523    2694
        3    2695    2694     523
        3     523     524    2696
        3    2695     523    2696
        3     524     525    2696
        3    2697    2696     525
        3     525     526    2698
        3    2697     525    2698
        3     526      27    2698
        3     493    2698      27
        3     484    2692    2699
        3     483     484    2699
        3    2692    2693    2700
        3    2699    2692    2700
        3    2693    2694    2700
        3    2701    2700    2694
        3    2694    2695    2702
        3    2701    2694    2702
        3    2695    2696    2702
        3    2703    2702    2696
        3    2696    2697    2704
        3    2703    2696    2704
        3    2697    2698    2704
        3    2705    2704    2698
        3    2698     493    2705
        3     494    2705     493
        3     117    2712       7
        3    2706     483    2699
        3    2699    2700    2706
        3    2707    2706    2700
        3    2700    2701    2708
        3    2707    2700    2708
        3    2701    2702    2708
        3    2709    2708    2702
        3    2702    2703    2710
        3    2709    2702    2710
        3    2703    2704    2710
        3    2711    2710    2704
        3    2704    2705    2712
        3    2711    2704    2712
        3    2712     494       7
        3    2712    2705     494
        3     483    2706       2
        3     123       2    2706
        3    2706    2707     122
        3     123    2706     122
        3    2707    2708     122
        3     121     122    2708
        3    2708    2709     120
        3     121    2708     120
        3    2709    2710     120
        3     119     120    2710
        3    2710    2711     118
        3     119    2710     118
        3    2711    2712     118
        3     117     118    2712
        3       1     102    2713
        3     544       1    2713
        3     102     101    2713
        3    2714    2713     101
        3     101     100    2715
        3    2714     101    2715
        3     100       4    2715
        3      99    2715       4
        3     544    2713     543
        3    2716     543    2713
        3    2713    2714    2717
        3    2716    2713    2717
        3    2714    2715    2717
        3    2718    2717    2715
        3    2715      99      98
        3    2718    2715      98
        3     543    2716    2719
        3     542     543    2719
        3    2716    2717    2719
        3    2720    2719    2717
        3    2717    2718    2721
        3    2720    2717    2721
        3    2718      98    2721
        3      97    2721      98
        3     542    2719     541
        3    2722     541    2719
        3    2719    2720    2723
        3    2722    2719    2723
        3    2720    2721    2723
        3    2724    2723    2721
        3    2721      97      96
        3    2724    2721      96
        3     541    2722    2725
        3     540     541    2725
        3    2722    2723    2725
        3    2726    2725    2723
        3    2723    2724    2727
        3    2726    2723    2727
        3    2724      96    2727
        3      95    2727      96
        3     540    2725     539
        3    2728     539    2725
        3    2725    2726    2729
        3    2728    2725    2729
        3    2726    2727    2729
        3    2730    2729    2727
        3    2727      95      94
        3    2730    2727      94
        3     539    2728    2731
        3     538     539    2731
        3    2728    2729    2731
        3    2732    2731    2729
        3    2729    2730    2733
        3    2732    2729    2733
        3    2730      94    2733
        3      93    2733      94
        3     538    2731     537
        3    2734     537    2731
        3    2731    2732    2735
        3    2734    2731    2735
        3    2732    2733    2735
        3    2736    2735    2733
        3    2733      93      92
        3    2736    2733      92
        3     537    2734    2737
        3     536     537    2737
        3    2734    2735    2737
        3    2738    2737    2735
        3    2735    2736    2739
        3    2738    2735    2739
        3    2736      92    2739
        3      91    2739      92
        3     536    2737    2740
        3     535     536    2740
        3    2737    2738    2741
        3    2740    2737    2741
        3    2738    2739    2741
        3    2742    2741    2739
        3    2739      91    2742
        3      90    2742      91
        3     486    2769       3
        3    2743     535    2740
        3    2740    2741    2743
        3    2744    2743    2741
        3    2741    2742    2745
        3    2744    2741    2745
        3    2768    2769     486
        3    2745    2742      90
        3     535    2743     534
        3    2746     534    2743
        3    2743    2744    2747
        3    2746    2743    2747
        3    2744    2745    2747
        3    2748    2747    2745
        3    2745      90      89
        3    2748    2745      89
        3     534    2746    2749
        3     533     534    2749
        3    2746    2747    2749
        3    2750    2749    2747
        3    2747    2748    2751
        3    2750    2747    2751
        3    2748      89    2751
        3      88    2751      89
        3     533    2749     532
        3    2752     532    2749
        3    2749    2750    2753
        3    2752    2749    2753
        3    2750    2751    2753
        3    2754    2753    2751
        3    2751      88      87
        3    2754    2751      87
        3     532    2752    2755
        3     531     532    2755
        3    2752    2753    2755
        3    2756    2755    2753
        3    2753    2754    2757
        3    2756    2753    2757
        3    2754      87    2757
        3      86    2757      87
        3     531    2755     530
        3    2758     530    2755
        3    2755    2756    2759
        3    2758    2755    2759
        3    2756    2757    2759
        3    2760    2759    2757
        3    2757      86      85
        3    2760    2757      85
        3     530    2758    2761
        3     529     530    2761
        3    2758    2759    2761
        3    2762    2761    2759
        3    2759    2760    2763
        3    2762    2759    2763
        3    2760      85    2763
        3      84    2763      85
        3     529    2761     528
        3    2764     528    2761
        3    2761    2762    2765
        3    2764    2761    2765
        3    2762    2763    2765
        3    2766    2765    2763
        3    2763      84      83
        3    2766    2763      83
        3     528    2764    2767
        3     527     528    2767
        3    2764    2765    2767
        3    2768    2767    2765
        3    2765    2766    2769
        3    2768    2765    2769
        3    2766      83    2769
        3      82    2769      83
        3     527    2767      25
        3     485      25    2767
        3     486     485    2768
        3    2767    2768     485
        3    2769      82       3
        3     529     511     510
        3     527     512     528
        3     530     510     509
        3     531     509     508
        3     532     507     533
        3     533     506     534
        3     534     505     535
        3     535     504     536
        3     536     503     537
        3     538     502     501
        3     539     501     500
        3     540     500     499
        3     541     499     498
        3     542     498     497
        3     543     497     496
        3     543     496     544
        3     544     496     495
        3     544     495       1
        3       1     495      24
        3     542     497     543
        3     541     498     542
        3     540     499     541
        3     539     500     540
        3     538     501     539
        3     537     502     538
        3     537     503     502
        3     536     504     503
        3     535     505     504
        3     534     506     505
        3     533     507     506
        3     532     508     507
        3     531     508     532
        3     530     509     531
        3     529     510     530
        3     528     511     529
        3     528     512     511
        3      25     512     527
        3      33     589    2770
        3      34      33    2770
        3     589     590    2770
        3    2771    2770     590
        3     590     591    2772
        3    2771     590    2772
        3     591     592    2772
        3    2773    2772     592
        3     592     593    2774
        3    2773     592    2774
        3     593     594    2774
        3    2775    2774     594
        3     594     595    2776
        3    2775     594    2776
        3     595      28    2776
        3      32    2776      28
        3     602    2776      32
        3     596      34    2770
        3    2770    2771     597
        3     596    2770     597
        3    2771    2772     597
        3     598     597    2772
        3    2772    2773     599
        3     598    2772     599
        3    2773    2774     599
        3     600     599    2774
        3    2774    2775     601
        3     600    2774     601
        3    2775    2776     601
        3     602     601    2776
        3      30     609    2777
        3     588      30    2777
        3     609     608    2777
        3    2778    2777     608
        3     608     607    2779
        3    2778     608    2779
        3     607     606    2779
        3    2780    2779     606
        3     606     605    2781
        3    2780     606    2781
        3     605     604    2781
        3    2782    2781     604
        3     604     603    2783
        3    2782     604    2783
        3     603      35    2783
        3     610    2783      35
        3     588    2777     587
        3    2784     587    2777
        3    2777    2778    2785
        3    2784    2777    2785
        3    2778    2779    2785
        3    2786    2785    2779
        3    2779    2780    2787
        3    2786    2779    2787
        3    2780    2781    2787
        3    2788    2787    2781
        3    2781    2782    2789
        3    2788    2781    2789
        3    2782    2783    2789
        3    2790    2789    2783
        3    2783     610     611
        3    2790    2783     611
        3     587    2784    2791
        3     586     587    2791
        3    2784    2785    2791
        3    2792    2791    2785
        3    2785    2786    2793
        3    2792    2785    2793
        3    2786    2787    2793
        3    2794    2793    2787
        3    2787    2788    2795
        3    2794    2787    2795
        3    2788    2789    2795
        3    2796    2795    2789
        3    2789    2790    2797
        3    2796    2789    2797
        3    2790     611    2797
        3     612    2797     611
        3     586    2791     585
        3    2798     585    2791
        3    2791    2792    2799
        3    2798    2791    2799
        3    2792    2793    2799
        3    2800    2799    2793
        3    2793    2794    2801
        3    2800    2793    2801
        3    2794    2795    2801
        3    2802    2801    2795
        3    2795    2796    2803
        3    2802    2795    2803
        3    2796    2797    2803
        3    2804    2803    2797
        3    2797     612     613
        3    2804    2797     613
        3     585    2798    2805
        3     584     585    2805
        3    2798    2799    2805
        3    2806    2805    2799
        3    2799    2800    2807
        3    2806    2799    2807
        3    2800    2801    2807
        3    2808    2807    2801
        3    2801    2802    2809
        3    2808    2801    2809
        3    2802    2803    2809
        3    2810    2809    2803
        3    2803    2804    2811
        3    2810    2803    2811
        3    2804     613    2811
        3     614    2811     613
        3     584    2805     583
        3    2812     583    2805
        3    2805    2806    2813
        3    2812    2805    2813
        3    2806    2807    2813
        3    2814    2813    2807
        3    2807    2808    2815
        3    2814    2807    2815
        3    2808    2809    2815
        3    2816    2815    2809
        3    2809    2810    2817
        3    2816    2809    2817
        3    2810    2811    2817
        3    2818    2817    2811
        3    2811     614     615
        3    2818    2811     615
        3     583    2812    2819
        3     582     583    2819
        3    2812    2813    2819
        3    2820    2819    2813
        3    2813    2814    2821
        3    2820    2813    2821
        3    2814    2815    2821
        3    2822    2821    2815
        3    2815    2816    2823
        3    2822    2815    2823
        3    2816    2817    2823
        3    2824    2823    2817
        3    2817    2818    2825
        3    2824    2817    2825
        3    2818     615    2825
        3     616    2825     615
        3     582    2819      31
        3     623      31    2819
        3    2819    2820     622
        3     623    2819     622
        3    2820    2821     622
        3     621     622    2821
        3    2821    2822     620
        3     621    2821     620
        3    2822    2823     620
        3     619     620    2823
        3    2823    2824     618
        3     619    2823     618
        3    2824    2825     618
        3     617     618    2825
        3    2825     616      36
        3     617    2825      36
        3     665     630     631
        3     658      34     624
        3     663     628     629
        3     659     624     625
        3     660     625     626
        3     661     626     627
        3     662     627     628
        3     664     629     630
        3     666     631     632
        3     667     632     633
        3     668     633     634
        3     669     634     635
        3     670     635     636
        3     658      33      34
        3     671     636     637
        3     672     637     638
        3     659     658     624
        3     673     638     639
        3     660     659     625
        3     674     639     640
        3     661     660     626
        3     662     661     627
        3     663     662     628
        3     675     640     641
        3     676     641     642
        3     664     663     629
        3     677     642     643
        3     665     664     630
        3     666     665     631
        3     667     666     632
        3     678     643     644
        3     679     644     645
        3     668     667     633
        3     669     668     634
        3     670     669     635
        3     680     645     646
        3     681     646     647
        3     671     670     636
        3     672     671     637
        3     673     672     638
        3     682     647     648
        3     683     648     649
        3     674     673     639
        3     675     674     640
        3     676     675     641
        3     684     649     650
        3     685     650     651
        3     677     676     642
        3     678     677     643
        3     679     678     644
        3     686     651     652
        3     687     652     653
        3     680     679     645
        3     681     680     646
        3     682     681     647
        3     688     653     654
        3     689     654     655
        3     683     682     648
        3     684     683     649
        3     685     684     650
        3     690     655     656
        3     686     685     651
        3     687     686     652
        3     691     656     657
        3     691     657      36
        3     688     687     653
        3     689     688     654
        3     690     689     655
        3     691     690     656
        3      35     725    2826
        3     610      35    2826
        3     725     724    2826
        3    2827    2826     724
        3     724     723    2828
        3    2827     724    2828
        3     723     722    2828
        3    2829    2828     722
        3     722     721    2830
        3    2829     722    2830
        3     721     720    2830
        3    2831    2830     720
        3     720     719    2832
        3    2831     720    2832
        3     719     718    2832
        3    2833    2832     718
        3     718     717    2834
        3    2833     718    2834
        3     717     716    2834
        3    2835    2834     716
        3     716     715    2836
        3    2835     716    2836
        3     715     714    2836
        3    2837    2836     714
        3     714     713    2838
        3    2837     714    2838
        3     713     712    2838
        3    2839    2838     712
        3     712     711    2840
        3    2839     712    2840
        3     711     710    2840
        3    2841    2840     710
        3     710     709    2842
        3    2841     710    2842
        3    2842     709    2843
        3     709     708    2843
        3    2844    2843     708
        3    3070     732      33
        3     708     707    2844
        3    2845    2844     707
        3     707     706    2846
        3    2845     707    2846
        3     706     705    2846
        3    2847    2846     705
        3     705     704    2848
        3    2847     705    2848
        3     704     703    2848
        3    2849    2848     703
        3     703     702    2850
        3    2849     703    2850
        3     702     701    2850
        3    2851    2850     701
        3     701     700    2852
        3    2851     701    2852
        3     700     699    2852
        3    2853    2852     699
        3     699     698    2854
        3    2853     699    2854
        3     698     697    2854
        3    2855    2854     697
        3     697     696    2856
        3    2855     697    2856
        3     696     695    2856
        3    2857    2856     695
        3     695     694    2858
        3    2857     695    2858
        3     694     693    2858
        3    2859    2858     693
        3     693     692    2860
        3    2859     693    2860
        3     692      37    2860
        3     726    2860      37
        3     610    2826     611
        3    2861     611    2826
        3    2826    2827    2862
        3    2861    2826    2862
        3    2827    2828    2862
        3    2863    2862    2828
        3    2828    2829    2864
        3    2863    2828    2864
        3    2829    2830    2864
        3    2865    2864    2830
        3    2830    2831    2866
        3    2865    2830    2866
        3    2831    2832    2866
        3    2867    2866    2832
        3    2832    2833    2868
        3    2867    2832    2868
        3    2833    2834    2868
        3    2869    2868    2834
        3    2834    2835    2870
        3    2869    2834    2870
        3    2835    2836    2870
        3    2871    2870    2836
        3    2836    2837    2872
        3    2871    2836    2872
        3    2837    2838    2872
        3    2873    2872    2838
        3    2838    2839    2874
        3    2873    2838    2874
        3    2839    2840    2874
        3    2875    2874    2840
        3    2840    2841    2876
        3    2875    2840    2876
        3    2841    2842    2876
        3    2877    2876    2842
        3    2842    2843    2878
        3    2877    2842    2878
        3    2843    2844    2878
        3    2879    2878    2844
        3    2844    2845    2880
        3    2879    2844    2880
        3    2845    2846    2880
        3    2881    2880    2846
        3    2846    2847    2882
        3    2881    2846    2882
        3    2847    2848    2882
        3    2883    2882    2848
        3    2848    2849    2884
        3    2883    2848    2884
        3    2849    2850    2884
        3    2885    2884    2850
        3    2850    2851    2886
        3    2885    2850    2886
        3    2851    2852    2886
        3    2887    2886    2852
        3    2852    2853    2888
        3    2887    2852    2888
        3    2853    2854    2888
        3    2889    2888    2854
        3    2854    2855    2890
        3    2889    2854    2890
        3    2855    2856    2890
        3    2891    2890    2856
        3    2856    2857    2892
        3    2891    2856    2892
        3    2857    2858    2892
        3    2893    2892    2858
        3    2858    2859    2894
        3    2893    2858    2894
        3    2859    2860    2894
        3    2895    2894    2860
        3    2860     726     727
        3    2895    2860     727
        3     611    2861    2896
        3     612     611    2896
        3    2861    2862    2896
        3    2897    2896    2862
        3    2862    2863    2898
        3    2897    2862    2898
        3    2863    2864    2898
        3    2899    2898    2864
        3    2864    2865    2900
        3    2899    2864    2900
        3    2865    2866    2900
        3    2901    2900    2866
        3    2866    2867    2902
        3    2901    2866    2902
        3    2867    2868    2902
        3    2903    2902    2868
        3    2868    2869    2904
        3    2903    2868    2904
        3    2869    2870    2904
        3    2905    2904    2870
        3    2870    2871    2906
        3    2905    2870    2906
        3    2871    2872    2906
        3    2907    2906    2872
        3    2872    2873    2908
        3    2907    2872    2908
        3    2873    2874    2908
        3    2909    2908    2874
        3    2874    2875    2910
        3    2909    2874    2910
        3    2875    2876    2910
        3    2911    2910    2876
        3    2876    2877    2912
        3    2911    2876    2912
        3    2877    2878    2912
        3    2913    2912    2878
        3    2878    2879    2914
        3    2913    2878    2914
        3    2879    2880    2914
        3    2915    2914    2880
        3    2880    2881    2916
        3    2915    2880    2916
        3    2881    2882    2916
        3    2917    2916    2882
        3    2882    2883    2918
        3    2917    2882    2918
        3    2883    2884    2918
        3    2919    2918    2884
        3    2884    2885    2920
        3    2919    2884    2920
        3    2885    2886    2920
        3    2921    2920    2886
        3    2886    2887    2922
        3    2921    2886    2922
        3    2887    2888    2922
        3    2923    2922    2888
        3    2888    2889    2924
        3    2923    2888    2924
        3    2889    2890    2924
        3    2925    2924    2890
        3    2890    2891    2926
        3    2925    2890    2926
        3    2891    2892    2926
        3    2927    2926    2892
        3    2892    2893    2928
        3    2927    2892    2928
        3    2893    2894    2928
        3    2929    2928    2894
        3    2894    2895    2930
        3    2929    2894    2930
        3    2895     727    2930
        3     728    2930     727
        3     612    2896     613
        3    2931     613    2896
        3    2896    2897    2932
        3    2931    2896    2932
        3    2897    2898    2932
        3    2933    2932    2898
        3    2898    2899    2934
        3    2933    2898    2934
        3    2899    2900    2934
        3    2935    2934    2900
        3    2900    2901    2936
        3    2935    2900    2936
        3    2901    2902    2936
        3    2937    2936    2902
        3    2902    2903    2938
        3    2937    2902    2938
        3    2903    2904    2938
        3    2939    2938    2904
        3    2904    2905    2940
        3    2939    2904    2940
        3    2905    2906    2940
        3    2941    2940    2906
        3    2906    2907    2942
        3    2941    2906    2942
        3    2907    2908    2942
        3    2943    2942    2908
        3    2908    2909    2944
        3    2943    2908    2944
        3    2909    2910    2944
        3    2945    2944    2910
        3    2910    2911    2946
        3    2945    2910    2946
        3    2911    2912    2946
        3    2947    2946    2912
        3    2912    2913    2948
        3    2947    2912    2948
        3    2913    2914    2948
        3    2949    2948    2914
        3    2914    2915    2950
        3    2949    2914    2950
        3    2915    2916    2950
        3    2951    2950    2916
        3    2916    2917    2952
        3    2951    2916    2952
        3    2917    2918    2952
        3    2953    2952    2918
        3    2918    2919    2954
        3    2953    2918    2954
        3    2919    2920    2954
        3    2955    2954    2920
        3    2920    2921    2956
        3    2955    2920    2956
        3    2921    2922    2956
        3    2957    2956    2922
        3    2922    2923    2958
        3    2957    2922    2958
        3    2923    2924    2958
        3    2959    2958    2924
        3    2924    2925    2960
        3    2959    2924    2960
        3    2925    2926    2960
        3    2961    2960    2926
        3    2926    2927    2962
        3    2961    2926    2962
        3    2927    2928    2962
        3    2963    2962    2928
        3    2928    2929    2964
        3    2963    2928    2964
        3    2929    2930    2964
        3    2965    2964    2930
        3    2930     728     729
        3    2965    2930     729
        3     613    2931    2966
        3     614     613    2966
        3    2931    2932    2966
        3    2967    2966    2932
        3    2932    2933    2968
        3    2967    2932    2968
        3    2933    2934    2968
        3    2969    2968    2934
        3    2934    2935    2970
        3    2969    2934    2970
        3    2935    2936    2970
        3    2971    2970    2936
        3    2936    2937    2972
        3    2971    2936    2972
        3    2937    2938    2972
        3    2973    2972    2938
        3    2938    2939    2974
        3    2973    2938    2974
        3    2939    2940    2974
        3    2975    2974    2940
        3    2940    2941    2976
        3    2975    2940    2976
        3    2941    2942    2976
        3    2977    2976    2942
        3    2942    2943    2978
        3    2977    2942    2978
        3    2943    2944    2978
        3    2979    2978    2944
        3    2944    2945    2980
        3    2979    2944    2980
        3    2945    2946    2980
        3    2981    2980    2946
        3    2946    2947    2982
        3    2981    2946    2982
        3    2947    2948    2982
        3    2983    2982    2948
        3    2948    2949    2984
        3    2983    2948    2984
        3    2949    2950    2984
        3    2985    2984    2950
        3    2950    2951    2986
        3    2985    2950    2986
        3    2951    2952    2986
        3    2987    2986    2952
        3    2952    2953    2988
        3    2987    2952    2988
        3    2953    2954    2988
        3    2989    2988    2954
        3    2954    2955    2990
        3    2989    2954    2990
        3    2955    2956    2990
        3    2991    2990    2956
        3    2956    2957    2992
        3    2991    2956    2992
        3    2957    2958    2992
        3    2993    2992    2958
        3    2958    2959    2994
        3    2993    2958    2994
        3    2959    2960    2994
        3    2995    2994    2960
        3    2960    2961    2996
        3    2995    2960    2996
        3    2961    2962    2996
        3    2997    2996    2962
        3    2962    2963    2998
        3    2997    2962    2998
        3    2963    2964    2998
        3    2999    2998    2964
        3    2964    2965    3000
        3    2999    2964    3000
        3    2965     729    3000
        3     730    3000     729
        3     614    2966     615
        3    3001     615    2966
        3    2966    2967    3002
        3    3001    2966    3002
        3    2967    2968    3002
        3    3003    3002    2968
        3    2968    2969    3004
        3    3003    2968    3004
        3    2969    2970    3004
        3    3005    3004    2970
        3    2970    2971    3006
        3    3005    2970    3006
        3    2971    2972    3006
        3    3007    3006    2972
        3    2972    2973    3008
        3    3007    2972    3008
        3    2973    2974    3008
        3    3009    3008    2974
        3    2974    2975    3010
        3    3009    2974    3010
        3    2975    2976    3010
        3    3011    3010    2976
        3    2976    2977    3012
        3    3011    2976    3012
        3    2977    2978    3012
        3    3013    3012    2978
        3    2978    2979    3014
        3    3013    2978    3014
        3    2979    2980    3014
        3    3015    3014    2980
        3    2980    2981    3016
        3    3015    2980    3016
        3    2981    2982    3016
        3    3017    3016    2982
        3    2982    2983    3018
        3    3017    2982    3018
        3    2983    2984    3018
        3    3019    3018    2984
        3    2984    2985    3020
        3    3019    2984    3020
        3    2985    2986    3020
        3    3021    3020    2986
        3    2986    2987    3022
        3    3021    2986    3022
        3    2987    2988    3022
        3    3023    3022    2988
        3    2988    2989    3024
        3    3023    2988    3024
        3    2989    2990    3024
        3    3025    3024    2990
        3    2990    2991    3026
        3    3025    2990    3026
        3    2991    2992    3026
        3    3027    3026    2992
        3    2992    2993    3028
        3    3027    2992    3028
        3    2993    2994    3028
        3    3029    3028    2994
        3    2994    2995    3030
        3    3029    2994    3030
        3    2995    2996    3030
        3    3031    3030    2996
        3    2996    2997    3032
        3    3031    2996    3032
        3    2997    2998    3032
        3    3033    3032    2998
        3    2998    2999    3034
        3    3033    2998    3034
        3    2999    3000    3034
        3    3035    3034    3000
        3    3000     730     731
        3    3035    3000     731
        3     615    3001    3036
        3     616     615    3036
        3    3001    3002    3036
        3    3037    3036    3002
        3    3002    3003    3038
        3    3037    3002    3038
        3    3003    3004    3038
        3    3039    3038    3004
        3    3004    3005    3040
        3    3039    3004    3040
        3    3005    3006    3040
        3    3041    3040    3006
        3    3006    3007    3042
        3    3041    3006    3042
        3    3007    3008    3042
        3    3043    3042    3008
        3    3008    3009    3044
        3    3043    3008    3044
        3    3009    3010    3044
        3    3045    3044    3010
        3    3010    3011    3046
        3    3045    3010    3046
        3    3011    3012    3046
        3    3047    3046    3012
        3    3012    3013    3048
        3    3047    3012    3048
        3    3013    3014    3048
        3    3049    3048    3014
        3    3014    3015    3050
        3    3049    3014    3050
        3    3015    3016    3050
        3    3051    3050    3016
        3    3016    3017    3052
        3    3051    3016    3052
        3    3017    3018    3052
        3    3053    3052    3018
        3    3018    3019    3054
        3    3053    3018    3054
        3    3019    3020    3054
        3    3055    3054    3020
        3    3020    3021    3056
        3    3055    3020    3056
        3    3021    3022    3056
        3    3057    3056    3022
        3    3022    3023    3058
        3    3057    3022    3058
        3    3023    3024    3058
        3    3059    3058    3024
        3    3024    3025    3060
        3    3059    3024    3060
        3    3025    3026    3060
        3    3061    3060    3026
        3    3026    3027    3062
        3    3061    3026    3062
        3    3027    3028    3062
        3    3063    3062    3028
        3    3028    3029    3064
        3    3063    3028    3064
        3    3029    3030    3064
        3    3065    3064    3030
        3    3030    3031    3066
        3    3065    3030    3066
        3    3031    3032    3066
        3    3067    3066    3032
        3    3032    3033    3068
        3    3067    3032    3068
        3    3033    3034    3068
        3    3069    3068    3034
        3    3034    3035    3070
        3    3069    3034    3070
        3    3035     731    3070
        3     732    3070     731
        3     616    3036      36
        3     691      36    3036
        3    3036    3037     690
        3     691    3036     690
        3    3037    3038     690
        3     689     690    3038
        3    3038    3039     688
        3     689    3038     688
        3    3039    3040     688
        3     687     688    3040
        3    3040    3041     686
        3     687    3040     686
        3    3041    3042     686
        3     685     686    3042
        3    3042    3043     684
        3     685    3042     684
        3    3043    3044     684
        3     683     684    3044
        3    3044    3045     682
        3     683    3044     682
        3    3045    3046     682
        3     681     682    3046
        3    3046    3047     680
        3     681    3046     680
        3    3047    3048     680
        3     679     680    3048
        3    3048    3049     678
        3     679    3048     678
        3    3049    3050     678
        3     677     678    3050
        3    3050    3051     676
        3     677    3050     676
        3    3051    3052     676
        3     675     676    3052
        3     674     675    3053
        3    3052    3053     675
        3     658    3070      33
        3    3053    3054     674
        3    3054    3055     673
        3     674    3054     673
        3    3055    3056     673
        3     672     673    3056
        3    3056    3057     671
        3     672    3056     671
        3    3057    3058     671
        3     670     671    3058
        3    3058    3059     669
        3     670    3058     669
        3    3059    3060     669
        3     668     669    3060
        3    3060    3061     667
        3     668    3060     667
        3    3061    3062     667
        3     666     667    3062
        3    3062    3063     665
        3     666    3062     665
        3    3063    3064     665
        3     664     665    3064
        3    3064    3065     663
        3     664    3064     663
        3    3065    3066     663
        3     662     663    3066
        3    3066    3067     661
        3     662    3066     661
        3    3067    3068     661
        3     660     661    3068
        3    3068    3069     659
        3     660    3068     659
        3    3069    3070     659
        3     658     659    3070
        3      33     732    3071
        3     589      33    3071
        3     732     731    3071
        3    3072    3071     731
        3     730     729    3073
        3    3072     730    3073
        3     729     728    3073
        3    3074    3073     728
        3     727     726    3075
        3    3074     727    3075
        3     726      37    3075
        3     733    3075      37
        3     589    3071     590
        3    3076     590    3071
        3    3071    3072    3077
        3    3076    3071    3077
        3    3072    3073    3077
        3    3078    3077    3073
        3    3073    3074    3079
        3    3078    3073    3079
        3    3074    3075    3079
        3    3080    3079    3075
        3    3075     733     734
        3    3080    3075     734
        3     590    3076    3081
        3     591     590    3081
        3    3076    3077    3081
        3    3082    3081    3077
        3    3077    3078    3083
        3    3082    3077    3083
        3    3078    3079    3083
        3    3084    3083    3079
        3    3079    3080    3085
        3    3084    3079    3085
        3    3080     734    3085
        3     735    3085     734
        3     591    3081     592
        3    3086     592    3081
        3    3081    3082    3087
        3    3086    3081    3087
        3    3082    3083    3087
        3    3088    3087    3083
        3    3083    3084    3089
        3    3088    3083    3089
        3    3084    3085    3089
        3    3090    3089    3085
        3    3085     735     736
        3    3090    3085     736
        3     592    3086    3091
        3     593     592    3091
        3    3086    3087    3091
        3    3092    3091    3087
        3    3087    3088    3093
        3    3092    3087    3093
        3    3088    3089    3093
        3    3094    3093    3089
        3    3089    3090    3095
        3    3094    3089    3095
        3    3090     736    3095
        3     737    3095     736
        3     593    3091    3096
        3     594     593    3096
        3    3091    3092    3097
        3    3096    3091    3097
        3    3092    3093    3097
        3    3098    3097    3093
        3    3093    3094    3099
        3    3098    3093    3099
        3    3094    3095    3099
        3    3100    3099    3095
        3    3095     737    3100
        3     738    3100     737
        3     731     730    3072
        3    3101     594    3096
        3    3096    3097    3101
        3    3102    3101    3097
        3    3097    3098    3103
        3    3102    3097    3103
        3    3098    3099    3103
        3    3104    3103    3099
        3    3099    3100    3105
        3    3104    3099    3105
        3     728     727    3074
        3    3105    3100     738
        3     594    3101     595
        3    3106     595    3101
        3    3101    3102    3107
        3    3106    3101    3107
        3    3102    3103    3107
        3    3108    3107    3103
        3    3103    3104    3109
        3    3108    3103    3109
        3    3104    3105    3109
        3    3110    3109    3105
        3    3105     738     739
        3    3110    3105     739
        3     595    3106    3111
        3      28     595    3111
        3    3106    3107    3111
        3    3112    3111    3107
        3    3107    3108    3113
        3    3112    3107    3113
        3    3108    3109    3113
        3    3114    3113    3109
        3    3109    3110    3115
        3    3114    3109    3115
        3    3110     739    3115
        3      29    3115     739
        3    3111    3112     545
        3      28    3111     545
        3    3112    3113     545
        3     546     545    3113
        3    3113    3114     547
        3     546    3113     547
        3    3114    3115     547
        3      29     547    3115
        3      37     692    3116
        3     733      37    3116
        3     692     693    3116
        3    3117    3116     693
        3     693     694    3118
        3    3117     693    3118
        3     694     695    3118
        3    3119    3118     695
        3     695     696    3120
        3    3119     695    3120
        3     696     697    3120
        3    3121    3120     697
        3     697     698    3122
        3    3121     697    3122
        3     698     699    3122
        3    3123    3122     699
        3     699     700    3124
        3    3123     699    3124
        3     700     701    3124
        3    3125    3124     701
        3     701     702    3126
        3    3125     701    3126
        3     702     703    3126
        3    3127    3126     703
        3     703     704    3128
        3    3127     703    3128
        3     704     705    3128
        3    3129    3128     705
        3     705     706    3130
        3    3129     705    3130
        3     706     707    3130
        3    3131    3130     707
        3     707     708    3132
        3    3131     707    3132
        3    3132     708    3133
        3     708     709    3133
        3    3134    3133     709
        3    3360     609      30
        3     709     710    3134
        3    3135    3134     710
        3     710     711    3136
        3    3135     710    3136
        3     711     712    3136
        3    3137    3136     712
        3     712     713    3138
        3    3137     712    3138
        3     713     714    3138
        3    3139    3138     714
        3     714     715    3140
        3    3139     714    3140
        3     715     716    3140
        3    3141    3140     716
        3     716     717    3142
        3    3141     716    3142
        3     717     718    3142
        3    3143    3142     718
        3     718     719    3144
        3    3143     718    3144
        3     719     720    3144
        3    3145    3144     720
        3     720     721    3146
        3    3145     720    3146
        3     721     722    3146
        3    3147    3146     722
        3     722     723    3148
        3    3147     722    3148
        3     723     724    3148
        3    3149    3148     724
        3     724     725    3150
        3    3149     724    3150
        3     725      35    3150
        3     603    3150      35
        3     733    3116     734
        3    3151     734    3116
        3    3116    3117    3152
        3    3151    3116    3152
        3    3117    3118    3152
        3    3153    3152    3118
        3    3118    3119    3154
        3    3153    3118    3154
        3    3119    3120    3154
        3    3155    3154    3120
        3    3120    3121    3156
        3    3155    3120    3156
        3    3121    3122    3156
        3    3157    3156    3122
        3    3122    3123    3158
        3    3157    3122    3158
        3    3123    3124    3158
        3    3159    3158    3124
        3    3124    3125    3160
        3    3159    3124    3160
        3    3125    3126    3160
        3    3161    3160    3126
        3    3126    3127    3162
        3    3161    3126    3162
        3    3127    3128    3162
        3    3163    3162    3128
        3    3128    3129    3164
        3    3163    3128    3164
        3    3129    3130    3164
        3    3165    3164    3130
        3    3130    3131    3166
        3    3165    3130    3166
        3    3131    3132    3166
        3    3167    3166    3132
        3    3132    3133    3168
        3    3167    3132    3168
        3    3133    3134    3168
        3    3169    3168    3134
        3    3134    3135    3170
        3    3169    3134    3170
        3    3135    3136    3170
        3    3171    3170    3136
        3    3136    3137    3172
        3    3171    3136    3172
        3    3137    3138    3172
        3    3173    3172    3138
        3    3138    3139    3174
        3    3173    3138    3174
        3    3139    3140    3174
        3    3175    3174    3140
        3    3140    3141    3176
        3    3175    3140    3176
        3    3141    3142    3176
        3    3177    3176    3142
        3    3142    3143    3178
        3    3177    3142    3178
        3    3143    3144    3178
        3    3179    3178    3144
        3    3144    3145    3180
        3    3179    3144    3180
        3    3145    3146    3180
        3    3181    3180    3146
        3    3146    3147    3182
        3    3181    3146    3182
        3    3147    3148    3182
        3    3183    3182    3148
        3    3148    3149    3184
        3    3183    3148    3184
        3    3149    3150    3184
        3    3185    3184    3150
        3    3150     603     604
        3    3185    3150     604
        3     734    3151    3186
        3     735     734    3186
        3    3151    3152    3186
        3    3187    3186    3152
        3    3152    3153    3188
        3    3187    3152    3188
        3    3153    3154    3188
        3    3189    3188    3154
        3    3154    3155    3190
        3    3189    3154    3190
        3    3155    3156    3190
        3    3191    3190    3156
        3    3156    3157    3192
        3    3191    3156    3192
        3    3157    3158    3192
        3    3193    3192    3158
        3    3158    3159    3194
        3    3193    3158    3194
        3    3159    3160    3194
        3    3195    3194    3160
        3    3160    3161    3196
        3    3195    3160    3196
        3    3161    3162    3196
        3    3197    3196    3162
        3    3162    3163    3198
        3    3197    3162    3198
        3    3163    3164    3198
        3    3199    3198    3164
        3    3164    3165    3200
        3    3199    3164    3200
        3    3165    3166    3200
        3    3201    3200    3166
        3    3166    3167    3202
        3    3201    3166    3202
        3    3167    3168    3202
        3    3203    3202    3168
        3    3168    3169    3204
        3    3203    3168    3204
        3    3169    3170    3204
        3    3205    3204    3170
        3    3170    3171    3206
        3    3205    3170    3206
        3    3171    3172    3206
        3    3207    3206    3172
        3    3172    3173    3208
        3    3207    3172    3208
        3    3173    3174    3208
        3    3209    3208    3174
        3    3174    3175    3210
        3    3209    3174    3210
        3    3175    3176    3210
        3    3211    3210    3176
        3    3176    3177    3212
        3    3211    3176    3212
        3    3177    3178    3212
        3    3213    3212    3178
        3    3178    3179    3214
        3    3213    3178    3214
        3    3179    3180    3214
        3    3215    3214    3180
        3    3180    3181    3216
        3    3215    3180    3216
        3    3181    3182    3216
        3    3217    3216    3182
        3    3182    3183    3218
        3    3217    3182    3218
        3    3183    3184    3218
        3    3219    3218    3184
        3    3184    3185    3220
        3    3219    3184    3220
        3    3185     604    3220
        3     605    3220     604
        3     735    3186     736
        3    3221     736    3186
        3    3186    3187    3222
        3    3221    3186    3222
        3    3187    3188    3222
        3    3223    3222    3188
        3    3188    3189    3224
        3    3223    3188    3224
        3    3189    3190    3224
        3    3225    3224    3190
        3    3190    3191    3226
        3    3225    3190    3226
        3    3191    3192    3226
        3    3227    3226    3192
        3    3192    3193    3228
        3    3227    3192    3228
        3    3193    3194    3228
        3    3229    3228    3194
        3    3194    3195    3230
        3    3229    3194    3230
        3    3195    3196    3230
        3    3231    3230    3196
        3    3196    3197    3232
        3    3231    3196    3232
        3    3197    3198    3232
        3    3233    3232    3198
        3    3198    3199    3234
        3    3233    3198    3234
        3    3199    3200    3234
        3    3235    3234    3200
        3    3200    3201    3236
        3    3235    3200    3236
        3    3201    3202    3236
        3    3237    3236    3202
        3    3202    3203    3238
        3    3237    3202    3238
        3    3203    3204    3238
        3    3239    3238    3204
        3    3204    3205    3240
        3    3239    3204    3240
        3    3205    3206    3240
        3    3241    3240    3206
        3    3206    3207    3242
        3    3241    3206    3242
        3    3207    3208    3242
        3    3243    3242    3208
        3    3208    3209    3244
        3    3243    3208    3244
        3    3209    3210    3244
        3    3245    3244    3210
        3    3210    3211    3246
        3    3245    3210    3246
        3    3211    3212    3246
        3    3247    3246    3212
        3    3212    3213    3248
        3    3247    3212    3248
        3    3213    3214    3248
        3    3249    3248    3214
        3    3214    3215    3250
        3    3249    3214    3250
        3    3215    3216    3250
        3    3251    3250    3216
        3    3216    3217    3252
        3    3251    3216    3252
        3    3217    3218    3252
        3    3253    3252    3218
        3    3218    3219    3254
        3    3253    3218    3254
        3    3219    3220    3254
        3    3255    3254    3220
        3    3220     605     606
        3    3255    3220     606
        3     736    3221    3256
        3     737     736    3256
        3    3221    3222    3256
        3    3257    3256    3222
        3    3222    3223    3258
        3    3257    3222    3258
        3    3223    3224    3258
        3    3259    3258    3224
        3    3224    3225    3260
        3    3259    3224    3260
        3    3225    3226    3260
        3    3261    3260    3226
        3    3226    3227    3262
        3    3261    3226    3262
        3    3227    3228    3262
        3    3263    3262    3228
        3    3228    3229    3264
        3    3263    3228    3264
        3    3229    3230    3264
        3    3265    3264    3230
        3    3230    3231    3266
        3    3265    3230    3266
        3    3231    3232    3266
        3    3267    3266    3232
        3    3232    3233    3268
        3    3267    3232    3268
        3    3233    3234    3268
        3    3269    3268    3234
        3    3234    3235    3270
        3    3269    3234    3270
        3    3235    3236    3270
        3    3271    3270    3236
        3    3236    3237    3272
        3    3271    3236    3272
        3    3237    3238    3272
        3    3273    3272    3238
        3    3238    3239    3274
        3    3273    3238    3274
        3    3239    3240    3274
        3    3275    3274    3240
        3    3240    3241    3276
        3    3275    3240    3276
        3    3241    3242    3276
        3    3277    3276    3242
        3    3242    3243    3278
        3    3277    3242    3278
        3    3243    3244    3278
        3    3279    3278    3244
        3    3244    3245    3280
        3    3279    3244    3280
        3    3245    3246    3280
        3    3281    3280    3246
        3    3246    3247    3282
        3    3281    3246    3282
        3    3247    3248    3282
        3    3283    3282    3248
        3    3248    3249    3284
        3    3283    3248    3284
        3    3249    3250    3284
        3    3285    3284    3250
        3    3250    3251    3286
        3    3285    3250    3286
        3    3251    3252    3286
        3    3287    3286    3252
        3    3252    3253    3288
        3    3287    3252    3288
        3    3253    3254    3288
        3    3289    3288    3254
        3    3254    3255    3290
        3    3289    3254    3290
        3    3255     606    3290
        3     607    3290     606
        3     737    3256     738
        3    3291     738    3256
        3    3256    3257    3292
        3    3291    3256    3292
        3    3257    3258    3292
        3    3293    3292    3258
        3    3258    3259    3294
        3    3293    3258    3294
        3    3259    3260    3294
        3    3295    3294    3260
        3    3260    3261    3296
        3    3295    3260    3296
        3    3261    3262    3296
        3    3297    3296    3262
        3    3262    3263    3298
        3    3297    3262    3298
        3    3263    3264    3298
        3    3299    3298    3264
        3    3264    3265    3300
        3    3299    3264    3300
        3    3265    3266    3300
        3    3301    3300    3266
        3    3266    3267    3302
        3    3301    3266    3302
        3    3267    3268    3302
        3    3303    3302    3268
        3    3268    3269    3304
        3    3303    3268    3304
        3    3269    3270    3304
        3    3305    3304    3270
        3    3270    3271    3306
        3    3305    3270    3306
        3    3271    3272    3306
        3    3307    3306    3272
        3    3272    3273    3308
        3    3307    3272    3308
        3    3273    3274    3308
        3    3309    3308    3274
        3    3274    3275    3310
        3    3309    3274    3310
        3    3275    3276    3310
        3    3311    3310    3276
        3    3276    3277    3312
        3    3311    3276    3312
        3    3277    3278    3312
        3    3313    3312    3278
        3    3278    3279    3314
        3    3313    3278    3314
        3    3279    3280    3314
        3    3315    3314    3280
        3    3280    3281    3316
        3    3315    3280    3316
        3    3281    3282    3316
        3    3317    3316    3282
        3    3282    3283    3318
        3    3317    3282    3318
        3    3283    3284    3318
        3    3319    3318    3284
        3    3284    3285    3320
        3    3319    3284    3320
        3    3285    3286    3320
        3    3321    3320    3286
        3    3286    3287    3322
        3    3321    3286    3322
        3    3287    3288    3322
        3    3323    3322    3288
        3    3288    3289    3324
        3    3323    3288    3324
        3    3289    3290    3324
        3    3325    3324    3290
        3    3290     607     608
        3    3325    3290     608
        3     738    3291    3326
        3     739     738    3326
        3    3291    3292    3326
        3    3327    3326    3292
        3    3292    3293    3328
        3    3327    3292    3328
        3    3293    3294    3328
        3    3329    3328    3294
        3    3294    3295    3330
        3    3329    3294    3330
        3    3295    3296    3330
        3    3331    3330    3296
        3    3296    3297    3332
        3    3331    3296    3332
        3    3297    3298    3332
        3    3333    3332    3298
        3    3298    3299    3334
        3    3333    3298    3334
        3    3299    3300    3334
        3    3335    3334    3300
        3    3300    3301    3336
        3    3335    3300    3336
        3    3301    3302    3336
        3    3337    3336    3302
        3    3302    3303    3338
        3    3337    3302    3338
        3    3303    3304    3338
        3    3339    3338    3304
        3    3304    3305    3340
        3    3339    3304    3340
        3    3305    3306    3340
        3    3341    3340    3306
        3    3306    3307    3342
        3    3341    3306    3342
        3    3307    3308    3342
        3    3343    3342    3308
        3    3308    3309    3344
        3    3343    3308    3344
        3    3309    3310    3344
        3    3345    3344    3310
        3    3310    3311    3346
        3    3345    3310    3346
        3    3311    3312    3346
        3    3347    3346    3312
        3    3312    3313    3348
        3    3347    3312    3348
        3    3313    3314    3348
        3    3349    3348    3314
        3    3314    3315    3350
        3    3349    3314    3350
        3    3315    3316    3350
        3    3351    3350    3316
        3    3316    3317    3352
        3    3351    3316    3352
        3    3317    3318    3352
        3    3353    3352    3318
        3    3318    3319    3354
        3    3353    3318    3354
        3    3319    3320    3354
        3    3355    3354    3320
        3    3320    3321    3356
        3    3355    3320    3356
        3    3321    3322    3356
        3    3357    3356    3322
        3    3322    3323    3358
        3    3357    3322    3358
        3    3323    3324    3358
        3    3359    3358    3324
        3    3324    3325    3360
        3    3359    3324    3360
        3    3325     608    3360
        3     609    3360     608
        3     739    3326      29
        3     581      29    3326
        3    3326    3327     580
        3     581    3326     580
        3    3327    3328     580
        3     579     580    3328
        3    3328    3329     578
        3     579    3328     578
        3    3329    3330     578
        3     577     578    3330
        3    3330    3331     576
        3     577    3330     576
        3    3331    3332     576
        3     575     576    3332
        3    3332    3333     574
        3     575    3332     574
        3    3333    3334     574
        3     573     574    3334
        3    3334    3335     572
        3     573    3334     572
        3    3335    3336     572
        3     571     572    3336
        3    3336    3337     570
        3     571    3336     570
        3    3337    3338     570
        3     569     570    3338
        3    3338    3339     568
        3     569    3338     568
        3    3339    3340     568
        3     567     568    3340
        3    3340    3341     566
        3     567    3340     566
        3    3341    3342     566
        3     565     566    3342
        3     564     565    3343
        3    3342    3343     565
        3     548    3360      30
        3    3343    3344     564
        3    3344    3345     563
        3     564    3344     563
        3    3345    3346     563
        3     562     563    3346
        3    3346    3347     561
        3     562    3346     561
        3    3347    3348     561
        3     560     561    3348
        3    3348    3349     559
        3     560    3348     559
        3    3349    3350     559
        3     558     559    3350
        3    3350    3351     557
        3     558    3350     557
        3    3351    3352     557
        3     556     557    3352
        3    3352    3353     555
        3     556    3352     555
        3    3353    3354     555
        3     554     555    3354
        3    3354    3355     553
        3     554    3354     553
        3    3355    3356     553
        3     552     553    3356
        3    3356    3357     551
        3     552    3356     551
        3    3357    3358     551
        3     550     551    3358
        3    3358    3359     549
        3     550    3358     549
        3    3359    3360     549
        3     548     549    3360
        3      43     769    3361
        3     778      43    3361
        3     769     768    3361
        3    3362    3361     768
        3     768     767    3363
        3    3362     768    3363
        3     767     766    3363
        3    3364    3363     766
        3     766     765    3365
        3    3364     766    3365
        3     765     764    3365
        3    3366    3365     764
        3     764     763    3367
        3    3366     764    3367
        3     763      42    3367
        3     743    3367      42
        3     778    3361    3368
        3     777     778    3368
        3    3361    3362    3369
        3    3368    3361    3369
        3    3362    3363    3369
        3    3370    3369    3363
        3    3363    3364    3371
        3    3370    3363    3371
        3    3364    3365    3371
        3    3372    3371    3365
        3    3365    3366    3373
        3    3372    3365    3373
        3    3366    3367    3373
        3    3374    3373    3367
        3    3367     743    3374
        3     744    3374     743
        3     776    3381      41
        3    3375     777    3368
        3    3368    3369    3375
        3    3376    3375    3369
        3    3369    3370    3377
        3    3376    3369    3377
        3    3370    3371    3377
        3    3378    3377    3371
        3    3371    3372    3379
        3    3378    3371    3379
        3    3372    3373    3379
        3    3380    3379    3373
        3    3373    3374    3381
        3    3380    3373    3381
        3    3381     744      41
        3    3381    3374     744
        3     777    3375      44
        3     770      44    3375
        3    3375    3376     771
        3     770    3375     771
        3    3376    3377     771
        3     772     771    3377
        3    3377    3378     773
        3     772    3377     773
        3    3378    3379     773
        3     774     773    3379
        3    3379    3380     775
        3     774    3379     775
        3    3380    3381     775
        3     776     775    3381
        3      45     785    3382
        3      46      45    3382
        3     785     784    3382
        3    3383    3382     784
        3     784     783    3384
        3    3383     784    3384
        3     783     782    3384
        3    3385    3384     782
        3     782     781    3386
        3    3385     782    3386
        3     781     780    3386
        3    3387    3386     780
        3     780     779    3388
        3    3387     780    3388
        3     779      40    3388
        3      39    3388      40
        3     786    3388      39
        3     792      46    3382
        3    3382    3383     791
        3     792    3382     791
        3    3383    3384     791
        3     790     791    3384
        3    3384    3385     789
        3     790    3384     789
        3    3385    3386     789
        3     788     789    3386
        3    3386    3387     787
        3     788    3386     787
        3    3387    3388     787
        3     786     787    3388
        3     795     827     826
        3     793     828     794
        3     796     826     825
        3     797     825     824
        3     798     823     799
        3     799     822     800
        3     800     821     801
        3     801     820     802
        3     802     819     803
        3     804     818     817
        3     805     817     816
        3     806     816     815
        3     807     815     814
        3     808     814     813
        3     809     813     812
        3     809     812     810
        3     810     812     811
        3     810     811      46
        3      46     811      45
        3     808     813     809
        3     807     814     808
        3     806     815     807
        3     805     816     806
        3     804     817     805
        3     803     818     804
        3     803     819     818
        3     802     820     819
        3     801     821     820
        3     800     822     821
        3     799     823     822
        3     798     824     823
        3     797     824     798
        3     796     825     797
        3     795     826     796
        3     794     827     795
        3     794     828     827
        3      44     828     793
        3      46     831    3389
        3     810      46    3389
        3     831     830    3389
        3    3390    3389     830
        3     830     829    3391
        3    3390     830    3391
        3     829      47    3391
        3     849    3391      47
        3     810    3389     809
        3    3392     809    3389
        3    3389    3390    3393
        3    3392    3389    3393
        3    3390    3391    3393
        3    3394    3393    3391
        3    3391     849     848
        3    3394    3391     848
        3     809    3392    3395
        3     808     809    3395
        3    3392    3393    3395
        3    3396    3395    3393
        3    3393    3394    3397
        3    3396    3393    3397
        3    3394     848    3397
        3     847    3397     848
        3     808    3395     807
        3    3398     807    3395
        3    3395    3396    3399
        3    3398    3395    3399
        3    3396    3397    3399
        3    3400    3399    3397
        3    3397     847     846
        3    3400    3397     846
        3     807    3398    3401
        3     806     807    3401
        3    3398    3399    3401
        3    3402    3401    3399
        3    3399    3400    3403
        3    3402    3399    3403
        3    3400     846    3403
        3     845    3403     846
        3     806    3401     805
        3    3404     805    3401
        3    3401    3402    3405
        3    3404    3401    3405
        3    3402    3403    3405
        3    3406    3405    3403
        3    3403     845     844
        3    3406    3403     844
        3     805    3404    3407
        3     804     805    3407
        3    3404    3405    3407
        3    3408    3407    3405
        3    3405    3406    3409
        3    3408    3405    3409
        3    3406     844    3409
        3     843    3409     844
        3     804    3407     803
        3    3410     803    3407
        3    3407    3408    3411
        3    3410    3407    3411
        3    3408    3409    3411
        3    3412    3411    3409
        3    3409     843     842
        3    3412    3409     842
        3     803    3410    3413
        3     802     803    3413
        3    3410    3411    3413
        3    3414    3413    3411
        3    3411    3412    3415
        3    3414    3411    3415
        3    3412     842    3415
        3     841    3415     842
        3     802    3413    3416
        3     801     802    3416
        3    3413    3414    3417
        3    3416    3413    3417
        3    3414    3415    3417
        3    3418    3417    3415
        3    3415     841    3418
        3     840    3418     841
        3     778    3445      43
        3    3419     801    3416
        3    3416    3417    3419
        3    3420    3419    3417
        3    3417    3418    3421
        3    3420    3417    3421
        3    3444    3445     778
        3    3421    3418     840
        3     801    3419     800
        3    3422     800    3419
        3    3419    3420    3423
        3    3422    3419    3423
        3    3420    3421    3423
        3    3424    3423    3421
        3    3421     840     839
        3    3424    3421     839
        3     800    3422    3425
        3     799     800    3425
        3    3422    3423    3425
        3    3426    3425    3423
        3    3423    3424    3427
        3    3426    3423    3427
        3    3424     839    3427
        3     838    3427     839
        3     799    3425     798
        3    3428     798    3425
        3    3425    3426    3429
        3    3428    3425    3429
        3    3426    3427    3429
        3    3430    3429    3427
        3    3427     838     837
        3    3430    3427     837
        3     798    3428    3431
        3     797     798    3431
        3    3428    3429    3431
        3    3432    3431    3429
        3    3429    3430    3433
        3    3432    3429    3433
        3    3430     837    3433
        3     836    3433     837
        3     797    3431     796
        3    3434     796    3431
        3    3431    3432    3435
        3    3434    3431    3435
        3    3432    3433    3435
        3    3436    3435    3433
        3    3433     836     835
        3    3436    3433     835
        3     796    3434    3437
        3     795     796    3437
        3    3434    3435    3437
        3    3438    3437    3435
        3    3435    3436    3439
        3    3438    3435    3439
        3    3436     835    3439
        3     834    3439     835
        3     795    3437     794
        3    3440     794    3437
        3    3437    3438    3441
        3    3440    3437    3441
        3    3438    3439    3441
        3    3442    3441    3439
        3    3439     834     833
        3    3442    3439     833
        3     794    3440    3443
        3     793     794    3443
        3    3440    3441    3443
        3    3444    3443    3441
        3    3441    3442    3445
        3    3444    3441    3445
        3    3442     833    3445
        3     832    3445     833
        3     793    3443      44
        3     777      44    3443
        3     778     777    3444
        3    3443    3444     777
        3    3445     832      43
        3      46     792    3446
        3     831      46    3446
        3     792     791    3446
        3    3447    3446     791
        3     791     790    3448
        3    3447     791    3448
        3     790     789    3448
        3    3449    3448     789
        3     789     788    3450
        3    3449     789    3450
        3     788     787    3450
        3    3451    3450     787
        3     787     786    3452
        3    3451     787    3452
        3     786      39    3452
        3     742    3452      39
        3     831    3446     830
        3    3453     830    3446
        3    3446    3447    3454
        3    3453    3446    3454
        3    3447    3448    3454
        3    3455    3454    3448
        3    3448    3449    3456
        3    3455    3448    3456
        3    3449    3450    3456
        3    3457    3456    3450
        3    3450    3451    3458
        3    3457    3450    3458
        3    3451    3452    3458
        3    3459    3458    3452
        3    3452     742     741
        3    3459    3452     741
        3     830    3453    3460
        3     829     830    3460
        3    3453    3454    3460
        3    3461    3460    3454
        3    3454    3455    3462
        3    3461    3454    3462
        3    3455    3456    3462
        3    3463    3462    3456
        3    3456    3457    3464
        3    3463    3456    3464
        3    3457    3458    3464
        3    3465    3464    3458
        3    3458    3459    3466
        3    3465    3458    3466
        3    3459     741    3466
        3     740    3466     741
        3     829    3460      47
        3     850      47    3460
        3    3460    3461     851
        3     850    3460     851
        3    3461    3462     851
        3     852     851    3462
        3    3462    3463     853
        3     852    3462     853
        3    3463    3464     853
        3     854     853    3464
        3    3464    3465     855
        3     854    3464     855
        3    3465    3466     855
        3     856     855    3466
        3    3466     740      38
        3     856    3466      38
        3      38     762    3467
        3     856      38    3467
        3     762     761    3467
        3    3468    3467     761
        3     761     760    3469
        3    3468     761    3469
        3     760     759    3469
        3    3470    3469     759
        3     759     758    3471
        3    3470     759    3471
        3     758     757    3471
        3    3472    3471     757
        3     757     756    3473
        3    3472     757    3473
        3     756     755    3473
        3    3474    3473     755
        3     755     754    3475
        3    3474     755    3475
        3    3475     754    3476
        3     754     753    3476
        3    3477    3476     753
        3    3599     769      43
        3     753     752    3477
        3    3478    3477     752
        3     752     751    3479
        3    3478     752    3479
        3     751     750    3479
        3    3480    3479     750
        3     750     749    3481
        3    3480     750    3481
        3     749     748    3481
        3    3482    3481     748
        3     748     747    3483
        3    3482     748    3483
        3     747     746    3483
        3    3484    3483     746
        3     746     745    3485
        3    3484     746    3485
        3     745      42    3485
        3     763    3485      42
        3     856    3467     855
        3    3486     855    3467
        3    3467    3468    3487
        3    3486    3467    3487
        3    3468    3469    3487
        3    3488    3487    3469
        3    3469    3470    3489
        3    3488    3469    3489
        3    3470    3471    3489
        3    3490    3489    3471
        3    3471    3472    3491
        3    3490    3471    3491
        3    3472    3473    3491
        3    3492    3491    3473
        3    3473    3474    3493
        3    3492    3473    3493
        3    3474    3475    3493
        3    3494    3493    3475
        3    3475    3476    3495
        3    3494    3475    3495
        3    3476    3477    3495
        3    3496    3495    3477
        3    3477    3478    3497
        3    3496    3477    3497
        3    3478    3479    3497
        3    3498    3497    3479
        3    3479    3480    3499
        3    3498    3479    3499
        3    3480    3481    3499
        3    3500    3499    3481
        3    3481    3482    3501
        3    3500    3481    3501
        3    3482    3483    3501
        3    3502    3501    3483
        3    3483    3484    3503
        3    3502    3483    3503
        3    3484    3485    3503
        3    3504    3503    3485
        3    3485     763     764
        3    3504    3485     764
        3     855    3486    3505
        3     854     855    3505
        3    3486    3487    3505
        3    3506    3505    3487
        3    3487    3488    3507
        3    3506    3487    3507
        3    3488    3489    3507
        3    3508    3507    3489
        3    3489    3490    3509
        3    3508    3489    3509
        3    3490    3491    3509
        3    3510    3509    3491
        3    3491    3492    3511
        3    3510    3491    3511
        3    3492    3493    3511
        3    3512    3511    3493
        3    3493    3494    3513
        3    3512    3493    3513
        3    3494    3495    3513
        3    3514    3513    3495
        3    3495    3496    3515
        3    3514    3495    3515
        3    3496    3497    3515
        3    3516    3515    3497
        3    3497    3498    3517
        3    3516    3497    3517
        3    3498    3499    3517
        3    3518    3517    3499
        3    3499    3500    3519
        3    3518    3499    3519
        3    3500    3501    3519
        3    3520    3519    3501
        3    3501    3502    3521
        3    3520    3501    3521
        3    3502    3503    3521
        3    3522    3521    3503
        3    3503    3504    3523
        3    3522    3503    3523
        3    3504     764    3523
        3     765    3523     764
        3     854    3505     853
        3    3524     853    3505
        3    3505    3506    3525
        3    3524    3505    3525
        3    3506    3507    3525
        3    3526    3525    3507
        3    3507    3508    3527
        3    3526    3507    3527
        3    3508    3509    3527
        3    3528    3527    3509
        3    3509    3510    3529
        3    3528    3509    3529
        3    3510    3511    3529
        3    3530    3529    3511
        3    3511    3512    3531
        3    3530    3511    3531
        3    3512    3513    3531
        3    3532    3531    3513
        3    3513    3514    3533
        3    3532    3513    3533
        3    3514    3515    3533
        3    3534    3533    3515
        3    3515    3516    3535
        3    3534    3515    3535
        3    3516    3517    3535
        3    3536    3535    3517
        3    3517    3518    3537
        3    3536    3517    3537
        3    3518    3519    3537
        3    3538    3537    3519
        3    3519    3520    3539
        3    3538    3519    3539
        3    3520    3521    3539
        3    3540    3539    3521
        3    3521    3522    3541
        3    3540    3521    3541
        3    3522    3523    3541
        3    3542    3541    3523
        3    3523     765     766
        3    3542    3523     766
        3     853    3524    3543
        3     852     853    3543
        3    3524    3525    3543
        3    3544    3543    3525
        3    3525    3526    3545
        3    3544    3525    3545
        3    3526    3527    3545
        3    3546    3545    3527
        3    3527    3528    3547
        3    3546    3527    3547
        3    3528    3529    3547
        3    3548    3547    3529
        3    3529    3530    3549
        3    3548    3529    3549
        3    3530    3531    3549
        3    3550    3549    3531
        3    3531    3532    3551
        3    3550    3531    3551
        3    3532    3533    3551
        3    3552    3551    3533
        3    3533    3534    3553
        3    3552    3533    3553
        3    3534    3535    3553
        3    3554    3553    3535
        3    3535    3536    3555
        3    3554    3535    3555
        3    3536    3537    3555
        3    3556    3555    3537
        3    3537    3538    3557
        3    3556    3537    3557
        3    3538    3539    3557
        3    3558    3557    3539
        3    3539    3540    3559
        3    3558    3539    3559
        3    3540    3541    3559
        3    3560    3559    3541
        3    3541    3542    3561
        3    3560    3541    3561
        3    3542     766    3561
        3     767    3561     766
        3     852    3543     851
        3    3562     851    3543
        3    3543    3544    3563
        3    3562    3543    3563
        3    3544    3545    3563
        3    3564    3563    3545
        3    3545    3546    3565
        3    3564    3545    3565
        3    3546    3547    3565
        3    3566    3565    3547
        3    3547    3548    3567
        3    3566    3547    3567
        3    3548    3549    3567
        3    3568    3567    3549
        3    3549    3550    3569
        3    3568    3549    3569
        3    3550    3551    3569
        3    3570    3569    3551
        3    3551    3552    3571
        3    3570    3551    3571
        3    3552    3553    3571
        3    3572    3571    3553
        3    3553    3554    3573
        3    3572    3553    3573
        3    3554    3555    3573
        3    3574    3573    3555
        3    3555    3556    3575
        3    3574    3555    3575
        3    3556    3557    3575
        3    3576    3575    3557
        3    3557    3558    3577
        3    3576    3557    3577
        3    3558    3559    3577
        3    3578    3577    3559
        3    3559    3560    3579
        3    3578    3559    3579
        3    3560    3561    3579
        3    3580    3579    3561
        3    3561     767     768
        3    3580    3561     768
        3     851    3562    3581
        3     850     851    3581
        3    3562    3563    3581
        3    3582    3581    3563
        3    3563    3564    3583
        3    3582    3563    3583
        3    3564    3565    3583
        3    3584    3583    3565
        3    3565    3566    3585
        3    3584    3565    3585
        3    3566    3567    3585
        3    3586    3585    3567
        3    3567    3568    3587
        3    3586    3567    3587
        3    3568    3569    3587
        3    3588    3587    3569
        3    3569    3570    3589
        3    3588    3569    3589
        3    3570    3571    3589
        3    3590    3589    3571
        3    3571    3572    3591
        3    3590    3571    3591
        3    3572    3573    3591
        3    3592    3591    3573
        3    3573    3574    3593
        3    3592    3573    3593
        3    3574    3575    3593
        3    3594    3593    3575
        3    3575    3576    3595
        3    3594    3575    3595
        3    3576    3577    3595
        3    3596    3595    3577
        3    3577    3578    3597
        3    3596    3577    3597
        3    3578    3579    3597
        3    3598    3597    3579
        3    3579    3580    3599
        3    3598    3579    3599
        3    3580     768    3599
        3     769    3599     768
        3     850    3581      47
        3     849      47    3581
        3    3581    3582     848
        3     849    3581     848
        3    3582    3583     848
        3     847     848    3583
        3    3583    3584     846
        3     847    3583     846
        3    3584    3585     846
        3     845     846    3585
        3    3585    3586     844
        3     845    3585     844
        3    3586    3587     844
        3     843     844    3587
        3    3587    3588     842
        3     843    3587     842
        3    3588    3589     842
        3     841     842    3589
        3     840     841    3590
        3    3589    3590     841
        3     832    3599      43
        3    3590    3591     840
        3    3591    3592     839
        3     840    3591     839
        3    3592    3593     839
        3     838     839    3593
        3    3593    3594     837
        3     838    3593     837
        3    3594    3595     837
        3     836     837    3595
        3    3595    3596     835
        3     836    3595     835
        3    3596    3597     835
        3     834     835    3597
        3    3597    3598     833
        3     834    3597     833
        3    3598    3599     833
        3     832     833    3599
        3      52     902    3600
        3     916      52    3600
        3     902     903    3600
        3    3601    3600     903
        3     903     904    3602
        3    3601     903    3602
        3     904     905    3602
        3    3603    3602     905
        3     905     906    3604
        3    3603     905    3604
        3     906     907    3604
        3    3605    3604     907
        3     907     908    3606
        3    3605     907    3606
        3     908      53    3606
        3     909    3606      53
        3     916    3600     917
        3    3607     917    3600
        3    3600    3601    3608
        3    3607    3600    3608
        3    3601    3602    3608
        3    3609    3608    3602
        3    3602    3603    3610
        3    3609    3602    3610
        3    3603    3604    3610
        3    3611    3610    3604
        3    3604    3605    3612
        3    3611    3604    3612
        3    3605    3606    3612
        3    3613    3612    3606
        3    3606     909     910
        3    3613    3606     910
        3     917    3607    3614
        3     918     917    3614
        3    3607    3608    3614
        3    3615    3614    3608
        3    3608    3609    3616
        3    3615    3608    3616
        3    3609    3610    3616
        3    3617    3616    3610
        3    3610    3611    3618
        3    3617    3610    3618
        3    3611    3612    3618
        3    3619    3618    3612
        3    3612    3613    3620
        3    3619    3612    3620
        3    3613     910    3620
        3     911    3620     910
        3     918    3614     919
        3    3621     919    3614
        3    3614    3615    3622
        3    3621    3614    3622
        3    3615    3616    3622
        3    3623    3622    3616
        3    3616    3617    3624
        3    3623    3616    3624
        3    3617    3618    3624
        3    3625    3624    3618
        3    3618    3619    3626
        3    3625    3618    3626
        3    3619    3620    3626
        3    3627    3626    3620
        3    3620     911     912
        3    3627    3620     912
        3     919    3621    3628
        3     920     919    3628
        3    3621    3622    3628
        3    3629    3628    3622
        3    3622    3623    3630
        3    3629    3622    3630
        3    3623    3624    3630
        3    3631    3630    3624
        3    3624    3625    3632
        3    3631    3624    3632
        3    3625    3626    3632
        3    3633    3632    3626
        3    3626    3627    3634
        3    3633    3626    3634
        3    3627     912    3634
        3     913    3634     912
        3     920    3628    3635
        3     921     920    3635
        3    3628    3629    3636
        3    3635    3628    3636
        3    3629    3630    3636
        3    3637    3636    3630
        3    3630    3631    3638
        3    3637    3630    3638
        3    3631    3632    3638
        3    3639    3638    3632
        3    3632    3633    3640
        3    3639    3632    3640
        3    3633    3634    3640
        3    3641    3640    3634
        3    3634     913    3641
        3     914    3641     913
        3      49     860    3662
        3    3642     921    3635
        3    3635    3636    3642
        3    3643    3642    3636
        3    3636    3637    3644
        3    3643    3636    3644
        3    3637    3638    3644
        3    3645    3644    3638
        3    3638    3639    3646
        3    3645    3638    3646
        3    3639    3640    3646
        3    3647    3646    3640
        3    3640    3641    3648
        3    3647    3640    3648
        3     859    3660     860
        3    3648    3641     914
        3     921    3642     922
        3    3649     922    3642
        3    3642    3643    3650
        3    3649    3642    3650
        3    3643    3644    3650
        3    3651    3650    3644
        3    3644    3645    3652
        3    3651    3644    3652
        3    3645    3646    3652
        3    3653    3652    3646
        3    3646    3647    3654
        3    3653    3646    3654
        3    3647    3648    3654
        3    3655    3654    3648
        3    3648     914     915
        3    3655    3648     915
        3     922    3649    3656
        3      48     922    3656
        3    3649    3650    3656
        3    3657    3656    3650
        3    3650    3651    3658
        3    3657    3650    3658
        3    3651    3652    3658
        3    3659    3658    3652
        3    3652    3653    3660
        3    3659    3652    3660
        3    3653    3654    3660
        3    3661    3660    3654
        3    3654    3655    3662
        3    3661    3654    3662
        3    3655     915    3662
        3      49    3662     915
        3    3656    3657     857
        3      48    3656     857
        3    3657    3658     857
        3     858     857    3658
        3     859     858    3659
        3    3658    3659     858
        3    3661    3662     860
        3    3659    3660     859
        3    3660    3661     860
        3      48     901    3663
        3     922      48    3663
        3     901     900    3663
        3    3664    3663     900
        3     900     899    3665
        3    3664     900    3665
        3     899     898    3665
        3    3666    3665     898
        3     898     897    3667
        3    3666     898    3667
        3     897     896    3667
        3    3668    3667     896
        3     896     895    3669
        3    3668     896    3669
        3     895     894    3669
        3    3670    3669     894
        3     894     893    3671
        3    3670     894    3671
        3     893     892    3671
        3    3672    3671     892
        3     892     891    3673
        3    3672     892    3673
        3     891     890    3673
        3    3674    3673     890
        3     890     889    3675
        3    3674     890    3675
        3     889     888    3675
        3    3676    3675     888
        3     888     887    3677
        3    3676     888    3677
        3     887     886    3677
        3    3678    3677     886
        3     886     885    3679
        3    3678     886    3679
        3    3679     885    3680
        3     885     884    3680
        3    3681    3680     884
        3    3907     964      55
        3     884     883    3681
        3    3682    3681     883
        3     883     882    3683
        3    3682     883    3683
        3     882     881    3683
        3    3684    3683     881
        3     881     880    3685
        3    3684     881    3685
        3     880     879    3685
        3    3686    3685     879
        3     879     878    3687
        3    3686     879    3687
        3     878     877    3687
        3    3688    3687     877
        3     877     876    3689
        3    3688     877    3689
        3     876     875    3689
        3    3690    3689     875
        3     875     874    3691
        3    3690     875    3691
        3     874     873    3691
        3    3692    3691     873
        3     873     872    3693
        3    3692     873    3693
        3     872     871    3693
        3    3694    3693     871
        3     871     870    3695
        3    3694     871    3695
        3     870     869    3695
        3    3696    3695     869
        3     869     868    3697
        3    3696     869    3697
        3     868      51    3697
        3     970    3697      51
        3     922    3663     921
        3    3698     921    3663
        3    3663    3664    3699
        3    3698    3663    3699
        3    3664    3665    3699
        3    3700    3699    3665
        3    3665    3666    3701
        3    3700    3665    3701
        3    3666    3667    3701
        3    3702    3701    3667
        3    3667    3668    3703
        3    3702    3667    3703
        3    3668    3669    3703
        3    3704    3703    3669
        3    3669    3670    3705
        3    3704    3669    3705
        3    3670    3671    3705
        3    3706    3705    3671
        3    3671    3672    3707
        3    3706    3671    3707
        3    3672    3673    3707
        3    3708    3707    3673
        3    3673    3674    3709
        3    3708    3673    3709
        3    3674    3675    3709
        3    3710    3709    3675
        3    3675    3676    3711
        3    3710    3675    3711
        3    3676    3677    3711
        3    3712    3711    3677
        3    3677    3678    3713
        3    3712    3677    3713
        3    3678    3679    3713
        3    3714    3713    3679
        3    3679    3680    3715
        3    3714    3679    3715
        3    3680    3681    3715
        3    3716    3715    3681
        3    3681    3682    3717
        3    3716    3681    3717
        3    3682    3683    3717
        3    3718    3717    3683
        3    3683    3684    3719
        3    3718    3683    3719
        3    3684    3685    3719
        3    3720    3719    3685
        3    3685    3686    3721
        3    3720    3685    3721
        3    3686    3687    3721
        3    3722    3721    3687
        3    3687    3688    3723
        3    3722    3687    3723
        3    3688    3689    3723
        3    3724    3723    3689
        3    3689    3690    3725
        3    3724    3689    3725
        3    3690    3691    3725
        3    3726    3725    3691
        3    3691    3692    3727
        3    3726    3691    3727
        3    3692    3693    3727
        3    3728    3727    3693
        3    3693    3694    3729
        3    3728    3693    3729
        3    3694    3695    3729
        3    3730    3729    3695
        3    3695    3696    3731
        3    3730    3695    3731
        3    3696    3697    3731
        3    3732    3731    3697
        3    3697     970     969
        3    3732    3697     969
        3     921    3698    3733
        3     920     921    3733
        3    3698    3699    3733
        3    3734    3733    3699
        3    3699    3700    3735
        3    3734    3699    3735
        3    3700    3701    3735
        3    3736    3735    3701
        3    3701    3702    3737
        3    3736    3701    3737
        3    3702    3703    3737
        3    3738    3737    3703
        3    3703    3704    3739
        3    3738    3703    3739
        3    3704    3705    3739
        3    3740    3739    3705
        3    3705    3706    3741
        3    3740    3705    3741
        3    3706    3707    3741
        3    3742    3741    3707
        3    3707    3708    3743
        3    3742    3707    3743
        3    3708    3709    3743
        3    3744    3743    3709
        3    3709    3710    3745
        3    3744    3709    3745
        3    3710    3711    3745
        3    3746    3745    3711
        3    3711    3712    3747
        3    3746    3711    3747
        3    3712    3713    3747
        3    3748    3747    3713
        3    3713    3714    3749
        3    3748    3713    3749
        3    3714    3715    3749
        3    3750    3749    3715
        3    3715    3716    3751
        3    3750    3715    3751
        3    3716    3717    3751
        3    3752    3751    3717
        3    3717    3718    3753
        3    3752    3717    3753
        3    3718    3719    3753
        3    3754    3753    3719
        3    3719    3720    3755
        3    3754    3719    3755
        3    3720    3721    3755
        3    3756    3755    3721
        3    3721    3722    3757
        3    3756    3721    3757
        3    3722    3723    3757
        3    3758    3757    3723
        3    3723    3724    3759
        3    3758    3723    3759
        3    3724    3725    3759
        3    3760    3759    3725
        3    3725    3726    3761
        3    3760    3725    3761
        3    3726    3727    3761
        3    3762    3761    3727
        3    3727    3728    3763
        3    3762    3727    3763
        3    3728    3729    3763
        3    3764    3763    3729
        3    3729    3730    3765
        3    3764    3729    3765
        3    3730    3731    3765
        3    3766    3765    3731
        3    3731    3732    3767
        3    3766    3731    3767
        3    3732     969    3767
        3     968    3767     969
        3     920    3733     919
        3    3768     919    3733
        3    3733    3734    3769
        3    3768    3733    3769
        3    3734    3735    3769
        3    3770    3769    3735
        3    3735    3736    3771
        3    3770    3735    3771
        3    3736    3737    3771
        3    3772    3771    3737
        3    3737    3738    3773
        3    3772    3737    3773
        3    3738    3739    3773
        3    3774    3773    3739
        3    3739    3740    3775
        3    3774    3739    3775
        3    3740    3741    3775
        3    3776    3775    3741
        3    3741    3742    3777
        3    3776    3741    3777
        3    3742    3743    3777
        3    3778    3777    3743
        3    3743    3744    3779
        3    3778    3743    3779
        3    3744    3745    3779
        3    3780    3779    3745
        3    3745    3746    3781
        3    3780    3745    3781
        3    3746    3747    3781
        3    3782    3781    3747
        3    3747    3748    3783
        3    3782    3747    3783
        3    3748    3749    3783
        3    3784    3783    3749
        3    3749    3750    3785
        3    3784    3749    3785
        3    3750    3751    3785
        3    3786    3785    3751
        3    3751    3752    3787
        3    3786    3751    3787
        3    3752    3753    3787
        3    3788    3787    3753
        3    3753    3754    3789
        3    3788    3753    3789
        3    3754    3755    3789
        3    3790    3789    3755
        3    3755    3756    3791
        3    3790    3755    3791
        3    3756    3757    3791
        3    3792    3791    3757
        3    3757    3758    3793
        3    3792    3757    3793
        3    3758    3759    3793
        3    3794    3793    3759
        3    3759    3760    3795
        3    3794    3759    3795
        3    3760    3761    3795
        3    3796    3795    3761
        3    3761    3762    3797
        3    3796    3761    3797
        3    3762    3763    3797
        3    3798    3797    3763
        3    3763    3764    3799
        3    3798    3763    3799
        3    3764    3765    3799
        3    3800    3799    3765
        3    3765    3766    3801
        3    3800    3765    3801
        3    3766    3767    3801
        3    3802    3801    3767
        3    3767     968     967
        3    3802    3767     967
        3     919    3768    3803
        3     918     919    3803
        3    3768    3769    3803
        3    3804    3803    3769
        3    3769    3770    3805
        3    3804    3769    3805
        3    3770    3771    3805
        3    3806    3805    3771
        3    3771    3772    3807
        3    3806    3771    3807
        3    3772    3773    3807
        3    3808    3807    3773
        3    3773    3774    3809
        3    3808    3773    3809
        3    3774    3775    3809
        3    3810    3809    3775
        3    3775    3776    3811
        3    3810    3775    3811
        3    3776    3777    3811
        3    3812    3811    3777
        3    3777    3778    3813
        3    3812    3777    3813
        3    3778    3779    3813
        3    3814    3813    3779
        3    3779    3780    3815
        3    3814    3779    3815
        3    3780    3781    3815
        3    3816    3815    3781
        3    3781    3782    3817
        3    3816    3781    3817
        3    3782    3783    3817
        3    3818    3817    3783
        3    3783    3784    3819
        3    3818    3783    3819
        3    3784    3785    3819
        3    3820    3819    3785
        3    3785    3786    3821
        3    3820    3785    3821
        3    3786    3787    3821
        3    3822    3821    3787
        3    3787    3788    3823
        3    3822    3787    3823
        3    3788    3789    3823
        3    3824    3823    3789
        3    3789    3790    3825
        3    3824    3789    3825
        3    3790    3791    3825
        3    3826    3825    3791
        3    3791    3792    3827
        3    3826    3791    3827
        3    3792    3793    3827
        3    3828    3827    3793
        3    3793    3794    3829
        3    3828    3793    3829
        3    3794    3795    3829
        3    3830    3829    3795
        3    3795    3796    3831
        3    3830    3795    3831
        3    3796    3797    3831
        3    3832    3831    3797
        3    3797    3798    3833
        3    3832    3797    3833
        3    3798    3799    3833
        3    3834    3833    3799
        3    3799    3800    3835
        3    3834    3799    3835
        3    3800    3801    3835
        3    3836    3835    3801
        3    3801    3802    3837
        3    3836    3801    3837
        3    3802     967    3837
        3     966    3837     967
        3     918    3803     917
        3    3838     917    3803
        3    3803    3804    3839
        3    3838    3803    3839
        3    3804    3805    3839
        3    3840    3839    3805
        3    3805    3806    3841
        3    3840    3805    3841
        3    3806    3807    3841
        3    3842    3841    3807
        3    3807    3808    3843
        3    3842    3807    3843
        3    3808    3809    3843
        3    3844    3843    3809
        3    3809    3810    3845
        3    3844    3809    3845
        3    3810    3811    3845
        3    3846    3845    3811
        3    3811    3812    3847
        3    3846    3811    3847
        3    3812    3813    3847
        3    3848    3847    3813
        3    3813    3814    3849
        3    3848    3813    3849
        3    3814    3815    3849
        3    3850    3849    3815
        3    3815    3816    3851
        3    3850    3815    3851
        3    3816    3817    3851
        3    3852    3851    3817
        3    3817    3818    3853
        3    3852    3817    3853
        3    3818    3819    3853
        3    3854    3853    3819
        3    3819    3820    3855
        3    3854    3819    3855
        3    3820    3821    3855
        3    3856    3855    3821
        3    3821    3822    3857
        3    3856    3821    3857
        3    3822    3823    3857
        3    3858    3857    3823
        3    3823    3824    3859
        3    3858    3823    3859
        3    3824    3825    3859
        3    3860    3859    3825
        3    3825    3826    3861
        3    3860    3825    3861
        3    3826    3827    3861
        3    3862    3861    3827
        3    3827    3828    3863
        3    3862    3827    3863
        3    3828    3829    3863
        3    3864    3863    3829
        3    3829    3830    3865
        3    3864    3829    3865
        3    3830    3831    3865
        3    3866    3865    3831
        3    3831    3832    3867
        3    3866    3831    3867
        3    3832    3833    3867
        3    3868    3867    3833
        3    3833    3834    3869
        3    3868    3833    3869
        3    3834    3835    3869
        3    3870    3869    3835
        3    3835    3836    3871
        3    3870    3835    3871
        3    3836    3837    3871
        3    3872    3871    3837
        3    3837     966     965
        3    3872    3837     965
        3     917    3838    3873
        3     916     917    3873
        3    3838    3839    3873
        3    3874    3873    3839
        3    3839    3840    3875
        3    3874    3839    3875
        3    3840    3841    3875
        3    3876    3875    3841
        3    3841    3842    3877
        3    3876    3841    3877
        3    3842    3843    3877
        3    3878    3877    3843
        3    3843    3844    3879
        3    3878    3843    3879
        3    3844    3845    3879
        3    3880    3879    3845
        3    3845    3846    3881
        3    3880    3845    3881
        3    3846    3847    3881
        3    3882    3881    3847
        3    3847    3848    3883
        3    3882    3847    3883
        3    3848    3849    3883
        3    3884    3883    3849
        3    3849    3850    3885
        3    3884    3849    3885
        3    3850    3851    3885
        3    3886    3885    3851
        3    3851    3852    3887
        3    3886    3851    3887
        3    3852    3853    3887
        3    3888    3887    3853
        3    3853    3854    3889
        3    3888    3853    3889
        3    3854    3855    3889
        3    3890    3889    3855
        3    3855    3856    3891
        3    3890    3855    3891
        3    3856    3857    3891
        3    3892    3891    3857
        3    3857    3858    3893
        3    3892    3857    3893
        3    3858    3859    3893
        3    3894    3893    3859
        3    3859    3860    3895
        3    3894    3859    3895
        3    3860    3861    3895
        3    3896    3895    3861
        3    3861    3862    3897
        3    3896    3861    3897
        3    3862    3863    3897
        3    3898    3897    3863
        3    3863    3864    3899
        3    3898    3863    3899
        3    3864    3865    3899
        3    3900    3899    3865
        3    3865    3866    3901
        3    3900    3865    3901
        3    3866    3867    3901
        3    3902    3901    3867
        3    3867    3868    3903
        3    3902    3867    3903
        3    3868    3869    3903
        3    3904    3903    3869
        3    3869    3870    3905
        3    3904    3869    3905
        3    3870    3871    3905
        3    3906    3905    3871
        3    3871    3872    3907
        3    3906    3871    3907
        3    3872     965    3907
        3     964    3907     965
        3     916    3873      52
        3     971      52    3873
        3    3873    3874     972
        3     971    3873     972
        3    3874    3875     972
        3     973     972    3875
        3    3875    3876     974
        3     973    3875     974
        3    3876    3877     974
        3     975     974    3877
        3    3877    3878     976
        3     975    3877     976
        3    3878    3879     976
        3     977     976    3879
        3    3879    3880     978
        3     977    3879     978
        3    3880    3881     978
        3     979     978    3881
        3    3881    3882     980
        3     979    3881     980
        3    3882    3883     980
        3     981     980    3883
        3    3883    3884     982
        3     981    3883     982
        3    3884    3885     982
        3     983     982    3885
        3    3885    3886     984
        3     983    3885     984
        3    3886    3887     984
        3     985     984    3887
        3    3887    3888     986
        3     985    3887     986
        3    3888    3889     986
        3     987     986    3889
        3     988     987    3890
        3    3889    3890     987
        3    1004    3907      55
        3    3890    3891     988
        3    3891    3892     989
        3     988    3891     989
        3    3892    3893     989
        3     990     989    3893
        3    3893    3894     991
        3     990    3893     991
        3    3894    3895     991
        3     992     991    3895
        3    3895    3896     993
        3     992    3895     993
        3    3896    3897     993
        3     994     993    3897
        3    3897    3898     995
        3     994    3897     995
        3    3898    3899     995
        3     996     995    3899
        3    3899    3900     997
        3     996    3899     997
        3    3900    3901     997
        3     998     997    3901
        3    3901    3902     999
        3     998    3901     999
        3    3902    3903     999
        3    1000     999    3903
        3    3903    3904    1001
        3    1000    3903    1001
        3    3904    3905    1001
        3    1002    1001    3905
        3    3905    3906    1003
        3    1002    3905    1003
        3    3906    3907    1003
        3    1004    1003    3907
        3      54    1005    3908
        3     957      54    3908
        3    1005    1006    3908
        3    3909    3908    1006
        3    1006    1007    3910
        3    3909    1006    3910
        3    1007    1008    3910
        3    3911    3910    1008
        3    1008    1009    3912
        3    3911    1008    3912
        3    1009    1010    3912
        3    3913    3912    1010
        3    1010    1011    3914
        3    3913    1010    3914
        3    1011      55    3914
        3     964    3914      55
        3     957    3908     958
        3    3915     958    3908
        3    3908    3909    3916
        3    3915    3908    3916
        3    3909    3910    3916
        3    3917    3916    3910
        3    3910    3911    3918
        3    3917    3910    3918
        3    3911    3912    3918
        3    3919    3918    3912
        3    3912    3913    3920
        3    3919    3912    3920
        3    3913    3914    3920
        3    3921    3920    3914
        3    3914     964     965
        3    3921    3914     965
        3     958    3915    3922
        3     959     958    3922
        3    3915    3916    3922
        3    3923    3922    3916
        3    3916    3917    3924
        3    3923    3916    3924
        3    3917    3918    3924
        3    3925    3924    3918
        3    3918    3919    3926
        3    3925    3918    3926
        3    3919    3920    3926
        3    3927    3926    3920
        3    3920    3921    3928
        3    3927    3920    3928
        3    3921     965    3928
        3     966    3928     965
        3     959    3922     960
        3    3929     960    3922
        3    3922    3923    3930
        3    3929    3922    3930
        3    3923    3924    3930
        3    3931    3930    3924
        3    3924    3925    3932
        3    3931    3924    3932
        3    3925    3926    3932
        3    3933    3932    3926
        3    3926    3927    3934
        3    3933    3926    3934
        3    3927    3928    3934
        3    3935    3934    3928
        3    3928     966     967
        3    3935    3928     967
        3     960    3929    3936
        3     961     960    3936
        3    3929    3930    3936
        3    3937    3936    3930
        3    3930    3931    3938
        3    3937    3930    3938
        3    3931    3932    3938
        3    3939    3938    3932
        3    3932    3933    3940
        3    3939    3932    3940
        3    3933    3934    3940
        3    3941    3940    3934
        3    3934    3935    3942
        3    3941    3934    3942
        3    3935     967    3942
        3     968    3942     967
        3     961    3936     962
        3    3943     962    3936
        3    3936    3937    3944
        3    3943    3936    3944
        3    3937    3938    3944
        3    3945    3944    3938
        3    3938    3939    3946
        3    3945    3938    3946
        3    3939    3940    3946
        3    3947    3946    3940
        3    3940    3941    3948
        3    3947    3940    3948
        3    3941    3942    3948
        3    3949    3948    3942
        3    3942     968     969
        3    3949    3942     969
        3     962    3943    3950
        3     963     962    3950
        3    3943    3944    3950
        3    3951    3950    3944
        3    3944    3945    3952
        3    3951    3944    3952
        3    3945    3946    3952
        3    3953    3952    3946
        3    3946    3947    3954
        3    3953    3946    3954
        3    3947    3948    3954
        3    3955    3954    3948
        3    3948    3949    3956
        3    3955    3948    3956
        3    3949     969    3956
        3     970    3956     969
        3     963    3950      50
        3     867      50    3950
        3    3950    3951     866
        3     867    3950     866
        3    3951    3952     866
        3     865     866    3952
        3    3952    3953     864
        3     865    3952     864
        3    3953    3954     864
        3     863     864    3954
        3    3954    3955     862
        3     863    3954     862
        3    3955    3956     862
        3     861     862    3956
        3    3956     970      51
        3     861    3956      51
        3      52     971    3957
        3     902      52    3957
        3     971     972    3957
        3    3958    3957     972
        3     972     973    3959
        3    3958     972    3959
        3     973     974    3959
        3    3960    3959     974
        3     974     975    3961
        3    3960     974    3961
        3     975     976    3961
        3    3962    3961     976
        3     976     977    3963
        3    3962     976    3963
        3     977     978    3963
        3    3964    3963     978
        3     978     979    3965
        3    3964     978    3965
        3     979     980    3965
        3    3966    3965     980
        3     980     981    3967
        3    3966     980    3967
        3     981     982    3967
        3    3968    3967     982
        3     982     983    3969
        3    3968     982    3969
        3     983     984    3969
        3    3970    3969     984
        3     984     985    3971
        3    3970     984    3971
        3     985     986    3971
        3    3972    3971     986
        3     986     987    3973
        3    3972     986    3973
        3    3973     987    3974
        3     987     988    3974
        3    3975    3974     988
        3    4201    1005      54
        3     988     989    3975
        3    3976    3975     989
        3     989     990    3977
        3    3976     989    3977
        3     990     991    3977
        3    3978    3977     991
        3     991     992    3979
        3    3978     991    3979
        3     992     993    3979
        3    3980    3979     993
        3     993     994    3981
        3    3980     993    3981
        3     994     995    3981
        3    3982    3981     995
        3     995     996    3983
        3    3982     995    3983
        3     996     997    3983
        3    3984    3983     997
        3     997     998    3985
        3    3984     997    3985
        3     998     999    3985
        3    3986    3985     999
        3     999    1000    3987
        3    3986     999    3987
        3    1000    1001    3987
        3    3988    3987    1001
        3    1001    1002    3989
        3    3988    1001    3989
        3    1002    1003    3989
        3    3990    3989    1003
        3    1003    1004    3991
        3    3990    1003    3991
        3    1004      55    3991
        3    1011    3991      55
        3     902    3957     903
        3    3992     903    3957
        3    3957    3958    3993
        3    3992    3957    3993
        3    3958    3959    3993
        3    3994    3993    3959
        3    3959    3960    3995
        3    3994    3959    3995
        3    3960    3961    3995
        3    3996    3995    3961
        3    3961    3962    3997
        3    3996    3961    3997
        3    3962    3963    3997
        3    3998    3997    3963
        3    3963    3964    3999
        3    3998    3963    3999
        3    3964    3965    3999
        3    4000    3999    3965
        3    3965    3966    4001
        3    4000    3965    4001
        3    3966    3967    4001
        3    4002    4001    3967
        3    3967    3968    4003
        3    4002    3967    4003
        3    3968    3969    4003
        3    4004    4003    3969
        3    3969    3970    4005
        3    4004    3969    4005
        3    3970    3971    4005
        3    4006    4005    3971
        3    3971    3972    4007
        3    4006    3971    4007
        3    3972    3973    4007
        3    4008    4007    3973
        3    3973    3974    4009
        3    4008    3973    4009
        3    3974    3975    4009
        3    4010    4009    3975
        3    3975    3976    4011
        3    4010    3975    4011
        3    3976    3977    4011
        3    4012    4011    3977
        3    3977    3978    4013
        3    4012    3977    4013
        3    3978    3979    4013
        3    4014    4013    3979
        3    3979    3980    4015
        3    4014    3979    4015
        3    3980    3981    4015
        3    4016    4015    3981
        3    3981    3982    4017
        3    4016    3981    4017
        3    3982    3983    4017
        3    4018    4017    3983
        3    3983    3984    4019
        3    4018    3983    4019
        3    3984    3985    4019
        3    4020    4019    3985
        3    3985    3986    4021
        3    4020    3985    4021
        3    3986    3987    4021
        3    4022    4021    3987
        3    3987    3988    4023
        3    4022    3987    4023
        3    3988    3989    4023
        3    4024    4023    3989
        3    3989    3990    4025
        3    4024    3989    4025
        3    3990    3991    4025
        3    4026    4025    3991
        3    3991    1011    1010
        3    4026    3991    1010
        3     903    3992    4027
        3     904     903    4027
        3    3992    3993    4027
        3    4028    4027    3993
        3    3993    3994    4029
        3    4028    3993    4029
        3    3994    3995    4029
        3    4030    4029    3995
        3    3995    3996    4031
        3    4030    3995    4031
        3    3996    3997    4031
        3    4032    4031    3997
        3    3997    3998    4033
        3    4032    3997    4033
        3    3998    3999    4033
        3    4034    4033    3999
        3    3999    4000    4035
        3    4034    3999    4035
        3    4000    4001    4035
        3    4036    4035    4001
        3    4001    4002    4037
        3    4036    4001    4037
        3    4002    4003    4037
        3    4038    4037    4003
        3    4003    4004    4039
        3    4038    4003    4039
        3    4004    4005    4039
        3    4040    4039    4005
        3    4005    4006    4041
        3    4040    4005    4041
        3    4006    4007    4041
        3    4042    4041    4007
        3    4007    4008    4043
        3    4042    4007    4043
        3    4008    4009    4043
        3    4044    4043    4009
        3    4009    4010    4045
        3    4044    4009    4045
        3    4010    4011    4045
        3    4046    4045    4011
        3    4011    4012    4047
        3    4046    4011    4047
        3    4012    4013    4047
        3    4048    4047    4013
        3    4013    4014    4049
        3    4048    4013    4049
        3    4014    4015    4049
        3    4050    4049    4015
        3    4015    4016    4051
        3    4050    4015    4051
        3    4016    4017    4051
        3    4052    4051    4017
        3    4017    4018    4053
        3    4052    4017    4053
        3    4018    4019    4053
        3    4054    4053    4019
        3    4019    4020    4055
        3    4054    4019    4055
        3    4020    4021    4055
        3    4056    4055    4021
        3    4021    4022    4057
        3    4056    4021    4057
        3    4022    4023    4057
        3    4058    4057    4023
        3    4023    4024    4059
        3    4058    4023    4059
        3    4024    4025    4059
        3    4060    4059    4025
        3    4025    4026    4061
        3    4060    4025    4061
        3    4026    1010    4061
        3    1009    4061    1010
        3     904    4027     905
        3    4062     905    4027
        3    4027    4028    4063
        3    4062    4027    4063
        3    4028    4029    4063
        3    4064    4063    4029
        3    4029    4030    4065
        3    4064    4029    4065
        3    4030    4031    4065
        3    4066    4065    4031
        3    4031    4032    4067
        3    4066    4031    4067
        3    4032    4033    4067
        3    4068    4067    4033
        3    4033    4034    4069
        3    4068    4033    4069
        3    4034    4035    4069
        3    4070    4069    4035
        3    4035    4036    4071
        3    4070    4035    4071
        3    4036    4037    4071
        3    4072    4071    4037
        3    4037    4038    4073
        3    4072    4037    4073
        3    4038    4039    4073
        3    4074    4073    4039
        3    4039    4040    4075
        3    4074    4039    4075
        3    4040    4041    4075
        3    4076    4075    4041
        3    4041    4042    4077
        3    4076    4041    4077
        3    4042    4043    4077
        3    4078    4077    4043
        3    4043    4044    4079
        3    4078    4043    4079
        3    4044    4045    4079
        3    4080    4079    4045
        3    4045    4046    4081
        3    4080    4045    4081
        3    4046    4047    4081
        3    4082    4081    4047
        3    4047    4048    4083
        3    4082    4047    4083
        3    4048    4049    4083
        3    4084    4083    4049
        3    4049    4050    4085
        3    4084    4049    4085
        3    4050    4051    4085
        3    4086    4085    4051
        3    4051    4052    4087
        3    4086    4051    4087
        3    4052    4053    4087
        3    4088    4087    4053
        3    4053    4054    4089
        3    4088    4053    4089
        3    4054    4055    4089
        3    4090    4089    4055
        3    4055    4056    4091
        3    4090    4055    4091
        3    4056    4057    4091
        3    4092    4091    4057
        3    4057    4058    4093
        3    4092    4057    4093
        3    4058    4059    4093
        3    4094    4093    4059
        3    4059    4060    4095
        3    4094    4059    4095
        3    4060    4061    4095
        3    4096    4095    4061
        3    4061    1009    1008
        3    4096    4061    1008
        3     905    4062    4097
        3     906     905    4097
        3    4062    4063    4097
        3    4098    4097    4063
        3    4063    4064    4099
        3    4098    4063    4099
        3    4064    4065    4099
        3    4100    4099    4065
        3    4065    4066    4101
        3    4100    4065    4101
        3    4066    4067    4101
        3    4102    4101    4067
        3    4067    4068    4103
        3    4102    4067    4103
        3    4068    4069    4103
        3    4104    4103    4069
        3    4069    4070    4105
        3    4104    4069    4105
        3    4070    4071    4105
        3    4106    4105    4071
        3    4071    4072    4107
        3    4106    4071    4107
        3    4072    4073    4107
        3    4108    4107    4073
        3    4073    4074    4109
        3    4108    4073    4109
        3    4074    4075    4109
        3    4110    4109    4075
        3    4075    4076    4111
        3    4110    4075    4111
        3    4076    4077    4111
        3    4112    4111    4077
        3    4077    4078    4113
        3    4112    4077    4113
        3    4078    4079    4113
        3    4114    4113    4079
        3    4079    4080    4115
        3    4114    4079    4115
        3    4080    4081    4115
        3    4116    4115    4081
        3    4081    4082    4117
        3    4116    4081    4117
        3    4082    4083    4117
        3    4118    4117    4083
        3    4083    4084    4119
        3    4118    4083    4119
        3    4084    4085    4119
        3    4120    4119    4085
        3    4085    4086    4121
        3    4120    4085    4121
        3    4086    4087    4121
        3    4122    4121    4087
        3    4087    4088    4123
        3    4122    4087    4123
        3    4088    4089    4123
        3    4124    4123    4089
        3    4089    4090    4125
        3    4124    4089    4125
        3    4090    4091    4125
        3    4126    4125    4091
        3    4091    4092    4127
        3    4126    4091    4127
        3    4092    4093    4127
        3    4128    4127    4093
        3    4093    4094    4129
        3    4128    4093    4129
        3    4094    4095    4129
        3    4130    4129    4095
        3    4095    4096    4131
        3    4130    4095    4131
        3    4096    1008    4131
        3    1007    4131    1008
        3     906    4097     907
        3    4132     907    4097
        3    4097    4098    4133
        3    4132    4097    4133
        3    4098    4099    4133
        3    4134    4133    4099
        3    4099    4100    4135
        3    4134    4099    4135
        3    4100    4101    4135
        3    4136    4135    4101
        3    4101    4102    4137
        3    4136    4101    4137
        3    4102    4103    4137
        3    4138    4137    4103
        3    4103    4104    4139
        3    4138    4103    4139
        3    4104    4105    4139
        3    4140    4139    4105
        3    4105    4106    4141
        3    4140    4105    4141
        3    4106    4107    4141
        3    4142    4141    4107
        3    4107    4108    4143
        3    4142    4107    4143
        3    4108    4109    4143
        3    4144    4143    4109
        3    4109    4110    4145
        3    4144    4109    4145
        3    4110    4111    4145
        3    4146    4145    4111
        3    4111    4112    4147
        3    4146    4111    4147
        3    4112    4113    4147
        3    4148    4147    4113
        3    4113    4114    4149
        3    4148    4113    4149
        3    4114    4115    4149
        3    4150    4149    4115
        3    4115    4116    4151
        3    4150    4115    4151
        3    4116    4117    4151
        3    4152    4151    4117
        3    4117    4118    4153
        3    4152    4117    4153
        3    4118    4119    4153
        3    4154    4153    4119
        3    4119    4120    4155
        3    4154    4119    4155
        3    4120    4121    4155
        3    4156    4155    4121
        3    4121    4122    4157
        3    4156    4121    4157
        3    4122    4123    4157
        3    4158    4157    4123
        3    4123    4124    4159
        3    4158    4123    4159
        3    4124    4125    4159
        3    4160    4159    4125
        3    4125    4126    4161
        3    4160    4125    4161
        3    4126    4127    4161
        3    4162    4161    4127
        3    4127    4128    4163
        3    4162    4127    4163
        3    4128    4129    4163
        3    4164    4163    4129
        3    4129    4130    4165
        3    4164    4129    4165
        3    4130    4131    4165
        3    4166    4165    4131
        3    4131    1007    1006
        3    4166    4131    1006
        3     907    4132    4167
        3     908     907    4167
        3    4132    4133    4167
        3    4168    4167    4133
        3    4133    4134    4169
        3    4168    4133    4169
        3    4134    4135    4169
        3    4170    4169    4135
        3    4135    4136    4171
        3    4170    4135    4171
        3    4136    4137    4171
        3    4172    4171    4137
        3    4137    4138    4173
        3    4172    4137    4173
        3    4138    4139    4173
        3    4174    4173    4139
        3    4139    4140    4175
        3    4174    4139    4175
        3    4140    4141    4175
        3    4176    4175    4141
        3    4141    4142    4177
        3    4176    4141    4177
        3    4142    4143    4177
        3    4178    4177    4143
        3    4143    4144    4179
        3    4178    4143    4179
        3    4144    4145    4179
        3    4180    4179    4145
        3    4145    4146    4181
        3    4180    4145    4181
        3    4146    4147    4181
        3    4182    4181    4147
        3    4147    4148    4183
        3    4182    4147    4183
        3    4148    4149    4183
        3    4184    4183    4149
        3    4149    4150    4185
        3    4184    4149    4185
        3    4150    4151    4185
        3    4186    4185    4151
        3    4151    4152    4187
        3    4186    4151    4187
        3    4152    4153    4187
        3    4188    4187    4153
        3    4153    4154    4189
        3    4188    4153    4189
        3    4154    4155    4189
        3    4190    4189    4155
        3    4155    4156    4191
        3    4190    4155    4191
        3    4156    4157    4191
        3    4192    4191    4157
        3    4157    4158    4193
        3    4192    4157    4193
        3    4158    4159    4193
        3    4194    4193    4159
        3    4159    4160    4195
        3    4194    4159    4195
        3    4160    4161    4195
        3    4196    4195    4161
        3    4161    4162    4197
        3    4196    4161    4197
        3    4162    4163    4197
        3    4198    4197    4163
        3    4163    4164    4199
        3    4198    4163    4199
        3    4164    4165    4199
        3    4200    4199    4165
        3    4165    4166    4201
        3    4200    4165    4201
        3    4166    1006    4201
        3    1005    4201    1006
        3     908    4167      53
        3     923      53    4167
        3    4167    4168     924
        3     923    4167     924
        3    4168    4169     924
        3     925     924    4169
        3    4169    4170     926
        3     925    4169     926
        3    4170    4171     926
        3     927     926    4171
        3    4171    4172     928
        3     927    4171     928
        3    4172    4173     928
        3     929     928    4173
        3    4173    4174     930
        3     929    4173     930
        3    4174    4175     930
        3     931     930    4175
        3    4175    4176     932
        3     931    4175     932
        3    4176    4177     932
        3     933     932    4177
        3    4177    4178     934
        3     933    4177     934
        3    4178    4179     934
        3     935     934    4179
        3    4179    4180     936
        3     935    4179     936
        3    4180    4181     936
        3     937     936    4181
        3    4181    4182     938
        3     937    4181     938
        3    4182    4183     938
        3     939     938    4183
        3     940     939    4184
        3    4183    4184     939
        3     956    4201      54
        3    4184    4185     940
        3    4185    4186     941
        3     940    4185     941
        3    4186    4187     941
        3     942     941    4187
        3    4187    4188     943
        3     942    4187     943
        3    4188    4189     943
        3     944     943    4189
        3    4189    4190     945
        3     944    4189     945
        3    4190    4191     945
        3     946     945    4191
        3    4191    4192     947
        3     946    4191     947
        3    4192    4193     947
        3     948     947    4193
        3    4193    4194     949
        3     948    4193     949
        3    4194    4195     949
        3     950     949    4195
        3    4195    4196     951
        3     950    4195     951
        3    4196    4197     951
        3     952     951    4197
        3    4197    4198     953
        3     952    4197     953
        3    4198    4199     953
        3     954     953    4199
        3    4199    4200     955
        3     954    4199     955
        3    4200    4201     955
        3     956     955    4201
        3      61    1038    4202
        3    1037      61    4202
        3    1038    1039    4202
        3    4203    4202    1039
        3    1039    1040    4204
        3    4203    1039    4204
        3    1040    1041    4204
        3    4205    4204    1041
        3    1041    1042    4206
        3    4205    1041    4206
        3    1042    1043    4206
        3    4207    4206    1043
        3    1043    1044    4208
        3    4207    1043    4208
        3    1044      56    4208
        3    1012    4208      56
        3    1037    4202    4209
        3    1036    1037    4209
        3    4202    4203    4210
        3    4209    4202    4210
        3    4203    4204    4210
        3    4211    4210    4204
        3    4204    4205    4212
        3    4211    4204    4212
        3    4205    4206    4212
        3    4213    4212    4206
        3    4206    4207    4214
        3    4213    4206    4214
        3    4207    4208    4214
        3    4215    4214    4208
        3    4208    1012    4215
        3    1013    4215    1012
        3    1045    4222      57
        3    4216    1036    4209
        3    4209    4210    4216
        3    4217    4216    4210
        3    4210    4211    4218
        3    4217    4210    4218
        3    4211    4212    4218
        3    4219    4218    4212
        3    4212    4213    4220
        3    4219    4212    4220
        3    4213    4214    4220
        3    4221    4220    4214
        3    4214    4215    4222
        3    4221    4214    4222
        3    4222    1013      57
        3    4222    4215    1013
        3    1036    4216      60
        3    1051      60    4216
        3    4216    4217    1050
        3    1051    4216    1050
        3    4217    4218    1050
        3    1049    1050    4218
        3    4218    4219    1048
        3    1049    4218    1048
        3    4219    4220    1048
        3    1047    1048    4220
        3    4220    4221    1046
        3    1047    4220    1046
        3    4221    4222    1046
        3    1045    1046    4222
        3      62    1058    4223
        3    1066      62    4223
        3    1058    1057    4223
        3    4224    4223    1057
        3    1057    1056    4225
        3    4224    1057    4225
        3    1056    1055    4225
        3    4226    4225    1055
        3    1055    1054    4227
        3    4226    1055    4227
        3    1054    1053    4227
        3    4228    4227    1053
        3    1053    1052    4229
        3    4228    1053    4229
        3    1052      59    4229
        3    1014    4229      59
        3    1066    4223    1067
        3    4230    1067    4223
        3    4223    4224    4231
        3    4230    4223    4231
        3    4224    4225    4231
        3    4232    4231    4225
        3    4225    4226    4233
        3    4232    4225    4233
        3    4226    4227    4233
        3    4234    4233    4227
        3    4227    4228    4235
        3    4234    4227    4235
        3    4228    4229    4235
        3    4236    4235    4229
        3    4229    1014    1015
        3    4236    4229    1015
        3    1068    4230    4237
        3    1069    1068    4237
        3    4230    4231    4237
        3    4238    4237    4231
        3    4231    4232    4239
        3    4238    4231    4239
        3    4232    4233    4239
        3    4240    4239    4233
        3    4233    4234    4241
        3    4240    4233    4241
        3    4234    4235    4241
        3    4242    4241    4235
        3    4235    4236    4243
        3    4242    4235    4243
        3    4236    1016    4243
        3    1017    4243    1016
        3    1069    4237      63
        3    1065      63    4237
        3    4237    4238    1064
        3    1065    4237    1064
        3    4238    4239    1064
        3    1063    1064    4239
        3    4239    4240    1062
        3    1063    4239    1062
        3    4240    4241    1062
        3    1061    1062    4241
        3    4241    4242    1060
        3    1061    4241    1060
        3    4242    4243    1060
        3    1059    1060    4243
        3    4243    1017      58
        3    1059    4243      58
        3    1015    1016    4236
        3    1068    1067    4230
        3      62    1066    4244
        3    1105      62    4244
        3    1066    1067    4244
        3    4245    4244    1067
        3    1068    1069    4246
        3    4245    1068    4246
        3    1069      63    4246
        3    1070    4246      63
        3    1105    4244    1104
        3    4247    1104    4244
        3    4244    4245    4248
        3    4247    4244    4248
        3    4245    4246    4248
        3    4249    4248    4246
        3    4246    1070    1071
        3    4249    4246    1071
        3    1104    4247    4250
        3    1103    1104    4250
        3    4247    4248    4250
        3    4251    4250    4248
        3    4248    4249    4252
        3    4251    4248    4252
        3    4249    1071    4252
        3    1072    4252    1071
        3    1103    4250    1102
        3    4253    1102    4250
        3    4250    4251    4254
        3    4253    4250    4254
        3    4251    4252    4254
        3    4255    4254    4252
        3    4252    1072    1073
        3    4255    4252    1073
        3    1102    4253    4256
        3    1101    1102    4256
        3    4253    4254    4256
        3    4257    4256    4254
        3    4254    4255    4258
        3    4257    4254    4258
        3    4255    1073    4258
        3    1074    4258    1073
        3    1101    4256    1100
        3    4259    1100    4256
        3    4256    4257    4260
        3    4259    4256    4260
        3    4257    4258    4260
        3    4261    4260    4258
        3    4258    1074    1075
        3    4261    4258    1075
        3    1100    4259    4262
        3    1099    1100    4262
        3    4259    4260    4262
        3    4263    4262    4260
        3    4260    4261    4264
        3    4263    4260    4264
        3    4261    1075    4264
        3    1076    4264    1075
        3    1099    4262    1098
        3    4265    1098    4262
        3    4262    4263    4266
        3    4265    4262    4266
        3    4263    4264    4266
        3    4267    4266    4264
        3    4264    1076    1077
        3    4267    4264    1077
        3    1098    4265    4268
        3    1097    1098    4268
        3    4265    4266    4268
        3    4269    4268    4266
        3    4266    4267    4270
        3    4269    4266    4270
        3    4267    1077    4270
        3    1078    4270    1077
        3    1097    4268    4271
        3    1096    1097    4271
        3    4268    4269    4272
        3    4271    4268    4272
        3    4269    4270    4272
        3    4273    4272    4270
        3    4270    1078    4273
        3    1079    4273    1078
        3    1067    1068    4245
        3    4274    1096    4271
        3    4271    4272    4274
        3    4275    4274    4272
        3    4272    4273    4276
        3    4275    4272    4276
        3    4300    1087      61
        3    4276    4273    1079
        3    1096    4274    1095
        3    4277    1095    4274
        3    4274    4275    4278
        3    4277    4274    4278
        3    4275    4276    4278
        3    4279    4278    4276
        3    4276    1079    1080
        3    4279    4276    1080
        3    1095    4277    4280
        3    1094    1095    4280
        3    4277    4278    4280
        3    4281    4280    4278
        3    4278    4279    4282
        3    4281    4278    4282
        3    4279    1080    4282
        3    1081    4282    1080
        3    1094    4280    1093
        3    4283    1093    4280
        3    4280    4281    4284
        3    4283    4280    4284
        3    4281    4282    4284
        3    4285    4284    4282
        3    4282    1081    1082
        3    4285    4282    1082
        3    1093    4283    4286
        3    1092    1093    4286
        3    4283    4284    4286
        3    4287    4286    4284
        3    4284    4285    4288
        3    4287    4284    4288
        3    4285    1082    4288
        3    1083    4288    1082
        3    1092    4286    1091
        3    4289    1091    4286
        3    4286    4287    4290
        3    4289    4286    4290
        3    4287    4288    4290
        3    4291    4290    4288
        3    4288    1083    1084
        3    4291    4288    1084
        3    1091    4289    4292
        3    1090    1091    4292
        3    4289    4290    4292
        3    4293    4292    4290
        3    4290    4291    4294
        3    4293    4290    4294
        3    4291    1084    4294
        3    1085    4294    1084
        3    1090    4292    1089
        3    4295    1089    4292
        3    4292    4293    4296
        3    4295    4292    4296
        3    4293    4294    4296
        3    4297    4296    4294
        3    4294    1085    1086
        3    4297    4294    1086
        3    1089    4295    4298
        3    1088    1089    4298
        3    4295    4296    4298
        3    4299    4298    4296
        3    4296    4297    4300
        3    4299    4296    4300
        3    4297    1086    4300
        3    1087    4300    1086
        3    1088    4298      60
        3    1036      60    4298
        3    1037    1036    4299
        3    4298    4299    1036
        3    1037    4300      61
        3    4299    4300    1037
        3      62    1105    4301
        3    1058      62    4301
        3    1105    1104    4301
        3    4302    4301    1104
        3    1104    1103    4303
        3    4302    1104    4303
        3    1103    1102    4303
        3    4304    4303    1102
        3    1102    1101    4305
        3    4304    1102    4305
        3    1101    1100    4305
        3    4306    4305    1100
        3    1100    1099    4307
        3    4306    1100    4307
        3    1099    1098    4307
        3    4308    4307    1098
        3    1098    1097    4309
        3    4308    1098    4309
        3    4309    1097    4310
        3    1097    1096    4310
        3    4311    4310    1096
        3    4433    1045      57
        3    1096    1095    4311
        3    4312    4311    1095
        3    1095    1094    4313
        3    4312    1095    4313
        3    1094    1093    4313
        3    4314    4313    1093
        3    1093    1092    4315
        3    4314    1093    4315
        3    1092    1091    4315
        3    4316    4315    1091
        3    1091    1090    4317
        3    4316    1091    4317
        3    1090    1089    4317
        3    4318    4317    1089
        3    1089    1088    4319
        3    4318    1089    4319
        3    1088      60    4319
        3    1051    4319      60
        3    1058    4301    1057
        3    4320    1057    4301
        3    4301    4302    4321
        3    4320    4301    4321
        3    4302    4303    4321
        3    4322    4321    4303
        3    4303    4304    4323
        3    4322    4303    4323
        3    4304    4305    4323
        3    4324    4323    4305
        3    4305    4306    4325
        3    4324    4305    4325
        3    4306    4307    4325
        3    4326    4325    4307
        3    4307    4308    4327
        3    4326    4307    4327
        3    4308    4309    4327
        3    4328    4327    4309
        3    4309    4310    4329
        3    4328    4309    4329
        3    4310    4311    4329
        3    4330    4329    4311
        3    4311    4312    4331
        3    4330    4311    4331
        3    4312    4313    4331
        3    4332    4331    4313
        3    4313    4314    4333
        3    4332    4313    4333
        3    4314    4315    4333
        3    4334    4333    4315
        3    4315    4316    4335
        3    4334    4315    4335
        3    4316    4317    4335
        3    4336    4335    4317
        3    4317    4318    4337
        3    4336    4317    4337
        3    4318    4319    4337
        3    4338    4337    4319
        3    4319    1051    1050
        3    4338    4319    1050
        3    1057    4320    4339
        3    1056    1057    4339
        3    4320    4321    4339
        3    4340    4339    4321
        3    4321    4322    4341
        3    4340    4321    4341
        3    4322    4323    4341
        3    4342    4341    4323
        3    4323    4324    4343
        3    4342    4323    4343
        3    4324    4325    4343
        3    4344    4343    4325
        3    4325    4326    4345
        3    4344    4325    4345
        3    4326    4327    4345
        3    4346    4345    4327
        3    4327    4328    4347
        3    4346    4327    4347
        3    4328    4329    4347
        3    4348    4347    4329
        3    4329    4330    4349
        3    4348    4329    4349
        3    4330    4331    4349
        3    4350    4349    4331
        3    4331    4332    4351
        3    4350    4331    4351
        3    4332    4333    4351
        3    4352    4351    4333
        3    4333    4334    4353
        3    4352    4333    4353
        3    4334    4335    4353
        3    4354    4353    4335
        3    4335    4336    4355
        3    4354    4335    4355
        3    4336    4337    4355
        3    4356    4355    4337
        3    4337    4338    4357
        3    4356    4337    4357
        3    4338    1050    4357
        3    1049    4357    1050
        3    1056    4339    1055
        3    4358    1055    4339
        3    4339    4340    4359
        3    4358    4339    4359
        3    4340    4341    4359
        3    4360    4359    4341
        3    4341    4342    4361
        3    4360    4341    4361
        3    4342    4343    4361
        3    4362    4361    4343
        3    4343    4344    4363
        3    4362    4343    4363
        3    4344    4345    4363
        3    4364    4363    4345
        3    4345    4346    4365
        3    4364    4345    4365
        3    4346    4347    4365
        3    4366    4365    4347
        3    4347    4348    4367
        3    4366    4347    4367
        3    4348    4349    4367
        3    4368    4367    4349
        3    4349    4350    4369
        3    4368    4349    4369
        3    4350    4351    4369
        3    4370    4369    4351
        3    4351    4352    4371
        3    4370    4351    4371
        3    4352    4353    4371
        3    4372    4371    4353
        3    4353    4354    4373
        3    4372    4353    4373
        3    4354    4355    4373
        3    4374    4373    4355
        3    4355    4356    4375
        3    4374    4355    4375
        3    4356    4357    4375
        3    4376    4375    4357
        3    4357    1049    1048
        3    4376    4357    1048
        3    1055    4358    4377
        3    1054    1055    4377
        3    4358    4359    4377
        3    4378    4377    4359
        3    4359    4360    4379
        3    4378    4359    4379
        3    4360    4361    4379
        3    4380    4379    4361
        3    4361    4362    4381
        3    4380    4361    4381
        3    4362    4363    4381
        3    4382    4381    4363
        3    4363    4364    4383
        3    4382    4363    4383
        3    4364    4365    4383
        3    4384    4383    4365
        3    4365    4366    4385
        3    4384    4365    4385
        3    4366    4367    4385
        3    4386    4385    4367
        3    4367    4368    4387
        3    4386    4367    4387
        3    4368    4369    4387
        3    4388    4387    4369
        3    4369    4370    4389
        3    4388    4369    4389
        3    4370    4371    4389
        3    4390    4389    4371
        3    4371    4372    4391
        3    4390    4371    4391
        3    4372    4373    4391
        3    4392    4391    4373
        3    4373    4374    4393
        3    4392    4373    4393
        3    4374    4375    4393
        3    4394    4393    4375
        3    4375    4376    4395
        3    4394    4375    4395
        3    4376    1048    4395
        3    1047    4395    1048
        3    1054    4377    1053
        3    4396    1053    4377
        3    4377    4378    4397
        3    4396    4377    4397
        3    4378    4379    4397
        3    4398    4397    4379
        3    4379    4380    4399
        3    4398    4379    4399
        3    4380    4381    4399
        3    4400    4399    4381
        3    4381    4382    4401
        3    4400    4381    4401
        3    4382    4383    4401
        3    4402    4401    4383
        3    4383    4384    4403
        3    4402    4383    4403
        3    4384    4385    4403
        3    4404    4403    4385
        3    4385    4386    4405
        3    4404    4385    4405
        3    4386    4387    4405
        3    4406    4405    4387
        3    4387    4388    4407
        3    4406    4387    4407
        3    4388    4389    4407
        3    4408    4407    4389
        3    4389    4390    4409
        3    4408    4389    4409
        3    4390    4391    4409
        3    4410    4409    4391
        3    4391    4392    4411
        3    4410    4391    4411
        3    4392    4393    4411
        3    4412    4411    4393
        3    4393    4394    4413
        3    4412    4393    4413
        3    4394    4395    4413
        3    4414    4413    4395
        3    4395    1047    1046
        3    4414    4395    1046
        3    1053    4396    4415
        3    1052    1053    4415
        3    4396    4397    4415
        3    4416    4415    4397
        3    4397    4398    4417
        3    4416    4397    4417
        3    4398    4399    4417
        3    4418    4417    4399
        3    4399    4400    4419
        3    4418    4399    4419
        3    4400    4401    4419
        3    4420    4419    4401
        3    4401    4402    4421
        3    4420    4401    4421
        3    4402    4403    4421
        3    4422    4421    4403
        3    4403    4404    4423
        3    4422    4403    4423
        3    4404    4405    4423
        3    4424    4423    4405
        3    4405    4406    4425
        3    4424    4405    4425
        3    4406    4407    4425
        3    4426    4425    4407
        3    4407    4408    4427
        3    4426    4407    4427
        3    4408    4409    4427
        3    4428    4427    4409
        3    4409    4410    4429
        3    4428    4409    4429
        3    4410    4411    4429
        3    4430    4429    4411
        3    4411    4412    4431
        3    4430    4411    4431
        3    4412    4413    4431
        3    4432    4431    4413
        3    4413    4414    4433
        3    4432    4413    4433
        3    4414    1046    4433
        3    1045    4433    1046
        3    1052    4415      59
        3    1035      59    4415
        3    4415    4416    1034
        3    1035    4415    1034
        3    4416    4417    1034
        3    1033    1034    4417
        3    4417    4418    1032
        3    1033    4417    1032
        3    4418    4419    1032
        3    1031    1032    4419
        3    4419    4420    1030
        3    1031    4419    1030
        3    4420    4421    1030
        3    1029    1030    4421
        3    4421    4422    1028
        3    1029    4421    1028
        3    4422    4423    1028
        3    1027    1028    4423
        3    1026    1027    4424
        3    4423    4424    1027
        3    1018    4433      57
        3    4424    4425    1026
        3    4425    4426    1025
        3    1026    4425    1025
        3    4426    4427    1025
        3    1024    1025    4427
        3    4427    4428    1023
        3    1024    4427    1023
        3    4428    4429    1023
        3    1022    1023    4429
        3    4429    4430    1021
        3    1022    4429    1021
        3    4430    4431    1021
        3    1020    1021    4431
        3    4431    4432    1019
        3    1020    4431    1019
        3    4432    4433    1019
        3    1018    1019    4433

CELL_DATA    8384
SCALARS Surf int
LOOKUP_TABLE default
        1
        1
        1
        1
        1
        1
        1
        1
        1
        1
        1
        1
        1
        1
        1
        1
        1
        1
        1
        1
        1
        1
        1
        1
        1
        1
        1
        1
        1
        1
        1
        1
        1
        1
        1
        1
        1
        1
        1
        1
        1
        1
        1
        1
        1
        1
        1
        1
        1
        1
        1
        1
        1
        1
        1
        1
        1
        1
        1
        1
        1
        1
        1
        1
        1
        1
        1
        1
        1
        1
        1
        1
        1
        1
        1
        1
        1
        1
        1
        1
        1
        1
        1
        1
        1
        1
        1
        1
        1
        1
        1
        1
        1
        1
        1
        1
        1
        1
        1
        1
        1
        1
        1
        1
        1
        1
        1
        1
        1
        1
        1
        1
        1
        1
        1
        1
        1
        1
        1
        1
        1
        1
        1
        1
        1
        1
        1
        1
        1
        1
        1
        1
        1
        1
        1
        1
        1
        1
        1
        1
        1
        1
        1
        1
        1
        1
        1
        1
        1
        1
        1
        1
        1
        1
        1
        1
        1
        1
        1
        1
        1
        1
        1
        1
        1
        1
        1
        1
        1
        1
        1
        1
        1
        1
        1
        1
        1
        1
        1
        1
        1
        1
        1
        1
        1
        1
        1
        1
        1
        1
        1
        1
        1
        1
        1
        1
        1
        1
        1
        1
        1
        1
        1
        1
        1
        1
        1
        1
        1
        1
        1
        1
        1
        1
        1
        1
        1
        1
        1
        1
        1
        1
        1
        1
        1
        1
        1
        1
        1
        1
        1
        1
        1
        1
        1
        1
        1
        1
        1
        1
        1
        1
        1
        1
        1
        1
        1
        1
        1
        1
        1
        1
        1
        1
        1
        1
        1
        1
        1
        1
        1
        1
        1
        1
        1
        1
        1
        1
        1
        1
        1
        1
        1
        1
        1
        1
        1
        1
        1
        1
        1
        1
        1
        1
        1
        1
        1
        1
        1
        1
        1
        1
        1
        1
        1
        1
        1
        1
        1
        1
        1
        1
        1
        1
        1
        1
        1
        1
        1
        1
        1
        1
        1
        1
        1
        1
        1
        1
        2
        2
        2
        2
        2
        2
        2
        2
        2
        2
        2
        2
        2
        2
        2
        2
        2
        2
        2
        2
        2
        2
        2
        2
        2
        2
        2
        2
        2
        2
        2
        2
        2
        2
        2
        2
        2
        2
        2
        2
        2
        2
        2
        2
        2
        2
        2
        2
        2
        2
        2
        2
        2
        2
        2
        2
        2
        2
        2
        2
        2
        2
        2
        2
        2
        2
        2
        2
        2
        2
        2
        2
        2
        2
        2
        2
        2
        2
        2
        2
        2
        2
        2
        2
        2
        2
        2
        2
        2
        2
        2
        2
        2
        2
        2
        2
        2
        2
        2
        2
        2
        2
        2
        2
        2
        2
        2
        2
        2
        2
        2
        2
        2
        2
        2
        2
        2
        2
        2
        2
        2
        2
        2
        2
        2
        2
        2
        2
        2
        2
        2
        2
        2
        2
        2
        2
        2
        2
        2
        2
        2
        2
        2
        2
        2
        2
        2
        2
        2
        2
        2
        2
        2
        2
        2
        2
        2
        2
        2
        2
        2
        2
        2
        2
        2
        2
        2
        2
        2
        2
        2
        2
        2
        2
        2
        2
        2
        2
        2
        2
        2
        2
        2
        2
        2
        2
        2
        2
        2
        2
        2
        2
        2
        2
        2
        2
        2
        2
        2
        2
        2
        2
        2
        2
        2
        2
        2
        2
        2
        2
        2
        2
        2
        2
        2
        2
        2
        2
        2
        2
        2
        2
        2
        2
        2
        2
        2
        2
        2
        2
        2
        2
        2
        2
        2
        2
        2
        2
        2
        2
        2
        2
        2
        2
        2
        2
        2
        2
        2
        2
        2
        2
        2
        2
        2
        2
        2
        2
        2
        2
        2
        2
        2
        2
        2
        2
        2
        2
        2
        2
        2
        2
        2
        2
        2
        2
        2
        2
        2
        2
        2
        2
        2
        2
        2
        2
        2
        2
        2
        2
        2
        2
        2
        2
        2
        2
        2
        2
        2
        2
        2
        2
        2
        2
        2
        2
        2
        2
        2
        2
        2
        2
        2
        2
        2
        2
        2
        2
        3
        3
        3
        3
        3
        3
        3
        3
        3
        3
        3
        3
        3
        3
        3
        3
        3
        3
        3
        3
        3
        3
        3
        3
        3
        3
        3
        3
        3
        3
        3
        3
        3
        3
        3
        3
        3
        3
        3
        3
        3
        3
        3
        3
        3
        3
        3
        3
        3
        3
        3
        3
        3
        3
        3
        3
        3
        3
        3
        3
        3
        3
        3
        3
        4
        4
        4
        4
        4
        4
        4
        4
        4
        4
        4
        4
        4
        4
        4
        4
        4
        4
        4
        4
        4
        4
        4
        4
        4
        4
        4
        4
        4
        4
        4
        4
        4
        4
        4
        4
        4
        4
        4
        4
        4
        4
        4
        4
        4
        4
        4
        4
        4
        4
        4
        4
        4
        4
        4
        4
        4
        4
        4
        4
        4
        4
        4
        4
        4
        4
        4
        4
        4
        4
        4
        4
        4
        4
        4
        4
        4
        4
        4
        4
        4
        4
        4
        4
        4
        4
        4
        4
        4
        4
        4
        4
        4
        4
        4
        4
        4
        4
        4
        4
        4
        4
        4
        4
        4
        4
        4
        4
        4
        4
        4
        4
        4
        4
        4
        4
        4
        4
        4
        4
        4
        4
        4
        4
        4
        4
        4
        4
        4
        4
        4
        4
        4
        4
        4
        4
        4
        4
        4
        4
        4
        4
        4
        4
        4
        4
        4
        4
        4
        4
        4
        4
        4
        4
        4
        4
        4
        4
        4
        4
        4
        4
        4
        4
        4
        4
        4
        4
        4
        4
        4
        4
        4
        4
        4
        4
        4
        4
        4
        4
        4
        4
        4
        4
        4
        4
        4
        4
        4
        4
        4
        4
        4
        4
        4
        4
        4
        4
        4
        4
        4
        4
        4
        4
        4
        4
        4
        4
        4
        4
        4
        4
        4
        4
        4
        4
        4
        4
        4
        4
        4
        4
        4
        4
        4
        4
        4
        4
        4
        4
        4
        4
        4
        4
        4
        4
        4
        4
        4
        4
        4
        4
        4
        4
        4
        4
        4
        4
        4
        4
        4
        4
        4
        4
        4
        4
        4
        4
        4
        4
        4
        4
        4
        4
        4
        4
        4
        4
        4
        4
        4
        4
        4
        4
        4
        4
        4
        4
        4
        4
        4
        4
        4
        4
        4
        4
        4
        4
        4
        4
        4
        4
        4
        4
        4
        4
        4
        4
        4
        4
        4
        4
        4
        4
        4
        4
        4
        4
        4
        4
        4
        4
        4
        4
        4
        4
        4
        4
        4
        4
        4
        4
        4
        4
        4
        4
        4
        4
        4
        4
        4
        4
        4
        4
        4
        4
        4
        4
        4
        4
        4
        4
        4
        4
        4
        4
        4
        4
        4
        4
        4
        4
        4
        4
        4
        4
        4
        4
        4
        4
        4
        4
        4
        4
        4
        4
        4
        4
        4
        4
        4
        4
        4
        4
        4
        4
        4
        4
        4
        4
        4
        4
        4
        4
        4
        4
        4
        4
        4
        4
        4
        4
        4
        4
        4
        4
        4
        4
        4
        4
        4
        4
        4
        4
        4
        4
        4
        4
        4
        4
        4
        4
        4
        4
        4
        4
        4
        4
        4
        4
        4
        4
        4
        4
        4
        4
        4
        4
        4
        4
        4
        4
        4
        4
        4
        4
        4
        4
        4
        4
        4
        4
        4
        4
        4
        4
        4
        4
        4
        4
        4
        4
        4
        4
        4
        4
        4
        4
        4
        4
        4
        4
        4
        4
        4
        4
        4
        4
        4
        4
        4
        4
        4
        4
        4
        4
        4
        4
        4
        4
        4
        4
        4
        4
        4
        4
        4
        4
        4
        4
        4
        4
        4
        4
        4
        4
        4
        4
        4
        4
        4
        4
        4
        4
        4
        4
        4
        4
        4
        4
        4
        4
        4
        4
        4
        4
        4
        4
        4
        4
        4
        4
        4
        4
        4
        4
        4
        4
        4
        4
        4
        4
        4
        4
        4
        4
        4
        4
        4
        4
        4
        4
        4
        4
        4
        4
        4
        4
        4
        4
        4
        4
        4
        4
        4
        4
        4
        4
        4
        4
        4
        4
        4
        4
        4
        4
        4
        4
        4
        4
        4
        4
        4
        4
        5
        5
        5
        5
        5
        5
        5
        5
        5
        5
        5
        5
        5
        5
        5
        5
        5
        5
        5
        5
        5
        5
        5
        5
        5
        5
        5
        5
        5
        5
        5
        5
        5
        5
        5
        5
        5
        5
        5
        5
        5
        5
        5
        5
        5
        5
        5
        5
        5
        5
        5
        5
        5
        5
        5
        5
        5
        5
        5
        5
        5
        5
        5
        5
        5
        5
        5
        5
        5
        5
        5
        5
        5
        5
        5
        5
        5
        5
        5
        5
        5
        5
        5
        5
        5
        5
        5
        5
        5
        5
        5
        5
        5
        5
        5
        5
        5
        5
        5
        5
        5
        5
        5
        5
        5
        5
        5
        5
        5
        5
        5
        5
        5
        5
        5
        5
        5
        5
        5
        5
        5
        5
        5
        5
        5
        5
        5
        5
        5
        5
        5
        5
        5
        5
        5
        5
        5
        5
        5
        5
        5
        5
        5
        5
        5
        5
        5
        5
        5
        5
        5
        5
        5
        5
        5
        5
        5
        5
        5
        5
        5
        5
        5
        5
        5
        5
        5
        5
        5
        5
        5
        5
        5
        5
        5
        5
        5
        5
        5
        5
        5
        5
        5
        5
        5
        5
        5
        5
        5
        5
        5
        5
        5
        5
        5
        5
        5
        5
        5
        5
        5
        5
        5
        5
        5
        5
        5
        5
        5
        5
        5
        5
        5
        5
        5
        5
        5
        5
        5
        5
        5
        5
        5
        5
        5
        5
        5
        5
        5
        5
        5
        5
        5
        5
        5
        5
        5
        5
        5
        5
        5
        5
        5
        5
        5
        5
        5
        5
        5
        5
        5
        5
        5
        5
        5
        5
        5
        5
        5
        5
        5
        5
        5
        5
        5
        5
        5
        5
        5
        5
        5
        5
        5
        5
        5
        5
        5
        5
        5
        5
        5
        5
        5
        5
        5
        5
        5
        5
        5
        5
        5
        5
        5
        5
        5
        5
        5
        5
        5
        5
        5
        5
        5
        5
        5
        5
        5
        5
        5
        5
        5
        5
        5
        5
        5
        5
        5
        5
        5
        5
        5
        5
        5
        5
        5
        5
        5
        5
        5
        5
        5
        5
        5
        5
        5
        5
        5
        5
        5
        5
        5
        5
        5
        5
        5
        5
        5
        5
        5
        5
        5
        5
        5
        5
        5
        5
        5
        5
        5
        5
        5
        5
        5
        5
        5
        5
        5
        5
        5
        5
        5
        5
        5
        5
        5
        5
        5
        5
        5
        5
        5
        5
        5
        5
        5
        5
        5
        5
        5
        5
        5
        5
        5
        5
        5
        5
        5
        5
        5
        5
        5
        5
        5
        5
        5
        5
        5
        5
        5
        5
        5
        5
        5
        5
        5
        5
        5
        5
        5
        5
        5
        5
        5
        5
        5
        5
        5
        5
        5
        5
        5
        5
        5
        5
        5
        5
        5
        5
        5
        5
        5
        5
        5
        5
        5
        5
        5
        5
        5
        5
        5
        5
        5
        5
        5
        5
        5
        5
        5
        5
        5
        5
        5
        5
        5
        5
        5
        5
        5
        5
        5
        5
        5
        5
        5
        5
        5
        5
        5
        5
        5
        5
        5
        5
        5
        5
        5
        5
        5
        5
        5
        5
        5
        5
        5
        5
        5
        5
        5
        5
        5
        5
        5
        5
        5
        5
        5
        5
        5
        5
        5
        5
        5
        5
        5
        5
        5
        5
        5
        5
        5
        5
        5
        5
        5
        5
        5
        5
        5
        5
        5
        5
        5
        5
        5
        5
        5
        5
        5
        5
        5
        5
        5
        5
        5
        5
        5
        5
        5
        5
        5
        5
        5
        5
        5
        5
        5
        5
        5
        5
        5
        5
        5
        5
        5
        5
        5
        5
        5
        5
        5
        5
        5
        5
        6
        6
        6
        6
        6
        6
        6
        6
        6
        6
        6
        6
        6
        6
        6
        6
        6
        6
        6
        6
        6
        6
        6
        6
        6
        6
        6
        6
        6
        6
        6
        6
        6
        6
        6
        6
        6
        6
        6
        6
        6
        6
        6
        6
        6
        6
        6
        6
        6
        6
        6
        6
        6
        6
        6
        6
        6
        6
        6
        6
        6
        6
        6
        6
        6
        6
        6
        6
        6
        6
        6
        6
        6
        6
        6
        6
        6
        6
        6
        6
        6
        6
        6
        6
        6
        6
        6
        6
        6
        6
        6
        6
        6
        6
        6
        6
        6
        6
        6
        6
        6
        6
        6
        6
        6
        6
        6
        6
        6
        6
        6
        6
        6
        6
        6
        6
        8
        8
        8
        8
        8
        8
        8
        8
        8
        8
        8
        8
        8
        8
        8
        8
        8
        8
        8
        8
        8
        8
        8
        8
        8
        8
        8
        8
        8
        8
        8
        8
        8
        8
        8
        8
        8
        8
        8
        8
        8
        8
        8
        8
        8
        8
        8
        8
        8
        8
        8
        8
        8
        8
        8
        8
        8
        8
        8
        8
        8
        8
        8
        8
        8
        8
        8
        8
        8
        8
        8
        8
        8
        8
        8
        8
        8
        8
        8
        8
        8
        8
        8
        8
        8
        8
        8
        8
        8
        8
        8
        8
        8
        8
        8
        8
        8
        8
        8
        8
        8
        8
        8
        8
        8
        8
        8
        8
        8
        8
        8
        8
        8
        8
        8
        8
        8
        8
        8
        8
        8
        8
        8
        8
        8
        8
        8
        8
        8
        8
        8
        8
        8
        8
        8
        8
        8
        8
        8
        8
        8
        8
        8
        8
        8
        8
        8
        8
        8
        8
        8
        8
        8
        8
        8
        8
        8
        8
        8
        8
        8
        8
        8
        8
        8
        8
        8
        8
        8
        8
        8
        8
        8
        8
        8
        8
        8
        8
        8
        8
        8
        8
        8
        8
        8
        8
        8
        8
        8
        8
        8
        8
        8
        8
        8
        8
        8
        8
        8
        8
        8
        8
        8
        8
        8
        8
        8
        8
        8
        8
        8
        8
        8
        8
        8
        8
        8
        8
        8
        8
        8
        8
        8
        8
        8
        8
        8
        8
        8
        8
        8
        8
        8
        8
        8
        8
        8
        8
        8
        8
        8
        8
        8
        8
        8
        8
        8
        8
        8
        8
        8
        8
        8
        8
        8
        8
        8
        8
        8
        8
        8
        8
        8
        8
        8
        8
        8
        8
        8
        8
        8
        8
        8
        8
        8
        8
        8
        8
        8
        8
        8
        8
        8
        8
        8
        8
        8
        8
        8
        8
        8
        8
        8
        8
        8
        8
        8
        8
        8
        8
        8
        8
        8
        8
        8
        8
        8
        8
        8
        8
        8
        8
        8
        8
        8
        8
        8
        8
        8
        8
        8
        8
        8
        8
        8
        8
        8
        8
        8
        8
        8
        8
        8
        8
        8
        8
        8
        8
        8
        8
        8
        8
        8
        8
        8
        8
        8
        8
        8
        8
        8
        8
        8
        8
        8
        8
        8
        8
        8
        8
        8
        8
        8
        8
        8
        8
        8
        8
        8
        8
        8
        8
        8
        8
        8
        8
        8
        8
        8
        8
        8
        8
        8
        8
        8
        8
        8
        8
        8
        8
        8
        8
        8
        8
        8
        8
        8
        8
        8
        8
        8
        8
        8
        8
        8
        8
        8
        8
        8
        8
        8
        8
        8
        8
        8
        8
        8
        8
        8
        8
        8
        8
        8
        8
        8
        8
        8
        8
        8
        8
        8
        8
        8
        8
        8
        8
        8
        8
        8
        8
        8
        8
        8
        8
        8
        8
        8
        8
        8
        8
        8
        8
        8
        8
        8
        8
        8
        8
        8
        8
        8
        8
        8
        8
        8
        8
        8
        8
        8
        8
        8
        8
        8
        8
        8
        8
        8
        8
        8
        8
        8
        8
        8
        8
        8
        8
        8
        8
        8
        8
        8
        8
        8
        8
        8
        8
        8
        8
        8
        8
        8
        8
        8
        8
        8
        8
        8
        8
        8
        8
        8
        8
        8
        8
        8
        8
        8
        8
        8
        8
        8
        8
        8
        8
        8
        8
        8
        8
        8
        8
        8
        8
        8
        8
        8
        8
        8
        8
        8
        8
        8
        8
        8
        8
        8
        8
        8
        8
        8
        8
        8
        8
        8
        8
        8
        8
        8
        8
        8
        8
        8
        8
        8
        8
        8
        8
        8
        8
        8
        8
        8
        8
        8
        8
        9
        9
        9
        9
        9
        9
        9
        9
        9
        9
        9
        9
        9
        9
        9
        9
        9
        9
        9
        9
        9
        9
        9
        9
        9
        9
        9
        9
        9
        9
        9
        9
        9
        9
        9
        9
        9
        9
        9
        9
        9
        9
        9
        9
        9
        9
        9
        9
        9
        9
        9
        9
        9
        9
        9
        9
        9
        9
        9
        9
        9
        9
        9
        9
        9
        9
        9
        9
        9
        9
        9
        9
        9
        9
        9
        9
        9
        9
        9
        9
        9
        9
        9
        9
        9
        9
        9
        9
        9
        9
        9
        9
        9
        9
        9
        9
        9
        9
        9
        9
        9
        9
        9
        9
        9
        9
        9
        9
        9
        9
        9
        9
        9
        9
        9
        9
        9
        9
        9
        9
        9
        9
        9
        9
        9
        9
        9
        9
        9
        9
        9
        9
        9
        9
        9
        9
        9
        9
        9
        9
        9
        9
        9
        9
        9
        9
        9
        9
        9
        9
        9
        9
        9
       10
       10
       10
       10
       10
       10
       10
       10
       10
       10
       10
       10
       10
       10
       10
       10
       10
       10
       10
       10
       10
       10
       10
       10
       10
       10
       10
       10
       10
       10
       11
       11
       11
       11
       11
       11
       11
       11
       11
       11
       11
       11
       11
       11
       11
       11
       11
       11
       11
       11
       11
       11
       11
       11
       11
       11
       11
       11
       11
       11
       11
       11
       11
       11
       11
       11
       11
       11
       11
       11
       11
       11
       11
       11
       11
       11
       11
       11
       11
       11
       11
       11
       11
       11
       11
       11
       11
       11
       11
       11
       11
       11
       11
       11
       11
       11
       11
       11
       11
       11
       11
       11
       11
       11
       11
       11
       11
       11
       11
       11
       11
       11
       11
       11
       11
       11
       11
       11
       11
       11
       11
       11
       11
       11
       11
       11
       11
       11
       11
       11
       11
       11
       11
       11
       11
       11
       11
       11
       11
       11
       11
       11
       11
       11
       11
       11
       11
       11
       11
       11
       11
       11
       11
       11
       11
       11
       11
       11
       12
       12
       12
       12
       12
       12
       12
       12
       12
       12
       12
       12
       12
       12
       12
       12
       12
       12
       12
       12
       12
       12
       12
       12
       12
       12
       12
       12
       12
       12
       12
       12
       12
       12
       12
       12
       12
       12
       12
       12
       12
       12
       12
       12
       12
       12
       12
       12
       12
       12
       12
       12
       12
       12
       12
       12
       12
       12
       12
       12
       12
       12
       12
       12
       12
       12
       12
       12
       12
       12
       12
       12
       12
       12
       12
       12
       12
       12
       12
       12
       12
       12
       12
       12
       12
       12
       12
       12
       12
       12
       12
       12
       12
       12
       12
       12
       12
       12
       12
       12
       12
       12
       12
       12
       12
       12
       12
       12
       12
       12
       12
       12
       12
       12
       12
       12
       12
       12
       12
       12
       12
       12
       12
       12
       12
       12
       12
       12
       15
       15
       15
       15
       15
       15
       15
       15
       15
       15
       15
       15
       15
       15
       15
       15
       15
       15
       15
       15
       15
       15
       15
       15
       15
       15
       15
       15
       15
       15
       15
       15
       15
       15
       15
       15
       15
       15
       15
       15
       15
       15
       15
       15
       15
       15
       15
       15
       15
       15
       15
       15
       15
       15
       15
       15
       15
       15
       15
       15
       15
       15
       15
       15
       15
       15
       15
       15
       15
       15
       15
       15
       15
       15
       15
       15
       15
       15
       15
       15
       15
       15
       15
       15
       15
       15
       15
       15
       15
       15
       15
       15
       15
       15
       15
       15
       15
       15
       15
       15
       15
       15
       15
       15
       15
       15
       15
       15
       15
       15
       15
       15
       15
       15
       15
       15
       15
       15
       15
       15
       15
       15
       15
       15
       15
       15
       15
       15
       15
       15
       15
       15
       15
       15
       15
       15
       15
       15
       15
       15
       15
       15
       15
       15
       15
       15
       15
       15
       15
       15
       15
       15
       15
       15
       15
       15
       15
       15
       15
       15
       15
       15
       15
       15
       15
       15
       15
       15
       15
       15
       15
       15
       15
       15
       15
       15
       15
       15
       15
       15
       15
       15
       15
       15
       15
       15
       15
       15
       15
       15
       15
       15
       15
       15
       15
       15
       15
       15
       15
       15
       15
       15
       15
       15
       15
       15
       15
       15
       15
       15
       15
       15
       15
       15
       15
       15
       15
       15
       15
       15
       15
       15
       15
       15
       15
       15
       15
       15
       15
       15
       15
       15
       15
       15
       15
       15
       15
       15
       15
       15
       15
       15
       15
       15
       15
       15
       15
       15
       15
       15
       15
       15
       15
       15
       15
       15
       15
       15
       15
       15
       15
       15
       15
       15
       15
       15
       15
       15
       15
       15
       15
       15
       15
       15
       15
       15
       15
       15
       15
       15
       15
       15
       15
       15
       15
       15
       15
       15
       15
       15
       15
       15
       15
       15
       15
       15
       15
       15
       15
       15
       15
       15
       15
       15
       15
       15
       15
       15
       15
       15
       15
       15
       15
       15
       15
       15
       15
       15
       15
       15
       15
       15
       15
       15
       15
       15
       15
       15
       15
       15
       15
       15
       15
       15
       15
       15
       15
       15
       15
       15
       15
       15
       15
       15
       15
       15
       15
       15
       15
       15
       15
       15
       15
       15
       15
       15
       15
       15
       15
       15
       15
       15
       15
       15
       15
       15
       15
       15
       15
       15
       15
       15
       15
       15
       15
       15
       15
       15
       15
       15
       15
       15
       15
       15
       15
       15
       15
       15
       15
       15
       15
       15
       15
       15
       15
       15
       15
       15
       15
       15
       15
       15
       15
       15
       15
       15
       15
       15
       15
       15
       15
       15
       15
       15
       15
       15
       15
       15
       15
       15
       15
       15
       15
       15
       15
       15
       15
       15
       15
       15
       15
       15
       15
       15
       15
       15
       15
       15
       15
       15
       15
       15
       15
       15
       15
       15
       15
       15
       15
       15
       15
       15
       15
       15
       15
       15
       15
       15
       15
       15
       15
       15
       15
       15
       15
       15
       15
       15
       15
       15
       15
       15
       15
       15
       15
       15
       15
       15
       15
       15
       15
       15
       15
       15
       15
       15
       15
       15
       15
       15
       15
       15
       15
       15
       15
       15
       15
       15
       15
       15
       15
       15
       15
       15
       15
       15
       15
       15
       15
       15
       15
       15
       15
       15
       15
       15
       15
       15
       15
       15
       15
       15
       15
       15
       15
       15
       15
       15
       15
       15
       15
       15
       15
       15
       15
       15
       15
       15
       15
       15
       15
       15
       15
       15
       15
       15
       15
       15
       15
       15
       15
       15
       15
       15
       15
       15
       15
       15
       15
       15
       15
       15
       15
       15
       15
       15
       15
       15
       15
       15
       15
       15
       15
       15
       16
       16
       16
       16
       16
       16
       16
       16
       16
       16
       16
       16
       16
       16
       16
       16
       16
       16
       16
       16
       16
       16
       16
       16
       16
       16
       16
       16
       16
       16
       16
       16
       16
       16
       16
       16
       16
       16
       16
       16
       16
       16
       16
       16
       16
       16
       16
       16
       16
       16
       16
       16
       16
       16
       16
       16
       16
       16
       16
       16
       16
       16
       16
       16
       16
       16
       16
       16
       16
       18
       18
       18
       18
       18
       18
       18
       18
       18
       18
       18
       18
       18
       18
       18
       18
       18
       18
       18
       18
       18
       18
       18
       18
       18
       18
       18
       18
       18
       18
       18
       18
       18
       18
       18
       18
       18
       18
       18
       18
       18
       18
       18
       18
       18
       18
       18
       18
       18
       18
       18
       18
       18
       18
       18
       18
       18
       18
       18
       18
       18
       18
       18
       18
       18
       18
       18
       18
       18
       18
       18
       18
       18
       18
       18
       18
       18
       18
       18
       18
       18
       18
       18
       18
       18
       18
       18
       18
       18
       18
       18
       18
       18
       18
       18
       18
       18
       18
       18
       18
       18
       18
       18
       18
       18
       18
       18
       18
       18
       18
       18
       18
       18
       18
       18
       18
       18
       18
       18
       18
       18
       18
       18
       18
       18
       18
       18
       18
       18
       18
       18
       18
       18
       18
       18
       18
       18
       18
       18
       18
       18
       18
       18
       18
       18
       18
       18
       18
       18
       18
       18
       18
       18
       18
       18
       18
       18
       18
       19
       19
       19
       19
       19
       19
       19
       19
       19
       19
       19
       19
       19
       19
       19
       19
       19
       19
       19
       19
       19
       19
       19
       19
       19
       19
       19
       19
       19
       19
       19
       19
       19
       19
       19
       19
       19
       19
       19
       19
       19
       19
       19
       19
       19
       19
       19
       19
       19
       19
       19
       19
       19
       19
       19
       19
       19
       19
       19
       19
       19
       19
       19
       19
       19
       19
       20
       20
       20
       20
       20
       20
       20
       20
       20
       20
       20
       20
       20
       20
       20
       20
       20
       20
       20
       20
       20
       20
       20
       20
       20
       20
       20
       20
       20
       20
       21
       21
       21
       21
       21
       21
       21
       21
       21
       21
       21
       21
       21
       21
       21
       21
       21
       21
       21
       21
       21
       21
       21
       21
       21
       21
       21
       21
       21
       21
       21
       21
       21
       21
       21
       21
       21
       21
       21
       21
       21
       21
       21
       21
       21
       21
       21
       21
       21
       21
       21
       21
       21
       21
       21
       21
       21
       21
       21
       21
       21
       21
       22
       22
       22
       22
       22
       22
       22
       22
       22
       22
       22
       22
       22
       22
       22
       22
       22
       22
       22
       22
       22
       22
       22
       22
       22
       22
       22
       22
       22
       22
       22
       22
       22
       22
       22
       22
       22
       22
       22
       22
       22
       22
       22
       22
       22
       22
       22
       22
       22
       22
       22
       22
       22
       22
       22
       22
       22
       22
       22
       22
       22
       22
       25
       25
       25
       25
       25
       25
       25
       25
       25
       25
       25
       25
       25
       25
       25
       25
       25
       25
       25
       25
       25
       25
       25
       25
       25
       25
       25
       25
       25
       25
       25
       25
       25
       25
       25
       25
       25
       25
       25
       25
       25
       25
       25
       25
       25
       25
       25
       25
       25
       25
       25
       25
       25
       25
       25
       25
       25
       25
       25
       25
       25
       25
       25
       25
       25
       25
       25
       25
       25
       25
       25
       25
       25
       25
       25
       25
       25
       25
       25
       25
       25
       25
       25
       25
       25
       25
       25
       25
       25
       25
       25
       25
       25
       25
       25
       25
       25
       25
       25
       25
       25
       25
       25
       25
       25
       25
       25
       25
       25
       25
       25
       25
       25
       25
       25
       25
       25
       25
       25
       25
       25
       25
       25
       25
       25
       25
       25
       25
       25
       25
       25
       25
       25
       25
       25
       25
       25
       25
       25
       25
       25
       25
       25
       25
       25
       25
       25
       25
       25
       25
       25
       25
       25
       25
       25
       25
       25
       26
       26
       26
       26
       26
       26
       26
       26
       26
       26
       26
       26
       26
       26
       26
       26
       26
       26
       26
       26
       26
       26
       26
       26
       26
       26
       26
       26
       26
       26
       26
       26
       26
       26
       26
       26
       26
       28
       28
       28
       28
       28
       28
       28
       28
       28
       28
       28
       28
       28
       28
       28
       28
       28
       28
       28
       28
       28
       28
       28
       28
       28
       28
       28
       28
       28
       28
       29
       29
       29
       29
       29
       29
       29
       29
       29
       29
       29
       29
       29
       29
       29
       29
       29
       29
       29
       29
       29
       29
       29
       29
       29
       29
       29
       29
       29
       29
       29
       29
       29
       29
       29
       29
       29
       29
       29
       29
       29
       29
       29
       29
       29
       29
       29
       29
       29
       29
       29
       29
       29
       29
       29
       29
       29
       29
       29
       29
       29
       29
       29
       29
       29
       29
       29
       29
       29
       29
       29
       29
       29
       29
       29
       29
       29
       29
       29
       29
       29
       29
       29
       29
       29
       29
       29
       29
       29
       29
       29
       29
       29
       29
       29
       29
       29
       29
       29
       29
       29
       29
       29
       29
       29
       29
       29
       29
       29
       29
       29
       29
       29
       29
       29
       29
       29
       29
       29
       29
       29
       29
       29
       29
       29
       29
       29
       29
       30
       30
       30
       30
       30
       30
       30
       30
       30
       30
       30
       30
       30
       30
       30
       30
       30
       30
       30
       30
       30
       30
       30
       30
       30
       30
       30
       30
       30
       30
       30
       30
       30
       30
       30
       30
       30
       30
       30
       30
       30
       30
       30
       30
       30
       30
       30
       30
       30
       30
       30
       30
       30
       30
       30
       30
       30
       30
       30
       30
       30
       30
       30
       30
       30
       30
       30
       30
       30
       31
       31
       31
       31
       31
       31
       31
       31
       31
       31
       31
       31
       31
       31
       31
       31
       31
       31
       31
       31
       31
       31
       31
       31
       31
       31
       31
       31
       31
       31
       31
       31
       31
       31
       31
       31
       31
       31
       31
       31
       31
       31
       31
       31
       31
       31
       31
       31
       31
       31
       31
       31
       31
       31
       31
       31
       31
       31
       31
       31
       31
       31
       31
       31
       31
       31
       31
       31
       31
       31
       31
       31
       31
       31
       31
       31
       31
       31
       31
       31
       31
       31
       31
       31
       31
       31
       31
       31
       31
       31
       31
       31
       31
       31
       31
       31
       31
       31
       31
       31
       31
       31
       31
       31
       31
       31
       31
       31
       31
       31
       31
       31
       31
       31
       31
       31
       31
       31
       31
       31
       31
       31
       31
       31
       31
       31
       31
       31
       31
       31
       31
       31
       31
       31
       31
       31
       31
       31
       31
       31
       31
       31
       31
       31
       31
       31
       31
       31
       31
       31
       31
       31
       31
       31
       31
       31
       31
       31
       31
       31
       31
       31
       31
       31
       31
       31
       31
       31
       31
       31
       31
       31
       31
       31
       31
       31
       31
       31
       31
       31
       31
       31
       31
       31
       31
       31
       31
       31
       31
       31
       31
       31
       31
       31
       31
       31
       31
       31
       31
       31
       31
       31
       31
       31
       31
       31
       31
       31
       31
       31
       31
       31
       31
       31
       31
       31
       31
       31
       31
       31
       31
       31
       31
       31
       31
       31
       31
       31
       31
       31
       31
       31
       31
       31
       31
       31
       31
       31
       31
       31
       31
       31
       31
       31
       31
       31
       31
       31
       31
       31
       31
       31
       31
       31
       31
       31
       31
       31
       31
       31
       31
       31
       31
       31
       31
       31
       31
       31
       31
       31
       31
       31
       31
       31
       31
       31
       31
       31
       31
       31
       31
       31
       31
       31
       31
       31
       31
       31
       31
       31
       31
       31
       31
       31
       31
       31
       31
       31
       31
       31
       31
       31
       31
       31
       31
       31
       31
       31
       31
       31
       31
       31
       31
       31
       31
       31
       31
       31
       31
       31
       31
       31
       31
       31
       31
       31
       31
       31
       31
       31
       31
       31
       31
       31
       31
       31
       31
       31
       31
       31
       31
       31
       31
       31
       31
       31
       31
       31
       31
       31
       31
       31
       31
       31
       31
       31
       31
       31
       31
       31
       31
       31
       31
       31
       31
       31
       31
       31
       31
       31
       31
       31
       31
       31
       31
       31
       31
       31
       31
       31
       31
       31
       31
       31
       31
       31
       31
       31
       31
       31
       31
       31
       31
       31
       31
       31
       31
       31
       31
       31
       31
       31
       31
       31
       31
       31
       31
       31
       31
       31
       31
       31
       31
       31
       31
       31
       31
       31
       31
       31
       31
       31
       31
       31
       31
       31
       31
       31
       31
       31
       31
       31
       31
       31
       31
       31
       31
       31
       31
       31
       31
       31
       31
       31
       31
       31
       31
       31
       31
       31
       31
       31
       31
       31
       31
       31
       31
       31
       31
       31
       31
       31
       31
       31
       31
       31
       31
       31
       31
       31
       31
       31
       31
       31
       31
       31
       31
       31
       31
       31
       31
       31
       31
       31
       31
       31
       31
       31
       31
       31
       31
       31
       31
       31
       31
       31
       31
       31
       31
       31
       31
       31
       31
       31
       31
       31
       31
       31
       31
       31
       31
       31
       31
       31
       31
       31
       31
       31
       31
       31
       31
       31
       31
       31
       31
       31
       31
       31
       31
       31
       31
       31
       31
       31
       31
       31
       31
       31
       31
       31
       31
       31
       31
       31
       31
       31
       31
       31
       31
       31
       31
       31
       31
       31
       31
       31
       31
       31
       31
       31
       31
       31
       31
       31
       31
       31
       31
       31
       31
       31
       31
       31
       31
       31
       33
       33
       33
       33
       33
       33
       33
       33
       33
       33
       33
       33
       33
       33
       33
       33
       33
       33
       33
       33
       33
       33
       33
       33
       33
       33
       33
       33
       33
       33
       33
       33
       33
       33
       33
       33
       33
       33
       33
       33
       33
       33
       33
       33
       33
       33
       33
       33
       33
       33
       33
       33
       33
       33
       33
       33
       33
       33
       33
       33
       33
       33
       33
       33
       33
       33
       33
       33
       33
       33
       33
       33
       33
       33
       33
       33
       33
       33
       33
       33
       33
       33
       33
       33
       33
       33
       33
       33
       33
       33
       33
       33
       33
       33
       33
       33
       33
       33
       33
       33
       33
       33
       33
       33
       33
       33
       33
       33
       33
       33
       33
       33
       33
       33
       33
       33
       34
       34
       34
       34
       34
       34
       34
       34
       34
       34
       34
       34
       34
       34
       34
       34
       34
       34
       34
       34
       34
       34
       34
       34
       34
       34
       34
       34
       34
       34
       34
       34
       34
       34
       34
       34
       34
       34
       34
       34
       34
       34
       34
       34
       34
       34
       34
       34
       34
       34
       34
       34
       34
       34
       34
       34
       34
       34
       34
       34
       34
       34
       34
       34
       34
       34
       34
       34
       34
       34
       34
       34
       34
       34
       34
       34
       34
       34
       34
       34
       34
       34
       34
       34
       34
       34
       34
       34
       34
       34
       34
       34
       34
       34
       34
       34
       34
       34
       34
       34
       34
       34
       34
       34
       34
       34
       34
       34
       34
       34
       34
       34
       34
       34
       34
       34
       34
       34
       34
       34
       34
       34
       34
       34
       34
       34
       34
       34
       34
       34
       34
       34
       34
       34
       34
       34
       34
       34
       34
       34
       34
       34
       34
       34
       34
       34
       34
       34
       34
       34
       34
       34
       34
       34
       34
       34
       34
       34
       34
       34
       34
       34
       34
       34
       34
       34
       34
       34
       34
       34
       34
       34
       34
       34
       34
       34
       34
       34
       34
       34
       34
       34
       34
       34
       34
       34
       34
       34
       34
       34
       34
       34
       34
       34
       34
       34
       34
       34
       34
       34
       34
       34
       34
       34
       34
       34
       34
       34
       34
       34
       34
       34
       34
       34
       34
       34
       34
       34
       34
       34
       34
       34
       34
       34
       34
       34
       34
       34
       34
       34
       34
       34
       34
       34
       34
       34
       34
       34
       34
       34
       34
       34
       34
       34
       34
       34
       34
       34
       34
       34
       34
       34
       34
       34
       34
       34
       34
       34
       34
       34
       34
       34
       34
       34
       34
       34
       34
       34
       34
       34
       34
       34
       34
       34
       34
       34
       34
       34
       34
       34
       34
       34
       34
       34
       34
       34
       34
       34
       34
       34
       34
       34
       34
       34
       34
       34
       34
       34
       34
       34
       34
       34
       34
       34
       34
       34
       34
       34
       34
       34
       34
       34
       34
       34
       34
       34
       34
       34
       34
       34
       34
       34
       34
       34
       34
       34
       34
       34
       34
       34
       34
       34
       34
       34
       34
       34
       34
       34
       34
       34
       34
       34
       34
       34
       34
       34
       34
       34
       34
       34
       34
       34
       34
       34
       34
       34
       34
       34
       34
       34
       34
       34
       34
       34
       34
       34
       34
       34
       34
       34
       34
       34
       34
       34
       34
       34
       34
       34
       34
       34
       34
       34
       34
       34
       34
       34
       34
       34
       34
       34
       34
       34
       34
       34
       34
       34
       34
       34
       34
       34
       34
       34
       34
       34
       34
       34
       34
       34
       34
       34
       34
       34
       34
       34
       34
       34
       34
       34
       34
       34
       34
       34
       34
       34
       34
       34
       34
       34
       34
       34
       34
       34
       34
       34
       34
       34
       34
       34
       34
       34
       34
       34
       34
       34
       34
       34
       34
       34
       34
       34
       34
       34
       34
       34
       34
       34
       34
       34
       34
       34
       34
       34
       34
       34
       34
       34
       34
       34
       34
       34
       34
       34
       34
       34
       34
       34
       34
       34
       34
       34
       34
       34
       34
       34
       34
       34
       34
       34
       34
       34
       34
       34
       34
       34
       34
       34
       34
       34
       34
       34
       34
       34
       34
       34
       34
       34
       34
       34
       34
       34
       34
       34
       34
       34
       34
       34
       34
       34
       34
       34
       34
       34
       34
       34
       34
       34
       34
       34
       34
       34
       34
       34
       34
       34
       34
       34
       34
       34
       34
       34
       34
       34
       34
       34
       34
       34
       34
       34
       34
       34
       34
       34
       34
       34
       34
       34
       34
       34
       34
       34
       34
       34
       34
       34
       34
       34
       34
       34
       34
       34
       34
       34
       34
       34
       36
       36
       36
       36
       36
       36
       36
       36
       36
       36
       36
       36
       36
       36
       36
       36
       36
       36
       36
       36
       36
       36
       36
       36
       36
       36
       36
       36
       36
       36
       36
       36
       36
       36
       36
       36
       36
       36
       36
       36
       36
       36
       36
       36
       36
       36
       36
       36
       36
       36
       36
       36
       36
       36
       36
       36
       36
       36
       36
       36
       36
       36
       37
       37
       37
       37
       37
       37
       37
       37
       37
       37
       37
       37
       37
       37
       37
       37
       37
       37
       37
       37
       37
       37
       37
       37
       37
       37
       37
       37
       37
       37
       38
       38
       38
       38
       38
       38
       38
       38
       38
       38
       38
       38
       38
       38
       38
       38
       38
       38
       38
       38
       38
       38
       38
       38
       38
       38
       38
       38
       38
       38
       38
       38
       38
       38
       38
       38
       38
       39
       39
       39
       39
       39
       39
       39
       39
       39
       39
       39
       39
       39
       39
       39
       39
       39
       39
       39
       39
       39
       39
       39
       39
       39
       39
       39
       39
       39
       39
       39
       39
       39
       39
       39
       39
       39
       39
       39
       39
       39
       39
       39
       39
       39
       39
       39
       39
       39
       39
       39
       39
       39
       39
       39
       39
       39
       39
       39
       39
       39
       39
       39
       39
       39
       39
       39
       39
       39
       39
       39
       39
       39
       39
       39
       39
       39
       39
       39
       39
       39
       39
       39
       39
       39
       39
       39
       39
       39
       39
       39
       39
       39
       39
       39
       39
       39
       39
       39
       39
       39
       39
       39
       39
       39
       39
       39
       39
       39
       39
       39
       39
       39
       39
       39
       39
       39
       39
       39
       39
       39
       39
       39
       39
       39
       39
       39
       39
       39
       39
       39
       39
       39
       39
       39
       39
       39
       39
       39
       39
       39
       39
       39
       39
       39
       39
       39
       39
       39
       39
       39
       39
       39
       39
       39
       39
       39
       40
       40
       40
       40
       40
       40
       40
       40
       40
       40
       40
       40
       40
       40
       40
       40
       40
       40
       40
       40
       40
       40
       40
       40
       40
       40
       40
       40
       40
       40
       40
       40
       40
       40
       40
       40
       40
       40
       40
       40
       40
       40
       40
       40
       40
       40
       40
       40
       40
       40
       40
       40
       40
       40
       40
       40
       40
       40
       40
       40
       40
       40
       40
       40
       41
       41
       41
       41
       41
       41
       41
       41
       41
       41
       41
       41
       41
       41
       41
       41
       41
       41
       41
       41
       41
       41
       41
       41
       41
       41
       41
       41
       41
       41
       41
       41
       41
       41
       41
       41
       41
       41
       41
       41
       41
       41
       41
       41
       41
       41
       41
       41
       41
       41
       41
       41
       41
       41
       41
       41
       41
       41
       41
       41
       41
       41
       41
       41
       41
       41
       41
       41
       41
       41
       41
       41
       41
       41
       41
       41
       41
       41
       41
       41
       41
       41
       41
       41
       41
       41
       41
       41
       41
       41
       41
       41
       41
       41
       41
       41
       41
       41
       41
       41
       41
       41
       41
       41
       41
       41
       41
       41
       41
       41
       41
       41
       41
       41
       41
       41
       41
       41
       41
       41
       41
       41
       41
       41
       41
       41
       41
       41
       41
       41
       41
       41
       41
       41
       41
       41
       41
       41
       41
       41
       41
       41
       41
       41
       41
       41
       41
       41
       41
       41
       41
       41
       41
       41
       41
       41
       41
       41
       41
       41
       41
       41
       41
       41
       41
       41
       41
       41
       41
       41
       41
       41
       41
       41
       41
       41
       41
       41
       41
       41
       41
       41
       41
       41
       41
       41
       41
       41
       41
       41
       41
       41
       41
       41
       41
       41
       41
       41
       41
       41
       41
       41
       41
       41
       41
       41
       41
       41
       41
       41
       41
       41
       41
       41
       41
       41
       41
       41
       41
       41
       41
       41
       41
       41
       41
       41
       41
       41
       41
       41
       41
       41
       41
       41
       41
       41
       41
       41
       41
       41
       41
       41
       41
       41
       41
       41
       41
       41
       41
       41
       41
       41
       41
       41
       41
       41
       41
       41
       41
       41
       41
       41
       41
       41
       41
       41
       41
       41
       41
       41
       41
       41
       41
       41
       41
       41
       41
       41
       41
       41
       41
       41
       41
       41
       41
       41
       41
       41
       41
       41
       41
       41
       41
       41
       41
       41
       41
       41
       41
       41
       41
       41
       41
       41
       41
       41
       41
       41
       41
       41
       41
       41
       41
       41
       41
       41
       41
       41
       44
       44
       44
       44
       44
       44
       44
       44
       44
       44
       44
       44
       44
       44
       44
       44
       44
       44
       44
       44
       44
       44
       44
       44
       44
       44
       44
       44
       44
       44
       44
       44
       44
       44
       44
       44
       44
       44
       44
       44
       44
       44
       44
       44
       44
       44
       44
       44
       44
       44
       44
       44
       44
       44
       44
       44
       44
       44
       44
       44
       44
       44
       44
       44
       44
       44
       44
       44
       44
       44
       44
       44
       44
       44
       44
       44
       44
       44
       44
       44
       44
       44
       44
       44
       44
       44
       44
       44
       44
       44
       44
       44
       44
       44
       44
       44
       44
       44
       44
       44
       44
       44
       44
       44
       44
       44
       44
       44
       44
       44
       44
       44
       44
       44
       44
       44
       44
       44
       44
       44
       44
       44
       44
       44
       44
       44
       44
       44
       44
       44
       44
       44
       44
       44
       44
       44
       44
       44
       44
       44
       44
       44
       44
       44
       44
       44
       44
       44
       44
       44
       44
       44
       44
       46
       46
       46
       46
       46
       46
       46
       46
       46
       46
       46
       46
       46
       46
       46
       46
       46
       46
       46
       46
       46
       46
       46
       46
       46
       46
       46
       46
       46
       46
       46
       46
       46
       46
       46
       46
       46
       46
       46
       46
       46
       46
       46
       46
       46
       46
       46
       46
       46
       46
       46
       46
       46
       46
       46
       46
       46
       46
       46
       46
       46
       46
       46
       46
       46
       46
       46
       46
       46
       46
       46
       46
       46
       46
       46
       46
       46
       46
       46
       46
       46
       46
       46
       46
       46
       46
       46
       46
       46
       46
       46
       46
       46
       46
       46
       46
       46
       46
       46
       46
       46
       46
       46
       46
       46
       46
       46
       46
       46
       46
       46
       46
       46
       46
       46
       46
       46
       46
       46
       46
       46
       46
       46
       46
       46
       46
       46
       46
       46
       46
       46
       46
       46
       46
       46
       46
       46
       46
       46
       46
       46
       46
       46
       46
       46
       46
       46
       46
       46
       46
       46
       46
       46
       46
       46
       46
       46
       46
       46
       46
       46
       46
       46
       46
       46
       46
       46
       46
       46
       46
       46
       46
       46
       46
       46
       46
       46
       46
       46
       46
       46
       46
       46
       46
       46
       46
       46
       46
       46
       46
       46
       46
       46
       46
       46
       46
       46
       46
       46
       46
       46
       46
       46
       46
       46
       46
       46
       46
       46
       46
       46
       46
       46
       46
       46
       46
       46
       46
       46
       46
       46
       46
       46
       46
       46
       46
       46
       46
       46
       46
       46
       46
       46
       46
       46
       46
       46
       46
       46
       46
       46
       46
       46
       46
       46
       46
       46
       46
       46
       46
       46
       46
       46
       46
       46
       46
       46
       46
       46
       46
       46
       46
       46
       46
       46
       46
       46
       46
       46
       46
       46
       46
       46
       46
       46
       46
       46
       46
       46
       46
       46
       46
       46
       46
       46
       46
       46
       46
       46
       46
       46
       46
       46
       46
       46
       46
       46
       46
       46
       46
       46
       46
       46
       46
       46
       46
       46
       46
       46
       46
       46
       46
       46
       46
       46
       46
       46
       46
       46
       46
       46
       46
       46
       46
       46
       46
       46
       46
       46
       46
       46
       46
       46
       46
       46
       46
       46
       46
       46
       46
       46
       46
       46
       46
       46
       46
       46
       46
       46
       46
       46
       46
       46
       46
       46
       46
       46
       46
       46
       46
       46
       46
       46
       46
       46
       46
       46
       46
       46
       46
       46
       46
       46
       46
       46
       46
       46
       46
       46
       46
       46
       46
       46
       46
       46
       46
       46
       46
       46
       46
       46
       46
       46
       46
       46
       46
       46
       46
       46
       46
       46
       46
       46
       46
       46
       46
       46
       46
       46
       46
       46
       46
       46
       46
       46
       46
       46
       46
       46
       46
       46
       46
       46
       46
       46
       46
       46
       46
       46
       46
       46
       46
       46
       46
       46
       46
       46
       46
       46
       46
       46
       46
       46
       46
       46
       46
       46
       46
       46
       46
       46
       46
       46
       46
       46
       46
       46
       46
       46
       46
       46
       46
       46
       46
       46
       46
       46
       46
       46
       46
       46
       46
       46
       46
       46
       46
       46
       46
       46
       46
       46
       46
       46
       46
       46
       46
       46
       46
       46
       46
       46
       46
       46
       46
       46
       46
       46
       46
       46
       46
       46
       46
       46
       46
       46
       46
       46
       46
       46
       46
       46
       46
       46
       46
       46
       46
       46
       46
       46
       46
       46
       46
       46
       46
       46
       46
       46
       46
       46
       46
       46
       46
       46
       46
       46
       46
       46
       46
       46
       46
       46
       46
       46
       46
       46
       46
       46
       46
       46
       46
       46
       46
       46
       46
       46
       46
       46
       46
       46
       46
       46
       46
       46
       46
       46
       46
       46
       46
       46
       46
       46
       46
       46
       46
       47
       47
       47
       47
       47
       47
       47
       47
       47
       47
       47
       47
       47
       47
       47
       47
       47
       47
       47
       47
       47
       47
       47
       47
       47
       47
       47
       47
       47
       47
       47
       47
       47
       47
       47
       47
       47
       47
       47
       47
       47
       47
       47
       47
       47
       47
       47
       47
       47
       47
       47
       47
       47
       47
       47
       47
       47
       47
       47
       47
       47
       47
       47
       47
       47
       47
       47
       47
       47
       47
       47
       47
       47
       47
       47
       47
       47
       47
       47
       47
       47
       47
       47
       47
       47
       47
       47
       47
       47
       47
       47
       47
       47
       47
       47
       47
       47
       47
       47
       47
       47
       47
       47
       47
       47
       47
       47
       47
       47
       47
       47
       47
       47
       47
       47
       47
       47
       47
       47
       47
       47
       47
       47
       47
       47
       47
       47
       47
       48
       48
       48
       48
       48
       48
       48
       48
       48
       48
       48
       48
       48
       48
       48
       48
       48
       48
       48
       48
       48
       48
       48
       48
       48
       48
       48
       48
       48
       48
       48
       48
       48
       48
       48
       48
       48
       48
       48
       48
       48
       48
       48
       48
       48
       48
       48
       48
       48
       48
       48
       48
       48
       48
       48
       48
       48
       48
       48
       48
       48
       48
       48
       48
       48
       48
       48
       48
       48
       48
       48
       48
       48
       48
       48
       48
       48
       48
       48
       48
       48
       48
       48
       48
       48
       48
       48
       48
       48
       48
       48
       48
       48
       48
       48
       48
       48
       48
       48
       48
       48
       48
       48
       48
       48
       48
       48
       48
       48
       48
       48
       48
       48
       48
       48
       48
       48
       48
       48
       48
       48
       48
       48
       48
       48
       48
       48
       48
       48
       48
       48
       48
       48
       48
       48
       48
       48
       48
       48
       48
       48
       48
       48
       48
       48
       48
       48
       48
       48
       48
       48
       48
       48
       48
       48
       48
       48
       48
       48
       48
       48
       48
       48
       48
       48
       48
       48
       48
       48
       48
       48
       48
       48
       48
       48
       48
       48
       48
       48
       48
       48
       48
       48
       48
       48
       48
       48
       48
       48
       48
       48
       48
       48
       48
       48
       48
       48
       48
       48
       48
       48
       48
       48
       48
       48
       48
       48
       48
       48
       48
       48
       48
       48
       48
       48
       48
       48
       48
       48
       48
       48
       48
       48
       48
       48
       48
       48
       48
       48
       48
       48
       48
       48
       48
       48
       48
       48
       48
       48
       48
       48
       48
       48
       48
       48
       48
       48
       48
       48
       48
       48
       48
       48
       48
       48
       48
       48
       48
       48
       48
       48
       48
       48
       48
       48
       48
       48
       48
       48
       48
       48
       48
       48
       48
       48
       48
       48
       48
       48
       48
       48
       48
       48
       48
       48
       48
       48
       48
       48
       48
       48
       48
       48
       48
       48
       48
       48
       48
       48
       48
       48
       48
       48
       48
       48
       48
       48
       48
       48
       48
       48
       48
       48
       48
       48
       48
       48
       48
       48
       48
       48
       48
       48
       48
       48
       48
       48
       48
       48
       48
       48
       48
       48
       48
       48
       48
       48
       48
       48
       48
       48
       48
       48
       48
       48
       48
       48
       48
       48
       48
       48
       48
       48
       48
       48
       48
       48
       48
       48
       48
       48
       48
       48
       48
       48
       48
       48
       48
       48
       48
       48
       48
       48
       48
       48
       48
       48
       48
       48
       48
       48
       48
       48
       48
       48
       48
       48
       48
       48
       48
       48
       48
       48
       48
       48
       48
       48
       48
       48
       48
       48
       48
       48
       48
       48
       48
       48
       48
       48
       48
       48
       48
       48
       48
       48
       48
       48
       48
       48
       48
       48
       48
       48
       48
       48
       48
       48
       48
       48
       48
       48
       48
       48
       48
       48
       48
       48
       48
       48
       48
       48
       48
       48
       48
       48
       48
       48
       48
       48
       48
       48
       48
       48
       48
       48
       48
       48
       48
       48
       48
       48
       48
       48
       48
       48
       48
       48
       48
       48
       48
       48
       48
       48
       48
       48
       48
       48
       48
       48
       48
       48
       48
       48
       48
       48
       48
       48
       48
       48
       48
       48
       48
       48
       48
       48
       48
       48
       48
       48
       48
       48
       48
       48
       48
       48
       48
       48
       48
       48
       48
       48
       48
       48
       48
       48
       48
       48
       48
       48
       48
       48
       48
       48
       48
       48
       48
       48
       48
       48
       48
       48
       48
       48
       48
       48
       48
       48
       48
       48
       48
       48
       48
       48
       48
       48
       48
       48
       48
       48
       48
       48
       48
       48
       48
       48
       48
       48
       48
       48
       48
       48
       48
       48
       48
       48
       48
       48
       48
       48
       48
       48
       48
       48
       48
       50
       50
       50
       50
       50
       50
       50
       50
       50
       50
       50
       50
       50
       50
       50
       50
       50
       50
       50
       50
       50
       50
       50
       50
       50
       50
       50
       50
       50
       50
       50
       50
       50
       50
       50
       50
       50
       50
       50
       50
       50
       50
       50
       50
       50
       50
       50
       50
       50
       50
       50
       50
       50
       50
       50
       50
       50
       50
       50
       50
       50
       50
       51
       51
       51
       51
       51
       51
       51
       51
       51
       51
       51
       51
       51
       51
       51
       51
       51
       51
       51
       51
       51
       51
       51
       51
       51
       51
       51
       51
       51
       51
       51
       51
       51
       51
       51
       51
       51
       51
       51
       51
       51
       51
       51
       51
       51
       51
       51
       51
       51
       51
       51
       51
       51
       51
       51
       51
       51
       51
       51
       51
       51
       51
       51
       51
       51
       51
       52
       52
       52
       52
       52
       52
       52
       52
       52
       52
       52
       52
       52
       52
       52
       52
       52
       52
       52
       52
       52
       52
       52
       52
       52
       52
       52
       52
       52
       52
       52
       52
       52
       52
       52
       52
       52
       52
       52
       52
       52
       52
       52
       52
       52
       52
       52
       52
       52
       52
       52
       52
       52
       52
       52
       52
       52
       52
       52
       52
       52
       52
       52
       52
       52
       52
       52
       52
       52
       52
       52
       52
       52
       52
       52
       52
       52
       52
       52
       52
       52
       52
       52
       52
       52
       52
       52
       52
       52
       52
       52
       52
       52
       52
       52
       52
       52
       52
       52
       52
       52
       52
       52
       52
       52
       52
       52
       52
       52
       52
       52
       52
       52
       52
       52
       52
       52
       52
       52
       52
       52
       52
       52
       52
       52
       52
       52
       52
       52
       52
       52
       52
       52
       52
       52
       52
       52
       52
       52
       52
       52
       52
       52
       52
       52
       52
       52
       52
       52
       52
       52
       52
       52
       52
       52
       52
       52
       52
       54
       54
       54
       54
       54
       54
       54
       54
       54
       54
       54
       54
       54
       54
       54
       54
       54
       54
       54
       54
       54
       54
       54
       54
       54
       54
       54
       54
       54
       54
       54
       54
       54
       54
       54
       54
       54
       54
       54
       54
       54
       54
       54
       54
       54
       54
       54
       54
       54
       54
       54
       54
       54
       54
       54
       54
       54
       54
       54
       54
       54
       54
       54
       54
       54
       54
       54
       54
       54
       54
       54
       54
       54
       54
       54
       54
       54
       54
       54
       54
       54
       54
       54
       54
       54
       54
       54
       54
       54
       54
       54
       54
       54
       54
       54
       54
       54
       54
       54
       54
       54
       54
       54
       54
       54
       54
       54
       54
       54
       54
       54
       54
       54
       54
       54
       54
       54
       54
       54
       54
       54
       54
       54
       54
       54
       54
       54
       54
       54
       54
       54
       54
       54
       54
       54
       54
       54
       54
       54
       54
       54
       54
       54
       54
       54
       54
       54
       54
       54
       54
       54
       54
       54
       54
       54
       54
       54
       54
       54
       54
       54
       54
       54
       54
       54
       54
       54
       54
       54
       54
       54
       54
       54
       54
       54
       54
       54
       54
       54
       54
       54
       54
       54
       54
       54
       54
       54
       54
       54
       54
       54
       54
       54
       54
       54
       54
       54
       54
       54
       54
       54
       54
       54
       54
       54
       54
       54
       54
       54
       54
       54
       54
       54
       54
       54
       54
       54
       54
       54
       54
       54
       54
       54
       54
       54
       54
       54
       54
       54
       54
       54
       54
       54
       54
       54
       54
       54
       54
       54
       54
       54
       54
       54
       54
       54
       54
       54
       54
       54
       54
       54
       54
       54
       54
       54
       54
       54
       54
       54
       54
       54
       54
       54
       54
       54
       54
       54
       54
       54
       54
       54
       54
       54
       54
       54
       54
       54
       54
       54
       54
       54
       54
       54
       54
       54
       54
       54
       54
       54
       54
       54
       54
       54
       54
       54
       54
       54
       54
       54
       54
       54
       54
       54
       54
       54
       54
       54
       54
       54
       54
       54
       54
       54
       54
       54
       54
       54
       54

SCALARS Elt  int
LOOKUP_TABLE default
        1
        2
        3
        4
        5
        6
        7
        8
        9
       10
       11
       12
       13
       14
       15
       16
       17
       18
       19
       20
       21
       22
       23
       24
       25
       26
       27
       28
       29
       30
       31
       32
       33
       34
       35
       36
       37
       38
       39
       40
       41
       42
       43
       44
       45
       46
       47
       48
       49
       50
       51
       52
       53
       54
       55
       56
       57
       58
       59
       60
       61
       62
       63
       64
       65
       66
       67
       68
       69
       70
       71
       72
       73
       74
       75
       76
       77
       78
       79
       80
       81
       82
       83
       84
       85
       86
       87
       88
       89
       90
       91
       92
       93
       94
       95
       96
       97
       98
       99
      100
      101
      102
      103
      104
      105
      106
      107
      108
      109
      110
      111
      112
      113
      114
      115
      116
      117
      118
      119
      120
      121
      122
      123
      124
      125
      126
      127
      128
      129
      130
      131
      132
      133
      134
      135
      136
      137
      138
      139
      140
      141
      142
      143
      144
      145
      146
      147
      148
      149
      150
      151
      152
      153
      154
      155
      156
      157
      158
      159
      160
      161
      162
      163
      164
      165
      166
      167
      168
      169
      170
      171
      172
      173
      174
      175
      176
      177
      178
      179
      180
      181
      182
      183
      184
      185
      186
      187
      188
      189
      190
      191
      192
      193
      194
      195
      196
      197
      198
      199
      200
      201
      202
      203
      204
      205
      206
      207
      208
      209
      210
      211
      212
      213
      214
      215
      216
      217
      218
      219
      220
      221
      222
      223
      224
      225
      226
      227
      228
      229
      230
      231
      232
      233
      234
      235
      236
      237
      238
      239
      240
      241
      242
      243
      244
      245
      246
      247
      248
      249
      250
      251
      252
      253
      254
      255
      256
      257
      258
      259
      260
      261
      262
      263
      264
      265
      266
      267
      268
      269
      270
      271
      272
      273
      274
      275
      276
      277
      278
      279
      280
      281
      282
      283
      284
      285
      286
      287
      288
      289
      290
      291
      292
      293
      294
      295
      296
      297
      298
      299
      300
      301
      302
      303
      304
      305
      306
      307
      308
      309
      310
      311
      312
      313
      314
      315
      316
      317
      318
      319
      320
      321
      322
      323
      324
      325
      326
      327
      328
      329
      330
      331
      332
      333
      334
      335
      336
      337
      338
      339
      340
      341
      342
      343
      344
      345
      346
      347
      348
      349
      350
      351
      352
      353
      354
      355
      356
      357
      358
      359
      360
      361
      362
      363
      364
      365
      366
      367
      368
      369
      370
      371
      372
      373
      374
      375
      376
      377
      378
      379
      380
      381
      382
      383
      384
      385
      386
      387
      388
      389
      390
      391
      392
      393
      394
      395
      396
      397
      398
      399
      400
      401
      402
      403
      404
      405
      406
      407
      408
      409
      410
      411
      412
      413
      414
      415
      416
      417
      418
      419
      420
      421
      422
      423
      424
      425
      426
      427
      428
      429
      430
      431
      432
      433
      434
      435
      436
      437
      438
      439
      440
      441
      442
      443
      444
      445
      446
      447
      448
      449
      450
      451
      452
      453
      454
      455
      456
      457
      458
      459
      460
      461
      462
      463
      464
      465
      466
      467
      468
      469
      470
      471
      472
      473
      474
      475
      476
      477
      478
      479
      480
      481
      482
      483
      484
      485
      486
      487
      488
      489
      490
      491
      492
      493
      494
      495
      496
      497
      498
      499
      500
      501
      502
      503
      504
      505
      506
      507
      508
      509
      510
      511
      512
      513
      514
      515
      516
      517
      518
      519
      520
      521
      522
      523
      524
      525
      526
      527
      528
      529
      530
      531
      532
      533
      534
      535
      536
      537
      538
      539
      540
      541
      542
      543
      544
      545
      546
      547
      548
      549
      550
      551
      552
      553
      554
      555
      556
      557
      558
      559
      560
      561
      562
      563
      564
      565
      566
      567
      568
      569
      570
      571
      572
      573
      574
      575
      576
      577
      578
      579
      580
      581
      582
      583
      584
      585
      586
      587
      588
      589
      590
      591
      592
      593
      594
      595
      596
      597
      598
      599
      600
      601
      602
      603
      604
      605
      606
      607
      608
      609
      610
      611
      612
      613
      614
      615
      616
      617
      618
      619
      620
      621
      622
      623
      624
      625
      626
      627
      628
      629
      630
      631
      632
      633
      634
      635
      636
      637
      638
      639
      640
      641
      642
      643
      644
      645
      646
      647
      648
      649
      650
      651
      652
      653
      654
      655
      656
      657
      658
      659
      660
      661
      662
      663
      664
      665
      666
      667
      668
      669
      670
      671
      672
      673
      674
      675
      676
      677
      678
      679
      680
      681
      682
      683
      684
      685
      686
      687
      688
      689
      690
      691
      692
      693
      694
      695
      696
      697
      698
      699
      700
      701
      702
      703
      704
      705
      706
      707
      708
      709
      710
      711
      712
      713
      714
      715
      716
      717
      718
      719
      720
      721
      722
      723
      724
      725
      726
      727
      728
      729
      730
      731
      732
      733
      734
      735
      736
      737
      738
      739
      740
      741
      742
      743
      744
      745
      746
      747
      748
      749
      750
      751
      752
      753
      754
      755
      756
      757
      758
      759
      760
      761
      762
      763
      764
      765
      766
      767
      768
      769
      770
      771
      772
      773
      774
      775
      776
      777
      778
      779
      780
      781
      782
      783
      784
      785
      786
      787
      788
      789
      790
      791
      792
      793
      794
      795
      796
      797
      798
      799
      800
      801
      802
      803
      804
      805
      806
      807
      808
      809
      810
      811
      812
      813
      814
      815
      816
      817
      818
      819
      820
      821
      822
      823
      824
      825
      826
      827
      828
      829
      830
      831
      832
      833
      834
      835
      836
      837
      838
      839
      840
      841
      842
      843
      844
      845
      846
      847
      848
      849
      850
      851
      852
      853
      854
      855
      856
      857
      858
      859
      860
      861
      862
      863
      864
      865
      866
      867
      868
      869
      870
      871
      872
      873
      874
      875
      876
      877
      878
      879
      880
      881
      882
      883
      884
      885
      886
      887
      888
      889
      890
      891
      892
      893
      894
      895
      896
      897
      898
      899
      900
      901
      902
      903
      904
      905
      906
      907
      908
      909
      910
      911
      912
      913
      914
      915
      916
      917
      918
      919
      920
      921
      922
      923
      924
      925
      926
      927
      928
      929
      930
      931
      932
      933
      934
      935
      936
      937
      938
      939
      940
      941
      942
      943
      944
      945
      946
      947
      948
      949
      950
      951
      952
      953
      954
      955
      956
      957
      958
      959
      960
      961
      962
      963
      964
      965
      966
      967
      968
      969
      970
      971
      972
      973
      974
      975
      976
      977
      978
      979
      980
      981
      982
      983
      984
      985
      986
      987
      988
      989
      990
      991
      992
      993
      994
      995
      996
      997
      998
      999
     1000
     1001
     1002
     1003
     1004
     1005
     1006
     1007
     1008
     1009
     1010
     1011
     1012
     1013
     1014
     1015
     1016
     1017
     1018
     1019
     1020
     1021
     1022
     1023
     1024
     1025
     1026
     1027
     1028
     1029
     1030
     1031
     1032
     1033
     1034
     1035
     1036
     1037
     1038
     1039
     1040
     1041
     1042
     1043
     1044
     1045
     1046
     1047
     1048
     1049
     1050
     1051
     1052
     1053
     1054
     1055
     1056
     1057
     1058
     1059
     1060
     1061
     1062
     1063
     1064
     1065
     1066
     1067
     1068
     1069
     1070
     1071
     1072
     1073
     1074
     1075
     1076
     1077
     1078
     1079
     1080
     1081
     1082
     1083
     1084
     1085
     1086
     1087
     1088
     1089
     1090
     1091
     1092
     1093
     1094
     1095
     1096
     1097
     1098
     1099
     1100
     1101
     1102
     1103
     1104
     1105
     1106
     1107
     1108
     1109
     1110
     1111
     1112
     1113
     1114
     1115
     1116
     1117
     1118
     1119
     1120
     1121
     1122
     1123
     1124
     1125
     1126
     1127
     1128
     1129
     1130
     1131
     1132
     1133
     1134
     1135
     1136
     1137
     1138
     1139
     1140
     1141
     1142
     1143
     1144
     1145
     1146
     1147
     1148
     1149
     1150
     1151
     1152
     1153
     1154
     1155
     1156
     1157
     1158
     1159
     1160
     1161
     1162
     1163
     1164
     1165
     1166
     1167
     1168
     1169
     1170
     1171
     1172
     1173
     1174
     1175
     1176
     1177
     1178
     1179
     1180
     1181
     1182
     1183
     1184
     1185
     1186
     1187
     1188
     1189
     1190
     1191
     1192
     1193
     1194
     1195
     1196
     1197
     1198
     1199
     1200
     1201
     1202
     1203
     1204
     1205
     1206
     1207
     1208
     1209
     1210
     1211
     1212
     1213
     1214
     1215
     1216
     1217
     1218
     1219
     1220
     1221
     1222
     1223
     1224
     1225
     1226
     1227
     1228
     1229
     1230
     1231
     1232
     1233
     1234
     1235
     1236
     1237
     1238
     1239
     1240
     1241
     1242
     1243
     1244
     1245
     1246
     1247
     1248
     1249
     1250
     1251
     1252
     1253
     1254
     1255
     1256
     1257
     1258
     1259
     1260
     1261
     1262
     1263
     1264
     1265
     1266
     1267
     1268
     1269
     1270
     1271
     1272
     1273
     1274
     1275
     1276
     1277
     1278
     1279
     1280
     1281
     1282
     1283
     1284
     1285
     1286
     1287
     1288
     1289
     1290
     1291
     1292
     1293
     1294
     1295
     1296
     1297
     1298
     1299
     1300
     1301
     1302
     1303
     1304
     1305
     1306
     1307
     1308
     1309
     1310
     1311
     1312
     1313
     1314
     1315
     1316
     1317
     1318
     1319
     1320
     1321
     1322
     1323
     1324
     1325
     1326
     1327
     1328
     1329
     1330
     1331
     1332
     1333
     1334
     1335
     1336
     1337
     1338
     1339
     1340
     1341
     1342
     1343
     1344
     1345
     1346
     1347
     1348
     1349
     1350
     1351
     1352
     1353
     1354
     1355
     1356
     1357
     1358
     1359
     1360
     1361
     1362
     1363
     1364
     1365
     1366
     1367
     1368
     1369
     1370
     1371
     1372
     1373
     1374
     1375
     1376
     1377
     1378
     1379
     1380
     1381
     1382
     1383
     1384
     1385
     1386
     1387
     1388
     1389
     1390
     1391
     1392
     1393
     1394
     1395
     1396
     1397
     1398
     1399
     1400
     1401
     1402
     1403
     1404
     1405
     1406
     1407
     1408
     1409
     1410
     1411
     1412
     1413
     1414
     1415
     1416
     1417
     1418
     1419
     1420
     1421
     1422
     1423
     1424
     1425
     1426
     1427
     1428
     1429
     1430
     1431
     1432
     1433
     1434
     1435
     1436
     1437
     1438
     1439
     1440
     1441
     1442
     1443
     1444
     1445
     1446
     1447
     1448
     1449
     1450
     1451
     1452
     1453
     1454
     1455
     1456
     1457
     1458
     1459
     1460
     1461
     1462
     1463
     1464
     1465
     1466
     1467
     1468
     1469
     1470
     1471
     1472
     1473
     1474
     1475
     1476
     1477
     1478
     1479
     1480
     1481
     1482
     1483
     1484
     1485
     1486
     1487
     1488
     1489
     1490
     1491
     1492
     1493
     1494
     1495
     1496
     1497
     1498
     1499
     1500
     1501
     1502
     1503
     1504
     1505
     1506
     1507
     1508
     1509
     1510
     1511
     1512
     1513
     1514
     1515
     1516
     1517
     1518
     1519
     1520
     1521
     1522
     1523
     1524
     1525
     1526
     1527
     1528
     1529
     1530
     1531
     1532
     1533
     1534
     1535
     1536
     1537
     1538
     1539
     1540
     1541
     1542
     1543
     1544
     1545
     1546
     1547
     1548
     1549
     1550
     1551
     1552
     1553
     1554
     1555
     1556
     1557
     1558
     1559
     1560
     1561
     1562
     1563
     1564
     1565
     1566
     1567
     1568
     1569
     1570
     1571
     1572
     1573
     1574
     1575
     1576
     1577
     1578
     1579
     1580
     1581
     1582
     1583
     1584
     1585
     1586
     1587
     1588
     1589
     1590
     1591
     1592
     1593
     1594
     1595
     1596
     1597
     1598
     1599
     1600
     1601
     1602
     1603
     1604
     1605
     1606
     1607
     1608
     1609
     1610
     1611
     1612
     1613
     1614
     1615
     1616
     1617
     1618
     1619
     1620
     1621
     1622
     1623
     1624
     1625
     1626
     1627
     1628
     1629
     1630
     1631
     1632
     1633
     1634
     1635
     1636
     1637
     1638
     1639
     1640
     1641
     1642
     1643
     1644
     1645
     1646
     1647
     1648
     1649
     1650
     1651
     1652
     1653
     1654
     1655
     1656
     1657
     1658
     1659
     1660
     1661
     1662
     1663
     1664
     1665
     1666
     1667
     1668
     1669
     1670
     1671
     1672
     1673
     1674
     1675
     1676
     1677
     1678
     1679
     1680
     1681
     1682
     1683
     1684
     1685
     1686
     1687
     1688
     1689
     1690
     1691
     1692
     1693
     1694
     1695
     1696
     1697
     1698
     1699
     1700
     1701
     1702
     1703
     1704
     1705
     1706
     1707
     1708
     1709
     1710
     1711
     1712
     1713
     1714
     1715
     1716
     1717
     1718
     1719
     1720
     1721
     1722
     1723
     1724
     1725
     1726
     1727
     1728
     1729
     1730
     1731
     1732
     1733
     1734
     1735
     1736
     1737
     1738
     1739
     1740
     1741
     1742
     1743
     1744
     1745
     1746
     1747
     1748
     1749
     1750
     1751
     1752
     1753
     1754
     1755
     1756
     1757
     1758
     1759
     1760
     1761
     1762
     1763
     1764
     1765
     1766
     1767
     1768
     1769
     1770
     1771
     1772
     1773
     1774
     1775
     1776
     1777
     1778
     1779
     1780
     1781
     1782
     1783
     1784
     1785
     1786
     1787
     1788
     1789
     1790
     1791
     1792
     1793
     1794
     1795
     1796
     1797
     1798
     1799
     1800
     1801
     1802
     1803
     1804
     1805
     1806
     1807
     1808
     1809
     1810
     1811
     1812
     1813
     1814
     1815
     1816
     1817
     1818
     1819
     1820
     1821
     1822
     1823
     1824
     1825
     1826
     1827
     1828
     1829
     1830
     1831
     1832
     1833
     1834
     1835
     1836
     1837
     1838
     1839
     1840
     1841
     1842
     1843
     1844
     1845
     1846
     1847
     1848
     1849
     1850
     1851
     1852
     1853
     1854
     1855
     1856
     1857
     1858
     1859
     1860
     1861
     1862
     1863
     1864
     1865
     1866
     1867
     1868
     1869
     1870
     1871
     1872
     1873
     1874
     1875
     1876
     1877
     1878
     1879
     1880
     1881
     1882
     1883
     1884
     1885
     1886
     1887
     1888
     1889
     1890
     1891
     1892
     1893
     1894
     1895
     1896
     1897
     1898
     1899
     1900
     1901
     1902
     1903
     1904
     1905
     1906
     1907
     1908
     1909
     1910
     1911
     1912
     1913
     1914
     1915
     1916
     1917
     1918
     1919
     1920
     1921
     1922
     1923
     1924
     1925
     1926
     1927
     1928
     1929
     1930
     1931
     1932
     1933
     1934
     1935
     1936
     1937
     1938
     1939
     1940
     1941
     1942
     1943
     1944
     1945
     1946
     1947
     1948
     1949
     1950
     1951
     1952
     1953
     1954
     1955
     1956
     1957
     1958
     1959
     1960
     1961
     1962
     1963
     1964
     1965
     1966
     1967
     1968
     1969
     1970
     1971
     1972
     1973
     1974
     1975
     1976
     1977
     1978
     1979
     1980
     1981
     1982
     1983
     1984
     1985
     1986
     1987
     1988
     1989
     1990
     1991
     1992
     1993
     1994
     1995
     1996
     1997
     1998
     1999
     2000
     2001
     2002
     2003
     2004
     2005
     2006
     2007
     2008
     2009
     2010
     2011
     2012
     2013
     2014
     2015
     2016
     2017
     2018
     2019
     2020
     2021
     2022
     2023
     2024
     2025
     2026
     2027
     2028
     2029
     2030
     2031
     2032
     2033
     2034
     2035
     2036
     2037
     2038
     2039
     2040
     2041
     2042
     2043
     2044
     2045
     2046
     2047
     2048
     2049
     2050
     2051
     2052
     2053
     2054
     2055
     2056
     2057
     2058
     2059
     2060
     2061
     2062
     2063
     2064
     2065
     2066
     2067
     2068
     2069
     2070
     2071
     2072
     2073
     2074
     2075
     2076
     2077
     2078
     2079
     2080
     2081
     2082
     2083
     2084
     2085
     2086
     2087
     2088
     2089
     2090
     2091
     2092
     2093
     2094
     2095
     2096
     2097
     2098
     2099
     2100
     2101
     2102
     2103
     2104
     2105
     2106
     2107
     2108
     2109
     2110
     2111
     2112
     2113
     2114
     2115
     2116
     2117
     2118
     2119
     2120
     2121
     2122
     2123
     2124
     2125
     2126
     2127
     2128
     2129
     2130
     2131
     2132
     2133
     2134
     2135
     2136
     2137
     2138
     2139
     2140
     2141
     2142
     2143
     2144
     2145
     2146
     2147
     2148
     2149
     2150
     2151
     2152
     2153
     2154
     2155
     2156
     2157
     2158
     2159
     2160
     2161
     2162
     2163
     2164
     2165
     2166
     2167
     2168
     2169
     2170
     2171
     2172
     2173
     2174
     2175
     2176
     2177
     2178
     2179
     2180
     2181
     2182
     2183
     2184
     2185
     2186
     2187
     2188
     2189
     2190
     2191
     2192
     2193
     2194
     2195
     2196
     2197
     2198
     2199
     2200
     2201
     2202
     2203
     2204
     2205
     2206
     2207
     2208
     2209
     2210
     2211
     2212
     2213
     2214
     2215
     2216
     2217
     2218
     2219
     2220
     2221
     2222
     2223
     2224
     2225
     2226
     2227
     2228
     2229
     2230
     2231
     2232
     2233
     2234
     2235
     2236
     2237
     2238
     2239
     2240
     2241
     2242
     2243
     2244
     2245
     2246
     2247
     2248
     2249
     2250
     2251
     2252
     2253
     2254
     2255
     2256
     2257
     2258
     2259
     2260
     2261
     2262
     2263
     2264
     2265
     2266
     2267
     2268
     2269
     2270
     2271
     2272
     2273
     2274
     2275
     2276
     2277
     2278
     2279
     2280
     2281
     2282
     2283
     2284
     2285
     2286
     2287
     2288
     2289
     2290
     2291
     2292
     2293
     2294
     2295
     2296
     2297
     2298
     2299
     2300
     2301
     2302
     2303
     2304
     2305
     2306
     2307
     2308
     2309
     2310
     2311
     2312
     2313
     2314
     2315
     2316
     2317
     2318
     2319
     2320
     2321
     2322
     2323
     2324
     2325
     2326
     2327
     2328
     2329
     2330
     2331
     2332
     2333
     2334
     2335
     2336
     2337
     2338
     2339
     2340
     2341
     2342
     2343
     2344
     2345
     2346
     2347
     2348
     2349
     2350
     2351
     2352
     2353
     2354
     2355
     2356
     2357
     2358
     2359
     2360
     2361
     2362
     2363
     2364
     2365
     2366
     2367
     2368
     2369
     2370
     2371
     2372
     2373
     2374
     2375
     2376
     2377
     2378
     2379
     2380
     2381
     2382
     2383
     2384
     2385
     2386
     2387
     2388
     2389
     2390
     2391
     2392
     2393
     2394
     2395
     2396
     2397
     2398
     2399
     2400
     2401
     2402
     2403
     2404
     2405
     2406
     2407
     2408
     2409
     2410
     2411
     2412
     2413
     2414
     2415
     2416
     2417
     2418
     2419
     2420
     2421
     2422
     2423
     2424
     2425
     2426
     2427
     2428
     2429
     2430
     2431
     2432
     2433
     2434
     2435
     2436
     2437
     2438
     2439
     2440
     2441
     2442
     2443
     2444
     2445
     2446
     2447
     2448
     2449
     2450
     2451
     2452
     2453
     2454
     2455
     2456
     2457
     2458
     2459
     2460
     2461
     2462
     2463
     2464
     2465
     2466
     2467
     2468
     2469
     2470
     2471
     2472
     2473
     2474
     2475
     2476
     2477
     2478
     2479
     2480
     2481
     2482
     2483
     2484
     2485
     2486
     2487
     2488
     2489
     2490
     2491
     2492
     2493
     2494
     2495
     2496
     2497
     2498
     2499
     2500
     2501
     2502
     2503
     2504
     2505
     2506
     2507
     2508
     2509
     2510
     2511
     2512
     2513
     2514
     2515
     2516
     2517
     2518
     2519
     2520
     2521
     2522
     2523
     2524
     2525
     2526
     2527
     2528
     2529
     2530
     2531
     2532
     2533
     2534
     2535
     2536
     2537
     2538
     2539
     2540
     2541
     2542
     2543
     2544
     2545
     2546
     2547
     2548
     2549
     2550
     2551
     2552
     2553
     2554
     2555
     2556
     2557
     2558
     2559
     2560
     2561
     2562
     2563
     2564
     2565
     2566
     2567
     2568
     2569
     2570
     2571
     2572
     2573
     2574
     2575
     2576
     2577
     2578
     2579
     2580
     2581
     2582
     2583
     2584
     2585
     2586
     2587
     2588
     2589
     2590
     2591
     2592
     2593
     2594
     2595
     2596
     2597
     2598
     2599
     2600
     2601
     2602
     2603
     2604
     2605
     2606
     2607
     2608
     2609
     2610
     2611
     2612
     2613
     2614
     2615
     2616
     2617
     2618
     2619
     2620
     2621
     2622
     2623
     2624
     2625
     2626
     2627
     2628
     2629
     2630
     2631
     2632
     2633
     2634
     2635
     2636
     2637
     2638
     2639
     2640
     2641
     2642
     2643
     2644
     2645
     2646
     2647
     2648
     2649
     2650
     2651
     2652
     2653
     2654
     2655
     2656
     2657
     2658
     2659
     2660
     2661
     2662
     2663
     2664
     2665
     2666
     2667
     2668
     2669
     2670
     2671
     2672
     2673
     2674
     2675
     2676
     2677
     2678
     2679
     2680
     2681
     2682
     2683
     2684
     2685
     2686
     2687
     2688
     2689
     2690
     2691
     2692
     2693
     2694
     2695
     2696
     2697
     2698
     2699
     2700
     2701
     2702
     2703
     2704
     2705
     2706
     2707
     2708
     2709
     2710
     2711
     2712
     2713
     2714
     2715
     2716
     2717
     2718
     2719
     2720
     2721
     2722
     2723
     2724
     2725
     2726
     2727
     2728
     2729
     2730
     2731
     2732
     2733
     2734
     2735
     2736
     2737
     2738
     2739
     2740
     2741
     2742
     2743
     2744
     2745
     2746
     2747
     2748
     2749
     2750
     2751
     2752
     2753
     2754
     2755
     2756
     2757
     2758
     2759
     2760
     2761
     2762
     2763
     2764
     2765
     2766
     2767
     2768
     2769
     2770
     2771
     2772
     2773
     2774
     2775
     2776
     2777
     2778
     2779
     2780
     2781
     2782
     2783
     2784
     2785
     2786
     2787
     2788
     2789
     2790
     2791
     2792
     2793
     2794
     2795
     2796
     2797
     2798
     2799
     2800
     2801
     2802
     2803
     2804
     2805
     2806
     2807
     2808
     2809
     2810
     2811
     2812
     2813
     2814
     2815
     2816
     2817
     2818
     2819
     2820
     2821
     2822
     2823
     2824
     2825
     2826
     2827
     2828
     2829
     2830
     2831
     2832
     2833
     2834
     2835
     2836
     2837
     2838
     2839
     2840
     2841
     2842
     2843
     2844
     2845
     2846
     2847
     2848
     2849
     2850
     2851
     2852
     2853
     2854
     2855
     2856
     2857
     2858
     2859
     2860
     2861
     2862
     2863
     2864
     2865
     2866
     2867
     2868
     2869
     2870
     2871
     2872
     2873
     2874
     2875
     2876
     2877
     2878
     2879
     2880
     2881
     2882
     2883
     2884
     2885
     2886
     2887
     2888
     2889
     2890
     2891
     2892
     2893
     2894
     2895
     2896
     2897
     2898
     2899
     2900
     2901
     2902
     2903
     2904
     2905
     2906
     2907
     2908
     2909
     2910
     2911
     2912
     2913
     2914
     2915
     2916
     2917
     2918
     2919
     2920
     2921
     2922
     2923
     2924
     2925
     2926
     2927
     2928
     2929
     2930
     2931
     2932
     2933
     2934
     2935
     2936
     2937
     2938
     2939
     2940
     2941
     2942
     2943
     2944
     2945
     2946
     2947
     2948
     2949
     2950
     2951
     2952
     2953
     2954
     2955
     2956
     2957
     2958
     2959
     2960
     2961
     2962
     2963
     2964
     2965
     2966
     2967
     2968
     2969
     2970
     2971
     2972
     2973
     2974
     2975
     2976
     2977
     2978
     2979
     2980
     2981
     2982
     2983
     2984
     2985
     2986
     2987
     2988
     2989
     2990
     2991
     2992
     2993
     2994
     2995
     2996
     2997
     2998
     2999
     3000
     3001
     3002
     3003
     3004
     3005
     3006
     3007
     3008
     3009
     3010
     3011
     3012
     3013
     3014
     3015
     3016
     3017
     3018
     3019
     3020
     3021
     3022
     3023
     3024
     3025
     3026
     3027
     3028
     3029
     3030
     3031
     3032
     3033
     3034
     3035
     3036
     3037
     3038
     3039
     3040
     3041
     3042
     3043
     3044
     3045
     3046
     3047
     3048
     3049
     3050
     3051
     3052
     3053
     3054
     3055
     3056
     3057
     3058
     3059
     3060
     3061
     3062
     3063
     3064
     3065
     3066
     3067
     3068
     3069
     3070
     3071
     3072
     3073
     3074
     3075
     3076
     3077
     3078
     3079
     3080
     3081
     3082
     3083
     3084
     3085
     3086
     3087
     3088
     3089
     3090
     3091
     3092
     3093
     3094
     3095
     3096
     3097
     3098
     3099
     3100
     3101
     3102
     3103
     3104
     3105
     3106
     3107
     3108
     3109
     3110
     3111
     3112
     3113
     3114
     3115
     3116
     3117
     3118
     3119
     3120
     3121
     3122
     3123
     3124
     3125
     3126
     3127
     3128
     3129
     3130
     3131
     3132
     3133
     3134
     3135
     3136
     3137
     3138
     3139
     3140
     3141
     3142
     3143
     3144
     3145
     3146
     3147
     3148
     3149
     3150
     3151
     3152
     3153
     3154
     3155
     3156
     3157
     3158
     3159
     3160
     3161
     3162
     3163
     3164
     3165
     3166
     3167
     3168
     3169
     3170
     3171
     3172
     3173
     3174
     3175
     3176
     3177
     3178
     3179
     3180
     3181
     3182
     3183
     3184
     3185
     3186
     3187
     3188
     3189
     3190
     3191
     3192
     3193
     3194
     3195
     3196
     3197
     3198
     3199
     3200
     3201
     3202
     3203
     3204
     3205
     3206
     3207
     3208
     3209
     3210
     3211
     3212
     3213
     3214
     3215
     3216
     3217
     3218
     3219
     3220
     3221
     3222
     3223
     3224
     3225
     3226
     3227
     3228
     3229
     3230
     3231
     3232
     3233
     3234
     3235
     3236
     3237
     3238
     3239
     3240
     3241
     3242
     3243
     3244
     3245
     3246
     3247
     3248
     3249
     3250
     3251
     3252
     3253
     3254
     3255
     3256
     3257
     3258
     3259
     3260
     3261
     3262
     3263
     3264
     3265
     3266
     3267
     3268
     3269
     3270
     3271
     3272
     3273
     3274
     3275
     3276
     3277
     3278
     3279
     3280
     3281
     3282
     3283
     3284
     3285
     3286
     3287
     3288
     3289
     3290
     3291
     3292
     3293
     3294
     3295
     3296
     3297
     3298
     3299
     3300
     3301
     3302
     3303
     3304
     3305
     3306
     3307
     3308
     3309
     3310
     3311
     3312
     3313
     3314
     3315
     3316
     3317
     3318
     3319
     3320
     3321
     3322
     3323
     3324
     3325
     3326
     3327
     3328
     3329
     3330
     3331
     3332
     3333
     3334
     3335
     3336
     3337
     3338
     3339
     3340
     3341
     3342
     3343
     3344
     3345
     3346
     3347
     3348
     3349
     3350
     3351
     3352
     3353
     3354
     3355
     3356
     3357
     3358
     3359
     3360
     3361
     3362
     3363
     3364
     3365
     3366
     3367
     3368
     3369
     3370
     3371
     3372
     3373
     3374
     3375
     3376
     3377
     3378
     3379
     3380
     3381
     3382
     3383
     3384
     3385
     3386
     3387
     3388
     3389
     3390
     3391
     3392
     3393
     3394
     3395
     3396
     3397
     3398
     3399
     3400
     3401
     3402
     3403
     3404
     3405
     3406
     3407
     3408
     3409
     3410
     3411
     3412
     3413
     3414
     3415
     3416
     3417
     3418
     3419
     3420
     3421
     3422
     3423
     3424
     3425
     3426
     3427
     3428
     3429
     3430
     3431
     3432
     3433
     3434
     3435
     3436
     3437
     3438
     3439
     3440
     3441
     3442
     3443
     3444
     3445
     3446
     3447
     3448
     3449
     3450
     3451
     3452
     3453
     3454
     3455
     3456
     3457
     3458
     3459
     3460
     3461
     3462
     3463
     3464
     3465
     3466
     3467
     3468
     3469
     3470
     3471
     3472
     3473
     3474
     3475
     3476
     3477
     3478
     3479
     3480
     3481
     3482
     3483
     3484
     3485
     3486
     3487
     3488
     3489
     3490
     3491
     3492
     3493
     3494
     3495
     3496
     3497
     3498
     3499
     3500
     3501
     3502
     3503
     3504
     3505
     3506
     3507
     3508
     3509
     3510
     3511
     3512
     3513
     3514
     3515
     3516
     3517
     3518
     3519
     3520
     3521
     3522
     3523
     3524
     3525
     3526
     3527
     3528
     3529
     3530
     3531
     3532
     3533
     3534
     3535
     3536
     3537
     3538
     3539
     3540
     3541
     3542
     3543
     3544
     3545
     3546
     3547
     3548
     3549
     3550
     3551
     3552
     3553
     3554
     3555
     3556
     3557
     3558
     3559
     3560
     3561
     3562
     3563
     3564
     3565
     3566
     3567
     3568
     3569
     3570
     3571
     3572
     3573
     3574
     3575
     3576
     3577
     3578
     3579
     3580
     3581
     3582
     3583
     3584
     3585
     3586
     3587
     3588
     3589
     3590
     3591
     3592
     3593
     3594
     3595
     3596
     3597
     3598
     3599
     3600
     3601
     3602
     3603
     3604
     3605
     3606
     3607
     3608
     3609
     3610
     3611
     3612
     3613
     3614
     3615
     3616
     3617
     3618
     3619
     3620
     3621
     3622
     3623
     3624
     3625
     3626
     3627
     3628
     3629
     3630
     3631
     3632
     3633
     3634
     3635
     3636
     3637
     3638
     3639
     3640
     3641
     3642
     3643
     3644
     3645
     3646
     3647
     3648
     3649
     3650
     3651
     3652
     3653
     3654
     3655
     3656
     3657
     3658
     3659
     3660
     3661
     3662
     3663
     3664
     3665
     3666
     3667
     3668
     3669
     3670
     3671
     3672
     3673
     3674
     3675
     3676
     3677
     3678
     3679
     3680
     3681
     3682
     3683
     3684
     3685
     3686
     3687
     3688
     3689
     3690
     3691
     3692
     3693
     3694
     3695
     3696
     3697
     3698
     3699
     3700
     3701
     3702
     3703
     3704
     3705
     3706
     3707
     3708
     3709
     3710
     3711
     3712
     3713
     3714
     3715
     3716
     3717
     3718
     3719
     3720
     3721
     3722
     3723
     3724
     3725
     3726
     3727
     3728
     3729
     3730
     3731
     3732
     3733
     3734
     3735
     3736
     3737
     3738
     3739
     3740
     3741
     3742
     3743
     3744
     3745
     3746
     3747
     3748
     3749
     3750
     3751
     3752
     3753
     3754
     3755
     3756
     3757
     3758
     3759
     3760
     3761
     3762
     3763
     3764
     3765
     3766
     3767
     3768
     3769
     3770
     3771
     3772
     3773
     3774
     3775
     3776
     3777
     3778
     3779
     3780
     3781
     3782
     3783
     3784
     3785
     3786
     3787
     3788
     3789
     3790
     3791
     3792
     3793
     3794
     3795
     3796
     3797
     3798
     3799
     3800
     3801
     3802
     3803
     3804
     3805
     3806
     3807
     3808
     3809
     3810
     3811
     3812
     3813
     3814
     3815
     3816
     3817
     3818
     3819
     3820
     3821
     3822
     3823
     3824
     3825
     3826
     3827
     3828
     3829
     3830
     3831
     3832
     3833
     3834
     3835
     3836
     3837
     3838
     3839
     3840
     3841
     3842
     3843
     3844
     3845
     3846
     3847
     3848
     3849
     3850
     3851
     3852
     3853
     3854
     3855
     3856
     3857
     3858
     3859
     3860
     3861
     3862
     3863
     3864
     3865
     3866
     3867
     3868
     3869
     3870
     3871
     3872
     3873
     3874
     3875
     3876
     3877
     3878
     3879
     3880
     3881
     3882
     3883
     3884
     3885
     3886
     3887
     3888
     3889
     3890
     3891
     3892
     3893
     3894
     3895
     3896
     3897
     3898
     3899
     3900
     3901
     3902
     3903
     3904
     3905
     3906
     3907
     3908
     3909
     3910
     3911
     3912
     3913
     3914
     3915
     3916
     3917
     3918
     3919
     3920
     3921
     3922
     3923
     3924
     3925
     3926
     3927
     3928
     3929
     3930
     3931
     3932
     3933
     3934
     3935
     3936
     3937
     3938
     3939
     3940
     3941
     3942
     3943
     3944
     3945
     3946
     3947
     3948
     3949
     3950
     3951
     3952
     3953
     3954
     3955
     3956
     3957
     3958
     3959
     3960
     3961
     3962
     3963
     3964
     3965
     3966
     3967
     3968
     3969
     3970
     3971
     3972
     3973
     3974
     3975
     3976
     3977
     3978
     3979
     3980
     3981
     3982
     3983
     3984
     3985
     3986
     3987
     3988
     3989
     3990
     3991
     3992
     3993
     3994
     3995
     3996
     3997
     3998
     3999
     4000
     4001
     4002
     4003
     4004
     4005
     4006
     4007
     4008
     4009
     4010
     4011
     4012
     4013
     4014
     4015
     4016
     4017
     4018
     4019
     4020
     4021
     4022
     4023
     4024
     4025
     4026
     4027
     4028
     4029
     4030
     4031
     4032
     4033
     4034
     4035
     4036
     4037
     4038
     4039
     4040
     4041
     4042
     4043
     4044
     4045
     4046
     4047
     4048
     4049
     4050
     4051
     4052
     4053
     4054
     4055
     4056
     4057
     4058
     4059
     4060
     4061
     4062
     4063
     4064
     4065
     4066
     4067
     4068
     4069
     4070
     4071
     4072
     4073
     4074
     4075
     4076
     4077
     4078
     4079
     4080
     4081
     4082
     4083
     4084
     4085
     4086
     4087
     4088
     4089
     4090
     4091
     4092
     4093
     4094
     4095
     4096
     4097
     4098
     4099
     4100
     4101
     4102
     4103
     4104
     4105
     4106
     4107
     4108
     4109
     4110
     4111
     4112
     4113
     4114
     4115
     4116
     4117
     4118
     4119
     4120
     4121
     4122
     4123
     4124
     4125
     4126
     4127
     4128
     4129
     4130
     4131
     4132
     4133
     4134
     4135
     4136
     4137
     4138
     4139
     4140
     4141
     4142
     4143
     4144
     4145
     4146
     4147
     4148
     4149
     4150
     4151
     4152
     4153
     4154
     4155
     4156
     4157
     4158
     4159
     4160
     4161
     4162
     4163
     4164
     4165
     4166
     4167
     4168
     4169
     4170
     4171
     4172
     4173
     4174
     4175
     4176
     4177
     4178
     4179
     4180
     4181
     4182
     4183
     4184
     4185
     4186
     4187
     4188
     4189
     4190
     4191
     4192
     4193
     4194
     4195
     4196
     4197
     4198
     4199
     4200
     4201
     4202
     4203
     4204
     4205
     4206
     4207
     4208
     4209
     4210
     4211
     4212
     4213
     4214
     4215
     4216
     4217
     4218
     4219
     4220
     4221
     4222
     4223
     4224
     4225
     4226
     4227
     4228
     4229
     4230
     4231
     4232
     4233
     4234
     4235
     4236
     4237
     4238
     4239
     4240
     4241
     4242
     4243
     4244
     4245
     4246
     4247
     4248
     4249
     4250
     4251
     4252
     4253
     4254
     4255
     4256
     4257
     4258
     4259
     4260
     4261
     4262
     4263
     4264
     4265
     4266
     4267
     4268
     4269
     4270
     4271
     4272
     4273
     4274
     4275
     4276
     4277
     4278
     4279
     4280
     4281
     4282
     4283
     4284
     4285
     4286
     4287
     4288
     4289
     4290
     4291
     4292
     4293
     4294
     4295
     4296
     4297
     4298
     4299
     4300
     4301
     4302
     4303
     4304
     4305
     4306
     4307
     4308
     4309
     4310
     4311
     4312
     4313
     4314
     4315
     4316
     4317
     4318
     4319
     4320
     4321
     4322
     4323
     4324
     4325
     4326
     4327
     4328
     4329
     4330
     4331
     4332
     4333
     4334
     4335
     4336
     4337
     4338
     4339
     4340
     4341
     4342
     4343
     4344
     4345
     4346
     4347
     4348
     4349
     4350
     4351
     4352
     4353
     4354
     4355
     4356
     4357
     4358
     4359
     4360
     4361
     4362
     4363
     4364
     4365
     4366
     4367
     4368
     4369
     4370
     4371
     4372
     4373
     4374
     4375
     4376
     4377
     4378
     4379
     4380
     4381
     4382
     4383
     4384
     4385
     4386
     4387
     4388
     4389
     4390
     4391
     4392
     4393
     4394
     4395
     4396
     4397
     4398
     4399
     4400
     4401
     4402
     4403
     4404
     4405
     4406
     4407
     4408
     4409
     4410
     4411
     4412
     4413
     4414
     4415
     4416
     4417
     4418
     4419
     4420
     4421
     4422
     4423
     4424
     4425
     4426
     4427
     4428
     4429
     4430
     4431
     4432
     4433
     4434
     4435
     4436
     4437
     4438
     4439
     4440
     4441
     4442
     4443
     4444
     4445
     4446
     4447
     4448
     4449
     4450
     4451
     4452
     4453
     4454
     4455
     4456
     4457
     4458
     4459
     4460
     4461
     4462
     4463
     4464
     4465
     4466
     4467
     4468
     4469
     4470
     4471
     4472
     4473
     4474
     4475
     4476
     4477
     4478
     4479
     4480
     4481
     4482
     4483
     4484
     4485
     4486
     4487
     4488
     4489
     4490
     4491
     4492
     4493
     4494
     4495
     4496
     4497
     4498
     4499
     4500
     4501
     4502
     4503
     4504
     4505
     4506
     4507
     4508
     4509
     4510
     4511
     4512
     4513
     4514
     4515
     4516
     4517
     4518
     4519
     4520
     4521
     4522
     4523
     4524
     4525
     4526
     4527
     4528
     4529
     4530
     4531
     4532
     4533
     4534
     4535
     4536
     4537
     4538
     4539
     4540
     4541
     4542
     4543
     4544
     4545
     4546
     4547
     4548
     4549
     4550
     4551
     4552
     4553
     4554
     4555
     4556
     4557
     4558
     4559
     4560
     4561
     4562
     4563
     4564
     4565
     4566
     4567
     4568
     4569
     4570
     4571
     4572
     4573
     4574
     4575
     4576
     4577
     4578
     4579
     4580
     4581
     4582
     4583
     4584
     4585
     4586
     4587
     4588
     4589
     4590
     4591
     4592
     4593
     4594
     4595
     4596
     4597
     4598
     4599
     4600
     4601
     4602
     4603
     4604
     4605
     4606
     4607
     4608
     4609
     4610
     4611
     4612
     4613
     4614
     4615
     4616
     4617
     4618
     4619
     4620
     4621
     4622
     4623
     4624
     4625
     4626
     4627
     4628
     4629
     4630
     4631
     4632
     4633
     4634
     4635
     4636
     4637
     4638
     4639
     4640
     4641
     4642
     4643
     4644
     4645
     4646
     4647
     4648
     4649
     4650
     4651
     4652
     4653
     4654
     4655
     4656
     4657
     4658
     4659
     4660
     4661
     4662
     4663
     4664
     4665
     4666
     4667
     4668
     4669
     4670
     4671
     4672
     4673
     4674
     4675
     4676
     4677
     4678
     4679
     4680
     4681
     4682
     4683
     4684
     4685
     4686
     4687
     4688
     4689
     4690
     4691
     4692
     4693
     4694
     4695
     4696
     4697
     4698
     4699
     4700
     4701
     4702
     4703
     4704
     4705
     4706
     4707
     4708
     4709
     4710
     4711
     4712
     4713
     4714
     4715
     4716
     4717
     4718
     4719
     4720
     4721
     4722
     4723
     4724
     4725
     4726
     4727
     4728
     4729
     4730
     4731
     4732
     4733
     4734
     4735
     4736
     4737
     4738
     4739
     4740
     4741
     4742
     4743
     4744
     4745
     4746
     4747
     4748
     4749
     4750
     4751
     4752
     4753
     4754
     4755
     4756
     4757
     4758
     4759
     4760
     4761
     4762
     4763
     4764
     4765
     4766
     4767
     4768
     4769
     4770
     4771
     4772
     4773
     4774
     4775
     4776
     4777
     4778
     4779
     4780
     4781
     4782
     4783
     4784
     4785
     4786
     4787
     4788
     4789
     4790
     4791
     4792
     4793
     4794
     4795
     4796
     4797
     4798
     4799
     4800
     4801
     4802
     4803
     4804
     4805
     4806
     4807
     4808
     4809
     4810
     4811
     4812
     4813
     4814
     4815
     4816
     4817
     4818
     4819
     4820
     4821
     4822
     4823
     4824
     4825
     4826
     4827
     4828
     4829
     4830
     4831
     4832
     4833
     4834
     4835
     4836
     4837
     4838
     4839
     4840
     4841
     4842
     4843
     4844
     4845
     4846
     4847
     4848
     4849
     4850
     4851
     4852
     4853
     4854
     4855
     4856
     4857
     4858
     4859
     4860
     4861
     4862
     4863
     4864
     4865
     4866
     4867
     4868
     4869
     4870
     4871
     4872
     4873
     4874
     4875
     4876
     4877
     4878
     4879
     4880
     4881
     4882
     4883
     4884
     4885
     4886
     4887
     4888
     4889
     4890
     4891
     4892
     4893
     4894
     4895
     4896
     4897
     4898
     4899
     4900
     4901
     4902
     4903
     4904
     4905
     4906
     4907
     4908
     4909
     4910
     4911
     4912
     4913
     4914
     4915
     4916
     4917
     4918
     4919
     4920
     4921
     4922
     4923
     4924
     4925
     4926
     4927
     4928
     4929
     4930
     4931
     4932
     4933
     4934
     4935
     4936
     4937
     4938
     4939
     4940
     4941
     4942
     4943
     4944
     4945
     4946
     4947
     4948
     4949
     4950
     4951
     4952
     4953
     4954
     4955
     4956
     4957
     4958
     4959
     4960
     4961
     4962
     4963
     4964
     4965
     4966
     4967
     4968
     4969
     4970
     4971
     4972
     4973
     4974
     4975
     4976
     4977
     4978
     4979
     4980
     4981
     4982
     4983
     4984
     4985
     4986
     4987
     4988
     4989
     4990
     4991
     4992
     4993
     4994
     4995
     4996
     4997
     4998
     4999
     5000
     5001
     5002
     5003
     5004
     5005
     5006
     5007
     5008
     5009
     5010
     5011
     5012
     5013
     5014
     5015
     5016
     5017
     5018
     5019
     5020
     5021
     5022
     5023
     5024
     5025
     5026
     5027
     5028
     5029
     5030
     5031
     5032
     5033
     5034
     5035
     5036
     5037
     5038
     5039
     5040
     5041
     5042
     5043
     5044
     5045
     5046
     5047
     5048
     5049
     5050
     5051
     5052
     5053
     5054
     5055
     5056
     5057
     5058
     5059
     5060
     5061
     5062
     5063
     5064
     5065
     5066
     5067
     5068
     5069
     5070
     5071
     5072
     5073
     5074
     5075
     5076
     5077
     5078
     5079
     5080
     5081
     5082
     5083
     5084
     5085
     5086
     5087
     5088
     5089
     5090
     5091
     5092
     5093
     5094
     5095
     5096
     5097
     5098
     5099
     5100
     5101
     5102
     5103
     5104
     5105
     5106
     5107
     5108
     5109
     5110
     5111
     5112
     5113
     5114
     5115
     5116
     5117
     5118
     5119
     5120
     5121
     5122
     5123
     5124
     5125
     5126
     5127
     5128
     5129
     5130
     5131
     5132
     5133
     5134
     5135
     5136
     5137
     5138
     5139
     5140
     5141
     5142
     5143
     5144
     5145
     5146
     5147
     5148
     5149
     5150
     5151
     5152
     5153
     5154
     5155
     5156
     5157
     5158
     5159
     5160
     5161
     5162
     5163
     5164
     5165
     5166
     5167
     5168
     5169
     5170
     5171
     5172
     5173
     5174
     5175
     5176
     5177
     5178
     5179
     5180
     5181
     5182
     5183
     5184
     5185
     5186
     5187
     5188
     5189
     5190
     5191
     5192
     5193
     5194
     5195
     5196
     5197
     5198
     5199
     5200
     5201
     5202
     5203
     5204
     5205
     5206
     5207
     5208
     5209
     5210
     5211
     5212
     5213
     5214
     5215
     5216
     5217
     5218
     5219
     5220
     5221
     5222
     5223
     5224
     5225
     5226
     5227
     5228
     5229
     5230
     5231
     5232
     5233
     5234
     5235
     5236
     5237
     5238
     5239
     5240
     5241
     5242
     5243
     5244
     5245
     5246
     5247
     5248
     5249
     5250
     5251
     5252
     5253
     5254
     5255
     5256
     5257
     5258
     5259
     5260
     5261
     5262
     5263
     5264
     5265
     5266
     5267
     5268
     5269
     5270
     5271
     5272
     5273
     5274
     5275
     5276
     5277
     5278
     5279
     5280
     5281
     5282
     5283
     5284
     5285
     5286
     5287
     5288
     5289
     5290
     5291
     5292
     5293
     5294
     5295
     5296
     5297
     5298
     5299
     5300
     5301
     5302
     5303
     5304
     5305
     5306
     5307
     5308
     5309
     5310
     5311
     5312
     5313
     5314
     5315
     5316
     5317
     5318
     5319
     5320
     5321
     5322
     5323
     5324
     5325
     5326
     5327
     5328
     5329
     5330
     5331
     5332
     5333
     5334
     5335
     5336
     5337
     5338
     5339
     5340
     5341
     5342
     5343
     5344
     5345
     5346
     5347
     5348
     5349
     5350
     5351
     5352
     5353
     5354
     5355
     5356
     5357
     5358
     5359
     5360
     5361
     5362
     5363
     5364
     5365
     5366
     5367
     5368
     5369
     5370
     5371
     5372
     5373
     5374
     5375
     5376
     5377
     5378
     5379
     5380
     5381
     5382
     5383
     5384
     5385
     5386
     5387
     5388
     5389
     5390
     5391
     5392
     5393
     5394
     5395
     5396
     5397
     5398
     5399
     5400
     5401
     5402
     5403
     5404
     5405
     5406
     5407
     5408
     5409
     5410
     5411
     5412
     5413
     5414
     5415
     5416
     5417
     5418
     5419
     5420
     5421
     5422
     5423
     5424
     5425
     5426
     5427
     5428
     5429
     5430
     5431
     5432
     5433
     5434
     5435
     5436
     5437
     5438
     5439
     5440
     5441
     5442
     5443
     5444
     5445
     5446
     5447
     5448
     5449
     5450
     5451
     5452
     5453
     5454
     5455
     5456
     5457
     5458
     5459
     5460
     5461
     5462
     5463
     5464
     5465
     5466
     5467
     5468
     5469
     5470
     5471
     5472
     5473
     5474
     5475
     5476
     5477
     5478
     5479
     5480
     5481
     5482
     5483
     5484
     5485
     5486
     5487
     5488
     5489
     5490
     5491
     5492
     5493
     5494
     5495
     5496
     5497
     5498
     5499
     5500
     5501
     5502
     5503
     5504
     5505
     5506
     5507
     5508
     5509
     5510
     5511
     5512
     5513
     5514
     5515
     5516
     5517
     5518
     5519
     5520
     5521
     5522
     5523
     5524
     5525
     5526
     5527
     5528
     5529
     5530
     5531
     5532
     5533
     5534
     5535
     5536
     5537
     5538
     5539
     5540
     5541
     5542
     5543
     5544
     5545
     5546
     5547
     5548
     5549
     5550
     5551
     5552
     5553
     5554
     5555
     5556
     5557
     5558
     5559
     5560
     5561
     5562
     5563
     5564
     5565
     5566
     5567
     5568
     5569
     5570
     5571
     5572
     5573
     5574
     5575
     5576
     5577
     5578
     5579
     5580
     5581
     5582
     5583
     5584
     5585
     5586
     5587
     5588
     5589
     5590
     5591
     5592
     5593
     5594
     5595
     5596
     5597
     5598
     5599
     5600
     5601
     5602
     5603
     5604
     5605
     5606
     5607
     5608
     5609
     5610
     5611
     5612
     5613
     5614
     5615
     5616
     5617
     5618
     5619
     5620
     5621
     5622
     5623
     5624
     5625
     5626
     5627
     5628
     5629
     5630
     5631
     5632
     5633
     5634
     5635
     5636
     5637
     5638
     5639
     5640
     5641
     5642
     5643
     5644
     5645
     5646
     5647
     5648
     5649
     5650
     5651
     5652
     5653
     5654
     5655
     5656
     5657
     5658
     5659
     5660
     5661
     5662
     5663
     5664
     5665
     5666
     5667
     5668
     5669
     5670
     5671
     5672
     5673
     5674
     5675
     5676
     5677
     5678
     5679
     5680
     5681
     5682
     5683
     5684
     5685
     5686
     5687
     5688
     5689
     5690
     5691
     5692
     5693
     5694
     5695
     5696
     5697
     5698
     5699
     5700
     5701
     5702
     5703
     5704
     5705
     5706
     5707
     5708
     5709
     5710
     5711
     5712
     5713
     5714
     5715
     5716
     5717
     5718
     5719
     5720
     5721
     5722
     5723
     5724
     5725
     5726
     5727
     5728
     5729
     5730
     5731
     5732
     5733
     5734
     5735
     5736
     5737
     5738
     5739
     5740
     5741
     5742
     5743
     5744
     5745
     5746
     5747
     5748
     5749
     5750
     5751
     5752
     5753
     5754
     5755
     5756
     5757
     5758
     5759
     5760
     5761
     5762
     5763
     5764
     5765
     5766
     5767
     5768
     5769
     5770
     5771
     5772
     5773
     5774
     5775
     5776
     5777
     5778
     5779
     5780
     5781
     5782
     5783
     5784
     5785
     5786
     5787
     5788
     5789
     5790
     5791
     5792
     5793
     5794
     5795
     5796
     5797
     5798
     5799
     5800
     5801
     5802
     5803
     5804
     5805
     5806
     5807
     5808
     5809
     5810
     5811
     5812
     5813
     5814
     5815
     5816
     5817
     5818
     5819
     5820
     5821
     5822
     5823
     5824
     5825
     5826
     5827
     5828
     5829
     5830
     5831
     5832
     5833
     5834
     5835
     5836
     5837
     5838
     5839
     5840
     5841
     5842
     5843
     5844
     5845
     5846
     5847
     5848
     5849
     5850
     5851
     5852
     5853
     5854
     5855
     5856
     5857
     5858
     5859
     5860
     5861
     5862
     5863
     5864
     5865
     5866
     5867
     5868
     5869
     5870
     5871
     5872
     5873
     5874
     5875
     5876
     5877
     5878
     5879
     5880
     5881
     5882
     5883
     5884
     5885
     5886
     5887
     5888
     5889
     5890
     5891
     5892
     5893
     5894
     5895
     5896
     5897
     5898
     5899
     5900
     5901
     5902
     5903
     5904
     5905
     5906
     5907
     5908
     5909
     5910
     5911
     5912
     5913
     5914
     5915
     5916
     5917
     5918
     5919
     5920
     5921
     5922
     5923
     5924
     5925
     5926
     5927
     5928
     5929
     5930
     5931
     5932
     5933
     5934
     5935
     5936
     5937
     5938
     5939
     5940
     5941
     5942
     5943
     5944
     5945
     5946
     5947
     5948
     5949
     5950
     5951
     5952
     5953
     5954
     5955
     5956
     5957
     5958
     5959
     5960
     5961
     5962
     5963
     5964
     5965
     5966
     5967
     5968
     5969
     5970
     5971
     5972
     5973
     5974
     5975
     5976
     5977
     5978
     5979
     5980
     5981
     5982
     5983
     5984
     5985
     5986
     5987
     5988
     5989
     5990
     5991
     5992
     5993
     5994
     5995
     5996
     5997
     5998
     5999
     6000
     6001
     6002
     6003
     6004
     6005
     6006
     6007
     6008
     6009
     6010
     6011
     6012
     6013
     6014
     6015
     6016
     6017
     6018
     6019
     6020
     6021
     6022
     6023
     6024
     6025
     6026
     6027
     6028
     6029
     6030
     6031
     6032
     6033
     6034
     6035
     6036
     6037
     6038
     6039
     6040
     6041
     6042
     6043
     6044
     6045
     6046
     6047
     6048
     6049
     6050
     6051
     6052
     6053
     6054
     6055
     6056
     6057
     6058
     6059
     6060
     6061
     6062
     6063
     6064
     6065
     6066
     6067
     6068
     6069
     6070
     6071
     6072
     6073
     6074
     6075
     6076
     6077
     6078
     6079
     6080
     6081
     6082
     6083
     6084
     6085
     6086
     6087
     6088
     6089
     6090
     6091
     6092
     6093
     6094
     6095
     6096
     6097
     6098
     6099
     6100
     6101
     6102
     6103
     6104
     6105
     6106
     6107
     6108
     6109
     6110
     6111
     6112
     6113
     6114
     6115
     6116
     6117
     6118
     6119
     6120
     6121
     6122
     6123
     6124
     6125
     6126
     6127
     6128
     6129
     6130
     6131
     6132
     6133
     6134
     6135
     6136
     6137
     6138
     6139
     6140
     6141
     6142
     6143
     6144
     6145
     6146
     6147
     6148
     6149
     6150
     6151
     6152
     6153
     6154
     6155
     6156
     6157
     6158
     6159
     6160
     6161
     6162
     6163
     6164
     6165
     6166
     6167
     6168
     6169
     6170
     6171
     6172
     6173
     6174
     6175
     6176
     6177
     6178
     6179
     6180
     6181
     6182
     6183
     6184
     6185
     6186
     6187
     6188
     6189
     6190
     6191
     6192
     6193
     6194
     6195
     6196
     6197
     6198
     6199
     6200
     6201
     6202
     6203
     6204
     6205
     6206
     6207
     6208
     6209
     6210
     6211
     6212
     6213
     6214
     6215
     6216
     6217
     6218
     6219
     6220
     6221
     6222
     6223
     6224
     6225
     6226
     6227
     6228
     6229
     6230
     6231
     6232
     6233
     6234
     6235
     6236
     6237
     6238
     6239
     6240
     6241
     6242
     6243
     6244
     6245
     6246
     6247
     6248
     6249
     6250
     6251
     6252
     6253
     6254
     6255
     6256
     6257
     6258
     6259
     6260
     6261
     6262
     6263
     6264
     6265
     6266
     6267
     6268
     6269
     6270
     6271
     6272
     6273
     6274
     6275
     6276
     6277
     6278
     6279
     6280
     6281
     6282
     6283
     6284
     6285
     6286
     6287
     6288
     6289
     6290
     6291
     6292
     6293
     6294
     6295
     6296
     6297
     6298
     6299
     6300
     6301
     6302
     6303
     6304
     6305
     6306
     6307
     6308
     6309
     6310
     6311
     6312
     6313
     6314
     6315
     6316
     6317
     6318
     6319
     6320
     6321
     6322
     6323
     6324
     6325
     6326
     6327
     6328
     6329
     6330
     6331
     6332
     6333
     6334
     6335
     6336
     6337
     6338
     6339
     6340
     6341
     6342
     6343
     6344
     6345
     6346
     6347
     6348
     6349
     6350
     6351
     6352
     6353
     6354
     6355
     6356
     6357
     6358
     6359
     6360
     6361
     6362
     6363
     6364
     6365
     6366
     6367
     6368
     6369
     6370
     6371
     6372
     6373
     6374
     6375
     6376
     6377
     6378
     6379
     6380
     6381
     6382
     6383
     6384
     6385
     6386
     6387
     6388
     6389
     6390
     6391
     6392
     6393
     6394
     6395
     6396
     6397
     6398
     6399
     6400
     6401
     6402
     6403
     6404
     6405
     6406
     6407
     6408
     6409
     6410
     6411
     6412
     6413
     6414
     6415
     6416
     6417
     6418
     6419
     6420
     6421
     6422
     6423
     6424
     6425
     6426
     6427
     6428
     6429
     6430
     6431
     6432
     6433
     6434
     6435
     6436
     6437
     6438
     6439
     6440
     6441
     6442
     6443
     6444
     6445
     6446
     6447
     6448
     6449
     6450
     6451
     6452
     6453
     6454
     6455
     6456
     6457
     6458
     6459
     6460
     6461
     6462
     6463
     6464
     6465
     6466
     6467
     6468
     6469
     6470
     6471
     6472
     6473
     6474
     6475
     6476
     6477
     6478
     6479
     6480
     6481
     6482
     6483
     6484
     6485
     6486
     6487
     6488
     6489
     6490
     6491
     6492
     6493
     6494
     6495
     6496
     6497
     6498
     6499
     6500
     6501
     6502
     6503
     6504
     6505
     6506
     6507
     6508
     6509
     6510
     6511
     6512
     6513
     6514
     6515
     6516
     6517
     6518
     6519
     6520
     6521
     6522
     6523
     6524
     6525
     6526
     6527
     6528
     6529
     6530
     6531
     6532
     6533
     6534
     6535
     6536
     6537
     6538
     6539
     6540
     6541
     6542
     6543
     6544
     6545
     6546
     6547
     6548
     6549
     6550
     6551
     6552
     6553
     6554
     6555
     6556
     6557
     6558
     6559
     6560
     6561
     6562
     6563
     6564
     6565
     6566
     6567
     6568
     6569
     6570
     6571
     6572
     6573
     6574
     6575
     6576
     6577
     6578
     6579
     6580
     6581
     6582
     6583
     6584
     6585
     6586
     6587
     6588
     6589
     6590
     6591
     6592
     6593
     6594
     6595
     6596
     6597
     6598
     6599
     6600
     6601
     6602
     6603
     6604
     6605
     6606
     6607
     6608
     6609
     6610
     6611
     6612
     6613
     6614
     6615
     6616
     6617
     6618
     6619
     6620
     6621
     6622
     6623
     6624
     6625
     6626
     6627
     6628
     6629
     6630
     6631
     6632
     6633
     6634
     6635
     6636
     6637
     6638
     6639
     6640
     6641
     6642
     6643
     6644
     6645
     6646
     6647
     6648
     6649
     6650
     6651
     6652
     6653
     6654
     6655
     6656
     6657
     6658
     6659
     6660
     6661
     6662
     6663
     6664
     6665
     6666
     6667
     6668
     6669
     6670
     6671
     6672
     6673
     6674
     6675
     6676
     6677
     6678
     6679
     6680
     6681
     6682
     6683
     6684
     6685
     6686
     6687
     6688
     6689
     6690
     6691
     6692
     6693
     6694
     6695
     6696
     6697
     6698
     6699
     6700
     6701
     6702
     6703
     6704
     6705
     6706
     6707
     6708
     6709
     6710
     6711
     6712
     6713
     6714
     6715
     6716
     6717
     6718
     6719
     6720
     6721
     6722
     6723
     6724
     6725
     6726
     6727
     6728
     6729
     6730
     6731
     6732
     6733
     6734
     6735
     6736
     6737
     6738
     6739
     6740
     6741
     6742
     6743
     6744
     6745
     6746
     6747
     6748
     6749
     6750
     6751
     6752
     6753
     6754
     6755
     6756
     6757
     6758
     6759
     6760
     6761
     6762
     6763
     6764
     6765
     6766
     6767
     6768
     6769
     6770
     6771
     6772
     6773
     6774
     6775
     6776
     6777
     6778
     6779
     6780
     6781
     6782
     6783
     6784
     6785
     6786
     6787
     6788
     6789
     6790
     6791
     6792
     6793
     6794
     6795
     6796
     6797
     6798
     6799
     6800
     6801
     6802
     6803
     6804
     6805
     6806
     6807
     6808
     6809
     6810
     6811
     6812
     6813
     6814
     6815
     6816
     6817
     6818
     6819
     6820
     6821
     6822
     6823
     6824
     6825
     6826
     6827
     6828
     6829
     6830
     6831
     6832
     6833
     6834
     6835
     6836
     6837
     6838
     6839
     6840
     6841
     6842
     6843
     6844
     6845
     6846
     6847
     6848
     6849
     6850
     6851
     6852
     6853
     6854
     6855
     6856
     6857
     6858
     6859
     6860
     6861
     6862
     6863
     6864
     6865
     6866
     6867
     6868
     6869
     6870
     6871
     6872
     6873
     6874
     6875
     6876
     6877
     6878
     6879
     6880
     6881
     6882
     6883
     6884
     6885
     6886
     6887
     6888
     6889
     6890
     6891
     6892
     6893
     6894
     6895
     6896
     6897
     6898
     6899
     6900
     6901
     6902
     6903
     6904
     6905
     6906
     6907
     6908
     6909
     6910
     6911
     6912
     6913
     6914
     6915
     6916
     6917
     6918
     6919
     6920
     6921
     6922
     6923
     6924
     6925
     6926
     6927
     6928
     6929
     6930
     6931
     6932
     6933
     6934
     6935
     6936
     6937
     6938
     6939
     6940
     6941
     6942
     6943
     6944
     6945
     6946
     6947
     6948
     6949
     6950
     6951
     6952
     6953
     6954
     6955
     6956
     6957
     6958
     6959
     6960
     6961
     6962
     6963
     6964
     6965
     6966
     6967
     6968
     6969
     6970
     6971
     6972
     6973
     6974
     6975
     6976
     6977
     6978
     6979
     6980
     6981
     6982
     6983
     6984
     6985
     6986
     6987
     6988
     6989
     6990
     6991
     6992
     6993
     6994
     6995
     6996
     6997
     6998
     6999
     7000
     7001
     7002
     7003
     7004
     7005
     7006
     7007
     7008
     7009
     7010
     7011
     7012
     7013
     7014
     7015
     7016
     7017
     7018
     7019
     7020
     7021
     7022
     7023
     7024
     7025
     7026
     7027
     7028
     7029
     7030
     7031
     7032
     7033
     7034
     7035
     7036
     7037
     7038
     7039
     7040
     7041
     7042
     7043
     7044
     7045
     7046
     7047
     7048
     7049
     7050
     7051
     7052
     7053
     7054
     7055
     7056
     7057
     7058
     7059
     7060
     7061
     7062
     7063
     7064
     7065
     7066
     7067
     7068
     7069
     7070
     7071
     7072
     7073
     7074
     7075
     7076
     7077
     7078
     7079
     7080
     7081
     7082
     7083
     7084
     7085
     7086
     7087
     7088
     7089
     7090
     7091
     7092
     7093
     7094
     7095
     7096
     7097
     7098
     7099
     7100
     7101
     7102
     7103
     7104
     7105
     7106
     7107
     7108
     7109
     7110
     7111
     7112
     7113
     7114
     7115
     7116
     7117
     7118
     7119
     7120
     7121
     7122
     7123
     7124
     7125
     7126
     7127
     7128
     7129
     7130
     7131
     7132
     7133
     7134
     7135
     7136
     7137
     7138
     7139
     7140
     7141
     7142
     7143
     7144
     7145
     7146
     7147
     7148
     7149
     7150
     7151
     7152
     7153
     7154
     7155
     7156
     7157
     7158
     7159
     7160
     7161
     7162
     7163
     7164
     7165
     7166
     7167
     7168
     7169
     7170
     7171
     7172
     7173
     7174
     7175
     7176
     7177
     7178
     7179
     7180
     7181
     7182
     7183
     7184
     7185
     7186
     7187
     7188
     7189
     7190
     7191
     7192
     7193
     7194
     7195
     7196
     7197
     7198
     7199
     7200
     7201
     7202
     7203
     7204
     7205
     7206
     7207
     7208
     7209
     7210
     7211
     7212
     7213
     7214
     7215
     7216
     7217
     7218
     7219
     7220
     7221
     7222
     7223
     7224
     7225
     7226
     7227
     7228
     7229
     7230
     7231
     7232
     7233
     7234
     7235
     7236
     7237
     7238
     7239
     7240
     7241
     7242
     7243
     7244
     7245
     7246
     7247
     7248
     7249
     7250
     7251
     7252
     7253
     7254
     7255
     7256
     7257
     7258
     7259
     7260
     7261
     7262
     7263
     7264
     7265
     7266
     7267
     7268
     7269
     7270
     7271
     7272
     7273
     7274
     7275
     7276
     7277
     7278
     7279
     7280
     7281
     7282
     7283
     7284
     7285
     7286
     7287
     7288
     7289
     7290
     7291
     7292
     7293
     7294
     7295
     7296
     7297
     7298
     7299
     7300
     7301
     7302
     7303
     7304
     7305
     7306
     7307
     7308
     7309
     7310
     7311
     7312
     7313
     7314
     7315
     7316
     7317
     7318
     7319
     7320
     7321
     7322
     7323
     7324
     7325
     7326
     7327
     7328
     7329
     7330
     7331
     7332
     7333
     7334
     7335
     7336
     7337
     7338
     7339
     7340
     7341
     7342
     7343
     7344
     7345
     7346
     7347
     7348
     7349
     7350
     7351
     7352
     7353
     7354
     7355
     7356
     7357
     7358
     7359
     7360
     7361
     7362
     7363
     7364
     7365
     7366
     7367
     7368
     7369
     7370
     7371
     7372
     7373
     7374
     7375
     7376
     7377
     7378
     7379
     7380
     7381
     7382
     7383
     7384
     7385
     7386
     7387
     7388
     7389
     7390
     7391
     7392
     7393
     7394
     7395
     7396
     7397
     7398
     7399
     7400
     7401
     7402
     7403
     7404
     7405
     7406
     7407
     7408
     7409
     7410
     7411
     7412
     7413
     7414
     7415
     7416
     7417
     7418
     7419
     7420
     7421
     7422
     7423
     7424
     7425
     7426
     7427
     7428
     7429
     7430
     7431
     7432
     7433
     7434
     7435
     7436
     7437
     7438
     7439
     7440
     7441
     7442
     7443
     7444
     7445
     7446
     7447
     7448
     7449
     7450
     7451
     7452
     7453
     7454
     7455
     7456
     7457
     7458
     7459
     7460
     7461
     7462
     7463
     7464
     7465
     7466
     7467
     7468
     7469
     7470
     7471
     7472
     7473
     7474
     7475
     7476
     7477
     7478
     7479
     7480
     7481
     7482
     7483
     7484
     7485
     7486
     7487
     7488
     7489
     7490
     7491
     7492
     7493
     7494
     7495
     7496
     7497
     7498
     7499
     7500
     7501
     7502
     7503
     7504
     7505
     7506
     7507
     7508
     7509
     7510
     7511
     7512
     7513
     7514
     7515
     7516
     7517
     7518
     7519
     7520
     7521
     7522
     7523
     7524
     7525
     7526
     7527
     7528
     7529
     7530
     7531
     7532
     7533
     7534
     7535
     7536
     7537
     7538
     7539
     7540
     7541
     7542
     7543
     7544
     7545
     7546
     7547
     7548
     7549
     7550
     7551
     7552
     7553
     7554
     7555
     7556
     7557
     7558
     7559
     7560
     7561
     7562
     7563
     7564
     7565
     7566
     7567
     7568
     7569
     7570
     7571
     7572
     7573
     7574
     7575
     7576
     7577
     7578
     7579
     7580
     7581
     7582
     7583
     7584
     7585
     7586
     7587
     7588
     7589
     7590
     7591
     7592
     7593
     7594
     7595
     7596
     7597
     7598
     7599
     7600
     7601
     7602
     7603
     7604
     7605
     7606
     7607
     7608
     7609
     7610
     7611
     7612
     7613
     7614
     7615
     7616
     7617
     7618
     7619
     7620
     7621
     7622
     7623
     7624
     7625
     7626
     7627
     7628
     7629
     7630
     7631
     7632
     7633
     7634
     7635
     7636
     7637
     7638
     7639
     7640
     7641
     7642
     7643
     7644
     7645
     7646
     7647
     7648
     7649
     7650
     7651
     7652
     7653
     7654
     7655
     7656
     7657
     7658
     7659
     7660
     7661
     7662
     7663
     7664
     7665
     7666
     7667
     7668
     7669
     7670
     7671
     7672
     7673
     7674
     7675
     7676
     7677
     7678
     7679
     7680
     7681
     7682
     7683
     7684
     7685
     7686
     7687
     7688
     7689
     7690
     7691
     7692
     7693
     7694
     7695
     7696
     7697
     7698
     7699
     7700
     7701
     7702
     7703
     7704
     7705
     7706
     7707
     7708
     7709
     7710
     7711
     7712
     7713
     7714
     7715
     7716
     7717
     7718
     7719
     7720
     7721
     7722
     7723
     7724
     7725
     7726
     7727
     7728
     7729
     7730
     7731
     7732
     7733
     7734
     7735
     7736
     7737
     7738
     7739
     7740
     7741
     7742
     7743
     7744
     7745
     7746
     7747
     7748
     7749
     7750
     7751
     7752
     7753
     7754
     7755
     7756
     7757
     7758
     7759
     7760
     7761
     7762
     7763
     7764
     7765
     7766
     7767
     7768
     7769
     7770
     7771
     7772
     7773
     7774
     7775
     7776
     7777
     7778
     7779
     7780
     7781
     7782
     7783
     7784
     7785
     7786
     7787
     7788
     7789
     7790
     7791
     7792
     7793
     7794
     7795
     7796
     7797
     7798
     7799
     7800
     7801
     7802
     7803
     7804
     7805
     7806
     7807
     7808
     7809
     7810
     7811
     7812
     7813
     7814
     7815
     7816
     7817
     7818
     7819
     7820
     7821
     7822
     7823
     7824
     7825
     7826
     7827
     7828
     7829
     7830
     7831
     7832
     7833
     7834
     7835
     7836
     7837
     7838
     7839
     7840
     7841
     7842
     7843
     7844
     7845
     7846
     7847
     7848
     7849
     7850
     7851
     7852
     7853
     7854
     7855
     7856
     7857
     7858
     7859
     7860
     7861
     7862
     7863
     7864
     7865
     7866
     7867
     7868
     7869
     7870
     7871
     7872
     7873
     7874
     7875
     7876
     7877
     7878
     7879
     7880
     7881
     7882
     7883
     7884
     7885
     7886
     7887
     7888
     7889
     7890
     7891
     7892
     7893
     7894
     7895
     7896
     7897
     7898
     7899
     7900
     7901
     7902
     7903
     7904
     7905
     7906
     7907
     7908
     7909
     7910
     7911
     7912
     7913
     7914
     7915
     7916
     7917
     7918
     7919
     7920
     7921
     7922
     7923
     7924
     7925
     7926
     7927
     7928
     7929
     7930
     7931
     7932
     7933
     7934
     7935
     7936
     7937
     7938
     7939
     7940
     7941
     7942
     7943
     7944
     7945
     7946
     7947
     7948
     7949
     7950
     7951
     7952
     7953
     7954
     7955
     7956
     7957
     7958
     7959
     7960
     7961
     7962
     7963
     7964
     7965
     7966
     7967
     7968
     7969
     7970
     7971
     7972
     7973
     7974
     7975
     7976
     7977
     7978
     7979
     7980
     7981
     7982
     7983
     7984
     7985
     7986
     7987
     7988
     7989
     7990
     7991
     7992
     7993
     7994
     7995
     7996
     7997
     7998
     7999
     8000
     8001
     8002
     8003
     8004
     8005
     8006
     8007
     8008
     8009
     8010
     8011
     8012
     8013
     8014
     8015
     8016
     8017
     8018
     8019
     8020
     8021
     8022
     8023
     8024
     8025
     8026
     8027
     8028
     8029
     8030
     8031
     8032
     8033
     8034
     8035
     8036
     8037
     8038
     8039
     8040
     8041
     8042
     8043
     8044
     8045
     8046
     8047
     8048
     8049
     8050
     8051
     8052
     8053
     8054
     8055
     8056
     8057
     8058
     8059
     8060
     8061
     8062
     8063
     8064
     8065
     8066
     8067
     8068
     8069
     8070
     8071
     8072
     8073
     8074
     8075
     8076
     8077
     8078
     8079
     8080
     8081
     8082
     8083
     8084
     8085
     8086
     8087
     8088
     8089
     8090
     8091
     8092
     8093
     8094
     8095
     8096
     8097
     8098
     8099
     8100
     8101
     8102
     8103
     8104
     8105
     8106
     8107
     8108
     8109
     8110
     8111
     8112
     8113
     8114
     8115
     8116
     8117
     8118
     8119
     8120
     8121
     8122
     8123
     8124
     8125
     8126
     8127
     8128
     8129
     8130
     8131
     8132
     8133
     8134
     8135
     8136
     8137
     8138
     8139
     8140
     8141
     8142
     8143
     8144
     8145
     8146
     8147
     8148
     8149
     8150
     8151
     8152
     8153
     8154
     8155
     8156
     8157
     8158
     8159
     8160
     8161
     8162
     8163
     8164
     8165
     8166
     8167
     8168
     8169
     8170
     8171
     8172
     8173
     8174
     8175
     8176
     8177
     8178
     8179
     8180
     8181
     8182
     8183
     8184
     8185
     8186
     8187
     8188
     8189
     8190
     8191
     8192
     8193
     8194
     8195
     8196
     8197
     8198
     8199
     8200
     8201
     8202
     8203
     8204
     8205
     8206
     8207
     8208
     8209
     8210
     8211
     8212
     8213
     8214
     8215
     8216
     8217
     8218
     8219
     8220
     8221
     8222
     8223
     8224
     8225
     8226
     8227
     8228
     8229
     8230
     8231
     8232
     8233
     8234
     8235
     8236
     8237
     8238
     8239
     8240
     8241
     8242
     8243
     8244
     8245
     8246
     8247
     8248
     8249
     8250
     8251
     8252
     8253
     8254
     8255
     8256
     8257
     8258
     8259
     8260
     8261
     8262
     8263
     8264
     8265
     8266
     8267
     8268
     8269
     8270
     8271
     8272
     8273
     8274
     8275
     8276
     8277
     8278
     8279
     8280
     8281
     8282
     8283
     8284
     8285
     8286
     8287
     8288
     8289
     8290
     8291
     8292
     8293
     8294
     8295
     8296
     8297
     8298
     8299
     8300
     8301
     8302
     8303
     8304
     8305
     8306
     8307
     8308
     8309
     8310
     8311
     8312
     8313
     8314
     8315
     8316
     8317
     8318
     8319
     8320
     8321
     8322
     8323
     8324
     8325
     8326
     8327
     8328
     8329
     8330
     8331
     8332
     8333
     8334
     8335
     8336
     8337
     8338
     8339
     8340
     8341
     8342
     8343
     8344
     8345
     8346
     8347
     8348
     8349
     8350
     8351
     8352
     8353
     8354
     8355
     8356
     8357
     8358
     8359
     8360
     8361
     8362
     8363
     8364
     8365
     8366
     8367
     8368
     8369
     8370
     8371
     8372
     8373
     8374
     8375
     8376
     8377
     8378
     8379
     8380
     8381
     8382
     8383
     8384

SCALARS Body int
LOOKUP_TABLE default
        3
        3
        3
        3
        3
        3
        3
        3
        3
        3
        3
        3
        3
        3
        3
        3
        3
        3
        3
        3
        3
        3
        3
        3
        3
        3
        3
        3
        3
        3
        3
        3
        3
        3
        3
        3
        3
        3
        3
        3
        3
        3
        3
        3
        3
        3
        3
        3
        3
        3
        3
        3
        3
        3
        3
        3
        3
        3
        3
        3
        3
        3
        3
        3
        3
        3
        3
        3
        3
        3
        3
        3
        3
        3
        3
        3
        3
        3
        3
        3
        3
        3
        3
        3
        3
        3
        3
        3
        3
        3
        3
        3
        3
        3
        3
        3
        3
        3
        3
        3
        3
        3
        3
        3
        3
        3
        3
        3
        3
        3
        3
        3
        3
        3
        3
        3
        3
        3
        3
        3
        3
        3
        3
        3
        3
        3
        3
        3
        3
        3
        3
        3
        3
        3
        3
        3
        3
        3
        3
        3
        3
        3
        3
        3
        3
        3
        3
        3
        3
        3
        3
        3
        3
        3
        3
        3
        3
        3
        3
        3
        3
        3
        3
        3
        3
        3
        3
        3
        3
        3
        3
        3
        3
        3
        3
        3
        3
        3
        3
        3
        3
        3
        3
        3
        3
        3
        3
        3
        3
        3
        3
        3
        3
        3
        3
        3
        3
        3
        3
        3
        3
        3
        3
        3
        3
        3
        3
        3
        3
        3
        3
        3
        3
        3
        3
        3
        3
        3
        3
        3
        3
        3
        3
        3
        3
        3
        3
        3
        3
        3
        3
        3
        3
        3
        3
        3
        3
        3
        3
        3
        3
        3
        3
        3
        3
        3
        3
        3
        3
        3
        3
        3
        3
        3
        3
        3
        3
        3
        3
        3
        3
        3
        3
        3
        3
        3
        3
        3
        3
        3
        3
        3
        3
        3
        3
        3
        3
        3
        3
        3
        3
        3
        3
        3
        3
        3
        3
        3
        3
        3
        3
        3
        3
        3
        3
        3
        3
        3
        3
        3
        3
        3
        3
        3
        3
        3
        3
        3
        3
        3
        3
        3
        3
        3
        3
        3
        3
        3
        4
        4
        4
        4
        4
        4
        4
        4
        4
        4
        4
        4
        4
        4
        4
        4
        4
        4
        4
        4
        4
        4
        4
        4
        4
        4
        4
        4
        4
        4
        4
        4
        4
        4
        4
        4
        4
        4
        4
        4
        4
        4
        4
        4
        4
        4
        4
        4
        4
        4
        4
        4
        4
        4
        4
        4
        4
        4
        4
        4
        4
        4
        4
        4
        4
        4
        4
        4
        4
        4
        4
        4
        4
        4
        4
        4
        4
        4
        4
        4
        4
        4
        4
        4
        4
        4
        4
        4
        4
        4
        4
        4
        4
        4
        4
        4
        4
        4
        4
        4
        4
        4
        4
        4
        4
        4
        4
        4
        4
        4
        4
        4
        4
        4
        4
        4
        4
        4
        4
        4
        4
        4
        4
        4
        4
        4
        4
        4
        4
        4
        4
        4
        4
        4
        4
        4
        4
        4
        4
        4
        4
        4
        4
        4
        4
        4
        4
        4
        4
        4
        4
        4
        4
        4
        4
        4
        4
        4
        4
        4
        4
        4
        4
        4
        4
        4
        4
        4
        4
        4
        4
        4
        4
        4
        4
        4
        4
        4
        4
        4
        4
        4
        4
        4
        4
        4
        4
        4
        4
        4
        4
        4
        4
        4
        4
        4
        4
        4
        4
        4
        4
        4
        4
        4
        4
        4
        4
        4
        4
        4
        4
        4
        4
        4
        4
        4
        4
        4
        4
        4
        4
        4
        4
        4
        4
        4
        4
        4
        4
        4
        4
        4
        4
        4
        4
        4
        4
        4
        4
        4
        4
        4
        4
        4
        4
        4
        4
        4
        4
        4
        4
        4
        4
        4
        4
        4
        4
        4
        4
        4
        4
        4
        4
        4
        4
        4
        4
        4
        4
        4
        4
        4
        4
        4
        4
        4
        4
        4
        4
        4
        4
        4
        4
        4
        4
        4
        4
        4
        4
        4
        4
        4
        4
        4
        4
        4
        4
        4
        4
        4
        4
        4
        4
        4
        4
        4
        4
        4
        4
        4
        4
        4
        4
        4
        4
        4
        4
        4
        4
        4
        4
        4
        4
        4
        4
        4
        4
        4
        4
        4
        4
        4
        4
        4
        4
        4
        4
        4
        4
        4
        4
        4
        4
        4
        4
        4
        4
        4
        4
        4
        4
        4
        4
        4
        4
        4
        4
        4
        4
        4
        4
        4
        4
        4
        4
        4
        4
        4
        4
        4
        4
        4
        4
        4
        4
        4
        4
        4
        4
        4
        4
        4
        2
        2
        2
        2
        2
        2
        2
        2
        2
        2
        2
        2
        2
        2
        2
        2
        2
        2
        2
        2
        2
        2
        2
        2
        2
        2
        2
        2
        2
        2
        2
        2
        2
        2
        2
        2
        2
        2
        2
        2
        2
        2
        2
        2
        2
        2
        2
        2
        2
        2
        2
        2
        2
        2
        2
        2
        2
        2
        2
        2
        2
        2
        2
        2
        2
        2
        2
        2
        2
        2
        2
        2
        2
        2
        2
        2
        2
        2
        2
        2
        2
        2
        2
        2
        2
        2
        2
        2
        2
        2
        2
        2
        2
        2
        2
        2
        2
        2
        2
        2
        2
        2
        2
        2
        2
        2
        2
        2
        2
        2
        2
        2
        2
        2
        2
        2
        2
        2
        2
        2
        2
        2
        2
        2
        2
        2
        2
        2
        2
        2
        2
        2
        2
        2
        2
        2
        2
        2
        2
        2
        2
        2
        2
        2
        2
        2
        2
        2
        2
        2
        2
        2
        2
        2
        2
        2
        2
        2
        2
        2
        2
        2
        2
        2
        2
        2
        2
        2
        2
        2
        2
        2
        2
        2
        2
        2
        2
        2
        2
        2
        2
        2
        2
        2
        2
        2
        2
        2
        2
        2
        2
        2
        2
        2
        2
        2
        2
        2
        2
        2
        2
        2
        2
        2
        2
        2
        2
        2
        2
        2
        2
        2
        2
        2
        2
        2
        2
        2
        2
        2
        2
        2
        2
        2
        2
        2
        2
        2
        2
        2
        2
        2
        2
        2
        2
        2
        2
        2
        2
        2
        2
        2
        2
        2
        2
        2
        2
        2
        2
        2
        2
        2
        2
        2
        2
        2
        2
        2
        2
        2
        2
        2
        2
        2
        2
        2
        2
        2
        2
        2
        2
        2
        2
        2
        2
        2
        2
        2
        2
        2
        2
        2
        2
        2
        2
        2
        2
        2
        2
        2
        2
        2
        2
        2
        2
        2
        2
        2
        2
        2
        2
        2
        2
        2
        2
        2
        2
        2
        2
        2
        2
        2
        2
        2
        2
        2
        2
        2
        2
        2
        2
        2
        2
        2
        2
        2
        2
        2
        2
        2
        2
        2
        2
        2
        2
        2
        2
        2
        2
        2
        2
        2
        2
        2
        2
        2
        2
        2
        2
        2
        2
        2
        2
        2
        2
        2
        2
        2
        2
        2
        2
        2
        2
        2
        2
        2
        2
        2
        2
        2
        2
        2
        2
        2
        2
        2
        2
        2
        2
        2
        2
        2
        2
        2
        2
        2
        2
        2
        2
        2
        2
        2
        2
        2
        2
        2
        2
        2
        2
        2
        2
        2
        2
        2
        2
        2
        2
        2
        2
        2
        2
        2
        2
        2
        2
        2
        2
        2
        2
        2
        2
        2
        2
        2
        2
        2
        2
        2
        2
        2
        2
        2
        2
        2
        2
        2
        2
        2
        2
        2
        2
        2
        2
        2
        2
        2
        2
        2
        2
        2
        2
        2
        2
        2
        2
        2
        2
        2
        2
        2
        2
        2
        2
        2
        2
        2
        2
        2
        2
        2
        2
        2
        2
        2
        2
        2
        2
        2
        2
        2
        2
        2
        2
        2
        2
        2
        2
        2
        2
        2
        2
        2
        2
        2
        2
        2
        2
        2
        2
        2
        2
        2
        2
        2
        2
        2
        2
        2
        2
        2
        2
        2
        2
        2
        2
        2
        2
        2
        2
        2
        2
        2
        2
        2
        2
        2
        2
        2
        2
        2
        2
        2
        2
        2
        2
        2
        2
        2
        2
        2
        2
        2
        2
        2
        2
        2
        2
        2
        2
        2
        2
        2
        2
        2
        2
        2
        2
        2
        2
        2
        2
        2
        2
        2
        2
        2
        2
        2
        2
        2
        2
        2
        2
        2
        1
        1
        1
        1
        1
        1
        1
        1
        1
        1
        1
        1
        1
        1
        1
        1
        1
        1
        1
        1
        1
        1
        1
        1
        1
        1
        1
        1
        1
        1
        1
        1
        1
        1
        1
        1
        1
        1
        1
        1
        1
        1
        1
        1
        1
        1
        1
        1
        1
        1
        1
        1
        1
        1
        1
        1
        1
        1
        1
        1
        1
        1
        1
        1
        1
        1
        1
        1
        1
        1
        1
        1
        1
        1
        1
        1
        1
        1
        1
        1
        1
        1
        1
        1
        1
        1
        1
        1
        1
        1
        1
        1
        1
        1
        1
        1
        1
        1
        1
        1
        1
        1
        1
        1
        1
        1
        1
        1
        1
        1
        1
        1
        1
        1
        1
        1
        1
        1
        1
        1
        1
        1
        1
        1
        1
        1
        1
        1
        1
        1
        1
        1
        1
        1
        1
        1
        1
        1
        1
        1
        1
        1
        1
        1
        1
        1
        1
        1
        1
        1
        1
        1
        1
        1
        1
        1
        1
        1
        1
        1
        1
        1
        1
        1
        1
        1
        1
        1
        1
        1
        1
        1
        1
        1
        1
        1
        1
        1
        1
        1
        1
        1
        1
        1
        1
        1
        1
        1
        1
        1
        1
        1
        1
        1
        1
        1
        1
        1
        1
        1
        1
        1
        1
        1
        1
        1
        1
        1
        1
        1
        1
        1
        1
        1
        1
        1
        1
        1
        1
        1
        1
        1
        1
        1
        1
        1
        1
        1
        1
        1
        1
        1
        1
        1
        1
        1
        1
        1
        1
        1
        1
        1
        1
        1
        1
        1
        1
        1
        1
        1
        1
        1
        1
        1
        1
        1
        1
        1
        1
        1
        1
        1
        1
        1
        1
        1
        1
        1
        1
        1
        1
        1
        1
        1
        1
        1
        1
        1
        1
        1
        1
        1
        1
        1
        1
        1
        1
        1
        1
        1
        1
        1
        1
        1
        1
        1
        1
        1
        1
        1
        1
        1
        1
        1
        1
        1
        1
        1
        1
        1
        1
        1
        1
        1
        1
        1
        1
        1
        1
        1
        1
        1
        1
        1
        1
        1
        1
        1
        1
        1
        1
        1
        1
        1
        1
        1
        1
        1
        1
        1
        1
        1
        1
        1
        1
        1
        1
        1
        1
        1
        1
        1
        1
        1
        1
        1
        1
        1
        1
        1
        1
        1
        1
        1
        1
        1
        1
        1
        1
        1
        1
        1
        1
        1
        1
        1
        1
        1
        1
        1
        1
        1
        1
        1
        1
        1
        1
        1
        1
        1
        1
        1
        1
        1
        1
        1
        1
        1
        1
        1
        1
        1
        1
        1
        1
        1
        1
        1
        1
        1
        1
        1
        1
        1
        1
        1
        1
        1
        1
        1
        1
        1
        1
        1
        1
        1
        1
        1
        1
        1
        1
        1
        1
        1
        1
        1
        1
        1
        1
        1
        1
        1
        1
        1
        1
        1
        1
        1
        1
        1
        1
        1
        1
        1
        1
        1
        1
        1
        1
        1
        1
        1
        1
        1
        1
        1
        1
        1
        1
        1
        1
        1
        1
        1
        1
        1
        1
        1
        1
        1
        1
        1
        1
        1
        1
        1
        1
        1
        1
        1
        1
        1
        1
        1
        1
        1
        1
        1
        1
        1
        1
        1
        1
        1
        1
        1
        1
        1
        1
        1
        1
        1
        1
        1
        1
        1
        1
        1
        1
        1
        1
        1
        1
        1
        1
        1
        1
        1
        1
        1
        1
        1
        1
        1
        1
        1
        1
        1
        1
        1
        1
        1
        1
        1
        1
        1
        1
        1
        1
        1
        1
        1
        1
        1
        1
        1
        1
        1
        1
        1
        1
        1
        1
        1
        1
        1
        1
        1
        1
        1
        1
        1
        1
        1
        1
        1
        1
        1
        1
        1
        1
        1
        1
        1
        1
        1
        1
        1
        1
        1
        1
        1
        1
        1
        1
        1
        1
        1
        1
        1
        1
        1
        1
        1
        1
        1
        1
        1
        1
        1
        1
        1
        1
        1
        1
        1
        1
        1
        1
        1
        1
        1
        1
        1
        1
        1
        1
        1
        1
        1
        1
        1
        1
        1
        1
        1
        1
        1
        1
        1
        1
        1
        1
        1
        1
        1
        1
        1
        1
        1
        1
        1
        1
        1
        1
        1
        1
        1
        1
        1
        1
        1
        1
        1
        1
        1
        1
        1
        1
        1
        1
        1
        1
        1
        1
        1
        1
        1
        1
        1
        1
        1
        1
        1
        1
        1
        1
        1
        1
        1
        2
        2
        2
        2
        2
        2
        2
        2
        2
        2
        2
        2
        2
        2
        2
        2
        2
        2
        2
        2
        2
        2
        2
        2
        2
        2
        2
        2
        2
        2
        2
        2
        2
        2
        2
        2
        2
        2
        2
        2
        2
        2
        2
        2
        2
        2
        2
        2
        2
        2
        2
        2
        2
        2
        2
        2
        2
        2
        2
        2
        2
        2
        2
        2
        2
        2
        2
        2
        2
        2
        2
        2
        2
        2
        2
        2
        2
        2
        2
        2
        2
        2
        2
        2
        2
        2
        2
        2
        2
        2
        2
        2
        2
        2
        2
        2
        2
        2
        2
        2
        2
        2
        2
        2
        2
        2
        2
        2
        2
        2
        2
        2
        2
        2
        2
        2
        2
        2
        2
        2
        2
        2
        2
        2
        2
        2
        2
        2
        2
        2
        2
        2
        2
        2
        2
        2
        2
        2
        2
        2
        2
        2
        2
        2
        2
        2
        2
        2
        2
        2
        2
        2
        2
        2
        2
        2
        2
        2
        2
        2
        2
        2
        2
        2
        2
        2
        2
        2
        2
        2
        2
        2
        2
        2
        2
        2
        2
        2
        2
        2
        2
        2
        2
        2
        2
        2
        2
        2
        2
        2
        2
        2
        2
        2
        2
        2
        2
        2
        2
        2
        2
        2
        2
        2
        2
        2
        2
        2
        2
        2
        2
        2
        2
        2
        2
        2
        2
        2
        2
        2
        2
        2
        2
        2
        2
        2
        2
        2
        2
        2
        2
        2
        2
        2
        2
        2
        2
        2
        2
        2
        2
        2
        2
        2
        2
        2
        2
        2
        2
        2
        2
        2
        2
        2
        2
        2
        2
        2
        2
        2
        2
        2
        2
        2
        2
        2
        2
        2
        2
        2
        2
        2
        2
        2
        2
        2
        2
        2
        2
        2
        2
        2
        2
        2
        2
        2
        2
        2
        2
        2
        2
        2
        2
        2
        2
        2
        2
        2
        2
        2
        2
        2
        2
        2
        2
        2
        2
        2
        2
        2
        2
        2
        2
        2
        2
        2
        2
        2
        2
        2
        2
        2
        2
        2
        2
        2
        2
        2
        2
        2
        2
        2
        2
        2
        2
        2
        2
        2
        2
        2
        2
        2
        2
        2
        2
        2
        2
        2
        2
        2
        2
        2
        2
        2
        2
        2
        2
        2
        2
        2
        2
        2
        2
        2
        2
        2
        2
        2
        2
        2
        2
        2
        2
        2
        2
        2
        2
        2
        2
        2
        2
        2
        2
        2
        2
        2
        2
        2
        2
        2
        2
        2
        2
        2
        2
        2
        2
        2
        2
        2
        2
        2
        2
        2
        2
        2
        2
        2
        2
        2
        2
        2
        2
        2
        2
        2
        2
        2
        2
        2
        2
        2
        2
        2
        2
        2
        2
        2
        2
        2
        2
        2
        2
        2
        2
        2
        2
        2
        2
        2
        2
        2
        2
        2
        2
        2
        2
        2
        2
        2
        2
        2
        2
        2
        2
        2
        2
        2
        2
        2
        2
        2
        2
        2
        2
        2
        2
        2
        2
        2
        2
        2
        2
        2
        2
        2
        2
        2
        2
        2
        2
        2
        2
        2
        2
        2
        2
        2
        2
        2
        2
        2
        2
        2
        2
        2
        2
        2
        2
        2
        2
        2
        2
        2
        2
        2
        2
        2
        2
        2
        2
        2
        2
        2
        2
        2
        2
        2
        2
        2
        2
        2
        2
        2
        2
        2
        2
        2
        2
        2
        2
        2
        2
        2
        2
        2
        2
        2
        2
        2
        2
        2
        2
        2
        2
        2
        2
        2
        2
        2
        2
        2
        2
        2
        2
        2
        2
        2
        2
        2
        2
        2
        2
        2
        2
        2
        2
        2
        2
        2
        2
        2
        2
        2
        2
        2
        2
        2
        2
        2
        2
        2
        2
        2
        2
        2
        2
        2
        2
        2
        2
        2
        2
        2
        2
        2
        2
        2
        2
        2
        2
        2
        2
        2
        2
        2
        2
        2
        2
        2
        2
        2
        2
        2
        2
        2
        2
        2
        2
        2
        2
        2
        2
        2
        2
        2
        2
        2
        2
        2
        2
        2
        2
        2
        2
        2
        2
        2
        2
        2
        2
        2
        2
        2
        2
        2
        2
        2
        2
        2
        2
        2
        2
        2
        2
        2
        2
        2
        2
        2
        2
        2
        2
        2
        2
        2
        2
        2
        2
        2
        2
        2
        2
        2
        2
        2
        2
        2
        2
        2
        2
        2
        2
        2
        2
        2
        2
        2
        2
        2
        2
        2
        2
        2
        2
        2
        2
        2
        2
        2
        2
        2
        2
        2
        2
        2
        2
        2
        2
        2
        2
        2
        2
        2
        2
        2
        2
        2
        2
        2
        2
        2
        2
        2
        2
        2
        2
        1
        1
        1
        1
        1
        1
        1
        1
        1
        1
        1
        1
        1
        1
        1
        1
        1
        1
        1
        1
        1
        1
        1
        1
        1
        1
        1
        1
        1
        1
        1
        1
        1
        1
        1
        1
        1
        1
        1
        1
        1
        1
        1
        1
        1
        1
        1
        1
        1
        1
        1
        1
        1
        1
        1
        1
        1
        1
        1
        1
        1
        1
        1
        1
        1
        1
        1
        1
        1
        1
        1
        1
        1
        1
        1
        1
        1
        1
        1
        1
        1
        1
        1
        1
        1
        1
        1
        1
        1
        1
        1
        1
        1
        1
        1
        1
        1
        1
        1
        1
        1
        1
        1
        1
        1
        1
        1
        1
        1
        1
        1
        1
        1
        1
        1
        1
        1
        1
        1
        1
        1
        1
        1
        1
        1
        1
        1
        1
        1
        1
        1
        1
        1
        1
        1
        1
        1
        1
        1
        1
        1
        1
        1
        1
        1
        1
        1
        1
        1
        1
        1
        1
        1
        1
        1
        1
        1
        1
        2
        2
        2
        2
        2
        2
        2
        2
        2
        2
        2
        2
        2
        2
        2
        2
        2
        2
        2
        2
        2
        2
        2
        2
        2
        2
        2
        2
        2
        2
        2
        2
        2
        2
        2
        2
        2
        2
        2
        2
        2
        2
        2
        2
        2
        2
        2
        2
        2
        2
        2
        2
        2
        2
        2
        2
        2
        2
        2
        2
        2
        2
        2
        2
        2
        2
        2
        2
        2
        2
        2
        2
        2
        2
        2
        2
        2
        2
        2
        2
        2
        2
        2
        2
        2
        2
        2
        2
        2
        2
        2
        2
        2
        2
        2
        2
        2
        2
        2
        2
        2
        2
        2
        2
        2
        2
        2
        2
        2
        2
        2
        2
        2
        2
        2
        2
        2
        2
        2
        2
        2
        2
        2
        2
        2
        2
        2
        2
        1
        1
        1
        1
        1
        1
        1
        1
        1
        1
        1
        1
        1
        1
        1
        1
        1
        1
        1
        1
        1
        1
        1
        1
        1
        1
        1
        1
        1
        1
        1
        1
        1
        1
        1
        1
        1
        1
        1
        1
        1
        1
        1
        1
        1
        1
        1
        1
        1
        1
        1
        1
        1
        1
        1
        1
        1
        1
        1
        1
        1
        1
        1
        1
        1
        1
        1
        1
        1
        1
        1
        1
        1
        1
        1
        1
        1
        1
        1
        1
        1
        1
        1
        1
        1
        1
        1
        1
        1
        1
        1
        1
        1
        1
        1
        1
        1
        1
        1
        1
        1
        1
        1
        1
        1
        1
        1
        1
        1
        1
        1
        1
        1
        1
        1
        1
        1
        1
        1
        1
        1
        1
        1
        1
        1
        1
        1
        1
        1
        1
        1
        1
        1
        1
        1
        1
        1
        1
        1
        1
        1
        1
        1
        1
        1
        1
        1
        1
        1
        1
        1
        1
        1
        1
        1
        1
        1
        1
        1
        1
        1
        1
        1
        1
        1
        1
        1
        1
        1
        1
        1
        1
        1
        1
        1
        1
        1
        1
        1
        1
        1
        1
        1
        1
        1
        1
        1
        1
        1
        1
        1
        1
        1
        1
        1
        1
        1
        1
        1
        1
        1
        1
        1
        1
        1
        1
        1
        1
        1
        1
        1
        1
        1
        1
        1
        1
        1
        1
        1
        1
        1
        1
        1
        1
        1
        1
        1
        1
        1
        1
        1
        1
        1
        1
        1
        1
        1
        1
        1
        1
        1
        1
        1
        1
        1
        1
        1
        1
        1
        1
        1
        1
        1
        1
        1
        1
        1
        1
        1
        1
        1
        1
        1
        1
        1
        1
        1
        1
        1
        1
        1
        1
        1
        1
        1
        1
        1
        1
        1
        1
        1
        1
        1
        1
        1
        1
        1
        1
        1
        1
        1
        1
        1
        1
        1
        1
        1
        1
        1
        1
        1
        1
        1
        1
        1
        1
        1
        1
        1
        1
        1
        1
        1
        1
        1
        1
        1
        1
        1
        1
        1
        1
        1
        1
        1
        1
        1
        1
        1
        1
        1
        1
        1
        1
        1
        1
        1
        1
        1
        1
        1
        1
        1
        1
        1
        1
        1
        1
        1
        1
        1
        1
        1
        1
        1
        1
        1
        1
        1
        1
        1
        1
        1
        1
        1
        1
        1
        1
        1
        1
        1
        1
        1
        1
        1
        1
        1
        1
        1
        1
        1
        1
        1
        1
        1
        1
        1
        1
        1
        1
        1
        1
        1
        1
        1
        1
        1
        1
        1
        1
        1
        1
        1
        1
        1
        1
        1
        1
        1
        1
        1
        1
        1
        1
        1
        1
        1
        1
        1
        1
        1
        1
        1
        1
        1
        1
        1
        1
        1
        1
        1
        1
        1
        1
        1
        1
        1
        1
        1
        1
        1
        1
        1
        1
        1
        1
        1
        1
        1
        1
        1
        1
        1
        1
        1
        1
        1
        1
        1
        1
        1
        1
        1
        1
        1
        1
        1
        1
        1
        1
        1
        1
        1
        1
        1
        1
        1
        1
        1
        1
        1
        1
        1
        1
        1
        1
        1
        1
        1
        1
        1
        1
        1
        1
        1
        1
        1
        1
        1
        1
        1
        1
        1
        1
        1
        1
        1
        1
        1
        1
        1
        1
        1
        1
        1
        1
        1
        1
        1
        1
        1
        1
        1
        1
        1
        1
        1
        1
        1
        1
        1
        1
        1
        1
        1
        1
        1
        1
        1
        1
        1
        1
        1
        1
        1
        1
        1
        1
        1
        1
        1
        1
        1
        1
        1
        1
        1
        1
        1
        1
        1
        1
        1
        1
        1
        1
        1
        1
        1
        1
        1
        1
        1
        1
        1
        1
        1
        1
        1
        1
        1
        1
        1
        1
        1
        1
        1
        1
        1
        1
        1
        1
        1
        1
        1
        1
        1
        1
        1
        1
        1
        1
        1
        1
        1
        1
        1
        1
        1
        1
        1
        1
        1
        1
        1
        1
        1
        1
        1
        1
        1
        1
        1
        1
        1
        1
        1
        1
        1
        1
        1
        1
        1
        1
        1
        1
        1
        1
        1
        1
        1
        1
        1
        3
        3
        3
        3
        3
        3
        3
        3
        3
        3
        3
        3
        3
        3
        3
        3
        3
        3
        3
        3
        3
        3
        3
        3
        3
        3
        3
        3
        3
        3
        3
        3
        3
        3
        3
        3
        3
        3
        3
        3
        3
        3
        3
        3
        3
        3
        3
        3
        3
        3
        3
        3
        3
        3
        3
        3
        3
        3
        3
        3
        3
        3
        3
        3
        3
        3
        3
        3
        3
        3
        3
        3
        3
        3
        3
        3
        3
        3
        3
        3
        3
        3
        3
        3
        3
        3
        3
        3
        3
        3
        3
        3
        3
        3
        3
        3
        3
        3
        3
        3
        3
        3
        3
        3
        3
        3
        3
        3
        3
        3
        3
        3
        3
        3
        3
        3
        3
        3
        3
        3
        3
        3
        3
        3
        3
        3
        3
        3
        3
        3
        3
        3
        3
        3
        3
        3
        3
        3
        3
        3
        3
        3
        3
        3
        3
        3
        3
        3
        3
        3
        3
        3
        3
        3
        3
        3
        3
        3
        3
        3
        3
        3
        3
        3
        3
        3
        3
        3
        3
        3
        3
        3
        3
        3
        3
        3
        3
        3
        3
        3
        3
        3
        3
        3
        3
        3
        3
        3
        3
        3
        3
        3
        3
        3
        3
        3
        3
        3
        3
        3
        3
        3
        3
        3
        3
        3
        3
        3
        3
        3
        3
        3
        3
        3
        3
        3
        3
        3
        3
        3
        3
        3
        3
        3
        4
        4
        4
        4
        4
        4
        4
        4
        4
        4
        4
        4
        4
        4
        4
        4
        4
        4
        4
        4
        4
        4
        4
        4
        4
        4
        4
        4
        4
        4
        4
        4
        4
        4
        4
        4
        4
        4
        4
        4
        4
        4
        4
        4
        4
        4
        4
        4
        4
        4
        4
        4
        4
        4
        4
        4
        4
        4
        4
        4
        4
        4
        4
        4
        4
        4
        4
        4
        4
        4
        4
        4
        4
        4
        4
        4
        4
        4
        4
        4
        4
        4
        4
        4
        4
        4
        4
        4
        4
        4
        4
        4
        3
        3
        3
        3
        3
        3
        3
        3
        3
        3
        3
        3
        3
        3
        3
        3
        3
        3
        3
        3
        3
        3
        3
        3
        3
        3
        3
        3
        3
        3
        3
        3
        3
        3
        3
        3
        3
        3
        3
        3
        3
        3
        3
        3
        3
        3
        3
        3
        3
        3
        3
        3
        3
        3
        3
        3
        3
        3
        3
        3
        3
        3
        4
        4
        4
        4
        4
        4
        4
        4
        4
        4
        4
        4
        4
        4
        4
        4
        4
        4
        4
        4
        4
        4
        4
        4
        4
        4
        4
        4
        4
        4
        4
        4
        4
        4
        4
        4
        4
        4
        4
        4
        4
        4
        4
        4
        4
        4
        4
        4
        4
        4
        4
        4
        4
        4
        4
        4
        4
        4
        4
        4
        4
        4
        4
        4
        4
        4
        4
        4
        4
        4
        4
        4
        4
        4
        4
        4
        4
        4
        4
        4
        4
        4
        4
        4
        4
        4
        4
        4
        4
        4
        4
        4
        4
        4
        4
        4
        4
        4
        4
        4
        4
        4
        4
        4
        4
        4
        4
        4
        4
        4
        4
        4
        4
        4
        4
        4
        4
        4
        4
        4
        4
        4
        4
        4
        4
        4
        4
        4
        4
        4
        4
        4
        4
        4
        4
        4
        4
        4
        4
        4
        4
        4
        4
        4
        4
        4
        4
        4
        4
        4
        4
        4
        4
        4
        4
        4
        4
        4
        4
        4
        4
        4
        4
        4
        4
        4
        4
        4
        4
        4
        4
        4
        4
        4
        4
        4
        4
        4
        4
        4
        4
        4
        4
        4
        4
        4
        4
        4
        4
        4
        4
        4
        4
        4
        5
        5
        5
        5
        5
        5
        5
        5
        5
        5
        5
        5
        5
        5
        5
        5
        5
        5
        5
        5
        5
        5
        5
        5
        5
        5
        5
        5
        5
        5
        5
        5
        5
        5
        5
        5
        5
        5
        5
        5
        5
        5
        5
        5
        5
        5
        5
        5
        5
        5
        5
        5
        5
        5
        5
        5
        5
        5
        5
        5
        5
        5
        5
        5
        5
        5
        5
        5
        5
        5
        5
        5
        5
        5
        5
        5
        5
        5
        5
        5
        5
        5
        5
        5
        5
        5
        5
        5
        5
        5
        5
        5
        5
        5
        5
        5
        5
        5
        5
        5
        5
        5
        5
        5
        5
        5
        5
        5
        5
        5
        5
        5
        5
        5
        5
        5
        5
        5
        5
        5
        5
        5
        5
        5
        5
        5
        5
        5
        5
        5
        5
        5
        5
        5
        5
        5
        5
        5
        5
        5
        5
        5
        5
        5
        5
        5
        5
        5
        5
        5
        5
        5
        5
        5
        5
        5
        5
        5
        5
        5
        5
        5
        5
        5
        5
        5
        5
        5
        5
        5
        5
        5
        5
        5
        5
        5
        5
        5
        5
        5
        5
        5
        5
        5
        5
        5
        5
        5
        5
        5
        5
        5
        5
        5
        5
        5
        5
        5
        5
        5
        5
        5
        5
        5
        5
        5
        5
        5
        5
        5
        5
        5
        5
        5
        5
        5
        5
        5
        5
        5
        5
        5
        5
        5
        5
        5
        5
        5
        5
        5
        5
        5
        5
        5
        5
        5
        5
        5
        5
        5
        5
        5
        5
        5
        5
        5
        5
        5
        5
        5
        5
        5
        5
        5
        5
        5
        5
        5
        5
        5
        5
        5
        5
        5
        5
        5
        5
        5
        5
        5
        5
        5
        5
        5
        5
        5
        5
        5
        5
        5
        5
        5
        5
        5
        5
        5
        5
        5
        5
        5
        5
        5
        5
        5
        5
        5
        5
        5
        5
        5
        5
        5
        5
        5
        5
        5
        5
        5
        5
        5
        5
        5
        5
        5
        5
        5
        5
        5
        5
        5
        5
        5
        5
        5
        5
        5
        5
        5
        5
        5
        5
        5
        5
        5
        5
        5
        5
        5
        5
        5
        5
        5
        5
        5
        5
        5
        5
        5
        5
        5
        5
        5
        5
        5
        5
        5
        5
        5
        5
        5
        5
        5
        5
        5
        5
        5
        5
        5
        5
        5
        5
        5
        5
        5
        5
        5
        5
        5
        5
        5
        5
        5
        5
        5
        5
        5
        5
        5
        5
        5
        5
        5
        5
        5
        5
        5
        5
        5
        5
        5
        5
        5
        5
        5
        5
        5
        5
        5
        5
        5
        5
        5
        5
        5
        5
        5
        5
        5
        5
        5
        5
        5
        5
        5
        5
        5
        5
        5
        5
        5
        5
        5
        5
        5
        5
        5
        5
        5
        5
        5
        5
        5
        5
        5
        5
        5
        5
        5
        5
        5
        5
        5
        5
        5
        5
        5
        5
        5
        5
        5
        5
        5
        5
        5
        5
        5
        5
        5
        5
        5
        5
        5
        5
        5
        5
        5
        5
        5
        5
        5
        5
        5
        5
        5
        5
        5
        5
        5
        5
        5
        5
        5
        5
        5
        5
        5
        5
        5
        5
        5
        5
        5
        5
        5
        5
        5
        5
        5
        5
        5
        5
        5
        5
        5
        5
        5
        5
        5
        5
        5
        5
        5
        5
        5
        5
        5
        5
        5
        5
        5
        5
        5
        5
        5
        5
        5
        5
        5
        5
        5
        5
        5
        5
        5
        5
        5
        5
        5
        5
        5
        5
        5
        5
        5
        5
        5
        5
        5
        5
        5
        5
        5
        5
        5
        5
        5
        5
        5
        5
        5
        5
        5
        5
        5
        5
        5
        5
        5
        5
        5
        5
        5
        5
        5
        5
        5
        5
        5
        5
        5
        5
        5
        5
        5
        5
        5
        5
        5
        5
        5
        5
        5
        5
        5
        5
        5
        5
        5
        5
        5
        5
        5
        5
        5
        5
        5
        5
        5
        5
        5
        5
        5
        5
        5
        5
        5
        5
        5
        5
        5
        5
        5
        5
        5
        5
        5
        5
        5
        5
        5
        5
        5
        5
        5
        5
        5
        5
        5
        5
        5
        5
        5
        5
        5
        5
        5
        5
        5
        5
        5
        5
        5
        5
        5
        5
        5
        5
        5
        5
        5
        5
        5
        5
        5
        5
        5
        5
        5
        5
        5
        5
        5
        5
        5
        5
        5
        5
        5
        5
        5
        5
        5
        5
        5
        5
        5
        5
        5
        5
        5
        5
        5
        5
        5
        5
        5
        5
        5
        5
        5
        5
        5
        5
        5
        5
        5
        5
        5
        5
        5
        5
        5
        5
        5
        5
        5
        5
        5
        5
        5
        5
        5
        5
        5
        5
        5
        5
        5
        5
        5
        5
        5
        5
        5
        5
        5
        5
        5
        5
        5
        5
        5
        5
        5
        5
        5
        5
        5
        5
        5
        5
        5
        5
        5
        5
        5
        5
        5
        5
        5
        5
        5
        5
        5
        5
        5
        5
        5
        5
        5
        5
        5
        5
        5
        5
        5
        5
        5
        5
        5
        5
        5
        5
        5
        5
        5
        5
        5
        5
        5
        5
        5
        5
        5
        5
        5
        5
        5
        5
        5
        5
        5
        5
        5
        5
        5
        5
        5
        5
        5
        5
        5
        5
        5
        5
        5
        5
        5
        5
        5
        5
        5
        5
        5
        5
        5
        5
        5
        5
        5
        5
        5
        5
        5
        5
        5
        5
        5
        5
        5
        5
        5
        5
        5
        5
        5
        5
        5
        5
        5
        5
        5
        5
        5
        5
        5
        5
        5
        5
        5
        5
        5
        5
        5
        5
        5
        5
        5
        5
        5
        5
        5
        5
        5
        5
        5
        5
        5
        5
        5
        5
        5
        5
        5
        5
        5
        5
        5
        5
        5
        5
        5
        5
        5
        5
        5
        5
        5
        5
        5
        5
        5
        5
        5
        5
        5
        5
        5
        5
        5
        5
        5
        5
        5
        5
        5
        5
        5
        5
        5
        5
        5
        5
        5
        5
        5
        5
        5
        5
        5
        5
        5
        5
        5
        5
        5
        5
        5
        5
        5
        5
        5
        5
        5
        5
        5
        5
        5
        5
        5
        5
        5
        5
        5
        5
        5
        5
        5
        5
        5
        5
        5
        5
        5
        5
        5
        5
        5
        5
        5
        5
        5
        5
        5
        5
        5
        5
        5
        5
        5
        5
        5
        5
        5
        5
        5
        5
        5
        5
        5
        5
        5
        5
        5
        5
        5
        5
        5
        5
        5
        5
        5
        5
        5
        5
        5
        5
        5
        5
        5
        5
        5
        5
        5
        5
        5
        5
        5
        5
        5
        5
        5
        5
        5
        5
        5
        5
        5
        5
        5
        5
        5
        5
        5
        5
        5
        5
        5
        5
        5
        5
        5
        5
        5
        5
        5
        5
        5
        5
        5
        5
        5
        5
        5
        5
        5
        5
        5
        5
        5
        5
        5
        5
        5
        5
        5
        5
        5
        5
        5
        5
        5
        5
        5
        5
        5
        5
        5
        5
        5
        5
        5
        5
        5
        5
        5
        5
        5
        5
        5
        5
        5
        5
        5
        5
        5
        5
        5
        5
        5
        5
        5
        5
        5
        5
        5
        5
        5
        5
        5
        5
        5
        5
        5
        5
        5
        5
        5
        5
        5
        5
        5
        5
        5
        5
        5
        5
        5
        5
        5
        5
        5
        5
        5
        5
        5
        5
        5
        5
        5
        5
        5
        5
        5
        5
        5
        5
        5
        5
        5
        5
        5
        5
        5
        5
        5
        5
        5
        5
        5
        5
        5
        5
        5
        5
        5
        5
        5
        5
        5
        5
        5
        5
        5
        5
        5
        5
        5
        5
        5
        5
        5
        5
        5
        5
        5
        5
        5
        5
        5
        5
        5
        5
        5
        5
        5
        5
        5
        5
        5
        5
        5
        5
        5
        5
        5
        5
        5
        5
        5
        5
        5
        5
        5
        5
        5
        5
        5
        5
        5
        5
        5
        5
        5
        5
        5
        5
        5
        5
        5
        5
        5
        5
        5
        5
        5
        5
        5
        5
        5
        5
        5
        5
        5
        5
        5
        5
        5
        5
        5
        5
        5
        5
        5
        5
        5
        5
        5
        5
        5
        5
        5
        5
        5
        5
        5
        5
        5
        5
        5
        5
        5
        5
        5
        5
        5
        5
        5
        5
        5
        5
        5
        5
        5
        5
        5
        5
        5
        5
        5
        5
        5
        5
        5
        5
        5
        5
        5
        5
        5
        5
        5
        5
        5
        5
        5
        5
        5
        5
        5
        5
        5
        5
        5
        5
        5
        5
        5
        5
        5
        5
        5
        5
        5
        5
        5
        5
        5
        5
        5
        5
        5
        5
        5
        5
        5
        5
        5
        5
        5
        5
        5
        5
        5
        5
        5
        5
        5
        5
        5
        5
        5
        5
        5
        5
        5
        5
        5
        5
        5
        5
        5
        5
        5
        5
        5
        5
        5
        5
        5
        5
        5
        5
        5
        5
        5
        5
        5
        5
        5
        5
        5
        5
        5
        5
        5
        5
        5
        5
        5
        5
        5
        5
        5
        5
        5
        5
        5
        5
        5
        5
        5
        5
        5
        5
        5
        5
        5
        5
        5
        5
        5
        5
        5
        5
        5
        5
        5
        5
        5
        5
        5
        5
        5
        5
        5
        5
        5
        5
        5
        5
        5
        5
        5
        5
        5
        5
        5
        5
        5
        5
        5
        5
        5
        5
        5
        5
        5
        5
        5
        5
        5
        5
        5
        5
        5
        5
        5
        5
        5
        5
        5
        5
        5
        5
        5
        5
        5
        5
        5
        5
        5
        5
        5
        5
        5
        5
        5
        5
        5
        5
        6
        6
        6
        6
        6
        6
        6
        6
        6
        6
        6
        6
        6
        6
        6
        6
        6
        6
        6
        6
        6
        6
        6
        6
        6
        6
        6
        6
        6
        6
        6
        6
        6
        6
        6
        6
        6
        6
        6
        6
        6
        6
        6
        6
        6
        6
        6
        6
        6
        6
        6
        6
        6
        6
        6
        6
        6
        6
        6
        6
        6
        6
        6
        6
        6
        6
        6
        6
        6
        6
        6
        6
        6
        6
        6
        6
        6
        6
        6
        6
        6
        6
        6
        6
        6
        6
        6
        6
        6
        6
        6
        6
        6
        6
        6
        6
        6
        6
        6
        6
        6
        6
        6
        6
        6
        6
        6
        6
        6
        6
        6
        6
        6
        6
        6
        6
        6
        6
        6
        6
        6
        6
        6
        6
        6
        6
        6
        6
        6
        6
        6
        6
        6
        6
        6
        6
        6
        6
        6
        6
        6
        6
        6
        6
        6
        6
        6
        6
        6
        6
        6
        6
        6
        6
        6
        6
        6
        6
        6
        6
        6
        6
        6
        6
        6
        6
        6
        6
        6
        6
        6
        6
        6
        6
        6
        6
        6
        6
        6
        6
        6
        6
        6
        6
        6
        6
        6
        6
        6
        6
        6
        6
        6
        6
        6
        6
        6
        6
        6
        6
        6
        6
        6
        6
        6
        6
        6
        6
        6
        6
        6
        6
        6
        6
        6
        6
        6
        6
        6
        6
        6
        6
        6
        6
        6
        6
        6
        6
        6
        6
        6
        6
        6
        6
        6
        6
        6
        6
        6
        6
        6
        6
        6
        6
        6
        6
        6
        6
        6
        6
        6
        6
        6
        6
        6
        6
        6
        6
        6
        6
        6
        6
        6
        6
        6
        6
        6
        6
        6
        6
        6
        6
        6
        6
        6
        6
        6
        6
        6
        6
        6
        6
        6
        6
        6
        6
        6
        6
        6
        6
        6
        6
        6
        6
        6
        6
        6
        6
        6
        6
        6
        6
        6
        6
        6
        6
        6
        6
        6
        6
        6
        6
        6
        6
        6
        6
        6
        6
        6
        6
        6
        6
        6
        6
        6
        6
        6
        6
        6
        6
        6
        6
        6
        6
        6
        6
        6
        6
        6
        6
        6
        6
        6
        6
        6
        6
        6
        6
        6
        6
        6
        6
        6
        6
        6
        6
        6
        6
        6
        6
        6
        6
        6
        6
        6
        6
        6
        6
        6
        6
        6
        6
        6
        6
        6
        6
        6
        6
        6
        6
        6
        6
        6
        6
        6
        6
        6
        6
        6
        6
        6
        6
        6
        6
        6
        6
        6
        6
        6
        6
        6
        6
        6
        6
        6
        6
        6
        6
        6
        6
        6
        6
        6
        6
        6
        6
        6
        6
        6
        6
        6
        6
        6
        6
        6
        6
        6
        6
        6
        6
        6
        6
        6
        6
        6
        6
        6
        6
        6
        6
        6
        6
        6
        6
        6
        6
        6
        6
        6
        6
        6
        6
        6
        6
        6
        6
        6
        6
        6
        6
        6
        6
        6
        6
        6
        6
        6
        6
        6
        6
        6
        6
        6
        6
        6
        6
        6
        6
        6
        6
        6
        6
        6
        6
        6
        6
        6
        6
        6
        6
        6
        6
        6
        6
        6
        6
        6
        6
        6
        6
        6
        6
        6
        6
        6
        6
        6
        6
        6
        6
        6
        6
        6
        6
        6
        6
        6
        6
        6
        6
        6
        6
        6
        6
        6
        6
        6
        6
        6
        6
        6
        6
        6
        6
        6
        6
        6
        6
        6
        6
        6
        6
        6
        6
        6
        6
        6
        6
        6
        6
        6
        6
        6
        6
        6
        6
        6
        6
        6
        6
        6
        6
        6
        6
        6
        6
        6
        6
        6
        6
        6
        6
        6
        6
        6
        6
        6
        6
        6
        6
        6
        6
        6
        6
        6
        6
        6
        6
        6
        6
        6
        6
        6
        6
        6
        6
        6
        6
        6
        6
        6
        6
        6
        6
        6
        6
        6
        6
        6
        6
        6
        6
        6
        6
        6
        6
        6
        6
        6
        6
        6
        6
        6
        6
        6
        6
        6
        6
        6
        6
        6
        6
        6
        6
        6
        6
        6
        6
        6
        6
        6
        6
        6
        6
        6
        6
        6
        6
        6
        6
        6
        6
        6
        6
        6
        6
        6
        6
        6
        6
        6
        6
        6
        6
        6
        6
        6
        6
        7
        7
        7
        7
        7
        7
        7
        7
        7
        7
        7
        7
        7
        7
        7
        7
        7
        7
        7
        7
        7
        7
        7
        7
        7
        7
        7
        7
        7
        7
        7
        7
        7
        7
        7
        7
        7
        7
        7
        7
        7
        7
        7
        7
        7
        7
        7
        7
        7
        7
        7
        7
        7
        7
        7
        7
        7
        7
        7
        7
        7
        7
        7
        7
        7
        7
        7
        7
        7
        7
        7
        7
        7
        7
        7
        7
        7
        7
        7
        7
        7
        7
        7
        7
        7
        7
        7
        7
        7
        7
        7
        7
        7
        7
        7
        7
        7
        7
        7
        7
        7
        7
        7
        7
        7
        7
        7
        7
        7
        7
        7
        7
        7
        7
        7
        7
        7
        7
        7
        7
        7
        7
        7
        7
        7
        7
        7
        7
        7
        7
        7
        7
        7
        7
        7
        7
        7
        7
        7
        7
        7
        7
        7
        7
        7
        7
        7
        7
        7
        7
        7
        7
        7
        7
        7
        7
        7
        7
        7
        7
        7
        7
        7
        7
        7
        7
        7
        7
        7
        7
        7
        7
        7
        7
        7
        7
        7
        7
        7
        7
        7
        7
        7
        7
        7
        7
        7
        7
        7
        7
        7
        7
        7
        7
        7
        7
        7
        7
        7
        7
        7
        7
        7
        7
        7
        7
        7
        7
        7
        7
        7
        7
        7
        7
        7
        7
        7
        7
        7
        7
        7
        7
        7
        7
        7
        7
        7
        7
        7
        7
        7
        7
        7
        7
        7
        7
        7
        7
        7
        7
        7
        7
        7
        7
        7
        7
        7
        7
        7
        7
        7
        7
        7
        7
        7
        7
        7
        7
        7
        7
        7
        7
        7
        7
        7
        7
        7
        7
        7
        7
        7
        7
        7
        7
        7
        7
        7
        7
        7
        7
        7
        7
        7
        7
        7
        7
        7
        7
        7
        7
        7
        7
        7
        7
        7
        7
        7
        7
        7
        7
        7
        7
        7
        7
        7
        7
        7
        7
        7
        7
        7
        7
        7
        7
        7
        7
        7
        7
        7
        7
        7
        7
        7
        7
        7
        7
        7
        7
        7
        7
        7
        7
        7
        7
        7
        7
        7
        7
        7
        7
        7
        7
        7
        7
        7
        7
        7
        7
        7
        7
        7
        7
        7
        7
        7
        7
        7
        7
        7
        7
        7
        7
        7
        7
        7
        7
        7
        7
        7
        7
        7
        7
        7
        7
        7
        7
        7
        7
        7
        7
        7
        7
        7
        7
        7
        7
        7
        7
        7
        7
        7
        7
        7
        7
        7
        7
        7
        7
        7
        7
        7
        7
        7
        7
        7
        7
        7
        7
        7
        7
        7
        7
        7
        7
        7
        7
        7
        7
        7
        7
        7
        7
        7
        7
        7
        7
        7
        7
        7
        7
        7
        7
        7
        7
        7
        7
        7
        7
        7
        7
        7
        7
        7
        7
        7
        7
        7
        7
        7
        7
        7
        7
        7
        7
        7
        7
        7
        7
        7
        7
        7
        7
        7
        7
        7
        7
        7
        7
        7
        7
        7
        7
        7
        7
        7
        7
        7
        7
        7
        7
        7
        7
        7
        7
        7
        7
        7
        7
        7
        7
        7
        7
        7
        7
        7
        7
        7
        7
        7
        7
        7
        7
        7
        7
        7
        7
        7
        7
        7
        7
        7
        7
        7
        7
        7
        7
        7
        7
        7
        7
        7
        7
        7
        7
        7
        7
        7
        7
        7
        7
        7
        7
        7
        7
        7
        7
        7
        7
        7
        7
        7
        7
        7
        7
        7
        7
        7
        7
        7
        7
        7
        7
        7
        7
        7
        7
        7
        7
        7
        7
        7
        7
        7
        7
        7
        7
        7
        7
        7
        7
        7
        7
        7
        7
        7
        7
        7
        7
        7
        7
        7
        7
        7
        7
        7
        7
        7
        7
        7
        7
        7
        7
        7
        7
        7
        7
        7
        7
        7
        7
        7
        7
        7
        7
        7
        7
        7
        7
        7
        7
        7
        7
        7
        7
        7
        7
        7
        7
        7
        7
        7
        7
        7
        7
        7
        7
        7
        7
        7
        7
        7
        7
        7
        7
        7
        7
        7
        7
        7
        7
        7
        7
        7
        7
        7
        7
        7
        7
        7
        7
        7
        7
        7
        7
        7
        7
        7
        7
        7
        7
        7
        7
        7
        7
        7
        7
        7
        7
        7
        7
        7
        7
        7
        7
        7
        7
        7
        7
        7
        7
        7
        7
        7
        7
        7
        7
        7
        7
        7
        7
        7
        7
        7
        7
        7
        7
        7
        7
        7
        7
        7
        7
        7
        7
        7
        7
        7
        7
        7
        7
        7
        7
        7
        7
        7
        7
        7
        7
        7
        7
        7
        7
        7
        7
        7
        7
        7
        7
        7
        7
        7
        7
        7
        7
        7
        7
        7
        7
        7
        7
        7
        7
        7
        7
        7
        7
        7
        7
        7
        7
        7
        7
        7
        7
        7
        7
        7
        7
        7
        7
        7
        7
        7
        7
        7
        7
        7
        7
        7
        7
        7
        7
        7
        7
        7
        7
        7
        7
        7
        7
        7
        7
        7
        7
        7
        7
        7
        7
        7
        7
        7
        7
        7
        7
        7
        7
        7
        7
        7
        7
        7
        7
        7
        7
        7
        7
        7
        7
        7
        7
        7
        7
        7
        7
        7
        7
        7
        7
        7
        7
        7
        7
        7
        7
        7
        7
        7
        7
        7
        7
        7
        7
        7
        7
        7
        7
        7
        7
        7
        7
        7
        7
        7
        7
        7
        7
        7
        7
        7
        7
        7
        7
        7
        7
        7
        7
        7
        7
        7
        7
        7
        7
        7
        7
        7
        7
        7
        7
        7
        7
        7
        7
        7
        7
        7
        7
        7
        7
        7
        7
        7
        7
        7
        7
        7
        7
        7
        7
        7
        7
        7
        7
        7
        7
        7
        7
        7
        7
        7
        7
        7
        7
        7
        7
        7
        7
        7
        7
        7
        7
        7
        7
        7
        7
        7
        7
        7
        7
        7
        7
        7
        7
        7
        7
        7
        7
        7
        7
        7
        7
        7
        7
        7
        7
        7
        7
        7
        7
        7
        7
        7
        7
        7
        7
        7
        7
        7
        7
        7
        7
        7
        7
        7
        7
        7
        7
        7
        7
        7
        7
        7
        7
        7
        7
        7
        7
        7
        7
        7
        7
        7
        7
        7
        7
        7
        7
        7
        7
        7
        7
        7
        7
        7
        7
        7
        7
        7
        7
        7
        7
        7
        7
        7
        7
        7
        7
        7
        7
        7
        7
        7
        7
        7
        7
        7
        7
        7
        7
        7
        7
        7
        7
        7
        7
        7
        7
        7
        7
        7
        7
        7
        7
        7
        7
        7
        7
        7
        7
        7
        7
        7
        7
        7
        7
        7
        7
        7
        7
        7
        7
        7
        7
        7
        7
        7
        7
        7
        7
        7
        7
        7
        7
        7
        7
        7
        7
        7
        7
        7
        7
        7
        7
        7
        7
        7
        7
        7
        7
        7
        7
        7
        7
        7
        7
        7
        7
        7
        7
        7
        7
        7
        7
        7
        7
        7
        7
        7
        7
        7
        7
        7
        7
        7
        7
        7
        7
        7
        7
        7
        7
        7
        7
        7
        7
        7
        7
        7
        7
        7
        7
        7
        7
        7
        7
        7
        7
        7
        7
        7
        7
        7
        7
        7
        7
        7
        7
        7
        7
        7
        7
        7
        7
        7
        7
        7
        7
        7
        7
        7
        7
        7
        7
        7
        7
        7
        7
        7
        7
        7
        7
        7
        7
        7
        7
        7
        7
        7
        7
        7
        7
        7
        7
        7
        7
        7
        7
        7
        7
        7
        7
        7
        7
        7
        7
        7
        7
        7
        7
        7
        7
        7
        7
        7
        7
        7
        7
        7
        7
        7
        7
        7
        7
        7
        7
        7
        7
        7
        7
        7
        7
        7
        7
        7
        7
        7
        7
        7
        7
        7
        7
        7
        7
        7
        7
        7
        7
        7
        7
        7
        7
        7
        7
        7
        7
        7
        7
        7
        7
        7
        7
        7
        7
        7
        7
        7
        7
        7
        7
        7
        7
        7
        7
        7
        7
        7
        7
        7
        7
        7
        7
        7
        7
        7
        7
        7
        7
        7
        7
        7
        7
        7
        7
        7
        7
        7
        7
        7
        7
        7
        7
        7
        7
        7
        7
        7
        7
        7
        7
        7
        7
        7
        7
        7
        7
        7
        7
        7
        7
        7
        7
        7
        7
        7
        7
        7
        7
        7
        7
        7
        7
        7
        7
        7
        7
        7
        7
        7
        7
        7
        7
        7
        7
        7
        7
        7
        7
        7
        7
        7
        7
        7
        7
        7
        7
        7
        7
        7
        7
        7
        7
        7
        7
        7
        7
        7
        7
        7
        7
        7
        7
        7
        7
        7
        7
        7
        7
        7
        7
        7
        7
        7
        7
        7
        7
        7
        7
        7
        7
        7
        7
        7
        7
        7
        7
        7
        7
        7
        7
        7
        7
        7
        7
        7
        7
        7
        7
        7
        7
        7
        7
        7
        7
        7
        7
        7
        7
        7
        7
        7
        7
        7
        7
        7
        7
        7
        7
        7
        7
        7
        7
        7
        7
        7
        7
        7
        7
        7
        7
        7
        7
        7
        7
        7
        7
        7
        7
        7
        7
        7
        7
        7
        7
        7
        7
        7
        7
        7
        7
        7
        8
        8
        8
        8
        8
        8
        8
        8
        8
        8
        8
        8
        8
        8
        8
        8
        8
        8
        8
        8
        8
        8
        8
        8
        8
        8
        8
        8
        8
        8
        8
        8
        8
        8
        8
        8
        8
        8
        8
        8
        8
        8
        8
        8
        8
        8
        8
        8
        8
        8
        8
        8
        8
        8
        8
        8
        8
        8
        8
        8
        8
        8
        8
        8
        8
        8
        8
        8
        8
        8
        8
        8
        8
        8
        8
        8
        8
        8
        8
        8
        8
        8
        8
        8
        8
        8
        8
        8
        8
        8
        8
        8
        8
        8
        8
        8
        8
        8
        8
        8
        8
        8
        8
        8
        8
        8
        8
        8
        8
        8
        8
        8
        8
        8
        8
        8
        8
        8
        8
        8
        8
        8
        8
        8
        8
        8
        8
        8
        8
        8
        8
        8
        8
        8
        8
        8
        8
        8
        8
        8
        8
        8
        8
        8
        8
        8
        8
        8
        8
        8
        8
        8
        8
        8
        8
        8
        8
        8
        8
        8
        8
        8
        8
        8
        8
        8
        8
        8
        8
        8
        8
        8
        8
        8
        8
        8
        8
        8
        8
        8
        8
        8
        8
        8
        8
        8
        8
        8
        8
        8
        8
        8
        8
        8
        8
        8
        8
        8
        8
        8
        8
        8
        8
        8
        8
        8
        8
        8
        8
        8
        8
        8
        8
        8
        8
        8
        8
        8
        8
        8
        8
        8
        8
        8
        8
        8
        8
        8
        8
        8
        8
        8
        8
        8
        8
        8
        8
        8
        8
        8
        8
        8
        8
        8
        8
        8
        8
        8
        8
        8
        8
        8
        8
        8
        8
        8
        8
        8
        8
        8
        8
        8
        8
        8
        8
        8
        8
        8
        8
        8
        8
        8
        8
        8
        8
        8
        8
        8
        8
        8
        8
        8
        8
        8
        8
        8
        8
        8
        8
        8
        8
        8
        8
        8
        8
        8
        8
        8
        8
        8
        8
        8
        8
        8
        8
        8
        8
        8
        8
        8
        8
        8
        8
        8
        8
        8
        8
        8
        8
        8
        8
        8
        8
        8
        8
        8
        8
        8
        8
        8
        8
        8
        8
        8
        8
        8
        8
        8
        8
        8
        8
        8
        8
        8
        8
        8
        8
        8
        8
        8
        8
        8
        8
        8
        8
        8
        8
        8
        8
        8
        8
        8
        8
        8
        8
        8
        8
        8
        8
        8
        8
        8
        8
        8
        8
        8
        8
        8
        8
        8
        8
        8
        8
        8
        8
        8
        8
        8
        8
        8
        8
        8
        8
        8
        8
        8
        8
        8
        8
        8
        8
        8
        8
        8
        8
        8
        8
        8
        8
        8
        8
        8
        8
        8
        8
        8
        8
        8
        8
        8
        8
        8
        8
        8
        8
        8
        8
        8
        8
        8
        8
        8
        8
        8
        8
        8
        8
        8
        8
        8
        8
        8
        8
        8
        8
        8
        8
        8
        8
        8
        8
        8
        8
        8
        8
        8
        8
        8
        8
        8
        8
        8
        8
        8
        8
        8
        8
        8
        8
        8
        8
        8
        8
        8
        8
        8
        8
        8
        8
        8
        8
        8
        8
        8
        8
        8
        8
        8
        8
        8
        8
        8
        8
        8
        8
        8
        8
        8
        8
        8
        8
        8
        8
        8
        8
        8
        8
        8
        8
        8
        8
        8
        8
        8
        8
        8
        8
        8
        8
        8
        8
        8
        8
        8
        8
        8
        8
        8
        8
        8
        8
        8
        8
        8
        8
        8
        8
        8
        8
        8
        8
        8
        8
        8
        8
        8
        8
        8
        8
        8
        8
        8
        8
        8
        8
        8
        8
        8
        8
        8
        8
        8
        8
        8
        8
        8
        8
        8
        8
        8
        8
        8
        8
        8
        8
        8
        8
        8
        8
        8
        8
        8
        8
        8
        8
        8
        8
        8
        8
        8
        8
        8
        8
        8
        8
        8
        8
        8
        8
        8
        8
        8
        8
        8
