$..
$----------------------------------------
$..
$..          BULK DATA CARDS
$..
BEGIN BULK
$..
$----------------------------------------
$..
$..          NODES
$..
GRID*                  1                  3624.242199294 -2054.782376427       1
*      1  3978.534273051
GRID*                  2                  3703.447784717 -2083.610851909       2
*      2  4296.629280192
GRID*                  3                  3908.101220176 -1806.228545601       3
*      3  4270.809364872
GRID*                  4                  3828.895634753 -1777.400070120       4
*      4  3952.714357731
GRID*                  5                  3683.418252167 -2076.320698254       5
*      5  4333.312675421
GRID*                  6                  3888.071687626 -1798.938391947       6
*      6  4307.492760101
GRID*                  7                  3897.810682520 -1418.687067242       7
*      7  3968.064150076
GRID*                  8                  3977.016281386 -1447.515613034       8
*      8  4286.159147360
GRID*                  9                  3664.798173032 -2057.369106408       9
*      9  4319.379627674
GRID*                 10                  3864.178769087 -1788.339586503      10
*     10  4292.632010168
GRID*                 11                  3956.986756641 -1440.225396803      11
*     11  4322.842561174
GRID*                 12                  4075.594966814 -1099.599225888      12
*     12  3952.714357731
GRID*                 13                  4166.594511893 -1132.720351628      13
*     13  4318.174707364
GRID*                 14                  3988.810401772 -1451.808050775      14
*     14  4333.524469159
GRID*                 15                  3927.377549104 -1429.448526599      15
*     15  4311.341728994
GRID*                 16                  3950.660800683 -1437.922937131      16
*     16  4320.298357037
GRID*                 17                  3826.987423751 -1392.909509157      17
*     17  3683.632597752
GRID*                 18                  4004.771472321 -1073.821582006      18
*     18  3668.282396702
GRID*                 19                  4097.119249456  -755.563358928      19
*     19  3978.534273051
GRID*                 20                  4188.118794535  -788.684484669      20
*     20  4343.994622684
GRID*                 21                  3775.667576817 -1374.230591232      21
*     21  3594.652428308
GRID*                 22                  3953.451842725 -1055.142764399      22
*     22  3579.302638379
GRID*                 23                  4026.295754963  -729.785715046      23
*     23  3694.102312021
GRID*                 24                  4181.274026166  -747.425690668      24
*     24  4349.438191361
GRID*                 25                  4093.192634109  -731.894564749      25
*     25  3981.657066863
GRID*                 26                  3745.821604251 -1363.367566814      26
*     26  3610.581207617
GRID*                 27                  3706.752510664 -1732.943608631      27
*     27  3579.302638379
GRID*                 28                  3758.072140260 -1751.622426237      28
*     28  3668.282396701
GRID*                 29                  4024.640291568  -719.806937169      29
*     29  3695.418883772
GRID*                 30                  4161.886764679  -744.007203292      30
*     30  4385.610831040
GRID*                 31                  4168.089261708  -781.394331082      31
*     31  4380.678017416
GRID*                 32                  3553.418704801 -2029.004732545      32
*     32  3694.102312022
GRID*                 33                  3502.099075205 -2010.325914938      33
*     33  3605.122553699
GRID*                 34                  3974.976129241  -711.106897597      34
*     34  3605.122554881
GRID*                 35                  4141.643607414  -783.943346041      35
*     35  4366.744975175
GRID*                 36                  4134.203784964  -739.125839626      36
*     36  4372.666925203
GRID*                 37                  3545.736311487 -2035.584808529      37
*     37  3695.418883772
GRID*                 38                  3948.997127527  -717.224216474      38
*     38  3618.821825963
GRID*                 39                  3947.185779855  -706.149616976      39
*     39  3620.332114239
GRID*                 40                  4146.564979343 -1125.430197974      40
*     40  4354.858102593
GRID*                 41                  4121.449163755 -1118.191281071      41
*     41  4339.997347397
GRID*                 42                  3477.662347237 -1996.282286999      42
*     42  3620.411464157
GRID*                 43                  3486.130182706 -1988.940826902      43
*     43  3618.821914342
GRID*                 44                  3579.166647733 -2054.885822159      44
*     44  3989.748700146
GRID*                 45                  3519.666123583 -2020.533178524      45
*     45  3707.230204264
GRID*                 46                  3644.298343981 -2092.489624868      46
*     46  4299.004949435
GRID*                 47                  3632.041454242 -2085.413104334      47
*     47  4325.010434017
GRID*                 48                  3656.389999417 -2099.470761816      48
*     48  4337.944659062
GRID*                 49                  3673.438860788 -2109.313909744      49
*     49  4301.772065770
GRID*                 50                  3606.020229793 -2070.389744990      50
*     50  3981.657066863
GRID*                 51                  3683.464416581 -1721.898976346      51
*     51  3594.890865252
GRID*                 52                  3939.171511975 -1433.741178075      52
*     52  4358.707068050
GRID*                 53                  3968.780683597 -1444.518048402      53
*     53  4370.207897334
GRID*                 54                  3928.512688479 -1048.634140184      54
*     54  3594.890703552
GRID*                 55                  3994.994367736  -714.579560929      55
*     55  3707.230204327
GRID*                 56                  4062.655867297  -726.510108857      56
*     56  3989.748700146
GRID*                 57                  4148.136657269  -741.582676081      57
*     57  4346.671093204
GRID*                 58                  3953.630668785 -1439.003880720      58
*     58  4332.225572956
GRID*                 59                  3627.253331624 -2055.878338967      59
*     59  3990.627184872
GRID*                 60                  3630.264462979 -2056.974301151      60
*     60  4002.720092773
GRID*                 61                  3634.781616211 -2058.618410471      61
*     61  4020.861286754
GRID*                 62                  3639.993032866 -2060.515211012      62
*     62  4041.790689764
GRID*                 63                  3645.204449520 -2062.412011553      63
*     63  4062.720092773
GRID*                 64                  3650.184445034 -2064.224581686      64
*     64  4082.720092773
GRID*                 65                  3655.164440547 -2066.037151820      65
*     65  4102.720092773
GRID*                 66                  3660.144436061 -2067.849721954      66
*     66  4122.720092773
GRID*                 67                  3665.124431575 -2069.662292088      67
*     67  4142.720092773
GRID*                 68                  3670.104427088 -2071.474862221      68
*     68  4162.720092773
GRID*                 69                  3675.084422602 -2073.287432355      69
*     69  4182.720092773
GRID*                 70                  3680.064418115 -2075.100002489      70
*     70  4202.720092773
GRID*                 71                  3685.044413629 -2076.912572623      71
*     71  4222.720092773
GRID*                 72                  3689.787438679 -2078.638892561      72
*     72  4241.768403308
GRID*                 73                  3694.388281451 -2080.313462383      73
*     73  4260.245700162
GRID*                 74                  3698.918033084 -2081.962157146      74
*     74  4278.437490177
GRID*                 75                  3901.474039659 -1817.727300858      75
*     75  4271.417416317
GRID*                 76                  3893.579763128 -1831.228070572      76
*     76  4272.159534804
GRID*                 77                  3884.882443905 -1845.854892700      77
*     77  4272.999558293
GRID*                 78                  3874.218173447 -1863.435060385      78
*     78  4274.061694900
GRID*                 79                  3864.488543069 -1879.131942869      79
*     79  4275.061785662
GRID*                 80                  3854.609670835 -1894.732272874      80
*     80  4276.107788020
GRID*                 81                  3844.884485797 -1909.753855954      81
*     81  4277.167973271
GRID*                 82                  3834.977178863 -1924.708409184      82
*     82  4278.279581647
GRID*                 83                  3824.943046421 -1939.488886333      83
*     83  4279.438545802
GRID*                 84                  3815.779822015 -1952.657671373      84
*     84  4280.526719301
GRID*                 85                  3806.464331957 -1965.714920326      85
*     85  4281.662915262
GRID*                 86                  3798.016875893 -1977.259159458      86
*     86  4282.720092773
GRID*                 87                  3786.533894400 -1992.483685758      87
*     87  4284.199576506
GRID*                 88                  3775.045886186 -2007.151940738      88
*     88  4285.730725929
GRID*                 89                  3765.217597151 -2019.231729751      89
*     89  4287.083194455
GRID*                 90                  3755.164519489 -2031.116472121      90
*     90  4288.509312085
GRID*                 91                  3745.009539415 -2042.611253136      91
*     91  4289.996145007
GRID*                 92                  3734.634665976 -2053.793616194      92
*     92  4291.566045301
GRID*                 93                  3723.957009953 -2064.671875000      93
*     93  4293.238898904
GRID*                 94                  3713.864559366 -2074.327188018      94
*     94  4294.876870236
GRID*                 95                  3831.541972090 -1778.363258140      95
*     95  3963.342228099
GRID*                 96                  3834.188308010 -1779.326445645      96
*     96  3973.970092773
GRID*                 97                  3837.612054926 -1780.572587612      97
*     97  3987.720092773
GRID*                 98                  3841.743327414 -1782.076247827      98
*     98  4004.311563497
GRID*                 99                  3845.874599903 -1783.579908043      99
*     99  4020.903034220
GRID*                100                  3848.874754460 -1784.671875000     100
*    100  4032.951858560
GRID*                101                  3851.828185336 -1785.746835928     101
*    101  4044.813037419
GRID*                102                  3854.971454785 -1786.890892445     102
*    102  4057.436620877
GRID*                103                  3858.114724234 -1788.034948963     103
*    103  4070.060204335
GRID*                104                  3861.267033616 -1789.182295747     104
*    104  4082.720092773
GRID*                105                  3865.446354197 -1790.703444038     105
*    105  4099.504527899
GRID*                106                  3869.625674778 -1792.224592329     106
*    106  4116.288963025
GRID*                107                  3873.360671413 -1793.584019930     107
*    107  4131.288963025
GRID*                108                  3876.207020157 -1794.620006148     108
*    108  4142.720092773
GRID*                109                  3881.187015670 -1796.432576282     109
*    109  4162.720092773
GRID*                110                  3886.167011184 -1798.245146416     110
*    110  4182.720092773
GRID*                111                  3891.147006697 -1800.057716550     111
*    111  4202.720092773
GRID*                112                  3894.471919527 -1801.267885851     112
*    112  4216.073168375
GRID*                113                  3897.789458626 -1802.475371334     113
*    113  4229.396630574
GRID*                114                  3901.106997725 -1803.682856817     114
*    114  4242.720092773
GRID*                115                  3903.462523106 -1804.540197942     115
*    115  4252.180042588
GRID*                116                  3905.781870606 -1805.384371395     116
*    116  4261.494699573
GRID*                117                  3823.863052983 -1786.145816403     117
*    117  3953.174855537
GRID*                118                  3817.073385022 -1797.807445238     118
*    118  3953.808605330
GRID*                119                  3809.630103702 -1810.410156373     119
*    119  3954.519815819
GRID*                120                  3802.103024432 -1822.961509376     120
*    120  3955.256546489
GRID*                121                  3794.781616211 -1834.983010081     121
*    121  3955.990084836
GRID*                122                  3785.825117897 -1849.437438804     122
*    122  3956.910267617
GRID*                123                  3776.743628084 -1863.808501127     123
*    123  3957.869128626
GRID*                124                  3767.322892248 -1878.409688805     124
*    124  3958.891605900
GRID*                125                  3757.757017751 -1892.911522224     125
*    125  3959.959226997
GRID*                126                  3746.969846899 -1908.865178947     126
*    126  3961.199374035
GRID*                127                  3735.980203041 -1924.671875000     127
*    127  3962.503255631
GRID*                128                  3724.761834446 -1940.328443571     128
*    128  3963.877695466
GRID*                129                  3713.303145360 -1955.802079708     129
*    129  3965.328553942
GRID*                130                  3704.130766802 -1967.795669828     130
*    130  3966.525512982
GRID*                131                  3694.396629843 -1980.125525826     131
*    131  3967.831874465
GRID*                132                  3683.385875351 -1993.554854251     132
*    132  3969.356469883
GRID*                133                  3669.615211074 -2009.530660236     133
*    133  3971.337498759
GRID*                134                  3653.643935291 -2026.829448573     134
*    134  3973.746579492
GRID*                135                  3636.634488549 -2043.658614034     135
*    135  3976.456725780
GRID*                136                  3698.958873566 -2081.977021865     136
*    136  4304.850565224
GRID*                137                  3693.976986226 -2080.163763163     137
*    137  4313.974719370
GRID*                138                  3688.995098961 -2078.350504488     138
*    138  4323.098873561
GRID*                139                  3880.635879464 -1811.829878274     139
*    139  4308.175938511
GRID*                140                  3873.117454230 -1824.671875000     140
*    140  4308.884173721
GRID*                141                  3864.012433957 -1839.964471567     141
*    141  4309.765376537
GRID*                142                  3854.886124059 -1855.007069342     142
*    142  4310.674537481
GRID*                143                  3845.631047984 -1869.968331577     143
*    143  4311.623132493
GRID*                144                  3836.037354625 -1885.162457466     144
*    144  4312.634939047
GRID*                145                  3825.659713199 -1901.233438775     145
*    145  4313.762480398
GRID*                146                  3815.391730106 -1916.755552632     146
*    146  4314.912459885
GRID*                147                  3808.005549979 -1927.683811512     147
*    147  4315.761205297
GRID*                148                  3799.710905816 -1939.714612369     148
*    148  4316.736236028
GRID*                149                  3790.872736920 -1952.246377712     149
*    149  4317.801201799
GRID*                150                  3781.889538132 -1964.671875000     150
*    150  4318.911911593
GRID*                151                  3772.957594346 -1976.705143091     151
*    151  4320.045408883
GRID*                152                  3763.614612316 -1988.937340509     152
*    152  4321.263229275
GRID*                153                  3753.571844263 -2001.664877430     153
*    153  4322.610405852
GRID*                154                  3733.760271487 -2025.413052853     154
*    154  4325.391217194
GRID*                155                  3717.931817742 -2042.981760761     155
*    155  4327.740262329
GRID*                156                  3700.283955101 -2060.939792551     156
*    156  4330.507067685
GRID*                157                  3901.574679157 -1803.853078938     157
*    157  4282.762486624
GRID*                158                  3895.048145255 -1801.477614864     158
*    158  4294.715612643
GRID*                159                  3899.873062188 -1432.405943174     159
*    159  3966.307296762
GRID*                160                  3901.011664858 -1446.258090902     160
*    160  3964.768385490
GRID*                161                  3901.323132769 -1468.003315981     161
*    161  3962.720092773
GRID*                162                  3900.494020336 -1486.355224841     162
*    162  3961.263335488
GRID*                163                  3898.788140981 -1505.544685915     163
*    163  3959.948986864
GRID*                164                  3896.389436182 -1524.671875000     164
*    164  3958.812795237
GRID*                165                  3894.781616211 -1535.407235648     165
*    165  3958.240212345
GRID*                166                  3893.258915430 -1544.671875000     166
*    166  3957.779724068
GRID*                167                  3889.586424196 -1564.671875000     167
*    167  3956.881603428
GRID*                168                  3885.435419634 -1584.712980073     168
*    168  3956.098907207
GRID*                169                  3880.874151814 -1604.732461216     169
*    169  3955.420326191
GRID*                170                  3876.276827789 -1623.436530161     170
*    170  3954.869937004
GRID*                171                  3873.369422119 -1634.680996245     171
*    171  3954.574811194
GRID*                172                  3870.017537114 -1647.185309908     172
*    172  3954.276182534
GRID*                173                  3864.665566874 -1666.301203654     173
*    173  3953.876377019
GRID*                174                  3859.075362957 -1685.350063584     174
*    174  3953.541966811
GRID*                175                  3853.159618967 -1704.671875000     175
*    175  3953.263878822
GRID*                176                  3846.790889216 -1724.671875000     176
*    176  3953.037120968
GRID*                177                  3840.185707614 -1744.671875000     177
*    177  3952.869239572
GRID*                178                  3834.781616211 -1760.548129858     178
*    178  3952.776015849
GRID*                179                  3914.781616211 -1787.068081981     179
*    179  4270.882432107
GRID*                180                  3922.335363378 -1764.671875000     180
*    180  4271.031285921
GRID*                181                  3928.837670119 -1744.671875000     181
*    181  4271.224783487
GRID*                182                  3935.087349555 -1724.706362670     182
*    182  4271.478059571
GRID*                183                  3941.101819399 -1704.671875000     183
*    183  4271.796153833
GRID*                184                  3946.832251273 -1684.671875000     184
*    184  4272.181847823
GRID*                185                  3952.268591401 -1664.671875000     185
*    185  4272.640770501
GRID*                186                  3955.478702230 -1652.279616668     186
*    186  4272.964545462
GRID*                187                  3958.565734871 -1639.861361222     187
*    187  4273.321322916
GRID*                188                  3962.886145925 -1621.449256211     188
*    188  4273.914202987
GRID*                189                  3966.886059542 -1602.967807681     189
*    189  4274.593171309
GRID*                190                  3970.573834146 -1584.136653725     190
*    190  4275.381555426
GRID*                191                  3973.918239224 -1564.671875000     191
*    191  4276.312862926
GRID*                192                  3976.652188828 -1545.677862118     192
*    192  4277.353508907
GRID*                193                  3978.756503729 -1526.820472106     193
*    193  4278.538551882
GRID*                194                  3980.131808092 -1507.908551419     194
*    194  4279.910060387
GRID*                195                  3980.598894329 -1489.670981125     195
*    195  4281.446599683
GRID*                196                  3980.194209551 -1474.657740896     196
*    196  4282.907993600
GRID*                197                  3979.054303301 -1461.021420668     197
*    197  4284.427669323
GRID*                198                  3902.291677175 -1420.318015917     198
*    198  3986.060128759
GRID*                199                  3906.772671831 -1421.948964591     199
*    199  4004.056107443
GRID*                200                  3911.419999991 -1423.640453710     200
*    200  4022.720092773
GRID*                201                  3914.750401803 -1424.852620838     201
*    201  4036.095212500
GRID*                202                  3918.080803615 -1426.064787966     202
*    202  4049.470332227
GRID*                203                  3921.379991019 -1427.265593978     203
*    203  4062.720092773
GRID*                204                  3926.359986532 -1429.078164112     204
*    204  4082.720092773
GRID*                205                  3931.339982046 -1430.890734245     205
*    205  4102.720092773
GRID*                206                  3936.319977559 -1432.703304379     206
*    206  4122.720092773
GRID*                207                  3941.299973073 -1434.515874513     207
*    207  4142.720092773
GRID*                208                  3946.279968587 -1436.328444647     208
*    208  4162.720092773
GRID*                209                  3950.713085324 -1437.941967184     209
*    209  4180.523790489
GRID*                210                  3955.146202062 -1439.555489721     210
*    210  4198.327488205
GRID*                211                  3960.946515740 -1441.666631250     211
*    211  4221.621941631
GRID*                212                  3966.199950641 -1443.578725181     212
*    212  4242.720092773
GRID*                213                  3969.096218144 -1444.632880343     213
*    213  4254.351699650
GRID*                214                  3971.992485647 -1445.687035505     214
*    214  4265.983306526
GRID*                215                  3974.781616211 -1446.702196009     215
*    215  4277.184644182
GRID*                216                  3674.781616211 -2067.530285448     216
*    216  4326.850087361
GRID*                217                  3678.837347202 -2044.935250890     217
*    217  4316.668193760
GRID*                218                  3691.304077583 -2032.760103234     218
*    218  4314.443631719
GRID*                219                  3703.231467556 -2020.210049430     219
*    219  4312.445663823
GRID*                220                  3714.781616211 -2007.287423896     220
*    220  4310.613464084
GRID*                221                  3724.325586816 -1996.079185107     221
*    221  4309.165837931
GRID*                222                  3734.446086433 -1983.702606035     222
*    222  4307.689190087
GRID*                223                  3744.722644724 -1970.646028862     223
*    223  4306.245666309
GRID*                224                  3754.781616211 -1957.412478388     224
*    224  4304.882852589
GRID*                225                  3764.171643608 -1944.671875000     225
*    225  4303.652404024
GRID*                226                  3774.781616211 -1929.843864686     226
*    226  4302.307695033
GRID*                227                  3784.751552868 -1915.506937803     227
*    227  4301.085816516
GRID*                228                  3794.541679351 -1901.059747010     228
*    228  4299.923412920
GRID*                229                  3805.366013711 -1884.671875000     229
*    229  4298.679688499
GRID*                230                  3818.211689145 -1864.671875000     230
*    230  4297.258176955
GRID*                231                  3827.185775151 -1850.350632129     231
*    231  4296.299173721
GRID*                232                  3835.576631090 -1836.703530853     232
*    232  4295.427322647
GRID*                233                  3843.857483792 -1822.993946177     233
*    233  4294.590105559
GRID*                234                  3854.781616211 -1804.543086818     234
*    234  4293.520539013
GRID*                235                  3880.848915740 -1795.734374598     235
*    235  4302.999654053
GRID*                236                  3874.781616211 -1793.042940029     236
*    236  4299.225829168
GRID*                237                  3958.861773201 -1452.352722182     237
*    237  4321.276575201
GRID*                238                  3959.997757450 -1464.592433943     238
*    238  4319.884464346
GRID*                239                  3960.565874877 -1484.312441424     239
*    239  4317.955826975
GRID*                240                  3959.932085842 -1503.748681351     240
*    240  4316.352088074
GRID*                241                  3958.375374147 -1523.150781792     241
*    241  4314.981341826
GRID*                242                  3956.121987014 -1542.185374601     242
*    242  4313.817394168
GRID*                243                  3954.311150614 -1554.681600023     243
*    243  4313.135798290
GRID*                244                  3951.718142603 -1570.341119739     244
*    244  4312.362266039
GRID*                245                  3948.231708078 -1588.898258000     245
*    245  4311.548557836
GRID*                246                  3944.363932916 -1607.384306571     246
*    246  4310.836264439
GRID*                247                  3940.097786640 -1626.070291270     247
*    247  4310.205052461
GRID*                248                  3935.389578032 -1645.224066532     248
*    248  4309.641514049
GRID*                249                  3930.214132891 -1664.964138969     249
*    249  4309.141177010
GRID*                250                  3924.726742681 -1684.742458889     250
*    250  4308.715050302
GRID*                251                  3918.914534951 -1704.671875000     251
*    251  4308.356119796
GRID*                252                  3915.894543478 -1714.680727466     252
*    252  4308.201015839
GRID*                253                  3912.815371545 -1724.671875000     253
*    253  4308.062250422
GRID*                254                  3906.465350001 -1744.671875000     254
*    254  4307.830835695
GRID*                255                  3899.877931678 -1764.671875000     255
*    255  4307.658531241
GRID*                256                  3894.781616211 -1779.691945672     256
*    256  4307.566266074
GRID*                257                  3967.001499359 -1443.870465056     257
*    257  4304.500835866
GRID*                258                  3914.093311348 -1403.699754925     258
*    258  3965.368056885
GRID*                259                  3925.073750442 -1391.722127979     259
*    259  3963.719444458
GRID*                260                  3935.932301598 -1378.448645509     260
*    260  3962.218623550
GRID*                261                  3945.364531968 -1365.807502072     261
*    261  3961.015648256
GRID*                262                  3953.933719873 -1353.459278004     262
*    262  3960.001023498
GRID*                263                  3959.718795598 -1344.671875000     263
*    263  3959.356930152
GRID*                264                  3967.786111197 -1331.827319332     264
*    264  3958.512253277
GRID*                265                  3976.658076942 -1316.927976303     265
*    265  3957.653441006
GRID*                266                  3985.413430902 -1301.450864825     266
*    266  3956.876027335
GRID*                267                  3995.084763579 -1283.483128071     267
*    267  3956.096256818
GRID*                268                  4004.598040749 -1264.934846428     268
*    268  3955.408456004
GRID*                269                  4014.064466761 -1245.630531623     269
*    269  3954.800839273
GRID*                270                  4023.092726939 -1226.439439646     270
*    270  3954.292064522
GRID*                271                  4031.166594322 -1208.633934173     271
*    271  3953.895359727
GRID*                272                  4036.947223046 -1195.512274414     272
*    272  3953.645180900
GRID*                273                  4042.615717336 -1182.341205030     273
*    273  3953.427401443
GRID*                274                  4048.274642087 -1168.890236128     274
*    274  3953.237371675
GRID*                275                  4054.400943031 -1153.984981598     275
*    275  3953.062765074
GRID*                276                  4058.155554249 -1144.671875000     276
*    276  3952.971900666
GRID*                277                  4065.661300788 -1125.643015713     277
*    277  3952.827528563
GRID*                278                  4072.983424934 -1106.542421591     278
*    278  3952.735379615
GRID*                279                  4078.086392595 -1100.506030713     279
*    279  3962.720092773
GRID*                280                  4083.066388109 -1102.318600847     280
*    280  3982.720092773
GRID*                281                  4089.531955707 -1104.671875000     281
*    281  4008.686251099
GRID*                282                  4092.743570934 -1105.840807347     282
*    282  4021.584315840
GRID*                283                  4095.813782061 -1106.958272810     283
*    283  4033.914492114
GRID*                284                  4098.883993187 -1108.075738273     284
*    284  4046.244668389
GRID*                285                  4103.534881749 -1109.768523272     285
*    285  4064.922952533
GRID*                286                  4108.185770311 -1111.461308271     286
*    286  4083.601236677
GRID*                287                  4112.650291489 -1113.086261090     287
*    287  4101.531056756
GRID*                288                  4115.747137851 -1114.213420987     288
*    288  4113.968201947
GRID*                289                  4118.843984214 -1115.340580883     289
*    289  4126.405347139
GRID*                290                  4123.365165973 -1116.986156466     290
*    290  4144.562719956
GRID*                291                  4127.886347731 -1118.631732050     291
*    291  4162.720092773
GRID*                292                  4131.543531936 -1119.962838242     292
*    292  4177.407592773
GRID*                293                  4135.200716142 -1121.293944434     293
*    293  4192.095092773
GRID*                294                  4137.846338758 -1122.256872318     294
*    294  4202.720092773
GRID*                295                  4141.581335394 -1123.616299918     295
*    295  4217.720092773
GRID*                296                  4145.316332029 -1124.975727518     296
*    296  4232.720092773
GRID*                297                  4149.051328664 -1126.335155119     297
*    297  4247.720092773
GRID*                298                  4152.599781262 -1127.626686242     298
*    298  4261.970919257
GRID*                299                  4155.681873765 -1128.748476172     299
*    299  4274.348811948
GRID*                300                  4158.763966269 -1129.870266103     300
*    300  4286.726704639
GRID*                301                  4162.679239081 -1131.295308866     301
*    301  4302.450706002
GRID*                302                  3997.019831737 -1444.671875000     302
*    302  4332.127063964
GRID*                303                  4014.781616211 -1426.328654304     303
*    303  4329.366802362
GRID*                304                  4025.338318829 -1413.604584035     304
*    304  4327.891349362
GRID*                305                  4034.837574668 -1401.042900689     305
*    305  4326.664483543
GRID*                306                  4043.370672266 -1388.892130435     306
*    306  4325.640950514
GRID*                307                  4051.553873980 -1376.494360408     307
*    307  4324.726926751
GRID*                308                  4058.954813711 -1364.671875000     308
*    308  4323.955548878
GRID*                309                  4067.004280862 -1351.173466877     309
*    309  4323.174574254
GRID*                310                  4074.781616211 -1337.513165935     310
*    310  4322.476032499
GRID*                311                  4082.999499847 -1322.433447127     311
*    311  4321.796434054
GRID*                312                  4090.957325901 -1307.210540436     312
*    312  4321.194566747
GRID*                313                  4097.274983704 -1294.696679812     313
*    313  4320.755584062
GRID*                314                  4102.204279164 -1284.671875000     314
*    314  4320.436723795
GRID*                315                  4109.025602601 -1270.424173829     315
*    315  4320.029463743
GRID*                316                  4115.860238579 -1255.713539437     316
*    316  4319.660843714
GRID*                317                  4122.534448613 -1240.928325504     317
*    317  4319.338928629
GRID*                318                  4129.226260404 -1225.686780915     318
*    318  4319.053987158
GRID*                319                  4134.781616211 -1212.714739693     319
*    319  4318.846341230
GRID*                320                  4140.640778665 -1198.717509647     320
*    320  4318.655958761
GRID*                321                  4147.603943329 -1181.657066488     321
*    321  4318.468294288
GRID*                322                  4154.281231157 -1164.856836121     322
*    322  4318.328230416
GRID*                323                  4160.812819172 -1147.999136218     323
*    323  4318.229654259
GRID*                324                  3981.139937182 -1449.016435583     324
*    324  4302.720092773
GRID*                325                  3984.975082383 -1450.412314280     325
*    325  4318.122296209
GRID*                326                  3868.199944214 -1777.203053743     326
*    326  4292.466729427
GRID*                327                  3872.047686462 -1766.004353267     327
*    327  4292.524735088
GRID*                328                  3875.950155643 -1754.431369396     328
*    328  4292.603503256
GRID*                329                  3879.783043458 -1742.835301525     329
*    329  4292.702172752
GRID*                330                  3885.015370627 -1726.598314353     330
*    330  4292.874735598
GRID*                331                  3890.662019709 -1708.475503558     331
*    331  4293.116922295
GRID*                332                  3895.539007958 -1692.237779762     332
*    332  4293.380828021
GRID*                333                  3899.164027794 -1679.757823238     333
*    333  4293.615526867
GRID*                334                  3903.559601280 -1664.072623992     334
*    334  4293.952141269
GRID*                335                  3908.717329838 -1644.731737682     335
*    335  4294.435632755
GRID*                336                  3913.709932447 -1624.773759387     336
*    336  4295.021221000
GRID*                337                  3918.350623372 -1604.734253950     337
*    337  4295.708154289
GRID*                338                  3922.556247394 -1584.777168338     338
*    338  4296.504417915
GRID*                339                  3926.302957565 -1564.734664532     339
*    339  4297.435129873
GRID*                340                  3929.481880046 -1544.770850428     340
*    340  4298.517717577
GRID*                341                  3932.011215015 -1524.725989731     341
*    341  4299.797093058
GRID*                342                  3933.723890921 -1504.671875000     342
*    342  4301.325764720
GRID*                343                  3934.387929869 -1484.644216460     343
*    343  4303.191873339
GRID*                344                  3933.628357883 -1464.511373759     344
*    344  4305.575856114
GRID*                345                  3930.828670965 -1444.671875000     345
*    345  4308.764588922
GRID*                346                  3935.843410729 -1432.529848238     346
*    346  4314.575069439
GRID*                347                  3842.061272229 -1379.149488037     347
*    347  3681.125787826
GRID*                348                  3855.869703087 -1364.053751629     348
*    348  3679.055595510
GRID*                349                  3866.153102718 -1351.321539590     349
*    349  3677.648932352
GRID*                350                  3876.853318268 -1336.777652914     350
*    350  3676.302671247
GRID*                351                  3886.993298008 -1321.822826888     351
*    351  3675.133151340
GRID*                352                  3896.936116213 -1306.092975160     352
*    352  3674.082963831
GRID*                353                  3906.030759093 -1290.811885223     353
*    353  3673.203301121
GRID*                354                  3914.781616211 -1275.325927731     354
*    354  3672.427807814
GRID*                355                  3921.583553936 -1262.770652689     355
*    355  3671.871991878
GRID*                356                  3929.952913646 -1246.711541161     356
*    356  3671.243435612
GRID*                357                  3936.533831425 -1233.617191765     357
*    357  3670.791509358
GRID*                358                  3942.707697639 -1220.962668179     358
*    358  3670.401078304
GRID*                359                  3949.411605423 -1206.818325083     359
*    359  3670.013687351
GRID*                360                  3954.781616211 -1195.186241368     360
*    360  3669.730754371
GRID*                361                  3961.629011568 -1179.964342172     361
*    361  3669.405292921
GRID*                362                  3967.888572681 -1165.666252110     362
*    362  3669.142478892
GRID*                363                  3973.975152303 -1151.410741857     363
*    363  3668.918878515
GRID*                364                  3979.938988398 -1137.102940992     364
*    364  3668.730580454
GRID*                365                  3986.521562229 -1120.916157057     365
*    365  3668.558506517
GRID*                366                  3992.962357164 -1104.671875000     366
*    366  3668.426946385
GRID*                367                  3996.884920141 -1094.579179438     367
*    367  3668.364915692
GRID*                368                  4000.756735005 -1084.466827726     368
*    368  3668.317302475
GRID*                369                  4009.058961732 -1075.382100531     369
*    369  3685.501245189
GRID*                370                  4013.346450918 -1076.942618974     370
*    370  3702.720092773
GRID*                371                  4016.548645945 -1078.108122648     371
*    371  3715.580325350
GRID*                372                  4019.927543945 -1079.337940945     372
*    372  3729.150209062
GRID*                373                  4023.306441945 -1080.567759242     373
*    373  3742.720092773
GRID*                374                  4027.975187739 -1082.267043742     374
*    374  3761.470092773
GRID*                375                  4032.643933533 -1083.966328243     375
*    375  3780.220092773
GRID*                376                  4035.445181010 -1084.985898943     376
*    376  3791.470092773
GRID*                377                  4038.246428486 -1086.005469643     377
*    377  3802.720092773
GRID*                378                  4043.226424000 -1087.818039777     378
*    378  3822.720092773
GRID*                379                  4048.206419513 -1089.630609910     379
*    379  3842.720092773
GRID*                380                  4051.717717005 -1090.908617681     380
*    380  3856.821701831
GRID*                381                  4055.229014497 -1092.186625452     381
*    381  3870.923310888
GRID*                382                  4059.387110424 -1093.700048600     382
*    382  3887.622506360
GRID*                383                  4063.545206350 -1095.213471749     383
*    383  3904.321701831
GRID*                384                  4068.325801716 -1096.953466164     384
*    384  3923.520897302
GRID*                385                  4073.106397081 -1098.693460579     385
*    385  3942.720092773
GRID*                386                  3830.703732321 -1394.262134857     386
*    386  3698.558083189
GRID*                387                  3834.420166058 -1395.614806115     387
*    387  3713.483533330
GRID*                388                  3837.100260342 -1396.590280660     388
*    388  3724.246973887
GRID*                389                  3841.533306688 -1398.203777577     389
*    389  3742.050388908
GRID*                390                  3845.841804537 -1399.771942548     390
*    390  3759.353608707
GRID*                391                  3850.088028136 -1401.317441546     391
*    391  3776.406730895
GRID*                392                  3854.334251736 -1402.862940544     392
*    392  3793.459853082
GRID*                393                  3857.196637581 -1403.904763791     393
*    393  3804.955388923
GRID*                394                  3860.074393459 -1404.952181272     394
*    394  3816.512651856
GRID*                395                  3862.952149337 -1405.999598753     395
*    395  3828.069914790
GRID*                396                  3866.758727670 -1407.385079961     396
*    396  3843.357391748
GRID*                397                  3870.565306004 -1408.770561169     397
*    397  3858.644868706
GRID*                398                  3874.403621797 -1410.167593867     398
*    398  3874.059805459
GRID*                399                  3877.360426478 -1411.243782760     399
*    399  3885.934533750
GRID*                400                  3881.540026910 -1412.765032908     400
*    400  3902.720092773
GRID*                401                  3886.095423113 -1414.423061531     401
*    401  3921.014873125
GRID*                402                  3890.650819317 -1416.081090155     402
*    402  3939.309653477
GRID*                403                  3894.781616211 -1417.584577268     403
*    403  3955.899214180
GRID*                404                  4098.653733545  -756.121865462     404
*    404  3984.696865308
GRID*                405                  4102.858691856  -757.652345123     405
*    405  4001.584263296
GRID*                406                  4107.063650167  -759.182824785     406
*    406  4018.471661284
GRID*                407                  4111.245319716  -760.704828030     407
*    407  4035.265530023
GRID*                408                  4114.854236833  -762.018366439     408
*    408  4049.759186119
GRID*                409                  4118.463153949  -763.331904847     409
*    409  4064.252842214
GRID*                410                  4123.252322329  -765.075019584     410
*    410  4083.486467494
GRID*                411                  4128.136904276  -766.852862020     411
*    411  4103.103280134
GRID*                412                  4133.021486223  -768.630704455     412
*    412  4122.720092773
GRID*                413                  4135.511483980  -769.536989522     413
*    413  4132.720092773
GRID*                414                  4138.312731456  -770.556560222     414
*    414  4143.970092773
GRID*                415                  4143.137102110  -772.312487539     415
*    415  4163.345092773
GRID*                416                  4147.961472764  -774.068414856     416
*    416  4182.720092773
GRID*                417                  4151.753974022  -775.448772428     417
*    417  4197.951035242
GRID*                418                  4155.546475280  -776.829129999     418
*    418  4213.181977711
GRID*                419                  4158.151482283  -777.777275008     419
*    419  4223.643862649
GRID*                420                  4162.433606452  -779.335840745     420
*    420  4240.841163961
GRID*                421                  4166.715730621  -780.894406482     421
*    421  4258.038465274
GRID*                422                  4170.931060326  -782.428661022     422
*    422  4274.967515482
GRID*                423                  4175.012801100  -783.914293168     423
*    423  4291.360063483
GRID*                424                  4178.694066686  -785.254164266     424
*    424  4306.144275941
GRID*                425                  4182.606517162  -786.678179782     425
*    425  4321.856942607
GRID*                426                  4168.443453631 -1122.315906068     426
*    426  4318.657260650
GRID*                427                  4171.044611641 -1107.187102951     427
*    427  4319.380673724
GRID*                428                  4173.921532147 -1089.680895907     428
*    428  4320.250882565
GRID*                429                  4177.773113292 -1064.671875000     429
*    429  4321.558369943
GRID*                430                  4180.621239504 -1044.684882614     430
*    430  4322.660578428
GRID*                431                  4183.255716923 -1024.671875000     431
*    431  4323.818343136
GRID*                432                  4185.657271652 -1004.671875000     432
*    432  4325.032926681
GRID*                433                  4187.811067155  -984.671875000     433
*    433  4326.309202218
GRID*                434                  4189.697133672  -964.671875000     434
*    434  4327.652142212
GRID*                435                  4191.291248627  -944.671875000     435
*    435  4329.067778079
GRID*                436                  4192.563570563  -924.671875000     436
*    436  4330.563540336
GRID*                437                  4193.476933562  -904.671875000     437
*    437  4332.148683288
GRID*                438                  4193.982821498  -884.777638753     438
*    438  4333.825702228
GRID*                439                  4194.028083990  -864.939900835     439
*    439  4335.612296441
GRID*                440                  4193.538011379  -845.120476582     440
*    440  4337.530529235
GRID*                441                  4192.449010252  -825.833601922     441
*    441  4339.549630921
GRID*                442                  4190.632908220  -806.620772124     442
*    442  4341.743069993
GRID*                443                  4078.341839255 -1084.040546601     443
*    443  3953.440446979
GRID*                444                  4081.606915988 -1064.671875000     444
*    444  3954.382797389
GRID*                445                  4084.791590508 -1044.671875000     445
*    445  3955.402384281
GRID*                446                  4087.777512395 -1024.671875000     446
*    446  3956.471460535
GRID*                447                  4090.554137516 -1004.671875000     447
*    447  3957.592651637
GRID*                448                  4093.109027108  -984.671875000     448
*    448  3958.769054835
GRID*                449                  4094.743914133  -970.793392671     449
*    449  3959.619754461
GRID*                450                  4096.190646074  -957.568512163     450
*    450  3960.458069704
GRID*                451                  4097.828866039  -941.132051008     451
*    451  3961.539765230
GRID*                452                  4099.279403216  -924.681446543     452
*    452  3962.669475515
GRID*                453                  4100.767321509  -904.671875000     453
*    453  3964.112421782
GRID*                454                  4101.920809044  -884.671875000     454
*    454  3965.637773778
GRID*                455                  4102.700441179  -864.671875000     455
*    455  3967.256215685
GRID*                456                  4103.055048770  -844.671875000     456
*    456  3968.980488609
GRID*                457                  4102.918253595  -824.671875000     457
*    457  3970.827120710
GRID*                458                  4102.235893698  -805.326658552     458
*    458  3972.750256250
GRID*                459                  4101.021563802  -787.337105394     459
*    459  3974.682990460
GRID*                460                  4099.220340706  -770.076316158     460
*    460  3976.695814160
GRID*                461                  3785.504041525 -1365.578246613     461
*    461  3592.987312735
GRID*                462                  3794.781616211 -1356.296599057     462
*    462  3591.518374250
GRID*                463                  3805.145471271 -1344.671875000     463
*    463  3589.991291151
GRID*                464                  3814.781616211 -1332.710030365     464
*    464  3588.675986857
GRID*                465                  3825.029997696 -1318.812342316     465
*    465  3587.383670093
GRID*                466                  3834.781616211 -1304.504265244     466
*    466  3586.252241057
GRID*                467                  3844.784528253 -1288.769873475     467
*    467  3585.187500384
GRID*                468                  3853.914783184 -1273.504530391     468
*    468  3584.297537581
GRID*                469                  3862.487288202 -1258.409359316     469
*    469  3583.531040692
GRID*                470                  3868.959172251 -1246.534925200     470
*    470  3582.995708566
GRID*                471                  3875.267320332 -1234.571687615     471
*    471  3582.509191198
GRID*                472                  3882.621508793 -1220.145937249     472
*    472  3581.985382189
GRID*                473                  3889.503792108 -1206.183880101     473
*    473  3581.537053848
GRID*                474                  3894.781616211 -1195.176309560     474
*    474  3581.220477799
GRID*                475                  3901.878824662 -1179.964662012     475
*    475  3580.831888747
GRID*                476                  3908.802948136 -1164.671875000     476
*    476  3580.493751155
GRID*                477                  3915.418906267 -1149.641862924     477
*    477  3580.208526403
GRID*                478                  3921.888547639 -1134.547505840     478
*    478  3579.965561123
GRID*                479                  3928.584612231 -1118.508466561     479
*    479  3579.751834273
GRID*                480                  3935.273307219 -1102.059540385     480
*    480  3579.577092266
GRID*                481                  3942.159591192 -1084.671875000     481
*    481  3579.438227080
GRID*                482                  3948.861639643 -1067.300517453     482
*    482  3579.343758773
GRID*                483                  3997.115686040 -1071.035103679     483
*    483  3655.008528267
GRID*                484                  3989.459899767 -1068.248625356     484
*    484  3641.734659853
GRID*                485                  3981.451300124 -1065.333733468     485
*    485  3627.849071351
GRID*                486                  3973.442700491 -1062.418841583     486
*    486  3613.963482843
GRID*                487                  3965.102248498 -1059.383165318     487
*    487  3599.502517133
GRID*                488                  3959.277045608 -1057.262964857     488
*    488  3589.402577758
GRID*                489                  3780.839890752 -1376.113180760     489
*    489  3603.620400413
GRID*                490                  3789.339425506 -1379.206758416     490
*    490  3618.357189386
GRID*                491                  3797.838960282 -1382.300336079     491
*    491  3633.093978344
GRID*                492                  3806.550151451 -1385.470950370     492
*    492  3648.197744476
GRID*                493                  3816.768787603 -1389.190229764     493
*    493  3665.915171113
GRID*                494                  4007.346573405 -1059.254262528     494
*    494  3668.961411520
GRID*                495                  4010.200369220 -1042.430392982     495
*    495  3669.775539175
GRID*                496                  4012.797749113 -1026.387087633     496
*    496  3670.582772971
GRID*                497                  4014.484000490 -1015.533490234     497
*    497  3671.146542081
GRID*                498                  4016.112438468 -1004.671875000     498
*    498  3671.725433358
GRID*                499                  4018.950712028  -984.671875000     499
*    499  3672.831274012
GRID*                500                  4021.571062636  -964.671875000     500
*    500  3673.991377432
GRID*                501                  4023.959435236  -944.671875000     501
*    501  3675.209243325
GRID*                502                  4026.099042830  -924.671875000     502
*    502  3676.489051647
GRID*                503                  4027.969708871  -904.671875000     503
*    503  3677.835826357
GRID*                504                  4029.546940227  -884.671875000     504
*    504  3679.255666236
GRID*                505                  4030.800541092  -864.671875000     505
*    505  3680.756090036
GRID*                506                  4031.840053868  -840.144921320     506
*    506  3682.720092773
GRID*                507                  4032.176317949  -824.671875000     507
*    507  3684.038662175
GRID*                508                  4032.189412066  -804.671875000     508
*    508  3685.847971876
GRID*                509                  4031.651288802  -784.671875000     509
*    509  3687.794534582
GRID*                510                  4030.500379238  -765.279100183     510
*    510  3689.838649027
GRID*                511                  4028.781184408  -747.476191206     511
*    511  3691.880179210
GRID*                512                  4029.225310543  -730.851986077     512
*    512  3705.867606076
GRID*                513                  4032.516587137  -732.049912790     513
*    513  3719.085596273
GRID*                514                  4035.459079301  -733.120892352     514
*    514  3730.902844523
GRID*                515                  4038.401571464  -734.191871914     515
*    515  3742.720092773
GRID*                516                  4043.303754548  -735.976120640     516
*    516  3762.407592773
GRID*                517                  4048.205937632  -737.760369365     517
*    517  3782.095092773
GRID*                518                  4052.952495856  -739.487975274     518
*    518  3801.157592773
GRID*                519                  4057.699054080  -741.215581182     519
*    519  3820.220092773
GRID*                520                  4061.745300434  -742.688294416     520
*    520  3836.470092773
GRID*                521                  4065.791546789  -744.161007650     521
*    521  3852.720092773
GRID*                522                  4069.526543424  -745.520435250     522
*    522  3867.720092773
GRID*                523                  4073.261540060  -746.879862850     523
*    523  3882.720092773
GRID*                524                  4075.876852626  -747.831758778     524
*    524  3893.223365555
GRID*                525                  4079.059839402  -748.990271221     525
*    525  3906.006456494
GRID*                526                  4083.378174599  -750.562016694     526
*    526  3923.349183750
GRID*                527                  4088.279848356  -752.346080040     527
*    527  3943.034638262
GRID*                528                  4092.814920853  -753.996711439     528
*    528  3961.247797227
GRID*                529                  4094.967085154  -754.780035183     529
*    529  3969.891035139
GRID*                530                  4183.700496903  -762.051935251     530
*    530  4347.508445986
GRID*                531                  4186.126967640  -776.678179834     531
*    531  4345.578700612
GRID*                532                  4095.312369578  -744.671875000     532
*    532  3979.971264659
GRID*                533                  4178.969251671  -747.019296740     533
*    533  4339.814676839
GRID*                534                  4174.875200452  -746.297405049     534
*    534  4322.720092773
GRID*                535                  4170.178871760  -745.469315591     535
*    535  4303.110717773
GRID*                536                  4165.587789478  -744.659783914     536
*    536  4283.940795898
GRID*                537                  4161.063509431  -743.862031273     537
*    537  4265.049804688
GRID*                538                  4156.672833855  -743.087836705     538
*    538  4246.716674805
GRID*                539                  4150.327060038  -741.968905568     539
*    539  4220.220092773
GRID*                540                  4145.836546547  -741.177106882     540
*    540  4201.470092773
GRID*                541                  4141.346033057  -740.385308197     541
*    541  4182.720092773
GRID*                542                  4137.908723449  -739.779217772     542
*    542  4168.367712966
GRID*                543                  4134.471413842  -739.173127347     543
*    543  4154.015333159
GRID*                544                  4130.879003049  -738.539688399     544
*    544  4139.015333159
GRID*                545                  4126.557776797  -737.777739620     545
*    545  4120.972186777
GRID*                546                  4122.236550544  -737.015790842     546
*    546  4102.929040396
GRID*                547                  4117.940345148  -736.258253916     547
*    547  4084.990367825
GRID*                548                  4114.781616211  -735.701284780     548
*    548  4071.801192980
GRID*                549                  4111.299240936  -735.087248062     549
*    549  4057.260642877
GRID*                550                  4107.163112771  -734.357937071     550
*    550  4039.990367825
GRID*                551                  4103.026984606  -733.628626080     551
*    551  4022.720092773
GRID*                552                  4099.370926717  -732.983964431     552
*    552  4007.454336296
GRID*                553                  4096.281781098  -732.439264711     553
*    553  3994.555704441
GRID*                554                  3922.489420964 -1064.671875000     554
*    554  3595.065172770
GRID*                555                  3914.661295005 -1084.714574069     555
*    555  3595.195821704
GRID*                556                  3906.619136406 -1104.671875000     556
*    556  3595.386339982
GRID*                557                  3900.383344907 -1119.711755055     557
*    557  3595.572609626
GRID*                558                  3894.010780136 -1134.693664311     558
*    558  3595.797252202
GRID*                559                  3888.547339899 -1147.228312060     559
*    559  3596.017154206
GRID*                560                  3882.239167079 -1161.346654904     560
*    560  3596.302165568
GRID*                561                  3875.785460357 -1175.398220114     561
*    561  3596.628070684
GRID*                562                  3869.007156631 -1189.728419374     562
*    562  3597.007602747
GRID*                563                  3861.705469561 -1204.671875000     563
*    563  3597.459039990
GRID*                564                  3855.064058210 -1217.815779785     564
*    564  3597.908027758
GRID*                565                  3848.242785925 -1230.865407936     565
*    565  3598.407303378
GRID*                566                  3841.609278606 -1243.111149150     566
*    566  3598.930009971
GRID*                567                  3834.781616211 -1255.248196873     567
*    567  3599.506437559
GRID*                568                  3827.466011267 -1267.714032699     568
*    568  3600.167492599
GRID*                569                  3819.887406737 -1280.023462326     569
*    569  3600.899764148
GRID*                570                  3811.810554306 -1292.441290529     570
*    570  3601.733121464
GRID*                571                  3803.372675282 -1304.609756555     571
*    571  3602.661273896
GRID*                572                  3794.781616211 -1316.114446353     572
*    572  3603.664722526
GRID*                573                  3785.119392500 -1327.928871715     573
*    573  3604.858932735
GRID*                574                  3776.406903463 -1337.500892779     574
*    574  3605.987304218
GRID*                575                  3767.128112303 -1346.497499985     575
*    575  3607.228026864
GRID*                576                  3754.781616211 -1356.551103404     576
*    576  3608.980970840
GRID*                577                  3753.206548214 -1366.055466603     577
*    577  3606.650768416
GRID*                578                  3760.591308393 -1368.743299495     578
*    578  3602.720092773
GRID*                579                  3777.887218884 -1389.375461068     579
*    579  3592.727186340
GRID*                580                  3779.109919413 -1407.566435723     580
*    580  3590.774092823
GRID*                581                  3779.117719733 -1426.121239344     581
*    581  3589.090575548
GRID*                582                  3778.153236757 -1444.671875000     582
*    582  3587.649535663
GRID*                583                  3776.726453183 -1460.331552049     583
*    583  3586.585575076
GRID*                584                  3774.835306390 -1475.949493604     584
*    584  3585.641023855
GRID*                585                  3772.726733649 -1490.390042844     585
*    585  3584.857320144
GRID*                586                  3770.320989104 -1504.788079975     586
*    586  3584.151476685
GRID*                587                  3767.676626842 -1519.019997149     587
*    587  3583.520117651
GRID*                588                  3764.801091243 -1533.213063102     588
*    588  3582.949835712
GRID*                589                  3761.873448370 -1546.671824982     589
*    589  3582.459070575
GRID*                590                  3758.423807099 -1561.566737302     590
*    590  3581.968125272
GRID*                591                  3754.781616211 -1576.417371460     591
*    591  3581.529137654
GRID*                592                  3751.137190884 -1590.562984529     592
*    592  3581.154603438
GRID*                593                  3747.342747853 -1604.671875000     593
*    593  3580.820754607
GRID*                594                  3741.708563380 -1624.671875000     594
*    594  3580.411101588
GRID*                595                  3735.794419940 -1644.671875000     595
*    595  3580.071150786
GRID*                596                  3729.716760304 -1664.359967177     596
*    596  3579.800179106
GRID*                597                  3723.422502456 -1683.978995985     597
*    597  3579.589403887
GRID*                598                  3717.211806747 -1702.683058770     598
*    598  3579.440744441
GRID*                599                  3712.037548603 -1717.832409116     599
*    599  3579.356170558
GRID*                600                  3753.628502416 -1750.005074330     600
*    600  3660.577862826
GRID*                601                  3747.229314519 -1747.675960413     601
*    601  3649.482728279
GRID*                602                  3740.830126597 -1745.346846485     602
*    602  3638.387593749
GRID*                603                  3734.781616211 -1743.145368743     603
*    603  3627.900476169
GRID*                604                  3730.725384541 -1741.669021152     604
*    604  3620.867640699
GRID*                605                  3722.753500362 -1738.767492600     605
*    605  3607.045710779
GRID*                606                  3714.753005502 -1735.855550611     606
*    606  3593.174174598
GRID*                607                  3761.654485753 -1741.417864378     607
*    607  3668.315217920
GRID*                608                  3767.953261015 -1723.073278459     608
*    608  3668.409368063
GRID*                609                  3774.334545909 -1703.904157288     609
*    609  3668.557700453
GRID*                610                  3780.521337217 -1684.671875000     610
*    610  3668.760186044
GRID*                611                  3786.713967869 -1664.671875000     611
*    611  3669.030794566
GRID*                612                  3791.889521885 -1647.273899452     612
*    612  3669.318836646
GRID*                613                  3795.405304253 -1635.037345604     613
*    613  3669.552388855
GRID*                614                  3799.311017870 -1620.978767839     614
*    614  3669.853975338
GRID*                615                  3804.190495084 -1602.592431275     615
*    615  3670.305312812
GRID*                616                  3808.539637294 -1585.242990211     616
*    616  3670.794730795
GRID*                617                  3812.632857494 -1567.833649958     617
*    617  3671.353301473
GRID*                618                  3815.189787497 -1556.266399215     618
*    618  3671.764948358
GRID*                619                  3817.611866747 -1544.671875000     619
*    619  3672.212644709
GRID*                620                  3821.406447519 -1524.784843257     620
*    620  3673.070125326
GRID*                621                  3824.700795704 -1504.814969368     621
*    621  3674.059671608
GRID*                622                  3827.382666998 -1484.911298789     622
*    622  3675.195724766
GRID*                623                  3829.352046053 -1464.935889352     623
*    623  3676.515690209
GRID*                624                  3830.430326596 -1445.049060542     624
*    624  3678.049511418
GRID*                625                  3830.393468654 -1425.156474158     625
*    625  3679.861524018
GRID*                626                  3829.056834063 -1406.692256657     626
*    626  3681.867730059
GRID*                627                  4088.591786987  -731.083311268     627
*    627  3962.446372203
GRID*                628                  4083.990939866  -730.272057786     628
*    628  3943.235677543
GRID*                629                  4079.386278038  -729.460131669     629
*    629  3924.009054697
GRID*                630                  4074.781616211  -728.648205552     630
*    630  3904.782431851
GRID*                631                  4069.701456454  -727.752436320     631
*    631  3883.570382127
GRID*                632                  4064.621296696  -726.856667089     632
*    632  3862.358332402
GRID*                633                  4060.304523655  -726.095503532     633
*    633  3844.333780265
GRID*                634                  4056.267624350  -725.383689266     634
*    634  3827.477832246
GRID*                635                  4052.230725044  -724.671875000     635
*    635  3810.621884227
GRID*                636                  4048.889568486  -724.082738952     636
*    636  3796.670988500
GRID*                637                  4045.367321366  -723.461671752     637
*    637  3781.963954739
GRID*                638                  4040.758530872  -722.649017639     638
*    638  3762.720092773
GRID*                639                  4035.968649815  -721.804432375     639
*    639  3742.720092773
GRID*                640                  4031.178768759  -720.959847110     640
*    640  3722.720092773
GRID*                641                  4026.769048318  -720.182294419     641
*    641  3704.307441648
GRID*                642                  4164.988124948  -762.701512067     642
*    642  4383.144348904
GRID*                643                  4178.104028293  -785.039407854     643
*    643  4362.336342906
GRID*                644                  4174.647563096  -746.257266442     644
*    644  4361.801830634
GRID*                645                  4168.021084917  -745.088839551     645
*    645  4374.165461557
GRID*                646                  3547.466490665 -2026.838303771     646
*    646  3683.782156096
GRID*                647                  3541.016951522 -2024.490863499     647
*    647  3672.599720821
GRID*                648                  3533.572762324 -2021.781400212     648
*    648  3659.692726763
GRID*                649                  3524.776023650 -2018.579649176     649
*    649  3644.440635456
GRID*                650                  3511.859140067 -2013.878288033     650
*    650  3622.044893618
GRID*                651                  3753.670092935 -1759.277175320     651
*    651  3668.684767020
GRID*                652                  3749.239271998 -1766.914842674     652
*    652  3669.095850053
GRID*                653                  3741.571569612 -1779.973143622     653
*    653  3669.821651912
GRID*                654                  3733.276365793 -1793.873114558     654
*    654  3670.627422194
GRID*                655                  3724.876219682 -1807.708011797     655
*    655  3671.465220614
GRID*                656                  3714.781616211 -1824.011350368     656
*    656  3672.501227385
GRID*                657                  3704.859862536 -1839.689841653     657
*    657  3673.550823572
GRID*                658                  3695.680522233 -1853.886323516     658
*    658  3674.549871297
GRID*                659                  3685.821514176 -1868.798214839     659
*    659  3675.653319649
GRID*                660                  3675.901314972 -1883.444935726     660
*    660  3676.796036584
GRID*                661                  3665.947071592 -1897.772746811     661
*    661  3677.976132830
GRID*                662                  3656.305505006 -1911.288266234     662
*    662  3679.151989405
GRID*                663                  3646.488484744 -1924.671875000     663
*    663  3680.383488771
GRID*                664                  3634.781616211 -1940.114369531     664
*    664  3681.898966191
GRID*                665                  3624.288525115 -1953.456070901     665
*    665  3683.302605048
GRID*                666                  3611.331555581 -1969.243000815     666
*    666  3685.098141673
GRID*                667                  3597.973827410 -1984.671875000     667
*    667  3687.025917164
GRID*                668                  3588.765967489 -1994.773652192     668
*    668  3688.403163237
GRID*                669                  3579.326567054 -2004.648191107     669
*    669  3689.858657111
GRID*                670                  3569.651176571 -2014.233968542     670
*    670  3691.399082477
GRID*                671                  3561.637705853 -2021.738930737     671
*    671  3692.714271372
GRID*                672                  3699.992164261 -1744.671875000     672
*    672  3579.923047964
GRID*                673                  3694.781616211 -1753.604522251     673
*    673  3580.410920943
GRID*                674                  3688.020209583 -1765.057163744     674
*    674  3581.056574087
GRID*                675                  3679.800033384 -1778.769515180     675
*    675  3581.860666326
GRID*                676                  3671.242897967 -1792.797092033     676
*    676  3582.720092773
GRID*                677                  3663.064814088 -1805.966759369     677
*    677  3583.562886412
GRID*                678                  3656.134667236 -1816.944566790     678
*    678  3584.293588977
GRID*                679                  3649.128034995 -1827.872098348     679
*    679  3585.047892815
GRID*                680                  3641.804949140 -1839.107032041     680
*    680  3585.853134169
GRID*                681                  3633.889462555 -1851.034081235     681
*    681  3586.743157836
GRID*                682                  3625.867940937 -1862.887548218     682
*    682  3587.666252900
GRID*                683                  3616.435346421 -1876.519610304     683
*    683  3588.779513466
GRID*                684                  3606.829379818 -1890.053293214     684
*    684  3589.944859174
GRID*                685                  3595.971188887 -1904.913847771     685
*    685  3591.301753702
GRID*                686                  3584.881215962 -1919.594232175     686
*    686  3592.732687949
GRID*                687                  3575.089227602 -1932.120506993     687
*    687  3594.035649031
GRID*                688                  3566.182552047 -1943.143234436     688
*    688  3595.254435039
GRID*                689                  3557.094143715 -1954.009779015     689
*    689  3596.532631396
GRID*                690                  3547.829235926 -1964.671875000     690
*    690  3597.873308001
GRID*                691                  3535.342116054 -1978.339222494     691
*    691  3599.743950650
GRID*                692                  3526.511194910 -1987.487494174     692
*    692  3601.113753346
GRID*                693                  3517.662371272 -1996.197247691     693
*    693  3602.527756486
GRID*                694                  3509.975362566 -2003.371967841     694
*    694  3603.791585760
GRID*                695                  4019.730989131  -727.396335688     695
*    695  3682.720092773
GRID*                696                  4013.086556268  -724.977959903     696
*    696  3671.199744063
GRID*                697                  4006.442123404  -722.559584117     697
*    697  3659.679395353
GRID*                698                  3998.102630602  -719.524256968     698
*    698  3645.220092777
GRID*                699                  3985.125615533  -714.801009753     699
*    699  3622.720092773
GRID*                700                  3984.643710041  -712.754460709     700
*    700  3622.720092773
GRID*                701                  3998.397921291  -715.179699251     701
*    701  3647.720092788
GRID*                702                  4006.650448096  -716.634842386     702
*    702  3662.720092773
GRID*                703                  4015.645369831  -718.220889777     703
*    703  3679.069488273
GRID*                704                  4154.866430482  -782.668836276     704
*    704  4373.711503619
GRID*                705                  4138.415845099  -764.671875000     705
*    705  4369.345777716
GRID*                706                  4148.049310535  -741.567276875     706
*    706  4379.130285763
GRID*                707                  3539.755721986 -2032.131913570     707
*    707  3683.057441646
GRID*                708                  3534.754409047 -2029.244404199     708
*    708  3672.720092767
GRID*                709                  3529.916308853 -2026.451125750     709
*    709  3662.720092773
GRID*                710                  3525.078208638 -2023.657847288     710
*    710  3652.720092773
GRID*                711                  3519.929912421 -2020.685477081     711
*    711  3642.078940294
GRID*                712                  3514.781616211 -2017.713106878     712
*    712  3631.437787810
GRID*                713                  3510.563908005 -2015.278011910     713
*    713  3622.720092773
GRID*                714                  3954.781616211  -715.862148647     714
*    714  3615.771669367
GRID*                715                  3954.781616211  -707.488967867     715
*    715  3616.156958686
GRID*                716                  4149.690329715 -1107.677988125     716
*    716  4355.688747375
GRID*                717                  4152.675182775 -1089.903386323     717
*    717  4356.556405336
GRID*                718                  4155.223176437 -1073.971983222     718
*    718  4357.365794804
GRID*                719                  4157.469731393 -1059.229608701     719
*    719  4358.142482514
GRID*                720                  4160.080515124 -1041.094236345     720
*    720  4359.135979622
GRID*                721                  4162.717792235 -1021.380659695     721
*    721  4360.265910156
GRID*                722                  4165.154459422 -1001.486540412     722
*    722  4361.462154840
GRID*                723                  4167.352106239  -981.568397855     723
*    723  4362.720092773
GRID*                724                  4169.197754544  -962.653039880     724
*    724  4363.974797022
GRID*                725                  4170.793603211  -943.670639418     725
*    725  4365.297773898
GRID*                726                  4172.109709227  -924.671875000     726
*    726  4366.691887279
GRID*                727                  4173.158775889  -904.671875000     727
*    727  4368.243238252
GRID*                728                  4173.820353229  -884.671875000     728
*    728  4369.891083629
GRID*                729                  4174.039356797  -864.671875000     729
*    729  4371.649130379
GRID*                730                  4173.743912099  -844.671875000     730
*    730  4373.535263045
GRID*                731                  4172.838163322  -824.671875000     731
*    731  4375.573362619
GRID*                732                  4171.296640360  -805.704213392     732
*    732  4377.676213079
GRID*                733                  4169.884445836  -793.518480664     733
*    733  4379.132223955
GRID*                734                  4134.781616211 -1122.034010759     734
*    734  4347.885166156
GRID*                735                  4144.542529961  -804.671875000     735
*    735  4363.974949609
GRID*                736                  4145.741276166  -817.255755041     736
*    736  4362.472502288
GRID*                737                  4146.726681330  -832.242564842     737
*    737  4360.812065145
GRID*                738                  4147.306986948  -847.262262368     738
*    738  4359.259347933
GRID*                739                  4147.549278250  -866.284280927     739
*    739  4357.419244094
GRID*                740                  4147.323872344  -885.317081702     740
*    740  4355.691235713
GRID*                741                  4146.669614327  -904.998899416     741
*    741  4354.001352731
GRID*                742                  4145.631798765  -924.842565401     742
*    742  4352.382348802
GRID*                743                  4144.251265554  -944.766285705     743
*    743  4350.831659367
GRID*                744                  4142.568375874  -964.671875000     744
*    744  4349.347462011
GRID*                745                  4140.595963543  -984.671875000     745
*    745  4347.923001322
GRID*                746                  4138.590269010 -1002.773127640     746
*    746  4346.679021113
GRID*                747                  4136.393009201 -1020.863738312     747
*    747  4345.470726794
GRID*                748                  4134.265179743 -1037.074174043     748
*    748  4344.426054915
GRID*                749                  4132.114317479 -1052.390746397     749
*    749  4343.490443421
GRID*                750                  4129.524549744 -1069.707109672     750
*    750  4342.493023416
GRID*                751                  4126.779291636 -1087.001934187     751
*    751  4341.554566285
GRID*                752                  4123.818426095 -1104.671875000     752
*    752  4340.650556316
GRID*                753                  3494.114645197 -1999.633382481     753
*    753  3611.972271000
GRID*                754                  3489.847086959 -2003.317149703     754
*    754  3612.725250617
GRID*                755                  3575.978949410 -2053.045403675     755
*    755  3974.612972381
GRID*                756                  3572.449766958 -2051.007829236     756
*    756  3957.855820538
GRID*                757                  3568.730286265 -2048.860386056     757
*    757  3940.195100636
GRID*                758                  3565.010805571 -2046.712942877     758
*    758  3922.534380734
GRID*                759                  3561.344729877 -2044.596333088     759
*    759  3905.127236754
GRID*                760                  3557.678654184 -2042.479723299     760
*    760  3887.720092773
GRID*                761                  3554.519541151 -2040.655808540     761
*    761  3872.720092773
GRID*                762                  3551.014860723 -2038.632380351     762
*    762  3856.079280659
GRID*                763                  3547.510180295 -2036.608952162     763
*    763  3839.438468544
GRID*                764                  3543.593959985 -2034.347921312     764
*    764  3820.843595854
GRID*                765                  3539.513123722 -2031.991849397     765
*    765  3801.467098935
GRID*                766                  3535.037083068 -2029.407606121     766
*    766  3780.214105096
GRID*                767                  3530.808086183 -2026.965993631     767
*    767  3760.134116626
GRID*                768                  3526.834556156 -2024.671875000     768
*    768  3741.267127758
GRID*                769                  3522.928410827 -2022.416660943     769
*    769  3722.720092773
GRID*                770                  3641.063633001 -2090.622063266     770
*    770  4283.645996474
GRID*                771                  3637.828921776 -2088.754501869     771
*    771  4268.287043539
GRID*                772                  3635.236054333 -2087.257509153     772
*    772  4255.975672833
GRID*                773                  3632.643186889 -2085.760516437     773
*    773  4243.664302126
GRID*                774                  3630.008158140 -2084.239181879     774
*    774  4231.152742447
GRID*                775                  3626.798702491 -2082.386201796     775
*    775  4215.913707238
GRID*                776                  3623.493509026 -2080.477947459     776
*    776  4200.220092773
GRID*                777                  3619.137562619 -2077.963040628     777
*    777  4179.537326616
GRID*                778                  3614.781616211 -2075.448133797     778
*    778  4158.854560459
GRID*                779                  3610.951079673 -2073.236572496     779
*    779  4140.666528731
GRID*                780                  3606.955176994 -2070.929537009     780
*    780  4121.693310752
GRID*                781                  3602.959274315 -2068.622501521     781
*    781  4102.720092773
GRID*                782                  3599.471344390 -2066.608744240     782
*    782  4086.158814861
GRID*                783                  3596.246673883 -2064.746979855     783
*    783  4070.847536949
GRID*                784                  3593.022003377 -2062.885215470     784
*    784  4055.536259036
GRID*                785                  3589.470396993 -2060.834694569     785
*    785  4038.672634594
GRID*                786                  3585.906765930 -2058.777231215     786
*    786  4021.751914951
GRID*                787                  3582.536706995 -2056.831526782     787
*    787  4005.750308325
GRID*                788                  3638.171361085 -2088.952209296     788
*    788  4312.004588270
GRID*                789                  3644.220480110 -2092.444669794     789
*    789  4331.459077430
GRID*                790                  3665.398620761 -2104.671875000     790
*    790  4318.831060299
GRID*                791                  3669.528362602 -2107.056182563     791
*    791  4283.204362687
GRID*                792                  3665.617864416 -2104.798455383     792
*    792  4264.636659605
GRID*                793                  3661.777903803 -2102.581453090     793
*    793  4246.403880785
GRID*                794                  3657.937943191 -2100.364450796     794
*    794  4228.171101964
GRID*                795                  3654.749321182 -2098.523499021     795
*    795  4213.030988383
GRID*                796                  3651.560699173 -2096.682547246     796
*    796  4197.890874801
GRID*                797                  3648.365618159 -2094.837866363     797
*    797  4182.720092773
GRID*                798                  3644.416726868 -2092.557972913     798
*    798  4163.970092773
GRID*                799                  3640.467835578 -2090.278079463     799
*    799  4145.220092773
GRID*                800                  3637.078370554 -2088.321170919     800
*    800  4129.126342773
GRID*                801                  3630.463977642 -2084.502349391     801
*    801  4097.720092773
GRID*                802                  3627.304864609 -2082.678434631     802
*    802  4082.720092773
GRID*                803                  3623.121014832 -2080.262887836     803
*    803  4062.854470362
GRID*                804                  3618.937165055 -2077.847341041     804
*    804  4042.988847951
GRID*                805                  3614.640901039 -2075.366891855     805
*    805  4022.589463825
GRID*                806                  3610.344637022 -2072.886442668     806
*    806  4002.190079700
GRID*                807                  3602.031960350 -2068.087116554     807
*    807  3962.720092773
GRID*                808                  3599.186463509 -2066.444268187     808
*    808  3949.209195195
GRID*                809                  3596.027350476 -2064.620353427     809
*    809  3934.209195195
GRID*                810                  3592.711429348 -2062.705905471     810
*    810  3918.464643984
GRID*                811                  3589.395508220 -2060.791457515     811
*    811  3902.720092773
GRID*                812                  3585.251182294 -2058.398729826     812
*    812  3883.042136256
GRID*                813                  3581.547717466 -2056.260533410     813
*    813  3865.457462374
GRID*                814                  3577.844252637 -2054.122336995     814
*    814  3847.872788492
GRID*                815                  3574.677099887 -2052.293780502     815
*    815  3832.834614562
GRID*                816                  3571.509947137 -2050.465224009     816
*    816  3817.796440632
GRID*                817                  3568.334754671 -2048.632025784     817
*    817  3802.720092773
GRID*                818                  3565.138222505 -2046.786507077     818
*    818  3787.542420434
GRID*                819                  3561.941690338 -2044.940988371     819
*    819  3772.364748094
GRID*                820                  3559.910453251 -2043.768253091     820
*    820  3762.720092773
GRID*                821                  3555.698302541 -2041.336366745     821
*    821  3742.720092773
GRID*                822                  3551.486151831 -2038.904480399     822
*    822  3722.720092773
GRID*                823                  3547.274001121 -2036.472594053     823
*    823  3702.720092773
GRID*                824                  3514.781616211 -2017.713106878     824
*    824  3697.134283934
GRID*                825                  3507.666176024 -2013.605005571     825
*    825  3682.427188342
GRID*                826                  3500.782785243 -2009.630878050     826
*    826  3668.199722022
GRID*                827                  3494.363493329 -2005.924698136     827
*    827  3654.931514207
GRID*                828                  3488.176250867 -2002.352492035     828
*    828  3642.142935635
GRID*                829                  3482.919299063 -1999.317389496     829
*    829  3631.277199896
GRID*                830                  3689.274041951 -1724.654231982     830
*    830  3591.002597177
GRID*                831                  3695.385446140 -1727.552624610     831
*    831  3586.912000033
GRID*                832                  3701.069041610 -1730.248139576     832
*    832  3583.107429894
GRID*                833                  4119.133254264 -1124.671875000     833
*    833  4339.813012418
GRID*                834                  4114.759203246 -1136.119663755     834
*    834  4339.865705813
GRID*                835                  4110.319341012 -1147.541986024     835
*    835  4339.937520177
GRID*                836                  4102.918531764 -1166.145764001     836
*    836  4340.097733622
GRID*                837                  4095.326693862 -1184.671875000     837
*    837  4340.314039528
GRID*                838                  4087.529210198 -1203.119953172     838
*    838  4340.590410149
GRID*                839                  4080.886497045 -1218.376932249     839
*    839  4340.868965612
GRID*                840                  4074.996633512 -1231.553407328     840
*    840  4341.149123174
GRID*                841                  4068.477987582 -1245.752203045     841
*    841  4341.495666885
GRID*                842                  4061.801173867 -1259.876316638     842
*    842  4341.890654164
GRID*                843                  4054.537476104 -1274.757797417     843
*    843  4342.366984377
GRID*                844                  4047.066044295 -1289.533804819     844
*    844  4342.908647178
GRID*                845                  4040.441705434 -1302.178301105     845
*    845  4343.433912682
GRID*                846                  4033.636416850 -1314.714209615     846
*    846  4344.019029503
GRID*                847                  4024.424323321 -1330.934154881     847
*    847  4344.887801567
GRID*                848                  4014.810742094 -1346.913805195     848
*    848  4345.894113220
GRID*                849                  4003.332379109 -1364.671875000     849
*    849  4347.240972414
GRID*                850                  3995.059288377 -1376.536207818     850
*    850  4348.320720265
GRID*                851                  3985.827067912 -1388.801760657     851
*    851  4349.648003229
GRID*                852                  3976.050691815 -1400.608733239     852
*    852  4351.215884749
GRID*                853                  3965.123960378 -1412.273511694     853
*    853  4353.207553806
GRID*                854                  3952.568462010 -1423.530486505     854
*    854  4355.900271853
GRID*                855                  4140.886051031 -1140.440359354     855
*    855  4354.911805958
GRID*                856                  4135.097185035 -1155.408318328     856
*    856  4354.996708522
GRID*                857                  4129.301481761 -1170.063155184     857
*    857  4355.111691358
GRID*                858                  4123.391233034 -1184.671875000     858
*    858  4355.259375503
GRID*                859                  4115.231318263 -1204.291938749     859
*    859  4355.513051480
GRID*                860                  4106.839350645 -1223.813694924     860
*    860  4355.833411141
GRID*                861                  4100.682125320 -1237.717385004     861
*    861  4356.106490853
GRID*                862                  4094.543865512 -1251.226391855     862
*    862  4356.410622247
GRID*                863                  4088.269689291 -1264.671875000     863
*    863  4356.754352784
GRID*                864                  4081.608372295 -1278.545151418     864
*    864  4357.155707395
GRID*                865                  4074.781616211 -1292.331665032     865
*    865  4357.606115720
GRID*                866                  4068.089537412 -1305.419220501     866
*    866  4358.086334004
GRID*                867                  4061.218724011 -1318.411767129     867
*    867  4358.619670142
GRID*                868                  4053.979573202 -1331.606642946     868
*    868  4359.226395828
GRID*                869                  4046.515027315 -1344.671875000     869
*    869  4359.900993310
GRID*                870                  4035.874567462 -1362.324133181     870
*    870  4360.950666034
GRID*                871                  4024.682408794 -1379.619278100     871
*    871  4362.170068947
GRID*                872                  4014.059274593 -1394.780246522     872
*    872  4363.441202808
GRID*                873                  4004.668686884 -1407.123462392     873
*    873  4364.660808154
GRID*                874                  3995.797687172 -1417.837632957     874
*    874  4365.898677382
GRID*                875                  3986.445087039 -1428.105162131     875
*    875  4367.296916472
GRID*                876                  3976.325790424 -1437.991318144     876
*    876  4368.920662613
GRID*                877                  3952.782120111 -1438.695034260     877
*    877  4363.909119519
GRID*                878                  3956.322162127 -1038.870020699     878
*    878  3580.062702503
GRID*                879                  3959.131415461 -1022.235608161     879
*    879  3580.870743752
GRID*                880                  3961.813058464 -1005.581804823     880
*    880  3581.712315409
GRID*                881                  3964.723039377  -986.466685053     881
*    881  3582.720092773
GRID*                882                  3967.811022554  -964.671875000     882
*    882  3583.926401697
GRID*                883                  3970.416504708  -944.671875000     883
*    883  3585.090197194
GRID*                884                  3972.788992074  -924.671875000     884
*    884  3586.312012273
GRID*                885                  3974.911494875  -904.671875000     885
*    885  3587.596075059
GRID*                886                  3976.763587685  -884.671875000     886
*    886  3588.947472169
GRID*                887                  3978.320449298  -864.671875000     887
*    887  3590.372385602
GRID*                888                  3979.547368423  -844.749208640     888
*    888  3591.872446505
GRID*                889                  3980.413587614  -824.814678266     889
*    889  3593.463395374
GRID*                890                  3980.869553067  -804.952390508     890
*    890  3595.149949529
GRID*                891                  3980.860030504  -785.237848105     891
*    891  3596.939022103
GRID*                892                  3980.336572944  -766.109836421     892
*    892  3598.802912572
GRID*                893                  3979.213277216  -747.022545291     893
*    893  3600.812478977
GRID*                894                  3978.105294138  -734.651797359     894
*    894  3602.209521749
GRID*                895                  3976.721143180  -722.850155366     895
*    895  3603.623755410
GRID*                896                  3934.584678597 -1050.218814291     896
*    896  3591.096105671
GRID*                897                  3950.385462882  -726.222936738     897
*    897  3617.717400819
GRID*                898                  3952.495383102  -744.618273955     898
*    898  3615.605779535
GRID*                899                  3953.900177221  -764.617827898     899
*    899  3613.502949971
GRID*                900                  3954.575910256  -784.671875000     900
*    900  3611.565091088
GRID*                901                  3954.656642608  -804.671875000     901
*    901  3609.777920287
GRID*                902                  3954.242113492  -824.671875000     902
*    902  3608.116724355
GRID*                903                  3953.403192555  -844.671875000     903
*    903  3606.566028015
GRID*                904                  3952.193136644  -864.671875000     904
*    904  3605.113258298
GRID*                905                  3950.653097661  -884.671875000     905
*    905  3603.748312704
GRID*                906                  3948.814992942  -904.671875000     906
*    906  3602.461962257
GRID*                907                  3946.703923334  -924.671875000     907
*    907  3601.245880056
GRID*                908                  3944.343660448  -944.671875000     908
*    908  3600.099384079
GRID*                909                  3941.750319837  -964.671875000     909
*    909  3599.015350795
GRID*                910                  3939.292715747  -982.188084414     910
*    910  3598.102325936
GRID*                911                  3936.671274000  -999.682025072     911
*    911  3597.218404962
GRID*                912                  3934.297896453 -1014.675622899     912
*    912  3596.483053802
GRID*                913                  3931.810130064 -1029.682495042     913
*    913  3595.767554821
GRID*                914                  3929.701111153 -1041.917016973     914
*    914  3595.198474629
GRID*                915                  3615.131214543 -2062.586060709     915
*    915  3980.095669957
GRID*                916                  3556.273072881 -2030.043637564     916
*    916  3705.565647973
GRID*                917                  3560.544525789 -2031.598319279     917
*    917  3722.720092773
GRID*                918                  3565.524521302 -2033.410889413     918
*    918  3742.720092773
GRID*                919                  3570.504516816 -2035.223459547     919
*    919  3762.720092773
GRID*                920                  3575.484512329 -2037.036029680     920
*    920  3782.720092773
GRID*                921                  3580.464507843 -2038.848599814     921
*    921  3802.720092773
GRID*                922                  3585.444503357 -2040.661169948     922
*    922  3822.720092773
GRID*                923                  3590.424498870 -2042.473740082     923
*    923  3842.720092773
GRID*                924                  3594.039036267 -2043.789324105     924
*    924  3857.236320295
GRID*                925                  3597.744021136 -2045.137828315     925
*    925  3872.115791003
GRID*                926                  3601.449006004 -2046.486332526     926
*    926  3886.995261712
GRID*                927                  3605.606228233 -2047.999437674     927
*    927  3903.690948353
GRID*                928                  3610.073050811 -2049.625228134     928
*    928  3921.630011013
GRID*                929                  3615.188761382 -2051.487194509     929
*    929  3942.175051893
GRID*                930                  3620.304471952 -2053.349160884     930
*    930  3962.720092773
GRID*                931                  3497.472141565 -1978.879754463     931
*    931  3617.094439266
GRID*                932                  3509.000431595 -1967.742104295     932
*    932  3615.379557273
GRID*                933                  3519.879369195 -1956.461724076     933
*    933  3613.802815046
GRID*                934                  3530.430826305 -1944.863030304     934
*    934  3612.313450771
GRID*                935                  3539.210148396 -1934.752169319     935
*    935  3611.104439412
GRID*                936                  3547.067240638 -1925.369215505     936
*    936  3610.045629080
GRID*                937                  3554.781616211 -1915.864203795     937
*    937  3609.027183251
GRID*                938                  3563.590478549 -1904.671875000     938
*    938  3607.889522360
GRID*                939                  3573.505465787 -1891.660887927     939
*    939  3606.640710416
GRID*                940                  3579.991833195 -1882.921328869     940
*    940  3605.841597047
GRID*                941                  3592.060786739 -1866.198837372     941
*    941  3604.391580245
GRID*                942                  3603.535717598 -1849.762989915     942
*    942  3603.056592712
GRID*                943                  3614.781616211 -1833.165887646     943
*    943  3601.788804377
GRID*                944                  3624.158490435 -1818.967009124     944
*    944  3600.761950959
GRID*                945                  3633.392050086 -1804.671875000     945
*    945  3599.777357091
GRID*                946                  3642.841447402 -1789.725932005     946
*    946  3598.796813744
GRID*                947                  3651.805047619 -1775.255986836     947
*    947  3597.891838429
GRID*                948                  3659.762989865 -1762.172980850     948
*    948  3597.108858593
GRID*                949                  3667.285242153 -1749.602863414     949
*    949  3596.386422154
GRID*                950                  3675.424064054 -1735.780458541     950
*    950  3595.624130578
GRID*                951                  3689.221695750 -1705.559439332     951
*    951  3595.066086783
GRID*                952                  3694.781616211 -1689.151075225     952
*    952  3595.167109533
GRID*                953                  3701.973347926 -1667.207525879     953
*    953  3595.361763938
GRID*                954                  3708.701380959 -1645.815569186     954
*    954  3595.620470239
GRID*                955                  3714.700758831 -1625.890382953     955
*    955  3595.926371109
GRID*                956                  3720.444819301 -1605.891259662     956
*    956  3596.300542456
GRID*                957                  3725.515800839 -1587.300833583     957
*    957  3596.712992569
GRID*                958                  3730.323289912 -1568.642197171     958
*    958  3597.194479528
GRID*                959                  3734.781616211 -1550.156303845     959
*    959  3597.743886987
GRID*                960                  3739.783948583 -1527.502887730     960
*    960  3598.525546298
GRID*                961                  3743.641958859 -1507.929775960     961
*    961  3599.308477717
GRID*                962                  3747.014303212 -1488.271968063     962
*    962  3600.209016424
GRID*                963                  3749.662127713 -1469.662672632     963
*    963  3601.182339453
GRID*                964                  3751.575125438 -1452.149634982     964
*    964  3602.222365041
GRID*                965                  3753.163013106 -1417.338837673     965
*    965  3604.730052932
GRID*                966                  3752.355055617 -1399.369534564     966
*    966  3606.310247228
GRID*                967                  3749.872664791 -1381.573355803     967
*    967  3608.109771255
GRID*                968                  3954.073863412  -707.364171953     968
*    968  3632.852067986
GRID*                969                  3960.961946981  -708.578726931     969
*    969  3645.372021727
GRID*                970                  3967.757871946  -709.777031861     970
*    970  3657.724465638
GRID*                971                  3974.580390857  -710.980026022     971
*    971  3670.125247344
GRID*                972                  3981.402909774  -712.183020183     972
*    972  3682.526029046
GRID*                973                  3988.198638756  -713.381290556     973
*    973  3694.878116686
GRID*                974                  4058.718741754  -725.815887397     974
*    974  3973.309354382
GRID*                975                  4054.781616211  -725.121665938     975
*    975  3956.870008617
GRID*                976                  4050.473349655  -724.362002304     976
*    976  3938.880975046
GRID*                977                  4046.143191530  -723.598478595     977
*    977  3920.800533910
GRID*                978                  4041.813033406  -722.834954887     978
*    978  3902.720092773
GRID*                979                  4037.940430596  -722.152110526     979
*    979  3886.550159683
GRID*                980                  4034.367195352  -721.522052745     980
*    980  3871.630226593
GRID*                981                  4030.793960109  -720.891994963     981
*    981  3856.710293503
GRID*                982                  4026.723734644  -720.174304396     982
*    982  3839.715193138
GRID*                983                  4022.653509180  -719.456613829     983
*    983  3822.720092773
GRID*                984                  4018.675846898  -718.755244648     984
*    984  3806.111487113
GRID*                985                  4014.698184617  -718.053875468     985
*    985  3789.502881452
GRID*                986                  4011.532741111  -717.495722372     986
*    986  3776.285670131
GRID*                987                  4007.354491822  -716.758984290     987
*    987  3758.839519633
GRID*                988                  4003.176242533  -716.022246209     988
*    988  3741.393369135
GRID*                989                  3999.085305242  -715.300903588     989
*    989  3724.311787181
GRID*                990                  4145.268596647  -741.076961991     990
*    990  4334.695592885
GRID*                991                  4141.726798387  -740.452447398     991
*    991  4319.906923945
GRID*                992                  4138.185000126  -739.827932804     992
*    992  4305.118255004
GRID*                993                  4134.508454425  -739.179658601     993
*    993  4289.766952299
GRID*                994                  4131.283701645  -738.611047680     994
*    994  4276.302096943
GRID*                995                  4127.085541610  -737.870798797     995
*    995  4258.772809739
GRID*                996                  4122.887381575  -737.130549913     996
*    996  4241.243522536
GRID*                997                  4118.451130309  -736.348319122     997
*    997  4222.720092773
GRID*                998                  4113.661249252  -735.503733857     998
*    998  4202.720092773
GRID*                999                  4108.871368196  -734.659148592     999
*    999  4182.720092773
GRID*               1000                  4104.081487139  -733.814563328    1000
*   1000  4162.720092773
GRID*               1001                  4099.291606083  -732.969978063    1001
*   1001  4142.720092773
GRID*               1002                  4094.501725026  -732.125392798    1002
*   1002  4122.720092773
GRID*               1003                  4089.711843970  -731.280807534    1003
*   1003  4102.720092773
GRID*               1004                  4084.781816766  -730.411510722    1004
*   1004  4082.134916875
GRID*               1005                  4079.851789562  -729.542213910    1005
*   1005  4061.549740977
GRID*               1006                  4074.781616211  -728.648205552    1006
*   1006  4040.379389181
GRID*               1007                  4070.272027449  -727.853043381    1007
*   1007  4021.549740977
GRID*               1008                  4066.463947705  -727.181576178    1008
*   1008  4005.649221949
GRID*               1009                  4141.170224338  -740.354308376    1009
*   1009  4359.669017401
GRID*               1010                  4161.560621359 -1130.888165311    1010
*   1010  4327.394113061
GRID*               1011                  4155.348850803 -1128.627265727    1011
*   1011  4338.770756002
GRID*               1012                  3982.446543736 -1449.492001476    1012
*   1012  4345.179366244
GRID*               1013                  3976.082820158 -1447.175795515    1013
*   1013  4356.834305617
GRID*               1014                  3946.393853359 -1436.369895314    1014
*   1014  4345.479566149
GRID*               1015                  3643.423386781 -2075.655163141    1015
*   1015  4323.072310621
GRID*               1016                  3654.082783560 -2066.456599944    1016
*   1016  4321.338921292
GRID*               1017                  3673.668038634 -2084.671875000    1017
*   1017  4334.983641806
GRID*               1018                  3761.667123343 -1752.930893072    1018
*   1018  3682.720092773
GRID*               1019                  3766.647118857 -1754.743463206    1019
*   1019  3702.720092773
GRID*               1020                  3771.627114371 -1756.556033340    1020
*   1020  3722.720092773
GRID*               1021                  3774.117112127 -1757.462318407    1021
*   1021  3732.720092773
GRID*               1022                  3776.607109884 -1758.368603474    1022
*   1022  3742.720092773
GRID*               1023                  3781.587105398 -1760.181173607    1023
*   1023  3762.720092773
GRID*               1024                  3786.567100911 -1761.993743741    1024
*   1024  3782.720092773
GRID*               1025                  3790.083913081 -1763.273758690    1025
*   1025  3796.843849149
GRID*               1026                  3793.818909716 -1764.633186291    1026
*   1026  3811.843849149
GRID*               1027                  3797.553906351 -1765.992613891    1027
*   1027  3826.843849149
GRID*               1028                  3802.020494659 -1767.618319084    1028
*   1028  3844.781970961
GRID*               1029                  3806.487082966 -1769.244024276    1029
*   1029  3862.720092773
GRID*               1030                  3810.013897378 -1770.527679744    1030
*   1030  3876.884018836
GRID*               1031                  3813.540711791 -1771.811335212    1031
*   1031  3891.047944899
GRID*               1032                  3816.447073993 -1772.869164544    1032
*   1032  3902.720092773
GRID*               1033                  3821.271355395 -1774.625059376    1033
*   1033  3922.094734333
GRID*               1034                  3826.095636798 -1776.380954208    1034
*   1034  3941.469375893
GRID*               1035                  3693.465697670 -2092.160647339    1035
*   1035  4298.339962435
GRID*               1036                  3683.452279229 -2100.737278541    1036
*   1036  4300.056014103
GRID*               1037                  3826.368185597 -1787.085646196    1037
*   1037  3963.290666591
GRID*               1038                  3835.283465813 -1792.722537518    1038
*   1038  4003.794636704
GRID*               1039                  3826.364477866 -1807.023514547    1039
*   1039  4002.736799527
GRID*               1040                  3823.095555848 -1802.309147569    1040
*   1040  3982.585396309
GRID*               1041                  3815.783229708 -1814.477254545    1041
*   1041  3982.910629753
GRID*               1042                  3815.829032694 -1806.195941023    1042
*   1042  3966.434151034
GRID*               1043                  3803.755136964 -1824.722883275    1043
*   1043  3964.257711870
GRID*               1044                  3794.945067232 -1843.811024185    1044
*   1044  3974.831474642
GRID*               1045                  3794.781616211 -1838.236325287    1045
*   1045  3962.720092773
GRID*               1046                  3807.910503134 -1826.983655612    1046
*   1046  3982.473630181
GRID*               1047                  3797.297878852 -1845.728655465    1047
*   1047  3986.491458081
GRID*               1048                  3796.384639592 -1855.097967070    1048
*   1048  4003.136838328
GRID*               1049                  3804.466636288 -1842.362122150    1049
*   1049  4002.860698432
GRID*               1050                  3807.604173238 -1846.992528640    1050
*   1050  4022.703896981
GRID*               1051                  3796.185495416 -1864.671875000    1051
*   1051  4022.720092773
GRID*               1052                  3796.037908265 -1874.191352245    1052
*   1052  4042.544947857
GRID*               1053                  3803.856724838 -1862.361865878    1053
*   1053  4042.723959350
GRID*               1054                  3814.781616211 -1854.973150330    1054
*   1054  4062.720092773
GRID*               1055                  3815.084344706 -1844.862442707    1055
*   1055  4042.676073466
GRID*               1056                  3806.994545727 -1866.977901672    1056
*   1056  4062.676411604
GRID*               1057                  3803.014155291 -1882.370731105    1057
*   1057  4082.682272663
GRID*               1058                  3795.111566770 -1884.770138379    1058
*   1058  4062.344369828
GRID*               1059                  3794.454403389 -1895.161436247    1059
*   1059  4082.863406548
GRID*               1060                  3786.319092473 -1906.954839475    1060
*   1060  4082.768639840
GRID*               1061                  3783.196550862 -1902.381360235    1061
*   1061  4062.593046093
GRID*               1062                  3774.946173705 -1914.227928014    1062
*   1062  4062.657838185
GRID*               1063                  3775.006502405 -1904.782996909    1063
*   1063  4041.671522642
GRID*               1064                  3775.558503362 -1895.375110973    1064
*   1064  4022.568676975
GRID*               1065                  3787.521455388 -1886.954543818    1065
*   1065  4042.607070798
GRID*               1066                  3784.427891058 -1882.374465007    1066
*   1066  4022.674830947
GRID*               1067                  3767.564498356 -1906.940432921    1067
*   1067  4022.667370459
GRID*               1068                  3764.647229717 -1902.448171093    1068
*   1068  4003.272751253
GRID*               1069                  3755.675793941 -1915.020011671    1069
*   1069  4002.944674268
GRID*               1070                  3757.243225756 -1905.530512610    1070
*   1070  3986.486411094
GRID*               1071                  3755.387081683 -1902.658357646    1071
*   1071  3974.098790123
GRID*               1072                  3769.097750952 -1887.023794881    1072
*   1072  3983.421598444
GRID*               1073                  3765.296991953 -1884.854350693    1073
*   1073  3966.434251237
GRID*               1074                  3774.367217584 -1871.195348594    1074
*   1074  3966.021299828
GRID*               1075                  3776.472998826 -1876.063126786    1075
*   1075  3983.328168311
GRID*               1076                  3784.695151708 -1862.931471858    1076
*   1076  3981.763645504
GRID*               1077                  3779.362498076 -1862.762119868    1077
*   1077  3964.120298397
GRID*               1078                  3789.965570239 -1846.831152087    1078
*   1078  3964.918571685
GRID*               1079                  3788.532914530 -1866.989115049    1079
*   1079  4002.845600641
GRID*               1080                  3776.318518260 -1885.169909993    1080
*   1080  4002.614293422
GRID*               1081                  3734.980534441 -1935.025391659    1081
*   1081  3983.546515304
GRID*               1082                  3743.923034250 -1922.398107978    1082
*   1082  3982.447775660
GRID*               1083                  3725.674523580 -1946.852466437    1083
*   1083  3982.361996991
GRID*               1084                  3709.862697510 -1965.905175640    1084
*   1084  3979.591473830
GRID*               1085                  3697.552958494 -1983.365265874    1085
*   1085  3985.914200233
GRID*               1086                  3693.818566606 -1994.027767198    1086
*   1086  4002.414084507
GRID*               1087                  3703.855505919 -1982.574186888    1087
*   1087  4003.256228288
GRID*               1088                  3716.195430870 -1975.428517826    1088
*   1088  4023.140108332
GRID*               1089                  3706.509087902 -1986.777368013    1089
*   1089  4022.277313479
GRID*               1090                  3712.786761175 -1986.748729176    1090
*   1090  4041.506590006
GRID*               1091                  3694.380581774 -2004.826049155    1091
*   1091  4033.056531403
GRID*               1092                  3698.970454640 -2004.613314638    1092
*   1092  4046.397654679
GRID*               1093                  3713.342616763 -1994.117021540    1093
*   1093  4062.351852112
GRID*               1094                  3723.075598678 -1982.475607705    1094
*   1094  4062.284684953
GRID*               1095                  3735.575248158 -1963.401364032    1095
*   1095  4053.532258314
GRID*               1096                  3728.846207081 -1966.328100628    1096
*   1096  4039.729758586
GRID*               1097                  3733.685417589 -1953.173067782    1097
*   1097  4022.738259765
GRID*               1098                  3725.014514063 -1964.662882614    1098
*   1098  4023.673294622
GRID*               1099                  3732.052341821 -1946.861546668    1099
*   1099  4002.426887445
GRID*               1100                  3719.477452116 -1964.659642944    1100
*   1100  4006.410816539
GRID*               1101                  3754.862752470 -1924.780737616    1101
*   1101  4022.696568988
GRID*               1102                  3747.011014817 -1926.918796729    1102
*   1102  4002.702887649
GRID*               1103                  3741.807530743 -1942.438113709    1103
*   1103  4022.604204883
GRID*               1104                  3753.799578084 -1934.979093667    1104
*   1104  4042.962490328
GRID*               1105                  3762.845830157 -1922.408815741    1105
*   1105  4042.643562865
GRID*               1106                  3765.906602595 -1926.929928703    1106
*   1106  4062.747286050
GRID*               1107                  3773.807577966 -1924.671875000    1107
*   1107  4082.720092773
GRID*               1108                  3760.835598548 -1942.435787682    1108
*   1108  4082.679489661
GRID*               1109                  3754.802839460 -1957.606915461    1109
*   1109  4099.710150928
GRID*               1110                  3754.736954179 -1951.468712646    1110
*   1110  4084.808519367
GRID*               1111                  3764.177478996 -1946.393992358    1111
*   1111  4102.550698437
GRID*               1112                  3748.574178815 -1966.859587543    1112
*   1112  4102.621708663
GRID*               1113                  3745.274897795 -1962.970142054    1113
*   1113  4082.811736578
GRID*               1114                  3735.724283243 -1975.081403242    1114
*   1114  4082.863107799
GRID*               1115                  3732.308093253 -1986.734585701    1115
*   1115  4101.651033623
GRID*               1116                  3725.973070122 -1986.782627735    1116
*   1116  4082.219175139
GRID*               1117                  3714.129996605 -2004.775746641    1117
*   1117  4092.909530035
GRID*               1118                  3718.726462259 -2004.581355291    1118
*   1118  4106.395474481
GRID*               1119                  3714.989282809 -2014.665854199    1119
*   1119  4122.175060886
GRID*               1120                  3724.546670399 -2004.282396624    1120
*   1120  4123.358794527
GRID*               1121                  3728.121049148 -2006.146190588    1121
*   1121  4139.203663616
GRID*               1122                  3733.817566394 -2004.733752184    1122
*   1122  4152.880032798
GRID*               1123                  3732.880956497 -1994.099423627    1123
*   1123  4122.301733001
GRID*               1124                  3745.379391589 -1986.793009980    1124
*   1124  4142.220341383
GRID*               1125                  3742.529115200 -1982.488142621    1125
*   1125  4122.536465735
GRID*               1126                  3755.207004890 -1974.718925992    1126
*   1126  4142.626560976
GRID*               1127                  3758.164412076 -1962.381898702    1127
*   1127  4121.770399590
GRID*               1128                  3764.904981334 -1962.511356524    1128
*   1128  4143.234883850
GRID*               1129                  3776.308754475 -1955.855026101    1129
*   1129  4163.201507814
GRID*               1130                  3767.762833621 -1966.881050674    1130
*   1130  4162.750003266
GRID*               1131                  3761.847576570 -1982.475936347    1131
*   1131  4182.513598068
GRID*               1132                  3755.939222941 -1997.381239369    1132
*   1132  4201.777000963
GRID*               1133                  3753.888179104 -1992.429318490    1133
*   1133  4182.824981002
GRID*               1134                  3765.248045665 -1985.618278140    1134
*   1134  4200.911635559
GRID*               1135                  3774.677848962 -1974.365635698    1135
*   1135  4202.586002663
GRID*               1136                  3771.138039462 -1986.802420532    1136
*   1136  4222.175509585
GRID*               1137                  3774.637044501 -1991.453163981    1137
*   1137  4244.657704278
GRID*               1138                  3781.104673895 -1982.464300471    1138
*   1138  4242.495962684
GRID*               1139                  3794.125797939 -1974.038414648    1139
*   1139  4262.736207049
GRID*               1140                  3794.975599627 -1964.635294785    1140
*   1140  4242.887356391
GRID*               1141                  3783.720842714 -1986.542095214    1141
*   1141  4260.705949517
GRID*               1142                  3772.822822881 -2006.201341318    1142
*   1142  4276.439228316
GRID*               1143                  3774.867010499 -1997.793618323    1143
*   1143  4261.322204151
GRID*               1144                  3742.128498865 -2042.451510105    1144
*   1144  4280.947439195
GRID*               1145                  3734.300672486 -2050.711037265    1145
*   1145  4281.525330404
GRID*               1146                  3722.143709262 -2062.871479730    1146
*   1146  4282.439922019
GRID*               1147                  3712.936486200 -2070.586569529    1147
*   1147  4280.185679426
GRID*               1148                  3716.261307638 -2061.887207480    1148
*   1148  4262.382918200
GRID*               1149                  3715.972791824 -2055.002074606    1149
*   1149  4240.507379716
GRID*               1150                  3705.848185067 -2064.931988967    1150
*   1150  4241.932828821
GRID*               1151                  3695.423319924 -2073.641767266    1151
*   1151  4240.602690362
GRID*               1152                  3699.350784081 -2065.680696614    1152
*   1152  4225.749165679
GRID*               1153                  3697.300215484 -2063.348146541    1153
*   1153  4212.450809447
GRID*               1154                  3712.796096964 -2052.268439070    1154
*   1154  4222.993733195
GRID*               1155                  3695.382501320 -2060.757297489    1155
*   1155  4198.746025147
GRID*               1156                  3714.726607275 -2044.432826225    1156
*   1156  4205.393094809
GRID*               1157                  3696.322763336 -2054.023315809    1157
*   1157  4180.435256371
GRID*               1158                  3685.718319948 -2064.204082555    1158
*   1158  4182.233140766
GRID*               1159                  3679.750458600 -2064.512406979    1159
*   1159  4166.354707223
GRID*               1160                  3676.190801748 -2063.922498450    1160
*   1160  4154.375091698
GRID*               1161                  3692.846131070 -2051.189997666    1161
*   1161  4161.650844140
GRID*               1162                  3676.622790950 -2059.538623242    1162
*   1162  4141.319795591
GRID*               1163                  3697.279893435 -2041.216895265    1163
*   1163  4144.558594349
GRID*               1164                  3697.137931285 -2034.858616183    1164
*   1164  4125.493355480
GRID*               1165                  3685.503238887 -2045.642091787    1165
*   1165  4123.382669868
GRID*               1166                  3675.509680001 -2054.722621830    1166
*   1166  4122.731371440
GRID*               1167                  3673.562540008 -2051.089117649    1167
*   1167  4105.676381496
GRID*               1168                  3697.022872858 -2023.166386961    1168
*   1168  4091.683689450
GRID*               1169                  3676.185172417 -2043.656090338    1169
*   1169  4090.241585142
GRID*               1170                  3693.468914939 -2031.542536861    1170
*   1170  4105.016467047
GRID*               1171                  3673.829639311 -2042.214062980    1171
*   1171  4078.998406763
GRID*               1172                  3690.338842328 -2025.822829909    1172
*   1172  4079.283307180
GRID*               1173                  3694.717751135 -2015.100157608    1173
*   1173  4062.223527660
GRID*               1174                  3683.565751596 -2026.034996667    1174
*   1174  4059.756553980
GRID*               1175                  3676.601033262 -2035.021111474    1175
*   1175  4065.456403141
GRID*               1176                  3674.274144330 -2030.979700426    1176
*   1176  4046.665526165
GRID*               1177                  3681.161112713 -2023.130477381    1177
*   1177  4044.277629531
GRID*               1178                  3673.758036203 -2026.418358259    1178
*   1178  4031.799651922
GRID*               1179                  3672.208655217 -2023.544825587    1179
*   1179  4018.883506651
GRID*               1180                  3655.626480970 -2039.974602621    1180
*   1180  4019.353528595
GRID*               1181                  3656.081925922 -2033.112416462    1181
*   1181  3999.706099916
GRID*               1182                  3665.039191637 -2025.992830276    1182
*   1182  4004.803746892
GRID*               1183                  3675.145841780 -2015.110430328    1183
*   1183  4003.560788806
GRID*               1184                  3661.476172004 -2022.978245299    1184
*   1184  3985.474037975
GRID*               1185                  3652.970974851 -2030.816439558    1185
*   1185  3983.702603970
GRID*               1186                  3638.609379873 -2045.017814201    1186
*   1186  3986.447076708
GRID*               1187                  3635.833179753 -2051.665860645    1187
*   1187  4000.331519971
GRID*               1188                  3646.097816725 -2043.381072532    1188
*   1188  4002.593186484
GRID*               1189                  3653.722719835 -2045.889933367    1189
*   1189  4032.372118931
GRID*               1190                  3654.273419641 -2053.878013397    1190
*   1190  4059.587256915
GRID*               1191                  3656.893934950 -2058.522004936    1191
*   1191  4082.230134715
GRID*               1192                  3666.229695603 -2062.780342112    1192
*   1192  4122.575534129
GRID*               1193                  3666.077340100 -2044.278079842    1193
*   1193  4062.870882704
GRID*               1194                  3660.491749899 -2043.941567873    1194
*   1194  4045.707380234
GRID*               1195                  3679.841877057 -2003.580252729    1195
*   1195  3985.677643262
GRID*               1196                  3684.887008853 -2004.420647133    1196
*   1196  4003.220204431
GRID*               1197                  3688.715751598 -2006.489936479    1197
*   1197  4020.440998125
GRID*               1198                  3704.261919394 -2025.521388552    1198
*   1198  4119.967469573
GRID*               1199                  3701.452365521 -2022.676012548    1199
*   1199  4103.559079741
GRID*               1200                  3711.603788780 -2024.471779279    1200
*   1200  4139.012489988
GRID*               1201                  3716.450625659 -2023.580124610    1201
*   1201  4151.084570603
GRID*               1202                  3713.125645561 -2031.706444757    1202
*   1202  4163.933651386
GRID*               1203                  3701.926937652 -2043.740810465    1203
*   1203  4165.688062732
GRID*               1204                  3715.841045223 -2035.624582562    1204
*   1204  4183.187392929
GRID*               1205                  3724.148208889 -2025.608304443    1205
*   1205  4179.853936704
GRID*               1206                  3721.435384159 -2022.657435646    1206
*   1206  4163.532287919
GRID*               1207                  3734.967109687 -2014.653177620    1207
*   1207  4182.727106789
GRID*               1208                  3745.396137875 -2003.635014851    1208
*   1208  4185.474373126
GRID*               1209                  3738.341244467 -2004.610725035    1209
*   1209  4166.400359696
GRID*               1210                  3748.111562601 -2006.734870163    1210
*   1210  4201.889521616
GRID*               1211                  3753.068824234 -2005.791201729    1211
*   1211  4214.631933374
GRID*               1212                  3735.581712378 -2024.941542857    1212
*   1212  4212.470688548
GRID*               1213                  3741.571520269 -2023.352028478    1213
*   1213  4226.241046793
GRID*               1214                  3735.810093544 -2035.730903708    1214
*   1214  4243.085210774
GRID*               1215                  3745.091865448 -2025.197616491    1215
*   1215  4241.913193382
GRID*               1216                  3754.312703102 -2014.955389770    1216
*   1216  4242.475420132
GRID*               1217                  3751.043164456 -2024.874443485    1217
*   1217  4259.060178603
GRID*               1218                  3767.601479089 -2006.730906699    1218
*   1218  4261.726860923
GRID*               1219                  3764.402526964 -2003.329597272    1219
*   1219  4243.118688440
GRID*               1220                  3755.604072013 -2025.133400125    1220
*   1220  4273.591542700
GRID*               1221                  3736.070553282 -2042.698767008    1221
*   1221  4263.604865047
GRID*               1222                  3725.971344637 -2046.773298261    1222
*   1222  4245.426579836
GRID*               1223                  3722.830166658 -2042.941148555    1223
*   1223  4224.993716576
GRID*               1224                  3756.953860355 -2005.779439178    1224
*   1224  4226.530664805
GRID*               1225                  3705.643031436 -2046.714360822    1225
*   1225  4185.432296158
GRID*               1226                  3731.303487611 -2024.754023891    1226
*   1226  4199.047342432
GRID*               1227                  3814.781616211 -1944.671875000    1227
*   1227  4258.924442820
GRID*               1228                  3808.000733887 -1946.904873527    1228
*   1228  4242.522816498
GRID*               1229                  3802.737077311 -1963.010295662    1229
*   1229  4263.503407268
GRID*               1230                  3816.482497324 -1935.357832083    1230
*   1230  4243.071400147
GRID*               1231                  3805.186349097 -1942.480191082    1231
*   1231  4223.379696710
GRID*               1232                  3796.626491804 -1954.203234997    1232
*   1232  4223.463322801
GRID*               1233                  3798.784906419 -1943.914890741    1233
*   1233  4206.353379105
GRID*               1234                  3795.293071907 -1943.223713582    1234
*   1234  4193.670584826
GRID*               1235                  3795.908078235 -1937.202324190    1235
*   1235  4181.748816690
GRID*               1236                  3809.373304088 -1925.960790612    1236
*   1236  4199.122213016
GRID*               1237                  3803.691816705 -1925.653737252    1237
*   1237  4180.275113823
GRID*               1238                  3814.600528613 -1905.830820585    1238
*   1238  4171.094032883
GRID*               1239                  3813.545433687 -1912.787557464    1239
*   1239  4183.057861477
GRID*               1240                  3812.233089025 -1903.770563173    1240
*   1240  4158.953033313
GRID*               1241                  3800.594227796 -1922.441225507    1241
*   1241  4163.134654085
GRID*               1242                  3794.252587416 -1926.153740824    1242
*   1242  4151.269293812
GRID*               1243                  3793.816712420 -1932.315966182    1243
*   1243  4163.903403807
GRID*               1244                  3790.934103447 -1925.449338229    1244
*   1244  4139.083784539
GRID*               1245                  3785.988430773 -1943.813555509    1245
*   1245  4165.524173268
GRID*               1246                  3780.197645052 -1943.442935849    1246
*   1246  4146.310842247
GRID*               1247                  3774.995445077 -1944.573643653    1247
*   1247  4132.478326345
GRID*               1248                  3784.537321766 -1926.858661259    1248
*   1248  4121.891613665
GRID*               1249                  3794.388915209 -1904.588022848    1249
*   1249  4103.406739132
GRID*               1250                  3793.051723302 -1914.933885323    1250
*   1250  4122.150183128
GRID*               1251                  3781.693610686 -1922.408035871    1251
*   1251  4102.703884872
GRID*               1252                  3773.028482956 -1934.250408413    1252
*   1252  4102.243784023
GRID*               1253                  3805.130517176 -1907.002528538    1253
*   1253  4143.239980932
GRID*               1254                  3801.927467937 -1902.393702601    1254
*   1254  4122.783921155
GRID*               1255                  3813.097740545 -1894.808876973    1255
*   1255  4142.157853254
GRID*               1256                  3813.867802175 -1884.671875000    1256
*   1256  4122.720092773
GRID*               1257                  3821.572795525 -1882.368278956    1257
*   1257  4142.702522030
GRID*               1258                  3833.383312917 -1873.976916578    1258
*   1258  4163.139625454
GRID*               1259                  3833.387335834 -1864.308099486    1259
*   1259  4142.804756145
GRID*               1260                  3824.774378845 -1886.997794441    1260
*   1260  4162.988188582
GRID*               1261                  3833.825248401 -1853.992439878    1261
*   1261  4122.725871531
GRID*               1262                  3825.472844891 -1866.983063932    1262
*   1262  4122.688524895
GRID*               1263                  3814.590950282 -1874.243147296    1263
*   1263  4102.743432828
GRID*               1264                  3822.320472434 -1862.356947746    1264
*   1264  4102.714526651
GRID*               1265                  3841.245301796 -1842.366254822    1265
*   1265  4122.994275100
GRID*               1266                  3854.992268014 -1824.288872151    1266
*   1266  4131.408865465
GRID*               1267                  3854.791804369 -1831.324785249    1267
*   1267  4144.916452105
GRID*               1268                  3844.295328808 -1846.974687761    1268
*   1268  4142.419117074
GRID*               1269                  3853.167241576 -1821.121446679    1269
*   1269  4119.060370425
GRID*               1270                  3853.937348214 -1812.163093399    1270
*   1270  4103.720750972
GRID*               1271                  3844.488300614 -1826.979010202    1271
*   1271  4102.334354435
GRID*               1272                  3834.029826773 -1834.214281503    1272
*   1272  4082.727392163
GRID*               1273                  3841.433162542 -1822.353206069    1273
*   1273  4082.982860796
GRID*               1274                  3845.295468843 -1805.392081275    1274
*   1274  4061.819733676
GRID*               1275                  3841.549281380 -1802.390975395    1275
*   1275  4043.532271108
GRID*               1276                  3834.153762797 -1814.279561306    1276
*   1276  4042.858095528
GRID*               1277                  3835.522875218 -1802.408239632    1277
*   1277  4023.708121510
GRID*               1278                  3826.285668908 -1827.008361313    1278
*   1278  4042.702250893
GRID*               1279                  3823.066481183 -1822.328085709    1279
*   1279  4022.661609951
GRID*               1280                  3814.932551375 -1835.346557089    1280
*   1280  4022.563924040
GRID*               1281                  3815.141820056 -1824.804669568    1281
*   1281  4001.711414879
GRID*               1282                  3833.900692412 -1824.577060645    1282
*   1282  4062.745711095
GRID*               1283                  3822.818281442 -1842.345832996    1283
*   1283  4062.724976388
GRID*               1284                  3852.920180166 -1801.405642912    1284
*   1284  4079.081257570
GRID*               1285                  3854.781616211 -1804.671875000    1285
*   1285  4091.662973041
GRID*               1286                  3862.668715672 -1806.199435999    1286
*   1286  4120.687558179
GRID*               1287                  3868.865126872 -1807.036425506    1287
*   1287  4142.776989601
GRID*               1288                  3874.501400582 -1807.416650698    1288
*   1288  4162.122565975
GRID*               1289                  3864.807720806 -1824.445892042    1289
*   1289  4163.982658562
GRID*               1290                  3855.146427693 -1843.799898194    1290
*   1290  4171.408141839
GRID*               1291                  3853.181002178 -1840.900736107    1291
*   1291  4159.061085595
GRID*               1292                  3869.064097919 -1827.064383917    1292
*   1292  4183.217617575
GRID*               1293                  3854.376837050 -1858.421566191    1293
*   1293  4198.941396191
GRID*               1294                  3854.935525601 -1850.684570749    1294
*   1294  4184.816371236
GRID*               1295                  3865.390557940 -1843.728058399    1295
*   1295  4204.804034120
GRID*               1296                  3876.198498185 -1835.090369538    1296
*   1296  4222.771082079
GRID*               1297                  3868.936377170 -1847.048830295    1297
*   1297  4223.178615117
GRID*               1298                  3864.965414775 -1862.858969460    1298
*   1298  4242.673310001
GRID*               1299                  3857.939738042 -1866.111415209    1299
*   1299  4226.515502119
GRID*               1300                  3854.565796400 -1864.897768266    1300
*   1300  4212.995422851
GRID*               1301                  3856.075540505 -1876.366415004    1301
*   1301  4241.897987115
GRID*               1302                  3849.415033583 -1886.980093275    1302
*   1302  4242.731337229
GRID*               1303                  3844.801617768 -1884.700890022    1303
*   1303  4222.926459674
GRID*               1304                  3833.550007496 -1892.835390444    1304
*   1304  4203.917170243
GRID*               1305                  3840.486384743 -1882.505995980    1305
*   1305  4204.268348899
GRID*               1306                  3836.228816095 -1883.339766993    1306
*   1306  4192.243519206
GRID*               1307                  3849.596307358 -1866.818363389    1307
*   1307  4200.812052900
GRID*               1308                  3845.416365872 -1864.671875000    1308
*   1308  4182.720092773
GRID*               1309                  3832.194840335 -1883.219871000    1309
*   1309  4178.918452094
GRID*               1310                  3823.501257112 -1906.902027606    1310
*   1310  4202.078594668
GRID*               1311                  3820.690290143 -1902.430238090    1311
*   1311  4183.239363551
GRID*               1312                  3814.079043908 -1924.927436716    1312
*   1312  4211.845101785
GRID*               1313                  3829.822169832 -1905.367623831    1313
*   1313  4219.069485618
GRID*               1314                  3819.232228498 -1924.051184652    1314
*   1314  4226.371264391
GRID*               1315                  3834.456612719 -1905.048941763    1315
*   1315  4233.305425693
GRID*               1316                  3825.687475377 -1922.468210381    1316
*   1316  4243.512709377
GRID*               1317                  3836.081198170 -1915.594281104    1317
*   1317  4261.642360742
GRID*               1318                  3845.106462154 -1902.279041336    1318
*   1318  4261.637746697
GRID*               1319                  3837.915084266 -1905.996573554    1319
*   1319  4246.516721689
GRID*               1320                  3857.730397323 -1885.463553853    1320
*   1320  4266.475968185
GRID*               1321                  3868.241074155 -1866.907194876    1321
*   1321  4261.748144107
GRID*               1322                  3875.195697603 -1854.954157049    1322
*   1322  4259.814440886
GRID*               1323                  3883.517655425 -1842.185244589    1323
*   1323  4261.099678208
GRID*               1324                  3887.033366185 -1826.969767562    1324
*   1324  4242.129583028
GRID*               1325                  3875.994606258 -1845.104851567    1325
*   1325  4242.344668853
GRID*               1326                  3895.197091778 -1813.263481745    1326
*   1326  4241.923670735
GRID*               1327                  3883.953794964 -1822.322577358    1327
*   1327  4222.747757681
GRID*               1328                  3886.754474911 -1806.412977173    1328
*   1328  4200.607430505
GRID*               1329                  3876.352273529 -1824.812403785    1329
*   1329  4202.682742473
GRID*               1330                  3875.577405042 -1815.894148289    1330
*   1330  4182.404627217
GRID*               1331                  3881.128221395 -1805.336139704    1331
*   1331  4179.914420294
GRID*               1332                  3895.542587901 -1821.900738019    1332
*   1332  4260.091714102
GRID*               1333                  3855.310785375 -1883.278655415    1333
*   1333  4253.996016494
GRID*               1334                  3828.346238296 -1926.868533787    1334
*   1334  4261.855118973
GRID*               1335                  3840.828186492 -1862.378071914    1335
*   1335  4162.992031949
GRID*               1336                  3826.000371485 -1846.997355766    1336
*   1336  4082.713169704
GRID*               1337                  3833.907421572 -1844.218124011    1337
*   1337  4102.805922464
GRID*               1338                  3806.157009309 -1886.973892804    1338
*   1338  4102.771833378
GRID*               1339                  3789.045141785 -1946.881677845    1339
*   1339  4182.352201447
GRID*               1340                  3783.732043817 -1962.404975548    1340
*   1340  4202.167799670
GRID*               1341                  3775.342292263 -1965.237602091    1341
*   1341  4182.570525257
GRID*               1342                  3786.857996202 -1966.887885623    1342
*   1342  4222.718710209
GRID*               1343                  3751.898812367 -1986.820434670    1343
*   1343  4162.485566690
GRID*               1344                  3708.345072002 -2006.233643249    1344
*   1344  4079.221012564
GRID*               1345                  3704.657405737 -2004.512111158    1345
*   1345  4063.391761997
GRID*               1346                  3771.548994071 -1943.438815625    1346
*   1346  4118.916861827
GRID*               1347                  3751.462186435 -1947.001413569    1347
*   1347  4063.866376579
GRID*               1348                  3737.886427521 -1965.752943943    1348
*   1348  4066.517887895
GRID*               1349                  3744.716014954 -1946.852288821    1349
*   1349  4042.255130094
GRID*               1350                  3715.149277500 -1964.741000972    1350
*   1350  3993.136360141
GRID*               1351                  3814.659256340 -1864.681254488    1351
*   1351  4082.704173656
GRID*               1352                  3893.866922856 -1814.703382099    1352
*   1352  4285.562053864
GRID*               1353                  3879.233001828 -1822.557934636    1353
*   1353  4301.336996778
GRID*               1354                  3873.374476000 -1843.915265475    1354
*   1354  4292.154661866
GRID*               1355                  3874.393454200 -1831.694301401    1355
*   1355  4301.004950886
GRID*               1356                  3888.317268841 -1826.829572224    1356
*   1356  4283.887918575
GRID*               1357                  3879.297654840 -1844.615551594    1357
*   1357  4282.550473041
GRID*               1358                  3873.229835091 -1854.721292652    1358
*   1358  4283.096865560
GRID*               1359                  3866.405716067 -1867.027022364    1359
*   1359  4282.772104573
GRID*               1360                  3857.480737128 -1863.268983358    1360
*   1360  4299.562211880
GRID*               1361                  3855.147867878 -1882.749860399    1361
*   1361  4285.968431399
GRID*               1362                  3843.811543717 -1901.899023268    1362
*   1362  4285.902251988
GRID*               1363                  3834.692697075 -1907.494811515    1363
*   1363  4294.513205303
GRID*               1364                  3835.486822900 -1917.620921345    1364
*   1364  4284.055767243
GRID*               1365                  3944.093466937 -1513.635068380    1365
*   1365  4306.939527937
GRID*               1366                  3813.806756689 -1944.173463037    1366
*   1366  4291.559334030
GRID*               1367                  3814.662098809 -1931.605054654    1367
*   1367  4302.164269013
GRID*               1368                  3819.507742132 -1922.136898342    1368
*   1368  4303.775448692
GRID*               1369                  3795.594348820 -1965.314328922    1369
*   1369  4298.088364021
GRID*               1370                  3781.046338467 -1982.492377377    1370
*   1370  4302.365704201
GRID*               1371                  3774.066479352 -1993.691899063    1371
*   1371  4301.143477207
GRID*               1372                  3774.148582162 -1984.339736014    1372
*   1372  4310.585360013
GRID*               1373                  3756.997635071 -2003.918570024    1373
*   1373  4315.274499892
GRID*               1374                  3765.196573953 -2006.772242177    1374
*   1374  4300.396124522
GRID*               1375                  3755.718496359 -2016.195549390    1375
*   1375  4304.026484953
GRID*               1376                  3753.807683407 -2025.804151954    1376
*   1376  4296.312677714
GRID*               1377                  3747.752167525 -2026.572104664    1377
*   1377  4304.128695545
GRID*               1378                  3734.440359964 -2028.947388196    1378
*   1378  4320.473464612
GRID*               1379                  3731.485689189 -2046.413721981    1379
*   1379  4304.674264378
GRID*               1380                  3712.018951542 -2066.394473386    1380
*   1380  4307.525353094
GRID*               1381                  3714.942087452 -2053.294881405    1381
*   1381  4319.646379055
GRID*               1382                  3722.782202862 -2043.766606202    1382
*   1382  4320.005577228
GRID*               1383                  3703.284148463 -2066.285454003    1383
*   1383  4319.631790806
GRID*               1384                  3694.621802454 -2071.931806181    1384
*   1384  4324.112381053
GRID*               1385                  3794.652168346 -1959.245940141    1385
*   1385  4305.414352326
GRID*               1386                  3805.885829410 -1945.272212782    1386
*   1386  4302.270177463
GRID*               1387                  3814.183524347 -1924.343791564    1387
*   1387  4309.670615504
GRID*               1388                  3829.607700233 -1906.802210028    1388
*   1388  4302.770429907
GRID*               1389                  3835.733245801 -1897.193191377    1389
*   1389  4302.292005730
GRID*               1390                  3844.339516537 -1884.248432077    1390
*   1390  4300.938929424
GRID*               1391                  3865.595706672 -1845.160547186    1391
*   1391  4302.910281865
GRID*               1392                  3905.115911748 -1443.310941887    1392
*   1392  3982.865117683
GRID*               1393                  3906.258128917 -1464.671875000    1393
*   1393  3982.720092773
GRID*               1394                  3905.903419174 -1485.280565250    1394
*   1394  3982.438007470
GRID*               1395                  3904.719494944 -1504.671875000    1395
*   1395  3982.720092773
GRID*               1396                  3902.715640523 -1525.449393852    1396
*   1396  3983.482277272
GRID*               1397                  3898.311712580 -1525.173872259    1397
*   1397  3966.436495338
GRID*               1398                  3895.208687933 -1547.187444210    1398
*   1398  3966.702210895
GRID*               1399                  3894.008070815 -1563.537134279    1399
*   1399  3972.746837401
GRID*               1400                  3894.465792510 -1575.258713876    1400
*   1400  3982.758993053
GRID*               1401                  3892.011843651 -1585.964733699    1401
*   1401  3981.625243443
GRID*               1402                  3888.318644826 -1584.208585147    1402
*   1402  3966.474963617
GRID*               1403                  3883.719671468 -1604.178062082    1403
*   1403  3965.502603803
GRID*               1404                  3888.987054502 -1603.256421802    1404
*   1404  3984.274259504
GRID*               1405                  3882.561398874 -1626.566436312    1405
*   1405  3980.875488698
GRID*               1406                  3878.660363218 -1622.906464876    1406
*   1406  3963.175566954
GRID*               1407                  3875.180297286 -1636.568875774    1407
*   1407  3963.006282377
GRID*               1408                  3875.649349193 -1644.740226782    1408
*   1408  3972.530548664
GRID*               1409                  3872.851834330 -1645.548151859    1409
*   1409  3963.062190146
GRID*               1410                  3868.864883454 -1663.207829769    1410
*   1410  3966.024055696
GRID*               1411                  3872.321689034 -1665.647452802    1411
*   1411  3981.107993346
GRID*               1412                  3868.057820555 -1683.437646903    1412
*   1412  3984.091921227
GRID*               1413                  3861.803520272 -1686.915048907    1413
*   1413  3965.111699711
GRID*               1414                  3854.842899063 -1725.314805119    1414
*   1414  3982.733302445
GRID*               1415                  3854.798404216 -1710.450679958    1415
*   1415  3965.648014191
GRID*               1416                  3861.205979119 -1705.374726181    1416
*   1416  3983.102351959
GRID*               1417                  3860.674982542 -1724.590429359    1417
*   1417  4002.881742798
GRID*               1418                  3854.300355983 -1744.102220203    1418
*   1418  4002.756706367
GRID*               1419                  3848.440724871 -1745.285015743    1419
*   1419  3983.166529292
GRID*               1420                  3848.222743986 -1763.907476451    1420
*   1420  4004.879292409
GRID*               1421                  3842.047403502 -1764.489310327    1421
*   1421  3983.546885895
GRID*               1422                  3835.942263809 -1766.371566075    1422
*   1422  3964.082276438
GRID*               1423                  3843.117604268 -1745.599090194    1423
*   1423  3964.476613083
GRID*               1424                  3849.796620465 -1726.813490748    1424
*   1424  3966.321002208
GRID*               1425                  3851.542218632 -1767.053120022    1425
*   1425  4020.583913755
GRID*               1426                  3854.668953789 -1766.953096719    1426
*   1426  4031.623755082
GRID*               1427                  3855.413273384 -1775.937096126    1427
*   1427  4045.344584790
GRID*               1428                  3869.454708713 -1766.709808893    1428
*   1428  4084.142438363
GRID*               1429                  3864.773868127 -1764.329860710    1429
*   1429  4064.522406024
GRID*               1430                  3863.920399600 -1782.164457714    1430
*   1430  4083.396099273
GRID*               1431                  3869.302018091 -1782.079683621    1431
*   1431  4102.470779708
GRID*               1432                  3874.768455680 -1781.915214854    1432
*   1432  4121.756020395
GRID*               1433                  3875.651173157 -1766.836378573    1433
*   1433  4106.444621404
GRID*               1434                  3880.353534953 -1782.039342944    1434
*   1434  4141.827988856
GRID*               1435                  3891.264589370 -1766.055173363    1435
*   1435  4161.351692693
GRID*               1436                  3887.276782224 -1763.443049022    1436
*   1436  4143.943757403
GRID*               1437                  3886.285409543 -1782.776411874    1437
*   1437  4163.897864189
GRID*               1438                  3890.702550956 -1785.146603539    1438
*   1438  4182.576957665
GRID*               1439                  3893.553042562 -1785.370608973    1439
*   1439  4193.022355593
GRID*               1440                  3894.788201126 -1773.741311960    1440
*   1440  4183.227069973
GRID*               1441                  3894.883525044 -1764.664866649    1441
*   1441  4172.640597363
GRID*               1442                  3899.097303959 -1762.352721485    1442
*   1442  4184.975676939
GRID*               1443                  3909.544258312 -1746.722840493    1443
*   1443  4204.146473729
GRID*               1444                  3904.455975564 -1744.439766748    1444
*   1444  4183.213778574
GRID*               1445                  3902.703611963 -1766.097573997    1445
*   1445  4202.357377648
GRID*               1446                  3908.790674742 -1765.029612726    1446
*   1446  4222.892940765
GRID*               1447                  3901.754070030 -1786.656357684    1447
*   1447  4223.868001557
GRID*               1448                  3896.624927598 -1786.887919217    1448
*   1448  4205.851052824
GRID*               1449                  3908.414409445 -1784.337591105    1449
*   1449  4244.806871100
GRID*               1450                  3914.704156287 -1764.092931117    1450
*   1450  4242.980017028
GRID*               1451                  3915.017836192 -1777.699158250    1451
*   1451  4260.354650955
GRID*               1452                  3912.005397164 -1787.091463755    1452
*   1452  4260.996831923
GRID*               1453                  3919.684689151 -1762.555851927    1453
*   1453  4259.029929258
GRID*               1454                  3925.798734015 -1744.793936900    1454
*   1454  4260.419756705
GRID*               1455                  3931.672114149 -1726.987349992    1455
*   1455  4261.634862683
GRID*               1456                  3935.163461091 -1705.184464637    1456
*   1456  4250.760407825
GRID*               1457                  3935.193197903 -1714.928796243    1457
*   1457  4261.248150726
GRID*               1458                  3932.119734687 -1706.371885543    1458
*   1458  4240.963500212
GRID*               1459                  3927.932086451 -1722.811983628    1459
*   1459  4243.520189660
GRID*               1460                  3935.466336378 -1685.647654686    1460
*   1460  4231.674990926
GRID*               1461                  3935.364353211 -1696.154974951    1461
*   1461  4242.054597677
GRID*               1462                  3932.243051304 -1686.545460270    1462
*   1462  4220.829166858
GRID*               1463                  3928.333956600 -1703.329605934    1463
*   1463  4223.998598237
GRID*               1464                  3935.450690656 -1665.363956625    1464
*   1464  4211.596068952
GRID*               1465                  3935.282903876 -1676.509430441    1465
*   1465  4221.861621658
GRID*               1466                  3932.522817284 -1665.920505586    1466
*   1466  4201.401841903
GRID*               1467                  3928.604629864 -1683.354545231    1467
*   1467  4204.324594638
GRID*               1468                  3935.180929457 -1645.170207551    1468
*   1468  4191.700292877
GRID*               1469                  3935.311886909 -1655.938640218    1469
*   1469  4202.129868128
GRID*               1470                  3932.198313445 -1645.926261745    1470
*   1470  4181.400969504
GRID*               1471                  3928.779567157 -1662.796511287    1471
*   1471  4184.670311446
GRID*               1472                  3928.093988670 -1643.412919157    1472
*   1472  4163.987072059
GRID*               1473                  3921.616469461 -1665.924856730    1473
*   1473  4161.461040486
GRID*               1474                  3914.062718478 -1684.654614736    1474
*   1474  4152.642842922
GRID*               1475                  3914.084672965 -1674.654237648    1475
*   1475  4142.569681492
GRID*               1476                  3917.491070201 -1663.412537717    1476
*   1476  4143.907675251
GRID*               1477                  3917.517735827 -1683.422686947    1477
*   1477  4163.969519577
GRID*               1478                  3914.106527999 -1664.796787963    1478
*   1478  4132.870886112
GRID*               1479                  3914.017085296 -1654.303203756    1479
*   1479  4122.394131006
GRID*               1480                  3921.254461918 -1646.083650438    1480
*   1480  4141.258720415
GRID*               1481                  3917.202414814 -1643.403760355    1481
*   1481  4123.872069802
GRID*               1482                  3927.306748218 -1623.723009112    1482
*   1482  4143.677622808
GRID*               1483                  3920.626387385 -1626.054373730    1483
*   1483  4120.955892996
GRID*               1484                  3925.843124944 -1604.651458088    1484
*   1484  4122.491889922
GRID*               1485                  3920.105045098 -1606.652722804    1485
*   1485  4102.727987700
GRID*               1486                  3917.021302499 -1622.789755411    1486
*   1486  4104.785702063
GRID*               1487                  3924.607836235 -1584.635557917    1487
*   1487  4102.652465061
GRID*               1488                  3919.123083367 -1584.394920854    1488
*   1488  4081.902461613
GRID*               1489                  3915.159494326 -1604.671875000    1489
*   1489  4082.720092773
GRID*               1490                  3915.481843070 -1577.781974790    1490
*   1490  4063.468956140
GRID*               1491                  3922.604749154 -1564.762332929    1491
*   1491  4081.492614943
GRID*               1492                  3918.080265638 -1564.100877417    1492
*   1492  4063.958903419
GRID*               1493                  3914.967885576 -1564.803248215    1493
*   1493  4052.657142089
GRID*               1494                  3914.076331793 -1552.600189171    1494
*   1494  4041.595145829
GRID*               1495                  3919.955660405 -1546.583894766    1495
*   1495  4060.460747359
GRID*               1496                  3915.761956681 -1541.873912839    1496
*   1496  4041.858187966
GRID*               1497                  3915.625132575 -1524.357856109    1497
*   1497  4032.657538300
GRID*               1498                  3918.622258679 -1526.208803365    1498
*   1498  4045.032895709
GRID*               1499                  3912.392987226 -1522.692537383    1499
*   1499  4019.461088986
GRID*               1500                  3910.515751868 -1544.895724875    1500
*   1500  4023.538232800
GRID*               1501                  3925.290474600 -1504.752664225    1501
*   1501  4063.065953912
GRID*               1502                  3919.857691288 -1506.058524411    1502
*   1502  4042.199925188
GRID*               1503                  3923.233634659 -1524.146714271    1503
*   1503  4061.921216191
GRID*               1504                  3921.365065034 -1484.689657441    1504
*   1504  4043.692261081
GRID*               1505                  3917.030362345 -1484.743779825    1505
*   1505  4026.466371181
GRID*               1506                  3915.324849534 -1504.028415877    1506
*   1506  4023.880989124
GRID*               1507                  3925.967701346 -1464.671875000    1507
*   1507  4062.720092773
GRID*               1508                  3921.262811842 -1464.749746920    1508
*   1508  4043.545413159
GRID*               1509                  3926.144110927 -1484.671875000    1509
*   1509  4062.720092773
GRID*               1510                  3919.578760798 -1442.491283245    1510
*   1510  4043.796187759
GRID*               1511                  3916.856254805 -1465.120830361    1511
*   1511  4025.594033303
GRID*               1512                  3915.026046783 -1444.970569080    1512
*   1512  4023.492560627
GRID*               1513                  3910.071833630 -1444.870669530    1513
*   1513  4002.868032637
GRID*               1514                  3924.349246890 -1444.671875000    1514
*   1514  4062.720092773
GRID*               1515                  3930.156411845 -1446.969371577    1515
*   1515  4085.946219704
GRID*               1516                  3934.141935707 -1442.567024301    1516
*   1516  4105.387441449
GRID*               1517                  3938.636373638 -1445.277120363    1517
*   1517  4122.745349003
GRID*               1518                  3943.429228664 -1445.343034344    1518
*   1518  4143.087939136
GRID*               1519                  3948.298973981 -1446.132641886    1519
*   1519  4163.319271809
GRID*               1520                  3952.466507423 -1446.606691891    1520
*   1520  4180.799447618
GRID*               1521                  3954.615039725 -1447.105169206    1521
*   1521  4189.635183387
GRID*               1522                  3969.784278713 -1464.535773668    1522
*   1522  4243.569076688
GRID*               1523                  3964.731070714 -1463.931264040    1523
*   1523  4222.732343068
GRID*               1524                  3974.247650686 -1484.902611095    1524
*   1524  4256.217470913
GRID*               1525                  3971.048295952 -1486.430223709    1525
*   1525  4243.068526017
GRID*               1526                  3974.781616211 -1464.671875000    1526
*   1526  4264.429153150
GRID*               1527                  3976.772586422 -1485.516147790    1527
*   1527  4266.398303159
GRID*               1528                  3976.380914338 -1504.846313504    1528
*   1528  4264.653433117
GRID*               1529                  3974.543280448 -1544.525154778    1529
*   1529  4268.715950864
GRID*               1530                  3974.916676534 -1524.479953909    1530
*   1530  4262.840235120
GRID*               1531                  3969.772643086 -1524.571596415    1531
*   1531  4242.766993758
GRID*               1532                  3972.219575685 -1542.965823715    1532
*   1532  4259.074965822
GRID*               1533                  3967.758994203 -1544.579937461    1533
*   1533  4242.588196479
GRID*               1534                  3962.587097335 -1544.671875000    1534
*   1534  4222.720092773
GRID*               1535                  3964.976572565 -1564.787810456    1535
*   1535  4242.296497709
GRID*               1536                  3959.504063116 -1566.669143982    1536
*   1536  4222.566445201
GRID*               1537                  3970.201308602 -1562.113331028    1537
*   1537  4260.722293082
GRID*               1538                  3966.390755194 -1585.350091798    1538
*   1538  4260.384265919
GRID*               1539                  3961.253626531 -1585.956613937    1539
*   1539  4241.412317973
GRID*               1540                  3955.299098969 -1604.599452602    1540
*   1540  4232.424507227
GRID*               1541                  3954.645364907 -1594.724634792    1541
*   1541  4222.675732574
GRID*               1542                  3957.132994098 -1583.398489788    1542
*   1542  4224.151281916
GRID*               1543                  3958.335716409 -1603.902812558    1543
*   1543  4243.261372546
GRID*               1544                  3952.046509780 -1605.934347357    1544
*   1544  4221.280580695
GRID*               1545                  3955.118800296 -1617.411188393    1545
*   1545  4241.745890451
GRID*               1546                  3952.816284318 -1626.563167641    1546
*   1546  4240.679234615
GRID*               1547                  3949.187596378 -1623.351001305    1547
*   1547  4224.532489310
GRID*               1548                  3955.414795219 -1626.278772841    1548
*   1548  4250.090215525
GRID*               1549                  3954.584076022 -1643.461421683    1549
*   1549  4261.758521012
GRID*               1550                  3949.729650390 -1642.002082968    1550
*   1550  4242.534905253
GRID*               1551                  3949.375330028 -1664.492909677    1551
*   1551  4261.848095664
GRID*               1552                  3943.816607658 -1685.267603106    1552
*   1552  4261.766251681
GRID*               1553                  3938.501778578 -1704.337114795    1553
*   1553  4261.996247813
GRID*               1554                  3958.953129723 -1625.980086906    1554
*   1554  4262.985867202
GRID*               1555                  3962.127315563 -1606.136999872    1555
*   1555  4259.131133654
GRID*               1556                  3943.061574924 -1645.931091399    1556
*   1556  4221.439641615
GRID*               1557                  3964.602751017 -1524.731897207    1557
*   1557  4222.645316857
GRID*               1558                  3959.153224821 -1526.652746294    1558
*   1558  4202.073570485
GRID*               1559                  3957.854316889 -1546.752687087    1559
*   1559  4205.518446262
GRID*               1560                  3954.608114143 -1544.806935974    1560
*   1560  4192.111746194
GRID*               1561                  3954.755447801 -1563.810759874    1561
*   1561  4202.832081374
GRID*               1562                  3954.296483565 -1527.494291981    1562
*   1562  4183.509251629
GRID*               1563                  3951.691674610 -1542.477638332    1563
*   1563  4179.793426273
GRID*               1564                  3954.968688125 -1502.616739612    1564
*   1564  4179.402027342
GRID*               1565                  3955.590353726 -1517.083409070    1565
*   1565  4185.119749390
GRID*               1566                  3950.702780058 -1503.393379021    1566
*   1566  4162.671202393
GRID*               1567                  3950.289487328 -1522.413889107    1567
*   1567  4166.124452532
GRID*               1568                  3950.768085169 -1484.854315062    1568
*   1568  4161.306011760
GRID*               1569                  3946.440711363 -1484.169807151    1569
*   1569  4143.916547343
GRID*               1570                  3945.573166310 -1505.297478092    1570
*   1570  4142.827911759
GRID*               1571                  3941.400680406 -1484.674567867    1571
*   1571  4123.693866817
GRID*               1572                  3939.839457488 -1505.478592112    1572
*   1572  4120.318404738
GRID*               1573                  3934.664237741 -1514.067302160    1573
*   1573  4102.485118744
GRID*               1574                  3938.780907883 -1525.368063495    1574
*   1574  4122.543536187
GRID*               1575                  3933.953261202 -1484.802100018    1575
*   1575  4093.893268342
GRID*               1576                  3935.062683156 -1501.938657939    1576
*   1576  4100.719849100
GRID*               1577                  3937.101145679 -1484.660314978    1577
*   1577  4106.474553073
GRID*               1578                  3934.855514904 -1467.061828726    1578
*   1578  4098.562695889
GRID*               1579                  3935.131231943 -1453.240549495    1579
*   1579  4103.822114446
GRID*               1580                  3943.876793527 -1524.362865748    1580
*   1580  4141.909127874
GRID*               1581                  3941.232938634 -1545.966806353    1581
*   1581  4141.404506554
GRID*               1582                  3937.134825089 -1543.410087696    1582
*   1582  4124.399509735
GRID*               1583                  3934.218877835 -1542.940231074    1583
*   1583  4112.991657625
GRID*               1584                  3934.964501563 -1555.089039153    1584
*   1584  4122.468646604
GRID*               1585                  3935.234994540 -1566.706276147    1585
*   1585  4130.523290969
GRID*               1586                  3938.943256601 -1566.855614161    1586
*   1586  4144.660384843
GRID*               1587                  3934.071932979 -1587.105031070    1587
*   1587  4139.956696700
GRID*               1588                  3954.054101942 -1484.828510492    1588
*   1588  4174.533234665
GRID*               1589                  3957.014481442 -1484.750742781    1589
*   1589  4186.468392143
GRID*               1590                  3946.967214135 -1544.671875000    1590
*   1590  4162.720092773
GRID*               1591                  3944.062045216 -1564.671875000    1591
*   1591  4162.720092773
GRID*               1592                  3949.822087305 -1562.617748310    1592
*   1592  4183.372447474
GRID*               1593                  3965.767449874 -1504.667458155    1593
*   1593  4222.485145962
GRID*               1594                  3960.495559208 -1505.303765473    1594
*   1594  4201.709329469
GRID*               1595                  3966.224149467 -1484.661850886    1595
*   1595  4223.695589888
GRID*               1596                  3961.280297715 -1484.666596713    1596
*   1596  4203.695028679
GRID*               1597                  3973.819526748 -1505.049196960    1597
*   1597  4254.492365782
GRID*               1598                  3970.474432338 -1503.884848990    1598
*   1598  4241.064453256
GRID*               1599                  3959.112351363 -1461.653935711    1599
*   1599  4200.266920800
GRID*               1600                  3955.301780786 -1467.487682927    1600
*   1600  4182.346544476
GRID*               1601                  3954.198659846 -1457.709550181    1601
*   1601  4181.511577767
GRID*               1602                  3950.769363363 -1465.924304161    1602
*   1602  4164.118533987
GRID*               1603                  3945.454213061 -1464.754345171    1603
*   1603  4142.552066987
GRID*               1604                  3940.334810673 -1464.126906734    1604
*   1604  4121.656941953
GRID*               1605                  3930.865741669 -1466.501225844    1605
*   1605  4082.383074563
GRID*               1606                  3930.664212183 -1484.831357837    1606
*   1606  4080.759566278
GRID*               1607                  3911.913401321 -1565.340559798    1607
*   1607  4041.479015263
GRID*               1608                  3907.564770302 -1564.361115947    1608
*   1608  4024.415952186
GRID*               1609                  3933.700900134 -1527.508199222    1609
*   1609  4103.769011839
GRID*               1610                  3932.547154248 -1566.386840881    1610
*   1610  4120.146254405
GRID*               1611                  3930.879112057 -1542.813107446    1611
*   1611  4100.141279039
GRID*               1612                  3928.778157835 -1563.379369470    1612
*   1612  4103.976862820
GRID*               1613                  3930.514617392 -1504.116866410    1613
*   1613  4083.370962916
GRID*               1614                  3929.187503508 -1523.648896413    1614
*   1614  4084.725624713
GRID*               1615                  3925.961758174 -1545.268430616    1615
*   1615  4082.648440373
GRID*               1616                  3909.637861840 -1582.800894100    1616
*   1616  4045.173866383
GRID*               1617                  3902.403073368 -1586.601352581    1617
*   1617  4020.943222029
GRID*               1618                  3913.747366888 -1587.480902341    1618
*   1618  4064.046687401
GRID*               1619                  3909.838170492 -1604.052318095    1619
*   1619  4062.417057133
GRID*               1620                  3904.725841109 -1604.246121057    1620
*   1620  4043.562436228
GRID*               1621                  3905.203060658 -1624.671875000    1621
*   1621  4062.720092773
GRID*               1622                  3899.785278831 -1624.824307996    1622
*   1622  4042.842000905
GRID*               1623                  3894.802649065 -1644.671875000    1623
*   1623  4042.720092773
GRID*               1624                  3900.269777603 -1644.643904373    1624
*   1624  4062.770423569
GRID*               1625                  3894.954102386 -1664.671875000    1625
*   1625  4062.720092773
GRID*               1626                  3906.667350991 -1642.779407163    1626
*   1626  4084.536983064
GRID*               1627                  3900.546970423 -1664.473952155    1627
*   1627  4082.961386680
GRID*               1628                  3906.741536564 -1663.104066725    1628
*   1628  4104.262059872
GRID*               1629                  3900.497709631 -1684.402853259    1629
*   1629  4102.999964173
GRID*               1630                  3894.781616211 -1704.671875000    1630
*   1630  4103.760311703
GRID*               1631                  3906.527716223 -1683.420194383    1631
*   1631  4123.932667946
GRID*               1632                  3900.370821938 -1702.655099129    1632
*   1632  4121.830113474
GRID*               1633                  3895.361317393 -1722.200454680    1633
*   1633  4125.170446500
GRID*               1634                  3906.221031026 -1703.359046036    1634
*   1634  4143.793028743
GRID*               1635                  3900.032421730 -1722.906580845    1635
*   1635  4142.818674432
GRID*               1636                  3895.398559401 -1736.822215147    1636
*   1636  4141.867730707
GRID*               1637                  3910.621438968 -1685.914754362    1637
*   1637  4141.409244006
GRID*               1638                  3894.781616211 -1684.895839599    1638
*   1638  4082.720092773
GRID*               1639                  3888.854138235 -1704.983211447    1639
*   1639  4082.638875892
GRID*               1640                  3882.733073110 -1705.917035236    1640
*   1640  4061.511253014
GRID*               1641                  3882.100691641 -1725.914350138    1641
*   1641  4081.540332459
GRID*               1642                  3878.089682198 -1723.278870389    1642
*   1642  4064.098677937
GRID*               1643                  3889.206456746 -1684.939735570    1643
*   1643  4062.496379459
GRID*               1644                  3883.143785590 -1685.920634450    1644
*   1644  4041.497628904
GRID*               1645                  3878.638566689 -1703.431240235    1645
*   1645  4043.977408405
GRID*               1646                  3875.104653753 -1704.742525847    1646
*   1646  4032.633264502
GRID*               1647                  3874.696323427 -1715.034468350    1647
*   1647  4042.576267249
GRID*               1648                  3874.690181836 -1724.545405845    1648
*   1648  4053.288646781
GRID*               1649                  3870.498922730 -1726.839793960    1649
*   1649  4040.815502847
GRID*               1650                  3875.358985759 -1694.770035198    1650
*   1650  4022.693814146
GRID*               1651                  3871.598087380 -1706.067113235    1651
*   1651  4021.416078170
GRID*               1652                  3866.856564824 -1723.400217046    1652
*   1652  4023.771851862
GRID*               1653                  3879.040711623 -1683.425178012    1653
*   1653  4023.964113304
GRID*               1654                  3888.367419795 -1724.671875000    1654
*   1654  4102.720092773
GRID*               1655                  3910.819730582 -1665.598027572    1655
*   1655  4121.633592634
GRID*               1656                  3910.748759348 -1645.281116568    1656
*   1656  4101.875540572
GRID*               1657                  3913.904201568 -1644.607227755    1657
*   1657  4112.851069764
GRID*               1658                  3914.351436983 -1632.619243143    1658
*   1658  4103.563861092
GRID*               1659                  3889.315412215 -1664.968510655    1659
*   1659  4042.422227978
GRID*               1660                  3889.035135095 -1645.348779480    1660
*   1660  4022.196849080
GRID*               1661                  3883.319732994 -1665.925167508    1661
*   1661  4021.500342538
GRID*               1662                  3894.586471729 -1624.710027997    1662
*   1662  4023.546741883
GRID*               1663                  3895.369309489 -1606.464207456    1663
*   1663  4010.645714380
GRID*               1664                  3899.161306223 -1605.733302385    1664
*   1664  4024.113489175
GRID*               1665                  3914.224834464 -1622.905923381    1665
*   1665  4094.536178681
GRID*               1666                  3910.443608443 -1623.502141898    1666
*   1666  4081.066510767
GRID*               1667                  3930.145770739 -1581.862290619    1667
*   1667  4121.470834344
GRID*               1668                  3930.628105135 -1604.743227480    1668
*   1668  4140.401357837
GRID*               1669                  3914.094679995 -1704.291640628    1669
*   1669  4173.343174310
GRID*               1670                  3913.955869781 -1694.462054105    1670
*   1670  4162.430592390
GRID*               1671                  3921.618887926 -1685.920916739    1671
*   1671  4181.467885304
GRID*               1672                  3917.351878302 -1703.265895290    1672
*   1672  4184.065020929
GRID*               1673                  3909.985227915 -1706.538681535    1673
*   1673  4160.855891490
GRID*               1674                  3914.184147821 -1713.129496622    1674
*   1674  4183.197874838
GRID*               1675                  3909.499891762 -1726.407440078    1675
*   1675  4180.902092944
GRID*               1676                  3904.880867741 -1724.918022942    1676
*   1676  4162.566036888
GRID*               1677                  3945.906382995 -1584.671875000    1677
*   1677  4182.720092773
GRID*               1678                  3940.173094150 -1586.654008624    1678
*   1678  4162.549163744
GRID*               1679                  3941.376213198 -1605.947124501    1679
*   1679  4181.440952890
GRID*               1680                  3937.243685367 -1603.399845808    1680
*   1680  4164.032519316
GRID*               1681                  3934.945858901 -1624.582752857    1681
*   1681  4172.720119490
GRID*               1682                  3934.400197644 -1614.690928371    1682
*   1682  4162.445304186
GRID*               1683                  3938.262226082 -1623.407602095    1683
*   1683  4184.024740973
GRID*               1684                  3935.273172145 -1634.631747872    1684
*   1684  4182.616625608
GRID*               1685                  3934.268982132 -1603.454034607    1685
*   1685  4152.970970924
GRID*               1686                  3954.424529557 -1583.128573274    1686
*   1686  4213.755196960
GRID*               1687                  3950.870919177 -1582.779412107    1687
*   1687  4200.121809964
GRID*               1688                  3947.796035019 -1603.715898853    1688
*   1688  4203.696687396
GRID*               1689                  3942.541301976 -1625.622282618    1689
*   1689  4201.763710426
GRID*               1690                  3938.832155049 -1643.777989554    1690
*   1690  4203.900157155
GRID*               1691                  3931.565949450 -1625.928247211    1691
*   1691  4161.343620354
GRID*               1692                  3939.020634368 -1664.051630439    1692
*   1692  4223.428691061
GRID*               1693                  3920.976308683 -1706.525086163    1693
*   1693  4200.690290314
GRID*               1694                  3914.121720060 -1723.472381206    1694
*   1694  4194.326530863
GRID*               1695                  3917.093153372 -1722.785782354    1695
*   1695  4204.303863268
GRID*               1696                  3914.914337245 -1745.094768862    1696
*   1696  4221.586321062
GRID*               1697                  3914.265001073 -1731.582443740    1697
*   1697  4203.893974116
GRID*               1698                  3920.689175533 -1724.647636550    1698
*   1698  4219.356890986
GRID*               1699                  3943.076885961 -1666.541354105    1699
*   1699  4240.688606025
GRID*               1700                  3939.302595245 -1683.673214807    1700
*   1700  4243.686409119
GRID*               1701                  3920.921328893 -1744.671875000    1701
*   1701  4242.720092773
GRID*               1702                  3895.497170637 -1745.390806162    1702
*   1702  4152.112655432
GRID*               1703                  3900.125032311 -1742.492810618    1703
*   1703  4165.392707780
GRID*               1704                  3895.194702846 -1755.277486137    1704
*   1704  4162.603352956
GRID*               1705                  3892.078251079 -1746.549811796    1705
*   1705  4141.179972441
GRID*               1706                  3888.687809001 -1744.361542074    1706
*   1706  4126.451587036
GRID*               1707                  3881.057111379 -1764.400973838    1707
*   1707  4122.836294983
GRID*               1708                  3880.863469937 -1747.163381794    1708
*   1708  4101.636622704
GRID*               1709                  3874.021256069 -1763.841500540    1709
*   1709  4096.993486015
GRID*               1710                  3874.094477288 -1744.109887929    1710
*   1710  4073.759401413
GRID*               1711                  3874.209042278 -1752.311706150    1711
*   1711  4083.854864060
GRID*               1712                  3869.725462766 -1746.681499362    1712
*   1712  4061.112782772
GRID*               1713                  3874.402896605 -1733.861086079    1713
*   1713  4062.933970369
GRID*               1714                  3877.499763477 -1742.814044491    1714
*   1714  4084.465523046
GRID*               1715                  3859.952021084 -1763.276170454    1715
*   1715  4046.009451362
GRID*               1716                  3855.289342716 -1756.779622900    1716
*   1716  4021.470201138
GRID*               1717                  3865.128219610 -1744.956368370    1717
*   1717  4042.588687510
GRID*               1718                  3860.014189758 -1742.647621263    1718
*   1718  4021.522267480
GRID*               1719                  3872.035566880 -1686.074303339    1719
*   1719  4001.329262834
GRID*               1720                  3867.587952325 -1703.436040758    1720
*   1720  4004.018781178
GRID*               1721                  3875.497225932 -1684.933475343    1721
*   1721  4012.685281176
GRID*               1722                  3875.590637039 -1675.323752396    1722
*   1722  4002.957294836
GRID*               1723                  3875.412221677 -1665.257262890    1723
*   1723  3991.980017413
GRID*               1724                  3878.955984493 -1663.892719491    1724
*   1724  4003.527080177
GRID*               1725                  3875.335958114 -1655.833545743    1725
*   1725  3982.243575800
GRID*               1726                  3883.060508775 -1646.239375019    1726
*   1726  4001.139548831
GRID*               1727                  3878.796407874 -1644.049408363    1727
*   1727  3983.401342779
GRID*               1728                  3892.658280857 -1606.560910375    1728
*   1728  4000.667358865
GRID*               1729                  3889.592039010 -1622.019265789    1729
*   1729  4002.710152415
GRID*               1730                  3895.086627957 -1585.355763372    1730
*   1730  3992.643208589
GRID*               1731                  3901.198016322 -1565.963057613    1731
*   1731  4001.491588901
GRID*               1732                  3897.128488984 -1563.424319133    1732
*   1732  3984.427981204
GRID*               1733                  3898.372028476 -1584.035337590    1733
*   1733  4003.919424114
GRID*               1734                  3895.167683028 -1596.775156750    1734
*   1734  4001.930809184
GRID*               1735                  3899.441387857 -1547.402551609    1735
*   1735  3982.897952471
GRID*               1736                  3907.814575440 -1524.671875000    1736
*   1736  4002.720092773
GRID*               1737                  3905.065517616 -1544.944895537    1737
*   1737  4002.819482996
GRID*               1738                  3910.876643526 -1482.515090845    1738
*   1738  4001.753953127
GRID*               1739                  3910.136230078 -1503.301238856    1739
*   1739  4003.397095098
GRID*               1740                  3914.186962857 -1484.201410867    1740
*   1740  4015.107616447
GRID*               1741                  3913.854669108 -1464.497091117    1741
*   1741  4013.487206816
GRID*               1742                  3910.720705307 -1464.409946847    1742
*   1742  4000.794684853
GRID*               1743                  3872.638523521 -1806.479741675    1743
*   1743  4302.616514456
GRID*               1744                  3854.071119170 -1833.539580897    1744
*   1744  4302.942249339
GRID*               1745                  3844.933567121 -1843.764776663    1745
*   1745  4302.193407336
GRID*               1746                  3854.505700008 -1842.288852658    1746
*   1746  4306.128501953
GRID*               1747                  3834.915129428 -1857.697308704    1747
*   1747  4302.415102977
GRID*               1748                  3830.356982111 -1867.912029721    1748
*   1748  4303.927722607
GRID*               1749                  3801.431020144 -1903.674557696    1749
*   1749  4303.922695971
GRID*               1750                  3813.930663333 -1901.227475917    1750
*   1750  4308.542429440
GRID*               1751                  3792.335855100 -1926.368840272    1751
*   1751  4308.482858644
GRID*               1752                  3795.856511143 -1911.595881615    1752
*   1752  4304.433394066
GRID*               1753                  3778.228919914 -1945.617371573    1753
*   1753  4309.896862439
GRID*               1754                  3772.170858962 -1962.561043362    1754
*   1754  4314.061256611
GRID*               1755                  3756.982093293 -1967.325075192    1755
*   1755  4309.787414005
GRID*               1756                  3751.016546107 -1985.235293490    1756
*   1756  4314.764897234
GRID*               1757                  3737.008683780 -2002.905542651    1757
*   1757  4316.834541537
GRID*               1758                  3732.032120488 -2016.481502559    1758
*   1758  4320.863708417
GRID*               1759                  3723.896081390 -2024.044578339    1759
*   1759  4321.279190012
GRID*               1760                  3711.378010683 -2033.003071840    1760
*   1760  4321.015523140
GRID*               1761                  3713.679120225 -2022.313502640    1761
*   1761  4316.948810194
GRID*               1762                  3702.218446388 -2043.824442615    1762
*   1762  4323.045846061
GRID*               1763                  3691.504207182 -2048.146473388    1763
*   1763  4321.832897698
GRID*               1764                  3677.010018297 -2057.628566978    1764
*   1764  4322.459692276
GRID*               1765                  3818.900956971 -1884.462227802    1765
*   1765  4304.661275776
GRID*               1766                  3860.472917491 -1823.024010741    1766
*   1766  4302.383966199
GRID*               1767                  3974.490389723 -1464.669727896    1767
*   1767  4293.173381501
GRID*               1768                  3967.716274094 -1466.418051334    1768
*   1768  4305.731305194
GRID*               1769                  3968.326288599 -1484.650028014    1769
*   1769  4303.971812702
GRID*               1770                  3974.790027357 -1486.747039107    1770
*   1770  4292.155493573
GRID*               1771                  3974.111821017 -1505.826941735    1771
*   1771  4290.917082740
GRID*               1772                  3967.930736975 -1503.331876742    1772
*   1772  4302.278593220
GRID*               1773                  3966.216126263 -1522.939724881    1773
*   1773  4301.347448433
GRID*               1774                  3974.304885055 -1522.118134594    1774
*   1774  4287.388697982
GRID*               1775                  3973.058451078 -1536.385435992    1775
*   1775  4286.103825561
GRID*               1776                  3963.791207073 -1544.216895433    1776
*   1776  4299.991191520
GRID*               1777                  3972.589235636 -1546.954240634    1777
*   1777  4284.011701126
GRID*               1778                  3968.136359216 -1565.393486054    1778
*   1778  4285.982630896
GRID*               1779                  3955.186530536 -1585.663549961    1779
*   1779  4300.967172129
GRID*               1780                  3958.883866812 -1565.340401838    1780
*   1780  4301.831005783
GRID*               1781                  3963.979013836 -1586.562008235    1781
*   1781  4285.710865658
GRID*               1782                  3960.811397552 -1607.005340903    1782
*   1782  4283.265320599
GRID*               1783                  3955.796311503 -1604.170946886    1783
*   1783  4292.849992628
GRID*               1784                  3955.121455704 -1621.910924851    1784
*   1784  4286.767250526
GRID*               1785                  3953.055565614 -1633.427759290    1785
*   1785  4285.336334277
GRID*               1786                  3950.500188685 -1647.130751676    1786
*   1786  4283.581109627
GRID*               1787                  3944.848097440 -1666.088940718    1787
*   1787  4284.312865496
GRID*               1788                  3936.423258594 -1664.065306616    1788
*   1788  4299.254432341
GRID*               1789                  3934.964826794 -1684.892411876    1789
*   1789  4291.712676617
GRID*               1790                  3940.508187314 -1686.761705349    1790
*   1790  4281.632483385
GRID*               1791                  3933.916964167 -1703.940649730    1791
*   1791  4284.008777695
GRID*               1792                  3924.241371965 -1703.394873060    1792
*   1792  4300.229050736
GRID*               1793                  3917.185810211 -1726.949223725    1793
*   1793  4299.698006239
GRID*               1794                  3926.586092113 -1726.320729313    1794
*   1794  4284.599851903
GRID*               1795                  3921.639649467 -1746.754106028    1795
*   1795  4281.890728225
GRID*               1796                  3914.781616211 -1744.671875000    1796
*   1796  4294.228728120
GRID*               1797                  3913.711320090 -1765.692247444    1797
*   1797  4284.539892822
GRID*               1798                  3906.696578895 -1785.023051685    1798
*   1798  4285.183600090
GRID*               1799                  3897.739414947 -1785.657703994    1799
*   1799  4299.386227369
GRID*               1800                  3904.611707660 -1765.678264770    1800
*   1800  4299.385185129
GRID*               1801                  3929.509498266 -1682.727794943    1801
*   1801  4301.791172864
GRID*               1802                  3941.373835895 -1643.819197160    1802
*   1802  4300.291167989
GRID*               1803                  3946.343819789 -1623.180276859    1803
*   1803  4300.965744958
GRID*               1804                  3949.967801048 -1602.961592300    1804
*   1804  4303.163486218
GRID*               1805                  3916.109677562 -1404.532391761    1805
*   1805  3973.763025521
GRID*               1806                  3914.865413997 -1413.961142170    1806
*   1806  3999.566301064
GRID*               1807                  3925.273679360 -1406.155061697    1807
*   1807  4005.440078645
GRID*               1808                  3921.566146724 -1403.327287271    1808
*   1808  3986.171579441
GRID*               1809                  3935.541632866 -1394.684529775    1809
*   1809  4003.447269789
GRID*               1810                  3932.450854062 -1403.511065573    1810
*   1810  4018.879106204
GRID*               1811                  3934.976376668 -1405.235711506    1811
*   1811  4031.346714450
GRID*               1812                  3933.081798403 -1411.447260786    1812
*   1812  4044.149630988
GRID*               1813                  3916.607847545 -1418.968039295    1813
*   1813  4020.946951728
GRID*               1814                  3927.060983075 -1422.852118537    1814
*   1814  4063.193570089
GRID*               1815                  3936.029857695 -1419.971652262    1815
*   1815  4079.128509385
GRID*               1816                  3936.383504953 -1413.738525387    1816
*   1816  4060.717499955
GRID*               1817                  3937.183006092 -1422.839296359    1817
*   1817  4091.643494858
GRID*               1818                  3946.946956458 -1423.755872438    1818
*   1818  4122.368865720
GRID*               1819                  3940.293416912 -1424.660583953    1819
*   1819  4106.382062284
GRID*               1820                  3954.329417312 -1422.267640374    1820
*   1820  4138.918593226
GRID*               1821                  3956.762779831 -1415.053643379    1821
*   1821  4124.338570662
GRID*               1822                  3956.621353648 -1424.104083750    1822
*   1822  4151.231311157
GRID*               1823                  3954.840569161 -1429.702532525    1823
*   1823  4163.978849465
GRID*               1824                  3955.720591836 -1433.656829598    1824
*   1824  4179.545823896
GRID*               1825                  3965.618334013 -1426.765611846    1825
*   1825  4185.459812163
GRID*               1826                  3962.598608182 -1422.960516538    1826
*   1826  4165.026463895
GRID*               1827                  3975.539679968 -1416.033630764    1827
*   1827  4182.911376871
GRID*               1828                  3973.802507599 -1406.452638397    1828
*   1828  4151.266778587
GRID*               1829                  3981.527870396 -1403.116624210    1829
*   1829  4166.004691300
GRID*               1830                  3993.814509720 -1394.487876169    1830
*   1830  4182.173324127
GRID*               1831                  3985.007259267 -1404.990611067    1831
*   1831  4181.565892292
GRID*               1832                  3995.028207868 -1384.856697889    1832
*   1832  4162.764023834
GRID*               1833                  4015.119742178 -1364.838797600    1833
*   1833  4181.856553836
GRID*               1834                  4007.733340472 -1366.946491363    1834
*   1834  4162.604859143
GRID*               1835                  4003.095068647 -1382.422614238    1835
*   1835  4182.595036997
GRID*               1836                  4014.704550247 -1375.119041302    1836
*   1836  4203.037839814
GRID*               1837                  4006.227635436 -1386.937704487    1837
*   1837  4203.043609744
GRID*               1838                  3993.574530999 -1406.456715680    1838
*   1838  4211.666186247
GRID*               1839                  4001.061214850 -1403.089361521    1839
*   1839  4226.138081008
GRID*               1840                  3995.287086481 -1416.204267885    1840
*   1840  4242.774858962
GRID*               1841                  4004.644127405 -1404.932413712    1841
*   1841  4241.889573462
GRID*               1842                  4010.039017870 -1405.261231110    1842
*   1842  4259.433990901
GRID*               1843                  4014.862447537 -1404.762491386    1843
*   1843  4273.169585846
GRID*               1844                  4013.482615129 -1393.936244770    1844
*   1844  4242.487689177
GRID*               1845                  4024.901867745 -1386.873687383    1845
*   1845  4262.145892523
GRID*               1846                  4022.006871003 -1382.423161266    1846
*   1846  4242.791625433
GRID*               1847                  4014.349008502 -1384.648318925    1847
*   1847  4223.472498423
GRID*               1848                  4026.373508303 -1366.984074884    1848
*   1848  4222.860453073
GRID*               1849                  4034.729065196 -1344.637074965    1849
*   1849  4203.907789162
GRID*               1850                  4034.659360501 -1354.176675488    1850
*   1850  4222.989299076
GRID*               1851                  4023.191050018 -1362.370547655    1851
*   1851  4202.713723751
GRID*               1852                  4034.652143395 -1333.965312799    1852
*   1852  4182.590501670
GRID*               1853                  4026.809411919 -1347.008438821    1853
*   1853  4182.677678881
GRID*               1854                  4034.407176958 -1324.434968097    1854
*   1854  4163.407560325
GRID*               1855                  4041.329592670 -1322.244934836    1855
*   1855  4182.273444603
GRID*               1856                  4053.388726245 -1306.519008112    1856
*   1856  4193.529172164
GRID*               1857                  4056.068195803 -1308.668021221    1857
*   1857  4206.417726608
GRID*               1858                  4049.392806104 -1306.910953823    1858
*   1858  4180.830279904
GRID*               1859                  4045.062322290 -1325.494925209    1859
*   1859  4200.841563262
GRID*               1860                  4055.589328010 -1295.295056761    1860
*   1860  4180.846674196
GRID*               1861                  4045.151283635 -1304.425094173    1861
*   1861  4162.085728826
GRID*               1862                  4033.870189342 -1314.380443141    1862
*   1862  4142.650384289
GRID*               1863                  4040.217233154 -1302.142187847    1863
*   1863  4141.387253403
GRID*               1864                  4048.897339830 -1287.220263372    1864
*   1864  4144.046188526
GRID*               1865                  4043.905920626 -1284.671875000    1865
*   1865  4122.720092773
GRID*               1866                  4046.837892370 -1267.088779503    1866
*   1866  4102.418665964
GRID*               1867                  4039.789933874 -1282.443753921    1867
*   1867  4104.914355019
GRID*               1868                  4034.795338391 -1284.699681950    1868
*   1868  4091.996165712
GRID*               1869                  4033.867931169 -1293.338608336    1869
*   1869  4104.197487191
GRID*               1870                  4030.274105476 -1286.905881201    1870
*   1870  4080.639450462
GRID*               1871                  4025.990323132 -1307.077098077    1871
*   1871  4102.763356769
GRID*               1872                  4022.804576894 -1302.327198009    1872
*   1872  4083.353407540
GRID*               1873                  4015.497357342 -1315.076094268    1873
*   1873  4082.754950630
GRID*               1874                  4015.200164361 -1304.697215754    1874
*   1874  4062.295819000
GRID*               1875                  4007.913501200 -1307.030413480    1875
*   1875  4042.330575777
GRID*               1876                  4005.129697002 -1323.655811418    1876
*   1876  4064.876012103
GRID*               1877                  3994.292940575 -1325.699287697    1877
*   1877  4033.118771780
GRID*               1878                  3996.469828373 -1328.765342676    1878
*   1878  4046.373278392
GRID*               1879                  3994.450895348 -1338.283842802    1879
*   1879  4058.935069902
GRID*               1880                  3989.667047597 -1346.832985797    1880
*   1880  4061.037412378
GRID*               1881                  3985.100114331 -1345.030364952    1881
*   1881  4042.401405534
GRID*               1882                  3973.095345328 -1353.716693985    1882
*   1882  4022.135915944
GRID*               1883                  3980.643117303 -1342.315428854    1883
*   1883  4022.210546728
GRID*               1884                  3984.647947267 -1325.301118842    1884
*   1884  4000.566282728
GRID*               1885                  3993.108729811 -1306.943942662    1885
*   1885  3992.872268390
GRID*               1886                  3996.159067092 -1308.730676672    1886
*   1886  4006.406727034
GRID*               1887                  3989.600995162 -1306.915816551    1887
*   1887  3981.156456132
GRID*               1888                  3981.103581607 -1322.349167957    1888
*   1888  3983.024691287
GRID*               1889                  3974.724751340 -1326.149838263    1889
*   1889  3969.658527197
GRID*               1890                  3974.033670846 -1334.099683201    1890
*   1890  3983.599658689
GRID*               1891                  3966.111331354 -1346.587881241    1891
*   1891  3984.145232004
GRID*               1892                  3962.312394946 -1344.036875282    1892
*   1892  3966.378043793
GRID*               1893                  3952.040631565 -1365.751995059    1893
*   1893  3982.001671144
GRID*               1894                  3934.199324983 -1385.083231911    1894
*   1894  3973.827842181
GRID*               1895                  3937.711854116 -1385.822600460    1895
*   1895  3986.534976444
GRID*               1896                  3954.583020810 -1371.526089643    1896
*   1896  4003.627947572
GRID*               1897                  3945.450683473 -1382.752128301    1897
*   1897  4002.558462224
GRID*               1898                  3955.861793247 -1377.267428883    1898
*   1898  4021.429766682
GRID*               1899                  3964.105003207 -1365.589967665    1899
*   1899  4019.917063627
GRID*               1900                  3960.914832945 -1362.398679398    1900
*   1900  4002.462001525
GRID*               1901                  3952.974431905 -1385.991150010    1901
*   1901  4034.038965416
GRID*               1902                  3969.879450377 -1365.951156737    1902
*   1902  4039.124892501
GRID*               1903                  3958.238170942 -1384.402675533    1903
*   1903  4046.384254590
GRID*               1904                  3955.363391098 -1394.798203277    1904
*   1904  4064.078935913
GRID*               1905                  3965.164954841 -1382.533892990    1905
*   1905  4063.371297436
GRID*               1906                  3976.517398142 -1375.820233126    1906
*   1906  4083.012949629
GRID*               1907                  3967.963932496 -1386.873256032    1907
*   1907  4082.786675190
GRID*               1908                  3961.216698292 -1402.549925458    1908
*   1908  4102.549264531
GRID*               1909                  3973.441209497 -1395.448478586    1909
*   1909  4121.336339121
GRID*               1910                  3964.190971337 -1405.650568136    1910
*   1910  4119.972641160
GRID*               1911                  3970.166004604 -1406.070882433    1911
*   1911  4139.202774663
GRID*               1912                  3987.145816410 -1386.898656096    1912
*   1912  4142.825281164
GRID*               1913                  3983.945173458 -1382.383668634    1913
*   1913  4121.953908068
GRID*               1914                  3995.119703445 -1363.313336666    1914
*   1914  4114.045728722
GRID*               1915                  3988.930058576 -1366.884171406    1915
*   1915  4102.083248536
GRID*               1916                  3975.589729125 -1385.172023886    1916
*   1916  4102.418047885
GRID*               1917                  3996.114978076 -1356.250499189    1917
*   1917  4101.939537715
GRID*               1918                  3986.181483547 -1362.466595785    1918
*   1918  4083.448711763
GRID*               1919                  3994.942496839 -1344.271315152    1919
*   1919  4072.867019946
GRID*               1920                  3998.081517207 -1345.909301379    1920
*   1920  4086.502275886
GRID*               1921                  4008.649968193 -1327.081133497    1921
*   1921  4083.206660139
GRID*               1922                  4005.407358718 -1342.383816017    1922
*   1922  4103.166086865
GRID*               1923                  4015.877485840 -1335.003570447    1923
*   1923  4122.674555706
GRID*               1924                  4008.419570108 -1346.973135006    1924
*   1924  4122.433780326
GRID*               1925                  4004.680559776 -1362.399002094    1925
*   1925  4142.868663936
GRID*               1926                  3997.399700836 -1365.639334388    1926
*   1926  4126.492312433
GRID*               1927                  4016.139883823 -1354.330142818    1927
*   1927  4162.875534802
GRID*               1928                  4023.618483038 -1342.335508628    1928
*   1928  4162.778579971
GRID*               1929                  4015.943871265 -1344.831714406    1929
*   1929  4142.652370897
GRID*               1930                  4026.670306952 -1327.051522366    1930
*   1930  4142.759641325
GRID*               1931                  4023.390220448 -1322.296466697    1931
*   1931  4122.738992719
GRID*               1932                  4015.971109779 -1324.671875000    1932
*   1932  4102.720092773
GRID*               1933                  3996.293308382 -1374.707600835    1933
*   1933  4143.251645353
GRID*               1934                  3951.248829544 -1406.903416033    1934
*   1934  4084.541425603
GRID*               1935                  3974.929122393 -1364.956382223    1935
*   1935  4052.973987613
GRID*               1936                  3979.935739577 -1363.693952176    1936
*   1936  4066.148008863
GRID*               1937                  3945.085691132 -1406.633455714    1937
*   1937  4065.389207422
GRID*               1938                  3941.902054142 -1402.967811069    1938
*   1938  4045.500819343
GRID*               1939                  3948.366794082 -1386.752527883    1939
*   1939  4021.735265500
GRID*               1940                  3973.113592523 -1344.671875000    1940
*   1940  4002.720092773
GRID*               1941                  3985.553546102 -1306.286062518    1941
*   1941  3966.507233842
GRID*               1942                  3993.991987232 -1290.296931532    1942
*   1942  3964.811139437
GRID*               1943                  3995.187539460 -1297.114252431    1943
*   1943  3981.369231707
GRID*               1944                  4002.045335035 -1284.825220398    1944
*   1944  3981.903553318
GRID*               1945                  3997.911920253 -1282.331544399    1945
*   1945  3963.524633130
GRID*               1946                  4012.508191227 -1263.044042005    1946
*   1946  3978.951723959
GRID*               1947                  4006.712525115 -1267.169135299    1947
*   1947  3966.439852382
GRID*               1948                  4014.125433354 -1251.556870145    1948
*   1948  3964.926917307
GRID*               1949                  4022.892161896 -1244.097082213    1949
*   1949  3982.379088433
GRID*               1950                  4018.211966037 -1242.279529827    1950
*   1950  3963.394559526
GRID*               1951                  4030.589801425 -1226.977303645    1951
*   1951  3980.885883338
GRID*               1952                  4027.233486240 -1224.634826126    1952
*   1952  3965.612925453
GRID*               1953                  4035.809543602 -1205.858239500    1953
*   1953  3965.606428974
GRID*               1954                  4035.633299893 -1216.488520814    1954
*   1954  3981.583266403
GRID*               1955                  4042.040061667 -1202.047585291    1955
*   1955  3981.259653553
GRID*               1956                  4049.614704153 -1187.411759757    1956
*   1956  3985.309128911
GRID*               1957                  4045.926940151 -1182.975271570    1957
*   1957  3965.873186204
GRID*               1958                  4052.938375612 -1163.168919579    1958
*   1958  3961.171510644
GRID*               1959                  4056.653746813 -1162.559704522    1959
*   1959  3973.255767739
GRID*               1960                  4061.027406590 -1144.889113928    1960
*   1960  3963.337848896
GRID*               1961                  4068.889666423 -1127.033961668    1961
*   1961  3966.089409636
GRID*               1962                  4066.608949994 -1144.856661493    1962
*   1962  3982.848589684
GRID*               1963                  4070.795891033 -1147.002803432    1963
*   1963  4000.538635300
GRID*               1964                  4064.965530404 -1163.438889585    1964
*   1964  4003.540857409
GRID*               1965                  4060.069313761 -1162.348362840    1965
*   1965  3984.873912914
GRID*               1966                  4069.339060188 -1167.347771854    1966
*   1966  4024.447864776
GRID*               1967                  4061.285424032 -1185.213693517    1967
*   1967  4022.565379255
GRID*               1968                  4055.806370595 -1184.671875000    1968
*   1968  4002.720092773
GRID*               1969                  4054.770223138 -1198.168499409    1969
*   1969  4019.398644945
GRID*               1970                  4055.801934858 -1203.495370714    1970
*   1970  4031.076721479
GRID*               1971                  4051.095746634 -1206.923217519    1971
*   1971  4020.054881859
GRID*               1972                  4046.929339294 -1205.258003976    1972
*   1972  4003.093508656
GRID*               1973                  4044.840510916 -1222.869724747    1973
*   1973  4023.335063584
GRID*               1974                  4039.652531958 -1222.376098568    1974
*   1974  4004.704816090
GRID*               1975                  4035.054464041 -1224.947298452    1975
*   1975  3992.978310953
GRID*               1976                  4034.180777606 -1234.042991100    1976
*   1976  4004.571955293
GRID*               1977                  4027.407521668 -1247.135612796    1977
*   1977  4002.821185619
GRID*               1978                  4024.853950423 -1264.635351417    1978
*   1978  4023.562642807
GRID*               1979                  4020.137574502 -1262.954740936    1979
*   1979  4004.682876771
GRID*               1980                  4016.363581337 -1263.637130088    1980
*   1980  3993.045162577
GRID*               1981                  4014.264137429 -1274.390290926    1981
*   1981  4004.563867037
GRID*               1982                  4014.732894118 -1284.627878273    1982
*   1982  4024.230720280
GRID*               1983                  4006.981250902 -1287.069539282    1983
*   1983  4002.532871837
GRID*               1984                  4004.787764864 -1302.310343286    1984
*   1984  4023.085750254
GRID*               1985                  4029.596318105 -1267.236309829    1985
*   1985  4044.104051074
GRID*               1986                  4021.137407819 -1282.128887697    1986
*   1986  4041.377289764
GRID*               1987                  4035.822658168 -1254.238660555    1987
*   1987  4043.331013067
GRID*               1988                  4034.781616211 -1244.671875000    1988
*   1988  4023.945107247
GRID*               1989                  4041.160734312 -1242.107195686    1989
*   1989  4041.568441059
GRID*               1990                  4054.886711934 -1224.749475202    1990
*   1990  4060.878710628
GRID*               1991                  4048.891588367 -1227.288617301    1991
*   1991  4044.265190012
GRID*               1992                  4046.118820385 -1244.671875000    1992
*   1992  4062.720092773
GRID*               1993                  4050.227060380 -1246.928680389    1993
*   1993  4080.462554880
GRID*               1994                  4043.532321521 -1262.430682913    1994
*   1994  4083.313909031
GRID*               1995                  4036.364419348 -1264.671875000    1995
*   1995  4062.720092773
GRID*               1996                  4035.747901922 -1276.895013500    1996
*   1996  4081.586977885
GRID*               1997                  4055.571769929 -1236.094559711    1997
*   1997  4081.254507775
GRID*               1998                  4061.979203948 -1222.039015214    1998
*   1998  4081.058862314
GRID*               1999                  4069.878852282 -1207.021681451    1999
*   1999  4085.174258804
GRID*               2000                  4066.740421727 -1225.193420816    2000
*   2000  4102.404382034
GRID*               2001                  4071.084556066 -1226.915121492    2001
*   2001  4120.070912306
GRID*               2002                  4064.251965518 -1243.476727038    2002
*   2002  4122.900606578
GRID*               2003                  4059.465751193 -1242.388988766    2003
*   2003  4104.734218557
GRID*               2004                  4054.935381692 -1244.547865226    2004
*   2004  4092.703143024
GRID*               2005                  4054.050144619 -1253.630275599    2005
*   2005  4104.529138894
GRID*               2006                  4054.223959392 -1264.203749058    2006
*   2006  4122.694754715
GRID*               2007                  4068.701158659 -1247.281376921    2007
*   2007  4144.297851154
GRID*               2008                  4060.757564009 -1262.107857332    2008
*   2008  4141.461866195
GRID*               2009                  4054.902844469 -1274.677082907    2009
*   2009  4142.712952626
GRID*               2010                  4065.739619449 -1264.671875000    2010
*   2010  4162.720092773
GRID*               2011                  4055.477274376 -1284.696547332    2011
*   2011  4161.897918972
GRID*               2012                  4075.476526829 -1255.702249252    2012
*   2012  4181.185865914
GRID*               2013                  4069.844359148 -1266.918049200    2013
*   2013  4180.458962470
GRID*               2014                  4074.675626105 -1264.399561212    2014
*   2014  4192.752098131
GRID*               2015                  4073.915992416 -1272.742640126    2015
*   2015  4204.081221726
GRID*               2016                  4066.244371049 -1287.084283467    2016
*   2016  4202.485758371
GRID*               2017                  4062.948481995 -1282.263135636    2017
*   2017  4183.001667615
GRID*               2018                  4083.627667628 -1264.320750939    2018
*   2018  4223.191128921
GRID*               2019                  4079.159467786 -1262.402070676    2019
*   2019  4204.764913572
GRID*               2020                  4091.013696707 -1246.924104168    2020
*   2020  4220.280869018
GRID*               2021                  4086.786367305 -1245.253603739    2021
*   2021  4203.093076156
GRID*               2022                  4089.942982201 -1226.949464765    2022
*   2022  4185.161265135
GRID*               2023                  4081.850294290 -1242.045438184    2023
*   2023  4181.018435332
GRID*               2024                  4096.370399135 -1203.440161024    2024
*   2024  4171.602169895
GRID*               2025                  4096.016629693 -1213.256402279    2025
*   2025  4185.161420906
GRID*               2026                  4093.055216715 -1202.688203836    2026
*   2026  4158.968589814
GRID*               2027                  4085.452087003 -1222.235385619    2027
*   2027  4162.359241695
GRID*               2028                  4074.890351014 -1244.740872769    2028
*   2028  4161.429139817
GRID*               2029                  4075.255796594 -1233.454194854    2029
*   2029  4144.717924224
GRID*               2030                  4080.020697071 -1222.269576410    2030
*   2030  4143.656596553
GRID*               2031                  4075.568579837 -1224.051318292    2031
*   2031  4131.058755018
GRID*               2032                  4074.591613983 -1218.424420468    2032
*   2032  4118.962042367
GRID*               2033                  4086.159455180 -1207.008526632    2033
*   2033  4141.547257460
GRID*               2034                  4081.468123513 -1205.212766972    2034
*   2034  4122.573200808
GRID*               2035                  4089.980944293 -1187.030270377    2035
*   2035  4125.069811243
GRID*               2036                  4085.418936313 -1182.839666004    2036
*   2036  4103.040357404
GRID*               2037                  4075.975546646 -1204.671875000    2037
*   2037  4102.720092773
GRID*               2038                  4091.303757054 -1166.942954831    2038
*   2038  4100.589947451
GRID*               2039                  4087.541117186 -1164.182815777    2039
*   2039  4083.493129380
GRID*               2040                  4080.338347169 -1182.329518023    2040
*   2040  4084.597260628
GRID*               2041                  4076.016965355 -1183.507839628    2041
*   2041  4071.282062020
GRID*               2042                  4075.315650536 -1194.504403871    2042
*   2042  4085.142868058
GRID*               2043                  4074.776468794 -1178.395692783    2043
*   2043  4059.465192328
GRID*               2044                  4071.536217030 -1187.014064402    2044
*   2044  4060.869957321
GRID*               2045                  4067.112454143 -1185.350564513    2045
*   2045  4043.024759798
GRID*               2046                  4065.867437921 -1202.299564702    2046
*   2046  4064.105352713
GRID*               2047                  4060.199067171 -1202.340021727    2047
*   2047  4044.535917841
GRID*               2048                  4081.133237590 -1165.217334712    2048
*   2048  4062.572407433
GRID*               2049                  4075.675406912 -1164.671875000    2049
*   2049  4042.720092773
GRID*               2050                  4075.146289075 -1153.777735353    2050
*   2050  4025.337546945
GRID*               2051                  4084.405344186 -1143.514044999    2051
*   2051  4043.381007627
GRID*               2052                  4079.633147419 -1142.348832671    2052
*   2052  4025.011703399
GRID*               2053                  4074.956950769 -1144.924103193    2053
*   2053  4012.206133527
GRID*               2054                  4075.452321446 -1135.912296272    2054
*   2054  4001.395391084
GRID*               2055                  4085.901100036 -1124.671875000    2055
*   2055  4022.720092773
GRID*               2056                  4080.918725726 -1122.029807006    2056
*   2056  4001.584684234
GRID*               2057                  4074.781616211 -1124.671875000    2057
*   2057  3983.578624420
GRID*               2058                  4074.323215963 -1111.989049481    2058
*   2058  3964.768909255
GRID*               2059                  4094.603659628 -1117.161040947    2059
*   2059  4043.247481536
GRID*               2060                  4090.313788769 -1127.107271325    2060
*   2060  4041.569657318
GRID*               2061                  4094.280310325 -1125.578622951    2061
*   2061  4053.462160981
GRID*               2062                  4094.112250019 -1133.739902062    2062
*   2062  4063.991400844
GRID*               2063                  4098.441681391 -1123.660117903    2063
*   2063  4065.529335736
GRID*               2064                  4101.636179039 -1126.140768071    2064
*   2064  4080.139626930
GRID*               2065                  4108.392268049 -1125.236517872    2065
*   2065  4102.733273870
GRID*               2066                  4106.367021412 -1144.963034197    2066
*   2066  4122.507137265
GRID*               2067                  4101.200764339 -1142.654725028    2067
*   2067  4101.168323843
GRID*               2068                  4110.695837917 -1147.009123226    2068
*   2068  4140.541877525
GRID*               2069                  4104.816634600 -1163.742738543    2069
*   2069  4143.315136110
GRID*               2070                  4100.183979449 -1162.366616918    2070
*   2070  4125.148715509
GRID*               2071                  4095.400322127 -1173.992766608    2071
*   2071  4125.015249451
GRID*               2072                  4096.038893905 -1184.671875000    2072
*   2072  4142.720092773
GRID*               2073                  4101.355684778 -1185.160920513    2073
*   2073  4161.964522657
GRID*               2074                  4114.854083896 -1165.180019105    2074
*   2074  4180.495860839
GRID*               2075                  4109.300496393 -1167.320949409    2075
*   2075  4164.079059462
GRID*               2076                  4106.151072893 -1187.074711564    2076
*   2076  4181.468435945
GRID*               2077                  4112.922792260 -1182.860824846    2077
*   2077  4198.977346150
GRID*               2078                  4105.975312690 -1202.200801379    2078
*   2078  4203.114707342
GRID*               2079                  4100.371072013 -1202.257620169    2079
*   2079  4183.728651984
GRID*               2080                  4116.186847846 -1183.224981107    2080
*   2080  4210.896885994
GRID*               2081                  4127.107438578 -1164.671875000    2081
*   2081  4222.720092773
GRID*               2082                  4121.071542212 -1165.193836043    2082
*   2082  4202.297407434
GRID*               2083                  4120.502620812 -1182.329591072    2083
*   2083  4224.677274005
GRID*               2084                  4113.017512993 -1206.347903197    2084
*   2084  4233.753685670
GRID*               2085                  4115.148695034 -1194.218209757    2085
*   2085  4223.253506756
GRID*               2086                  4124.763191314 -1184.568088808    2086
*   2086  4242.777475581
GRID*               2087                  4116.570853480 -1206.596549804    2087
*   2087  4246.469047267
GRID*               2088                  4122.406916734 -1204.220981220    2088
*   2088  4263.233705426
GRID*               2089                  4133.282617278 -1185.736727665    2089
*   2089  4274.214592721
GRID*               2090                  4128.976158600 -1187.040745569    2090
*   2090  4261.049715194
GRID*               2091                  4127.749251832 -1204.270036925    2091
*   2091  4281.889923863
GRID*               2092                  4133.272217646 -1202.816653100    2092
*   2092  4298.974027762
GRID*               2093                  4125.970917517 -1222.144473963    2093
*   2093  4302.409013402
GRID*               2094                  4120.664693860 -1222.315756926    2094
*   2094  4284.283485238
GRID*               2095                  4116.509958576 -1223.169702616    2095
*   2095  4271.192749195
GRID*               2096                  4115.090087765 -1235.028907724    2096
*   2096  4284.490087212
GRID*               2097                  4109.417843666 -1247.275950477    2097
*   2097  4284.107614004
GRID*               2098                  4115.708078180 -1244.756416633    2098
*   2098  4301.791041200
GRID*               2099                  4105.292354458 -1267.043198686    2099
*   2099  4301.726796828
GRID*               2100                  4092.942308427 -1286.887907996    2100
*   2100  4292.698113753
GRID*               2101                  4094.816767105 -1275.699668684    2101
*   2101  4280.236865680
GRID*               2102                  4101.234504134 -1262.404464568    2102
*   2102  4280.276499390
GRID*               2103                  4097.152752406 -1286.587391482    2103
*   2103  4306.494658031
GRID*               2104                  4086.560451976 -1305.220584355    2104
*   2104  4302.848548746
GRID*               2105                  4074.994891254 -1315.333121293    2105
*   2105  4282.022834340
GRID*               2106                  4081.982082592 -1302.188368380    2106
*   2106  4282.054127836
GRID*               2107                  4075.585962105 -1324.814752580    2107
*   2107  4301.362857186
GRID*               2108                  4063.651745505 -1345.897546232    2108
*   2108  4301.743055680
GRID*               2109                  4053.615442649 -1353.517001269    2109
*   2109  4283.777774778
GRID*               2110                  4060.351207129 -1342.603615243    2110
*   2110  4284.406771390
GRID*               2111                  4056.715059910 -1342.501991314    2111
*   2111  4272.184145900
GRID*               2112                  4068.828089554 -1327.096180193    2112
*   2112  4283.028941076
GRID*               2113                  4064.042264313 -1323.908379465    2113
*   2113  4261.113832428
GRID*               2114                  4074.703974614 -1304.819453683    2114
*   2114  4262.165437533
GRID*               2115                  4067.685123887 -1307.074649851    2115
*   2115  4242.567515360
GRID*               2116                  4059.871784866 -1322.433644538    2116
*   2116  4244.445293806
GRID*               2117                  4074.164621381 -1294.681930567    2117
*   2117  4242.488498196
GRID*               2118                  4073.846864320 -1284.343814348    2118
*   2118  4223.532471580
GRID*               2119                  4063.370443864 -1304.627552530    2119
*   2119  4223.667838574
GRID*               2120                  4080.221085306 -1282.108620282    2120
*   2120  4241.355173528
GRID*               2121                  4094.880641967 -1264.709911977    2121
*   2121  4262.295031116
GRID*               2122                  4088.394162977 -1267.275397445    2122
*   2122  4244.345371512
GRID*               2123                  4085.124132292 -1284.786532529    2123
*   2123  4262.566435643
GRID*               2124                  4095.071408131 -1253.550760745    2124
*   2124  4244.831975934
GRID*               2125                  4105.378582504 -1242.333895099    2125
*   2125  4262.408847617
GRID*               2126                  4100.181376042 -1242.361390045    2126
*   2126  4244.560398812
GRID*               2127                  4095.352090126 -1244.310748074    2127
*   2127  4231.031235943
GRID*               2128                  4094.553601812 -1238.410354760    2128
*   2128  4218.960842732
GRID*               2129                  4106.970227566 -1225.612171208    2129
*   2129  4241.919157397
GRID*               2130                  4101.834469313 -1224.671875000    2130
*   2130  4222.720092773
GRID*               2131                  4113.237071200 -1222.579244167    2131
*   2131  4258.963279829
GRID*               2132                  4055.505981966 -1323.725670322    2132
*   2132  4232.290359494
GRID*               2133                  4053.288943669 -1320.592372047    2133
*   2133  4219.041116865
GRID*               2134                  4053.640806637 -1332.995698874    2134
*   2134  4243.631861217
GRID*               2135                  4045.060577981 -1347.018329163    2135
*   2135  4242.646915873
GRID*               2136                  4041.918247968 -1342.345122934    2136
*   2136  4223.024204452
GRID*               2137                  4034.385311372 -1364.596521306    2137
*   2137  4243.760512168
GRID*               2138                  4052.294596053 -1343.194445581    2138
*   2138  4258.933526803
GRID*               2139                  4041.830098540 -1362.420851782    2139
*   2139  4263.422976960
GRID*               2140                  4033.583811639 -1374.729655009    2140
*   2140  4262.875548411
GRID*               2141                  4044.780023268 -1366.968522955    2141
*   2141  4282.534663303
GRID*               2142                  3990.893177779  -716.900230735    2142
*   2142  3632.720092777
GRID*               2143                  4052.016580182 -1363.529966627    2143
*   2143  4298.944306370
GRID*               2144                  4040.563196479 -1382.337335882    2144
*   2144  4302.020518931
GRID*               2145                  4035.509250974 -1397.106080870    2145
*   2145  4319.493885671
GRID*               2146                  4033.352717197 -1392.724283791    2146
*   2146  4302.466055117
GRID*               2147                  4044.523237105 -1384.259786885    2147
*   2147  4318.988958649
GRID*               2148                  4054.756377753 -1365.774728077    2148
*   2148  4312.529720689
GRID*               2149                  4028.709855469 -1406.261447623    2149
*   2149  4320.038393724
GRID*               2150                  4015.157823330 -1422.159965371    2150
*   2150  4319.118586549
GRID*               2151                  4016.209978695 -1414.868417606    2151
*   2151  4303.021215207
GRID*               2152                  4006.423495043 -1425.744571252    2152
*   2152  4302.638400135
GRID*               2153                  3996.173645779 -1436.012526202    2153
*   2153  4302.402319908
GRID*               2154                  3992.872446183 -1432.885365454    2154
*   2154  4283.294195227
GRID*               2155                  4002.846550181 -1422.640263082    2155
*   2155  4283.249565241
GRID*               2156                  3994.363311036 -1425.134743174    2156
*   2156  4264.908789706
GRID*               2157                  3977.126223591 -1442.846288246    2157
*   2157  4270.240843714
GRID*               2158                  3976.059572865 -1440.713600786    2158
*   2158  4260.067231716
GRID*               2159                  3988.000379149 -1443.103561380    2159
*   2159  4301.519450726
GRID*               2160                  3996.579692256 -1441.664172379    2160
*   2160  4321.198881268
GRID*               2161                  3974.508437903 -1436.093262189    2161
*   2161  4240.468921098
GRID*               2162                  3973.226532510 -1431.970713763    2162
*   2162  4223.629721501
GRID*               2163                  3975.294174544 -1423.827856723    2163
*   2163  4204.741715638
GRID*               2164                  3983.042005499 -1422.808733221    2164
*   2164  4224.608934016
GRID*               2165                  3985.834465672 -1426.891435779    2165
*   2165  4244.785992163
GRID*               2166                  4025.848888454 -1403.780087635    2166
*   2166  4305.029737929
GRID*               2167                  4031.664761997 -1386.320540496    2167
*   2167  4282.443359730
GRID*               2168                  4019.202482982 -1404.652083189    2168
*   2168  4286.410230698
GRID*               2169                  4089.752290144 -1286.422403716    2169
*   2169  4281.070595645
GRID*               2170                  4136.088977768 -1202.427030229    2170
*   2170  4308.211182316
GRID*               2171                  4141.631488139 -1185.225383872    2171
*   2171  4302.658984800
GRID*               2172                  4149.190657605 -1167.307282628    2172
*   2172  4303.860207260
GRID*               2173                  4143.944866168 -1165.708123932    2173
*   2173  4283.224704140
GRID*               2174                  4136.416846498 -1186.641546633    2174
*   2174  4286.463173023
GRID*               2175                  4150.755723981 -1147.110444762    2175
*   2175  4281.595962669
GRID*               2176                  4146.670302918 -1144.151740215    2176
*   2176  4263.192600588
GRID*               2177                  4140.159144918 -1162.374073049    2177
*   2177  4265.299419136
GRID*               2178                  4135.335026530 -1165.360491711    2178
*   2178  4252.534682064
GRID*               2179                  4134.591680379 -1174.669507983    2179
*   2179  4263.020406258
GRID*               2180                  4135.463613051 -1157.060561960    2180
*   2180  4241.444226805
GRID*               2181                  4131.256895531 -1167.003462616    2181
*   2181  4240.536528468
GRID*               2182                  4141.463004378 -1142.068990059    2182
*   2182  4242.025764478
GRID*               2183                  4135.267122544 -1144.026196361    2183
*   2183  4222.863825305
GRID*               2184                  4134.134602770 -1132.574935456    2184
*   2184  4203.383915614
GRID*               2185                  4128.784382070 -1147.382988726    2185
*   2185  4204.639501900
GRID*               2186                  4123.714699941 -1144.423361430    2186
*   2186  4182.752301941
GRID*               2187                  4124.356066540 -1127.110903143    2187
*   2187  4161.555994971
GRID*               2188                  4119.196796269 -1142.881257577    2188
*   2188  4164.748153624
GRID*               2189                  4115.252034751 -1144.782748859    2189
*   2189  4153.485366099
GRID*               2190                  4114.476122829 -1154.500257311    2190
*   2190  4164.204850723
GRID*               2191                  4115.532065331 -1135.951346036    2191
*   2191  4142.392719162
GRID*               2192                  4119.617063737 -1126.055621839    2192
*   2192  4143.421823883
GRID*               2193                  4115.638521500 -1124.878134900    2193
*   2193  4127.806820457
GRID*               2194                  4153.892721512 -1147.043094952    2194
*   2194  4292.554226901
GRID*               2195                  4155.174730570 -1137.406557316    2195
*   2195  4284.091271074
GRID*               2196                  4157.864473676 -1145.431922269    2196
*   2196  4304.369319068
GRID*               2197                  4154.026516832 -1154.485293810    2197
*   2197  4303.158262311
GRID*               2198                  4109.372932076 -1206.495638863    2198
*   2198  4221.315132629
GRID*               2199                  4095.448893004 -1165.070365118    2199
*   2199  4112.414846568
GRID*               2200                  4095.455620964 -1157.230397633    2200
*   2200  4101.336764863
GRID*               2201                  4094.818337281 -1144.753428574    2201
*   2201  4081.655248250
GRID*               2202                  4089.180542226 -1147.031864256    2202
*   2202  4065.038852197
GRID*               2203                  4096.047368139 -1224.671875000    2203
*   2203  4202.720092773
GRID*               2204                  4054.872169335 -1214.510476442    2204
*   2204  4044.819899942
GRID*               2205                  4026.132569734 -1284.671875000    2205
*   2205  4062.720092773
GRID*               2206                  4055.374017847 -1173.952465911    2206
*   2206  3985.378814772
GRID*               2207                  3994.896545875 -1318.158587147    2207
*   2207  4020.328237568
GRID*               2208                  4014.781616211 -1294.803429496    2208
*   2208  4042.720092773
GRID*               2209                  4033.276373160 -1304.671875000    2209
*   2209  4122.720092773
GRID*               2210                  3990.887623803 -1404.771636807    2210
*   2210  4199.042554523
GRID*               2211                  3953.149776608 -1411.778242872    2211
*   2211  4104.123892736
GRID*               2212                  3790.856332882 -1978.979558161    2212
*   2212  4291.518023286
GRID*               2213                  3938.549567676 -1446.252128673    2213
*   2213  4312.166729421
GRID*               2214                  3935.905058151 -1574.640290401    2214
*   2214  4303.511111876
GRID*               2215                  3934.340453864 -1586.932200782    2215
*   2215  4303.429227572
GRID*               2216                  3930.607244793 -1604.671875000    2216
*   2216  4302.720092773
GRID*               2217                  3926.759310053 -1625.210268544    2217
*   2217  4302.508368852
GRID*               2218                  3923.849634612 -1644.195367553    2218
*   2218  4302.965191314
GRID*               2219                  3915.500118764 -1644.269451460    2219
*   2219  4298.231716985
GRID*               2220                  3915.745888168 -1662.141159013    2220
*   2220  4300.590734199
GRID*               2221                  3906.381206295 -1706.740221791    2221
*   2221  4301.647164489
GRID*               2222                  3904.207772188 -1724.724298349    2222
*   2222  4303.267491399
GRID*               2223                  3894.941640831 -1722.885312816    2223
*   2223  4297.800797845
GRID*               2224                  3894.568787870 -1741.745986855    2224
*   2224  4300.724819777
GRID*               2225                  3892.036561894 -1752.695656102    2225
*   2225  4301.205889792
GRID*               2226                  3888.476605530 -1766.060366794    2226
*   2226  4301.605479445
GRID*               2227                  3884.612840605 -1784.144210997    2227
*   2227  4302.793234381
GRID*               2228                  3873.817743137 -1782.955282575    2228
*   2228  4296.633108538
GRID*               2229                  3911.899036389 -1684.867094893    2229
*   2229  4301.509693808
GRID*               2230                  3937.005934015 -1562.242220941    2230
*   2230  4303.481642981
GRID*               2231                  3940.267581421 -1543.359854009    2231
*   2231  4304.706298368
GRID*               2232                  3951.437225433 -1504.408582124    2232
*   2232  4311.473335884
GRID*               2233                  3952.573931646 -1484.988781750    2233
*   2233  4313.403480613
GRID*               2234                  3953.077653875 -1465.369564731    2234
*   2234  4316.007249332
GRID*               2235                  3855.188877166 -1373.561559727    2235
*   2235  3703.353511184
GRID*               2236                  3843.196436769 -1385.122890851    2236
*   2236  3702.934268272
GRID*               2237                  3858.482853899 -1363.741995404    2237
*   2237  3686.153970352
GRID*               2238                  3873.048415914 -1352.785411090    2238
*   2238  3702.737451240
GRID*               2239                  3865.236810560 -1363.300702630    2239
*   2239  3705.562976388
GRID*               2240                  3874.162880411 -1344.632762793    2240
*   2240  3686.329739284
GRID*               2241                  3886.325983371 -1327.120716219    2241
*   2241  3684.633211479
GRID*               2242                  3895.187877222 -1314.368119554    2242
*   2242  3685.653180367
GRID*               2243                  3893.871159464 -1324.608232340    2243
*   2243  3703.370051726
GRID*               2244                  3902.244554712 -1302.455461898    2244
*   2244  3684.009013862
GRID*               2245                  3916.682008929 -1282.808114834    2245
*   2245  3692.948172571
GRID*               2246                  3913.674825831 -1293.594974881    2246
*   2246  3703.904115702
GRID*               2247                  3912.607698443 -1283.505579410    2247
*   2247  3680.765270152
GRID*               2248                  3905.109728694 -1306.997912152    2248
*   2248  3702.654764561
GRID*               2249                  3924.501590281 -1264.571398576    2249
*   2249  3684.940705953
GRID*               2250                  3935.140663027 -1244.525774108    2250
*   2250  3684.934855231
GRID*               2251                  3934.843086970 -1255.285738517    2251
*   2251  3702.916030338
GRID*               2252                  3928.442340106 -1267.079025603    2252
*   2252  3702.731749745
GRID*               2253                  3945.907430337 -1223.874687723    2253
*   2253  3686.172119556
GRID*               2254                  3954.781616211 -1204.671875000    2254
*   2254  3684.936792303
GRID*               2255                  3955.335438916 -1214.806751229    2255
*   2255  3703.326045159
GRID*               2256                  3949.682923935 -1227.306839692    2256
*   2256  3704.785452167
GRID*               2257                  3965.010756994 -1182.376493990    2257
*   2257  3684.819809405
GRID*               2258                  3975.535137802 -1163.442490458    2258
*   2258  3692.294177408
GRID*               2259                  3974.315680083 -1174.767719605    2259
*   2259  3705.244849303
GRID*               2260                  3972.431051806 -1162.517650113    2260
*   2260  3680.136295299
GRID*               2261                  3968.838003430 -1187.023487704    2261
*   2261  3705.256233932
GRID*               2262                  3981.108526820 -1144.145290196    2262
*   2262  3683.057317997
GRID*               2263                  3989.269319400 -1125.808098666    2263
*   2263  3685.114108685
GRID*               2264                  3986.530680268 -1144.671875000    2264
*   2264  3702.720092773
GRID*               2265                  3995.128113427 -1104.870393032    2265
*   2265  3676.309716348
GRID*               2266                  3994.315918771 -1113.099629626    2266
*   2266  3684.887433963
GRID*               2267                  4001.856797739 -1104.877582593    2267
*   2267  3699.964150968
GRID*               2268                  3998.454592888 -1102.997397434    2268
*   2268  3685.416892538
GRID*               2269                  4009.617530703 -1087.271656394    2269
*   2269  3703.338052406
GRID*               2270                  4003.786445190 -1087.212652356    2270
*   2270  3682.695918597
GRID*               2271                  4014.996438859 -1090.180585847    2271
*   2271  3726.218906775
GRID*               2272                  4020.953784847 -1087.273153666    2272
*   2272  3743.336781981
GRID*               2273                  4014.695906036 -1104.538691517    2273
*   2273  3744.644652017
GRID*               2274                  4020.391953107 -1101.997676620    2274
*   2274  3761.221392498
GRID*               2275                  4014.652670434 -1124.788913508    2275
*   2275  3772.563117302
GRID*               2276                  4015.252620513 -1115.227172696    2276
*   2276  3761.327805275
GRID*               2277                  4025.545438338 -1103.915541133    2277
*   2277  3781.975518327
GRID*               2278                  4019.164093440 -1122.345046276    2278
*   2278  3784.960645413
GRID*               2279                  4014.828865995 -1144.725372547    2279
*   2279  3801.518619394
GRID*               2280                  4014.158793737 -1134.344422775    2280
*   2280  3784.328906539
GRID*               2281                  4023.689549309 -1123.952103769    2281
*   2281  3803.079220437
GRID*               2282                  4015.496925111 -1156.787653795    2282
*   2282  3821.347665331
GRID*               2283                  4021.444404456 -1141.964503159    2283
*   2283  3820.670917724
GRID*               2284                  4015.141702820 -1165.135260922    2284
*   2284  3832.383714926
GRID*               2285                  4010.947170630 -1166.982935828    2285
*   2285  3820.538487317
GRID*               2286                  4006.735660536 -1164.746512410    2286
*   2286  3802.580335995
GRID*               2287                  4004.149362585 -1183.934750908    2287
*   2287  3822.475626997
GRID*               2288                  3999.749476097 -1182.371079534    2288
*   2288  3804.862978656
GRID*               2289                  3994.976191769 -1185.014918992    2289
*   2289  3792.397112461
GRID*               2290                  3994.329328306 -1194.031613547    2290
*   2290  3804.094643238
GRID*               2291                  3988.349179967 -1207.296447260    2291
*   2291  3804.369471832
GRID*               2292                  3994.858493308 -1204.743695754    2292
*   2292  3822.708037241
GRID*               2293                  3985.333260594 -1225.066105355    2293
*   2293  3822.719101731
GRID*               2294                  3980.514490048 -1222.090586082    2294
*   2294  3801.366970680
GRID*               2295                  3974.579068965 -1235.076721741    2295
*   2295  3802.603051577
GRID*               2296                  3973.524304096 -1225.204027150    2296
*   2296  3782.587530531
GRID*               2297                  3973.954508266 -1212.965624037    2297
*   2297  3764.062623303
GRID*               2298                  3983.418008598 -1204.529578042    2298
*   2298  3783.019862811
GRID*               2299                  3979.101538685 -1202.383798989    2299
*   2299  3764.771837265
GRID*               2300                  3990.675382555 -1186.965205245    2300
*   2300  3780.534490287
GRID*               2301                  3986.542529408 -1184.671875000    2301
*   2301  3762.720092773
GRID*               2302                  3994.828728508 -1164.724483206    2302
*   2302  3761.177722856
GRID*               2303                  3988.841850964 -1167.317230570    2303
*   2303  3744.278969827
GRID*               2304                  3981.448037556 -1182.029808141    2304
*   2304  3741.047013346
GRID*               2305                  3995.517827383 -1176.495875322    2305
*   2305  3781.275484132
GRID*               2306                  4001.606110939 -1161.975164301    2306
*   2306  3780.638658085
GRID*               2307                  3974.733845606 -1204.308670353    2307
*   2307  3752.825314447
GRID*               2308                  3975.432815695 -1195.432522614    2308
*   2308  3741.159541158
GRID*               2309                  3970.203979741 -1206.473997883    2309
*   2309  3740.738020187
GRID*               2310                  3966.696283893 -1227.097282176    2310
*   2310  3762.416462533
GRID*               2311                  3963.557634183 -1222.341107808    2311
*   2311  3743.823261897
GRID*               2312                  3955.007335843 -1244.789474939    2312
*   2312  3752.626542225
GRID*               2313                  3955.730685910 -1236.926360164    2313
*   2313  3741.611883698
GRID*               2314                  3959.834775485 -1242.437966722    2314
*   2314  3764.951705472
GRID*               2315                  3953.910452077 -1253.615418780    2315
*   2315  3764.268003524
GRID*               2316                  3963.944057594 -1244.671875000    2316
*   2316  3782.720092773
GRID*               2317                  3953.570955719 -1264.671875000    2317
*   2317  3782.720092773
GRID*               2318                  3946.219180076 -1267.044859755    2318
*   2318  3762.282735395
GRID*               2319                  3935.907880287 -1274.778477857    2319
*   2319  3741.890452058
GRID*               2320                  3943.116198467 -1262.313715497    2320
*   2320  3743.328693622
GRID*               2321                  3936.381466286 -1284.922447130    2321
*   2321  3762.448674023
GRID*               2322                  3935.757906293 -1295.719145922    2322
*   2322  3781.048354396
GRID*               2323                  3944.059279334 -1282.316992295    2323
*   2323  3783.131223138
GRID*               2324                  3933.231927596 -1306.449810376    2324
*   2324  3793.802101725
GRID*               2325                  3947.182674215 -1287.033383073    2325
*   2325  3802.391473241
GRID*               2326                  3937.334069016 -1306.045140339    2326
*   2326  3806.502499736
GRID*               2327                  3936.066881191 -1315.843702569    2327
*   2327  3822.033689903
GRID*               2328                  3904.422636331 -1141.921617482    2328
*   2328  3588.225495831
GRID*               2329                  3944.510773028 -1302.320937961    2329
*   2329  3822.848817461
GRID*               2330                  3954.684850683 -1284.413370745    2330
*   2330  3822.500099050
GRID*               2331                  3954.801273889 -1294.714805821    2331
*   2331  3842.283379607
GRID*               2332                  3947.651682466 -1307.005358846    2332
*   2332  3842.411893245
GRID*               2333                  3955.082741179 -1304.661035598    2333
*   2333  3862.365500631
GRID*               2334                  3944.475315401 -1322.361842988    2334
*   2334  3862.875777425
GRID*               2335                  3937.355651981 -1325.662041343    2335
*   2335  3846.487359595
GRID*               2336                  3724.521340195 -1754.156110720    2336
*   2336  3622.939592527
GRID*               2337                  3936.434946626 -1334.974428248    2337
*   2337  3863.216855695
GRID*               2338                  3947.608988990 -1326.989337472    2338
*   2338  3882.660427447
GRID*               2339                  3935.417735626 -1345.325930769    2339
*   2339  3882.537427489
GRID*               2340                  3934.824116735 -1355.166556726    2340
*   2340  3902.860249023
GRID*               2341                  3943.692208826 -1342.386779031    2341
*   2341  3902.681279637
GRID*               2342                  3932.313436086 -1366.862632336    2342
*   2342  3922.425233644
GRID*               2343                  3925.888642397 -1366.836926682    2343
*   2343  3902.218351699
GRID*               2344                  3743.040795080 -2014.520919661    2344
*   2344  4324.067512856
GRID*               2345                  3913.225857855 -1374.532744851    2345
*   2345  3882.067571367
GRID*               2346                  3922.996743569 -1362.443204758    2346
*   2346  3882.537073633
GRID*               2347                  3912.691436376 -1366.898960267    2347
*   2347  3861.163799908
GRID*               2348                  3895.010522003 -1384.137824330    2348
*   2348  3852.247656745
GRID*               2349                  4085.208234366 -1303.809578685    2349
*   2349  4332.717244806
GRID*               2350                  3906.673017814 -1366.816535619    2350
*   2350  3842.246400922
GRID*               2351                  3900.407823324 -1382.756582394    2351
*   2351  3864.692535350
GRID*               2352                  3896.073565807 -1394.365412821    2352
*   2352  3884.726095509
GRID*               2353                  3893.352782475 -1390.351613132    2353
*   2353  3864.952867584
GRID*               2354                  3903.279147660 -1385.146026701    2354
*   2354  3879.912836183
GRID*               2355                  3896.502126573 -1399.430350904    2355
*   2355  3901.183849594
GRID*               2356                  3910.254083523 -1384.417110906    2356
*   2356  3899.004646000
GRID*               2357                  3895.875386354 -1403.758143948    2357
*   2357  3912.796054458
GRID*               2358                  3886.342789811 -1403.005223596    2358
*   2358  3883.164635873
GRID*               2359                  3879.087300559 -1404.115654437    2359
*   2359  3866.276984871
GRID*               2360                  3876.672765084 -1402.662351289    2360
*   2360  3854.679900698
GRID*               2361                  3873.440100437 -1394.535812844    2361
*   2361  3819.376482640
GRID*               2362                  3872.853446019 -1389.849154064    2362
*   2362  3803.247264881
GRID*               2363                  3874.603802262 -1384.567489151    2363
*   2363  3792.679555146
GRID*               2364                  3879.729989071 -1384.030290652    2364
*   2364  3806.308601600
GRID*               2365                  3893.307174665 -1375.133906674    2365
*   2365  3822.582654445
GRID*               2366                  3892.936539124 -1367.347159878    2366
*   2366  3801.095050603
GRID*               2367                  3883.572772668 -1386.445473507    2367
*   2367  3824.672438327
GRID*               2368                  3903.775507242 -1362.452073107    2368
*   2368  3822.383444951
GRID*               2369                  3915.268144512 -1343.772516860    2369
*   2369  3814.572063889
GRID*               2370                  3826.591910687 -1922.794227060    2370
*   2370  4292.583023493
GRID*               2371                  3909.122729152 -1346.860127698    2371
*   2371  3802.053851590
GRID*               2372                  3916.166967243 -1336.850110969    2372
*   2372  3801.971083190
GRID*               2373                  3990.145394533  -713.724556125    2373
*   2373  3632.720092775
GRID*               2374                  3906.503013842 -1342.647596759    2374
*   2374  3784.061695718
GRID*               2375                  3915.170603830 -1324.702303358    2375
*   2375  3772.400117978
GRID*               2376                  3919.790718044 -1324.237152009    2376
*   2376  3786.393856987
GRID*               2377                  3910.663107672 -1325.289018511    2377
*   2377  3759.060289050
GRID*               2378                  3900.058509818 -1343.863437816    2378
*   2378  3766.348986400
GRID*               2379                  3896.361477992 -1343.038495572    2379
*   2379  3752.704373619
GRID*               2380                  4026.082691087 -1404.789523692    2380
*   2380  4335.815961468
GRID*               2381                  3842.881102214 -1313.460335443    2381
*   2381  3606.238739232
GRID*               2382                  3889.706442799 -1346.535453217    2382
*   2382  3739.814784989
GRID*               2383                  3893.047278524 -1334.265250585    2383
*   2383  3722.126489220
GRID*               2384                  3904.313181823 -1326.898668122    2384
*   2384  3742.019864089
GRID*               2385                  3901.509511374 -1322.435120350    2385
*   2385  3723.324462930
GRID*               2386                  3896.602044165 -1355.572267493    2386
*   2386  3783.132076034
GRID*               2387                  3887.275726770 -1366.787938209    2387
*   2387  3782.226630658
GRID*               2388                  3884.382605720 -1362.463715195    2388
*   2388  3762.217926050
GRID*               2389                  3874.566283838 -1373.686739441    2389
*   2389  3761.829807697
GRID*               2390                  3872.970058620 -1367.699819866    2390
*   2390  3740.822253314
GRID*               2391                  3865.104944766 -1384.022255286    2391
*   2391  3763.104910153
GRID*               2392                  3859.063555950 -1384.325599275    2392
*   2392  3746.339491622
GRID*               2393                  3855.556655570 -1392.374500267    2393
*   2393  3761.378239563
GRID*               2394                  3868.792941657 -1385.799739870    2394
*   2394  3779.211137746
GRID*               2395                  3856.248260062 -1382.929932032    2395
*   2395  3733.913646116
GRID*               2396                  3848.870237166 -1385.642968898    2396
*   2396  3720.858230478
GRID*               2397                  3926.220216368 -1322.430736264    2397
*   2397  3803.484596497
GRID*               2398                  3929.054262532 -1326.930396698    2398
*   2398  3822.161417418
GRID*               2399                  3917.655826455 -1345.672576573    2399
*   2399  3826.498744297
GRID*               2400                  3909.386192011 -1406.215542896    2400
*   2400  3959.369845466
GRID*               2401                  3903.481852992 -1406.752023587    2401
*   2401  3944.055164435
GRID*               2402                  3933.873732869 -1373.171808979    2402
*   2402  3942.679989209
GRID*               2403                  3925.460344612 -1384.841956883    2403
*   2403  3946.426355721
GRID*               2404                  3941.996645948 -1362.410726099    2404
*   2404  3942.398415664
GRID*               2405                  3954.781616211 -1344.671875000    2405
*   2405  3943.412264719
GRID*               2406                  3966.048893148 -1327.034353561    2406
*   2406  3943.009976318
GRID*               2407                  3974.526315382 -1313.012603102    2407
*   2407  3942.937911246
GRID*               2408                  3980.278595370 -1302.140739662    2408
*   2408  3941.092560757
GRID*               2409                  3989.267197113 -1287.121399569    2409
*   2409  3943.175555219
GRID*               2410                  3995.001950734 -1274.910746508    2410
*   2410  3940.478838926
GRID*               2411                  4001.320513467 -1262.657767519    2411
*   2411  3940.370226011
GRID*               2412                  4009.780370882 -1247.117903577    2412
*   2412  3942.682428714
GRID*               2413                  4014.743048812 -1235.129553204    2413
*   2413  3939.781367095
GRID*               2414                  4020.834145386 -1222.093650217    2414
*   2414  3939.573803524
GRID*               2415                  4028.686884875 -1207.192730576    2415
*   2415  3943.097724102
GRID*               2416                  4034.781616211 -1193.261297530    2416
*   2416  3942.720092773
GRID*               2417                  4039.099537416 -1183.000853323    2417
*   2417  3942.205436774
GRID*               2418                  4045.433691018 -1166.501229949    2418
*   2418  3939.848312496
GRID*               2419                  4054.153449562 -1145.170191933    2419
*   2419  3939.660713420
GRID*               2420                  4062.458515019 -1125.078210155    2420
*   2420  3940.790426602
GRID*               2421                  4069.487053194 -1107.069981672    2421
*   2421  3941.104162214
GRID*               2422                  4063.898547792 -1107.098587885    2422
*   2422  3921.428708310
GRID*               2423                  4058.640712933 -1122.840644883    2423
*   2423  3924.293113700
GRID*               2424                  4059.574479714 -1105.246147695    2424
*   2424  3903.688627966
GRID*               2425                  4055.723307780 -1104.928268930    2425
*   2425  3889.678968833
GRID*               2426                  4052.931621660 -1104.303936978    2426
*   2426  3878.994443467
GRID*               2427                  4047.907426644 -1104.576239966    2427
*   2427  3861.647821150
GRID*               2428                  4041.876364799 -1105.838000201    2428
*   2428  3842.100171080
GRID*               2429                  4034.014139401 -1104.685999366    2429
*   2429  3812.843453124
GRID*               2430                  4034.180507771 -1096.188688902    2430
*   2430  3801.953516291
GRID*               2431                  4029.605481810 -1106.904260517    2431
*   2431  3800.339826528
GRID*               2432                  4034.705652582 -1112.275789042    2432
*   2432  3825.627033185
GRID*               2433                  4028.478386739 -1127.378538399    2433
*   2433  3824.664847536
GRID*               2434                  4034.781616211 -1124.671875000    2434
*   2434  3843.002612961
GRID*               2435                  4040.597913641 -1122.400319523    2435
*   2435  3860.274609402
GRID*               2436                  4034.981186984 -1144.940194546    2436
*   2436  3872.248574064
GRID*               2437                  4035.450563809 -1136.071737900    2437
*   2437  3861.312900268
GRID*               2438                  4046.093351010 -1124.671875000    2438
*   2438  3882.720092773
GRID*               2439                  4039.725325390 -1142.568619734    2439
*   2439  3885.470393300
GRID*               2440                  4034.103402016 -1163.734937458    2440
*   2440  3896.328527562
GRID*               2441                  4034.458374760 -1154.481292908    2441
*   2441  3884.117709391
GRID*               2442                  4043.846143477 -1145.315264310    2442
*   2442  3903.790564561
GRID*               2443                  4028.968567586 -1167.266643245    2443
*   2443  3883.632239921
GRID*               2444                  4050.317624706 -1127.034131356    2444
*   2444  3900.826809827
GRID*               2445                  4054.599487739 -1124.823321832    2445
*   2445  3912.814468054
GRID*               2446                  4055.161306047 -1115.634352804    2446
*   2446  3902.194614410
GRID*               2447                  4030.805221558 -1147.001825942    2447
*   2447  3860.598400660
GRID*               2448                  4024.643815776 -1163.548425349    2448
*   2448  3863.110382008
GRID*               2449                  4054.268677848 -1133.585298729    2449
*   2449  3923.798938015
GRID*               2450                  4049.100259546 -1147.148811945    2450
*   2450  3924.779465014
GRID*               2451                  4041.306468423 -1165.189636712    2451
*   2451  3923.551345808
GRID*               2452                  4034.466838045 -1178.216631404    2452
*   2452  3918.972564875
GRID*               2453                  4035.675146938 -1166.905274828    2453
*   2453  3906.446707696
GRID*               2454                  4035.416601687 -1183.997431774    2454
*   2454  3930.918372053
GRID*               2455                  4031.020287597 -1186.935823390    2455
*   2455  3920.099045835
GRID*               2456                  4026.993078254 -1184.671875000    2456
*   2456  3902.720092773
GRID*               2457                  4024.915891652 -1202.782642858    2457
*   2457  3923.234464732
GRID*               2458                  4019.740611989 -1202.368437749    2458
*   2458  3904.730309614
GRID*               2459                  4014.320515559 -1214.187192047    2459
*   2459  3904.603060287
GRID*               2460                  4014.751086403 -1224.519458268    2460
*   2460  3922.586701282
GRID*               2461                  4008.137439791 -1227.288237508    2461
*   2461  3904.391688263
GRID*               2462                  4004.955849356 -1245.250834985    2462
*   2462  3923.120897942
GRID*               2463                  4000.074575595 -1242.085406692    2463
*   2463  3901.195846082
GRID*               2464                  3633.771174098 -2086.411760155    2464
*   2464  4113.423217773
GRID*               2465                  3993.941574987 -1254.888562513    2465
*   2465  3901.989847669
GRID*               2466                  3993.376464088 -1244.671875000    2466
*   2466  3882.720092773
GRID*               2467                  3987.983135760 -1267.128998211    2467
*   2467  3903.058912301
GRID*               2468                  3983.352779626 -1263.663483199    2468
*   2468  3881.339307705
GRID*               2469                  3973.523502946 -1280.882694842    2469
*   2469  3879.020436449
GRID*               2470                  3975.191638996 -1270.826525688    2470
*   2470  3866.483985906
GRID*               2471                  3979.087379726 -1262.432749195    2471
*   2471  3864.772992910
GRID*               2472                  3974.382602913 -1264.974450751    2472
*   2472  3853.364605731
GRID*               2473                  3975.607964056 -1255.558882202    2473
*   2473  3841.020018178
GRID*               2474                  3986.019918961 -1246.990856389    2474
*   2474  3861.624215779
GRID*               2475                  3983.003012534 -1242.291372994    2475
*   2475  3843.411393749
GRID*               2476                  3976.032829502 -1244.143091097    2476
*   2476  3822.853068867
GRID*               2477                  3976.602720263 -1282.451164052    2477
*   2477  3892.203320458
GRID*               2478                  3574.241689121 -1994.975720460    2478
*   2478  3670.482987557
GRID*               2479                  3973.827635808 -1293.999802076    2479
*   2479  3904.269480740
GRID*               2480                  3980.291142264 -1282.429157508    2480
*   2480  3904.530083149
GRID*               2481                  3965.168304128 -1286.042097700    2481
*   2481  3860.539178580
GRID*               2482                  3994.781616211 -1264.671875000    2482
*   2482  3921.733324104
GRID*               2483                  3984.312116824 -1285.142325078    2483
*   2483  3922.955289951
GRID*               2484                  4175.885415492 -1077.181563718    2484
*   2484  4320.894671864
GRID*               2485                  3973.356309105 -1305.003166387    2485
*   2485  3923.558424699
GRID*               2486                  3965.879103028 -1307.044501268    2486
*   2486  3902.719417576
GRID*               2487                  3962.756838916 -1322.330551722    2487
*   2487  3922.677592547
GRID*               2488                  3955.037737972 -1324.776210562    2488
*   2488  3902.361985035
GRID*               2489                  3914.542959992 -1396.834823097    2489
*   2489  3946.504172384
GRID*               2490                  3901.133693311 -1402.957553632    2490
*   2490  3925.440353125
GRID*               2491                  3891.390368679 -1383.229289727    2491
*   2491  3838.849386465
GRID*               2492                  3876.556923713 -1398.573961879    2492
*   2492  3841.075344412
GRID*               2493                  3913.717945708 -1385.631310376    2493
*   2493  3912.789813163
GRID*               2494                  3918.812452394 -1384.951511878    2494
*   2494  3926.438763003
GRID*               2495                  3752.803880644 -1434.584571050    2495
*   2495  3603.406324368
GRID*               2496                  3946.809314751 -1346.951561210    2496
*   2496  3922.713371486
GRID*               2497                  3954.877693551 -1334.740714401    2497
*   2497  3922.519521117
GRID*               2498                  3517.821414995 -2016.048378635    2498
*   2498  3632.382493201
GRID*               2499                  3928.097201748 -1346.934207722    2499
*   2499  3862.690789726
GRID*               2500                  3924.953601714 -1342.379193774    2500
*   2500  3842.429003568
GRID*               2501                  3916.400724438 -1354.683738065    2501
*   2501  3843.326487995
GRID*               2502                  3935.009944622 -1323.343760658    2502
*   2502  3834.014606109
GRID*               2503                  3955.239273601 -1314.651595902    2503
*   2503  3882.567456828
GRID*               2504                  3962.680395809 -1302.323545137    2504
*   2504  3883.000961163
GRID*               2505                  3961.937687511 -1282.449184091    2505
*   2505  3843.095517174
GRID*               2506                  3969.611137877 -1266.910732323    2506
*   2506  3840.713578920
GRID*               2507                  3965.451660235 -1264.671875000    2507
*   2507  3822.720092773
GRID*               2508                  3929.162281395 -1287.030983200    2508
*   2508  3742.458882572
GRID*               2509                  3929.139934597 -1306.884505915    2509
*   2509  3781.213019876
GRID*               2510                  3924.525169281 -1304.746709288    2510
*   2510  3761.762640942
GRID*               2511                  3617.583739534 -1915.872089355    2511
*   2511  3632.145442837
GRID*               2512                  3913.586099978 -1313.537957291    2512
*   2512  3743.809689929
GRID*               2513                  3920.625920010 -1302.478430192    2513
*   2513  3744.406057817
GRID*               2514                  3968.941353322 -1247.230539610    2514
*   2514  3804.059089988
GRID*               2515                  3960.413539094 -1262.114960554    2515
*   2515  3801.202768456
GRID*               2516                  3953.726100238 -1275.177126653    2516
*   2516  3802.251412365
GRID*               2517                  3950.367810615 -1246.910676858    2517
*   2517  3740.588628653
GRID*               2518                  4014.551678906 -1174.402771879    2518
*   2518  3844.123545388
GRID*               2519                  4008.954968213 -1187.306781079    2519
*   2519  3844.253683559
GRID*               2520                  4015.083984282 -1185.551522989    2520
*   2520  3862.791124046
GRID*               2521                  4006.512681673 -1204.671875000    2521
*   2521  3862.720092773
GRID*               2522                  4001.416324562 -1202.038084352    2522
*   2522  3841.031013448
GRID*               2523                  4015.563538849 -1196.603668347    2523
*   2523  3881.381967669
GRID*               2524                  4010.675872410 -1206.967383374    2524
*   2524  3880.665054010
GRID*               2525                  4015.039806925 -1204.999366166    2525
*   2525  3892.617232675
GRID*               2526                  3994.481534343 -1224.236677123    2526
*   2526  3852.667137046
GRID*               2527                  3993.872338693 -1232.314778675    2527
*   2527  3863.819406263
GRID*               2528                  3989.619509965 -1226.923145284    2528
*   2528  3840.419656318
GRID*               2529                  3995.317019626 -1215.403098074    2529
*   2529  3841.254548536
GRID*               2530                  3998.900990478 -1222.398487045    2530
*   2530  3864.820858083
GRID*               2531                  4003.027186922 -1224.772913723    2531
*   2531  3882.805615068
GRID*               2532                  4019.932300654 -1162.364178508    2532
*   2532  3844.968136364
GRID*               2533                  4021.551861240 -1182.271338541    2533
*   2533  3880.233890537
GRID*               2534                  4026.576858624 -1144.738786976    2534
*   2534  3842.579904691
GRID*               2535                  4008.804523338 -1147.328936357    2535
*   2535  3784.250564486
GRID*               2536                  3994.502955867 -1154.352131137    2536
*   2536  3744.671125411
GRID*               2537                  4004.352000272 -1143.501769817    2537
*   2537  3763.177123118
GRID*               2538                  3999.599642934 -1142.354702450    2538
*   2538  3744.933243786
GRID*               2539                  4010.326595803 -1126.999856889    2539
*   2539  3760.515580130
GRID*               2540                  4005.768254039 -1125.164905105    2540
*   2540  3741.960982992
GRID*               2541                  3994.781616211 -1124.671875000    2541
*   2541  3702.792187617
GRID*               2542                  4008.410230467 -1104.671875000    2542
*   2542  3722.720092773
GRID*               2543                  4000.943406999 -1121.945488101    2543
*   2543  3720.522610851
GRID*               2544                  3995.462799108 -1135.967390003    2544
*   2544  3721.285182066
GRID*               2545                  3994.962636335 -1144.903874739    2545
*   2545  3732.452134339
GRID*               2546                  3990.683760887 -1146.993356658    2546
*   2546  3720.581339783
GRID*               2547                  3984.500757508 -1163.433021456    2547
*   2547  3723.388920564
GRID*               2548                  3979.611802821 -1162.357955996    2548
*   2548  3704.809839284
GRID*               2549                  3974.841837932 -1184.731720413    2549
*   2549  3722.404249504
GRID*               2550                  3965.796646495 -1204.671875000    2550
*   2550  3722.720092773
GRID*               2551                  3960.817100191 -1202.091460999    2551
*   2551  3701.490107405
GRID*               2552                  4153.320735698  -742.496771358    2552
*   2552  4232.720092773
GRID*               2553                  3956.564574664 -1224.150344957    2553
*   2553  3722.958565071
GRID*               2554                  3946.668095907 -1244.189746162    2554
*   2554  3723.346207831
GRID*               2555                  3941.268942780 -1242.130499021    2555
*   2555  3701.499790752
GRID*               2556                  3924.119260466 -1285.121486500    2556
*   2556  3722.064395825
GRID*               2557                  3920.348513047 -1282.446778840    2557
*   2557  3704.436304977
GRID*               2558                  3935.589908804 -1264.865099699    2558
*   2558  3722.655114467
GRID*               2559                  3947.070336164 -1053.479009095    2559
*   2559  3583.330253818
GRID*               2560                  3916.811450272 -1302.544932751    2560
*   2560  3731.996744784
GRID*               2561                  3912.369454025 -1303.305216457    2561
*   2561  3718.934700811
GRID*               2562                  3883.532488882 -1346.264271299    2562
*   2562  3719.707819859
GRID*               2563                  3881.058659534 -1342.462424461    2563
*   2563  3702.901019886
GRID*               2564                  3875.672419233 -1357.446962626    2564
*   2564  3722.556530421
GRID*               2565                  3867.732395232 -1366.771944172    2565
*   2565  3722.399243107
GRID*               2566                  4100.713683570  -765.206782248    2566
*   2566  3986.420845634
GRID*               2567                  4102.975835717  -782.325835661    2567
*   2567  3985.375856151
GRID*               2568                  4104.912714493  -802.019530644    2568
*   2568  3984.917602435
GRID*               2569                  4106.079659699  -821.976514769    2569
*   2569  3984.260690037
GRID*               2570                  4106.604132580  -842.549649578    2570
*   2570  3983.485078623
GRID*               2571                  4106.585034095  -864.508814663    2571
*   2571  3982.812007619
GRID*               2572                  4106.217947427  -884.671875000    2572
*   2572  3982.720092773
GRID*               2573                  4105.479550743  -904.671875000    2573
*   2573  3982.720092773
GRID*               2574                  4104.388063573  -924.671875000    2574
*   2574  3982.720092773
GRID*               2575                  4102.888530496  -944.453910474    2575
*   2575  3982.307172940
GRID*               2576                  4100.310985855  -964.795778308    2576
*   2576  3979.020484325
GRID*               2577                  4095.766409554  -978.279823182    2577
*   2577  3966.475313401
GRID*               2578                  4094.881883667  -987.280380648    2578
*   2578  3966.700741291
GRID*               2579                  4094.295921119 -1004.806626134    2579
*   2579  3972.061660749
GRID*               2580                  4094.635753837 -1025.216128995    2580
*   2580  3983.046072052
GRID*               2581                  4090.443091509 -1024.253943425    2581
*   2581  3966.487064929
GRID*               2582                  4087.251012762 -1044.198264141    2582
*   2582  3964.545614286
GRID*               2583                  4091.496754065 -1042.448462581    2583
*   2583  3979.843847115
GRID*               2584                  4089.294640629 -1062.543798636    2584
*   2584  3982.446881145
GRID*               2585                  4084.078234507 -1064.283141080    2585
*   2585  3963.568828859
GRID*               2586                  4081.273310580 -1082.234104185    2586
*   2586  3963.470120159
GRID*               2587                  4085.563749043 -1084.195934056    2587
*   2587  3980.942829211
GRID*               2588                  4090.517898076 -1084.536210501    2588
*   2588  3999.955721457
GRID*               2589                  4094.261630932 -1083.289565962    2589
*   2589  4013.424055391
GRID*               2590                  4094.856107871 -1095.795396021    2590
*   2590  4023.288113168
GRID*               2591                  4107.020007844 -1084.671875000    2591
*   2591  4062.720092773
GRID*               2592                  4101.532337106 -1085.334785915    2592
*   2592  4042.264361742
GRID*               2593                  4103.965711210 -1101.858112318    2593
*   2593  4061.577614344
GRID*               2594                  4108.935859535 -1102.052644197    2594
*   2594  4080.534747182
GRID*               2595                  4114.741773106 -1084.305526234    2595
*   2595  4091.856146123
GRID*               2596                  4111.719261427 -1082.154906246    2596
*   2596  4079.101208505
GRID*               2597                  4113.987257641 -1102.460766672    2597
*   2597  4099.936037209
GRID*               2598                  4119.501736966 -1103.391726208    2598
*   2598  4121.418574413
GRID*               2599                  4128.620013943 -1083.202567433    2599
*   2599  4144.008034981
GRID*               2600                  4122.781871784 -1084.601945862    2600
*   2600  4122.606274488
GRID*               2601                  4124.578916577 -1103.642907127    2601
*   2601  4140.827108955
GRID*               2602                  4129.813949487 -1102.319077629    2602
*   2602  4159.878508049
GRID*               2603                  4135.255122215 -1086.719070341    2603
*   2603  4171.291859320
GRID*               2604                  4134.493027536 -1104.542213734    2604
*   2604  4178.986599407
GRID*               2605                  4132.337708148 -1086.421690445    2605
*   2605  4160.018474528
GRID*               2606                  4138.788807153 -1086.578950080    2606
*   2606  4184.659255493
GRID*               2607                  4139.866268220 -1104.972541668    2607
*   2607  4199.638606153
GRID*               2608                  4149.423402077 -1083.313348874    2608
*   2608  4223.297493563
GRID*               2609                  4143.819669048 -1084.671875000    2609
*   2609  4202.720092773
GRID*               2610                  4144.894017027 -1106.531016179    2610
*   2610  4219.665751053
GRID*               2611                  4150.515992397 -1104.764765947    2611
*   2611  4239.944694000
GRID*               2612                  4164.109160349 -1122.451761565    2612
*   2612  4302.311562798
GRID*               2613                  4166.778129004 -1105.254784499    2613
*   2613  4302.021839718
GRID*               2614                  4170.269897299 -1084.006645359    2614
*   2614  4303.169607289
GRID*               2615                  4164.811806732 -1084.671875000    2615
*   2615  4282.720092773
GRID*               2616                  4161.197761449 -1106.472011952    2616
*   2616  4281.539063851
GRID*               2617                  4159.466577498 -1087.500968136    2617
*   2617  4263.932136022
GRID*               2618                  4157.170055383 -1103.417208745    2618
*   2618  4264.418115120
GRID*               2619                  4154.666373639 -1102.595488264    2619
*   2619  4254.416329789
GRID*               2620                  4154.693036474 -1116.410306212    2620
*   2620  4262.878642571
GRID*               2621                  4155.389708024 -1082.662925916    2621
*   2621  4245.673079351
GRID*               2622                  4154.817070230 -1064.246283468    2622
*   2622  4233.483344307
GRID*               2623                  4158.002329349 -1064.626233718    2623
*   2623  4245.865638302
GRID*               2624                  4165.023906241 -1044.671875000    2624
*   2624  4262.720092773
GRID*               2625                  4159.739681668 -1047.503853153    2625
*   2625  4243.813719303
GRID*               2626                  4162.401987740 -1064.671875000    2626
*   2626  4262.720092773
GRID*               2627                  4155.427304582 -1042.222013083    2627
*   2627  4224.683546914
GRID*               2628                  4162.232845932 -1024.671875000    2628
*   2628  4242.720092773
GRID*               2629                  4157.692489515 -1024.367309464    2629
*   2629  4225.085428363
GRID*               2630                  4154.410356217 -1024.294195512    2630
*   2630  4212.406010445
GRID*               2631                  4159.052916934 -1005.625804124    2631
*   2631  4222.361055764
GRID*               2632                  4166.338167514  -984.671875000    2632
*   2632  4242.720092773
GRID*               2633                  4160.769023103  -985.841715555    2633
*   2633  4221.481071007
GRID*               2634                  4164.412472090 -1004.671875000    2634
*   2634  4242.720092773
GRID*               2635                  4162.872737332  -964.671875000    2635
*   2635  4222.720092773
GRID*               2636                  4158.296230194  -967.678322968    2636
*   2636  4205.771143575
GRID*               2637                  4154.848837477  -983.323810827    2637
*   2637  4197.575912897
GRID*               2638                  4155.414539222  -996.578844357    2638
*   2638  4204.693404332
GRID*               2639                  4155.018856567  -964.512982215    2639
*   2639  4191.997874522
GRID*               2640                  4152.005818684  -962.390246526    2640
*   2640  4179.583524838
GRID*               2641                  4150.970006776  -981.843904873    2641
*   2641  4181.974045514
GRID*               2642                  4145.626818246  -985.259229063    2642
*   2642  4162.455606124
GRID*               2643                  4149.958151826 -1002.516766615    2643
*   2643  4185.917281727
GRID*               2644                  4143.730779987 -1004.671875000    2644
*   2644  4162.720092773
GRID*               2645                  4138.471461219 -1006.015442143    2645
*   2645  4142.961371790
GRID*               2646                  4140.824591201 -1025.665801894    2646
*   2646  4160.720010564
GRID*               2647                  4146.658519005 -1024.671875000    2647
*   2647  4182.720092773
GRID*               2648                  4144.178838161 -1044.671875000    2648
*   2648  4182.720092773
GRID*               2649                  4138.713322486 -1046.065309666    2649
*   2649  4162.462649846
GRID*               2650                  4149.690343947 -1043.296166149    2650
*   2650  4203.184813183
GRID*               2651                  4146.711729524 -1064.671875000    2651
*   2651  4202.720092773
GRID*               2652                  4140.800111025 -1065.563927241    2652
*   2652  4180.608930180
GRID*               2653                  4151.514311842 -1061.972329716    2653
*   2653  4219.655789040
GRID*               2654                  4151.344854995 -1022.498184796    2654
*   2654  4199.790026310
GRID*               2655                  4135.235620450 -1036.130796720    2655
*   2655  4144.203156928
GRID*               2656                  4134.986851756 -1023.336318561    2656
*   2656  4137.180770825
GRID*               2657                  4131.150475386 -1023.327242452    2657
*   2657  4122.415540013
GRID*               2658                  4133.626538985 -1047.489291359    2658
*   2658  4143.693374331
GRID*               2659                  4129.612659355 -1042.546850654    2659
*   2659  4125.810031242
GRID*               2660                  4123.393789673 -1044.070277379    2660
*   2660  4102.753737533
GRID*               2661                  4125.767178507 -1064.671875000    2661
*   2661  4122.720092773
GRID*               2662                  4120.187006505 -1066.034549673    2662
*   2662  4102.175063890
GRID*               2663                  4118.449118279 -1046.987383565    2663
*   2663  4085.323837519
GRID*               2664                  4115.381591803 -1065.341950126    2664
*   2664  4083.461020415
GRID*               2665                  4115.066157769 -1046.435304659    2665
*   2665  4072.090731560
GRID*               2666                  4112.212805219 -1045.583754079    2666
*   2666  4060.728829252
GRID*               2667                  4110.363258226 -1062.667882228    2667
*   2667  4062.837703896
GRID*               2668                  4108.104620443 -1044.346414526    2668
*   2668  4044.364473858
GRID*               2669                  4104.795395884 -1064.671875000    2669
*   2669  4042.720092773
GRID*               2670                  4102.402181774 -1044.671875000    2670
*   2670  4022.720092773
GRID*               2671                  4099.261135305 -1066.689489528    2671
*   2671  4022.766648016
GRID*               2672                  4105.043253417 -1024.671875000    2672
*   2672  4022.720092773
GRID*               2673                  4099.438959342 -1026.754443628    2673
*   2673  4002.232353873
GRID*               2674                  4097.654848431 -1046.895128234    2674
*   2674  4005.746162559
GRID*               2675                  4094.468230195 -1044.496361899    2675
*   2675  3992.289533098
GRID*               2676                  4107.459995994 -1004.671875000    2676
*   2676  4022.720092773
GRID*               2677                  4102.270557246 -1004.671875000    2677
*   2677  4002.720092773
GRID*               2678                  4104.498954803  -983.978826035    2678
*   2678  4002.547872353
GRID*               2679                  4099.051975663  -985.213607202    2679
*   2679  3981.972416184
GRID*               2680                  4097.639918589 -1006.600612537    2680
*   2680  3985.753420806
GRID*               2681                  4111.404332669  -961.761580072    2681
*   2681  4021.096216633
GRID*               2682                  4106.393807052  -964.556725880    2682
*   2682  4002.576653392
GRID*               2683                  4110.033788118  -982.593229149    2683
*   2683  4023.427855601
GRID*               2684                  4112.473392118  -942.314866756    2684
*   2684  4019.131345699
GRID*               2685                  4108.082324522  -944.491059852    2685
*   2685  4002.606555365
GRID*               2686                  4115.386167937  -924.482679737    2686
*   2686  4025.881884174
GRID*               2687                  4109.654028774  -923.998233475    2687
*   2687  4003.239859304
GRID*               2688                  4114.901013156  -904.502823207    2688
*   2688  4019.924664554
GRID*               2689                  4110.509532521  -903.193729470    2689
*   2689  4002.337408640
GRID*               2690                  4120.559327103  -905.002763489    2690
*   2690  4042.388416067
GRID*               2691                  4119.660252634  -926.774577265    2691
*   2691  4043.219955775
GRID*               2692                  4124.733874791  -924.640136145    2692
*   2692  4062.680075543
GRID*               2693                  4123.458906498  -944.865751933    2693
*   2693  4062.834636673
GRID*               2694                  4118.536154087  -947.594645050    2694
*   2694  4044.380645758
GRID*               2695                  4115.481784415  -945.234851335    2695
*   2695  4031.745101517
GRID*               2696                  4114.534609962  -964.644176474    2696
*   2696  4034.266396946
GRID*               2697                  4117.466912836  -966.581514709    2697
*   2697  4046.344420468
GRID*               2698                  4121.844004267  -964.671875000    2698
*   2698  4062.720092773
GRID*               2699                  4119.705540580  -986.058149881    2699
*   2699  4062.248556578
GRID*               2700                  4114.898614863  -984.497677218    2700
*   2700  4043.017884891
GRID*               2701                  4115.376063940 -1004.512822139    2701
*   2701  4053.173471244
GRID*               2702                  4112.090316082 -1002.664297458    2702
*   2702  4039.693019797
GRID*               2703                  4118.315116769 -1006.800632052    2703
*   2703  4065.510656343
GRID*               2704                  4115.601602877 -1021.865227390    2704
*   2704  4061.936224972
GRID*               2705                  4123.016555657 -1004.671875000    2705
*   2705  4082.720092773
GRID*               2706                  4119.618694384 -1026.868945161    2706
*   2706  4079.755578671
GRID*               2707                  4128.747451293 -1003.596989161    2707
*   2707  4104.383411492
GRID*               2708                  4125.813077571 -1025.286127851    2708
*   2708  4102.806496163
GRID*               2709                  4134.413230221  -992.375522366    2709
*   2709  4121.695175213
GRID*               2710                  4130.591496633  -984.205410787    2710
*   2710  4103.724080880
GRID*               2711                  4131.602271942  -962.330875885    2711
*   2711  4099.956429300
GRID*               2712                  4126.980729749  -964.671875000    2712
*   2712  4082.720092773
GRID*               2713                  4125.128085179  -984.671875000    2713
*   2713  4082.720092773
GRID*               2714                  4128.666141599  -944.343356743    2714
*   2714  4083.066690722
GRID*               2715                  4129.841385137  -923.314481594    2715
*   2715  4082.495043839
GRID*               2716                  4134.802825865  -944.730529791    2716
*   2716  4107.203392152
GRID*               2717                  4139.821521038  -925.349434072    2717
*   2717  4122.238329728
GRID*               2718                  4134.247693911  -924.791769112    2718
*   2718  4100.164052995
GRID*               2719                  4138.836213937  -946.911546371    2719
*   2719  4123.597015654
GRID*               2720                  4143.870664371  -944.671875000    2720
*   2720  4142.720092773
GRID*               2721                  4142.377099382  -964.671875000    2721
*   2721  4142.720092773
GRID*               2722                  4137.789624551  -966.718887235    2722
*   2722  4125.503069978
GRID*               2723                  4150.202061251  -924.419891472    2723
*   2723  4162.980214067
GRID*               2724                  4145.067789308  -924.693807586    2724
*   2724  4142.782735153
GRID*               2725                  4149.551692063  -943.652601715    2725
*   2725  4164.736916306
GRID*               2726                  4154.866125471  -921.874493065    2726
*   2726  4180.920372556
GRID*               2727                  4154.770548074  -934.783198777    2727
*   2727  4183.133620810
GRID*               2728                  4154.487893529  -947.407547377    2728
*   2728  4185.064398177
GRID*               2729                  4159.607087745  -925.822777376    2729
*   2729  4200.367296832
GRID*               2730                  4158.888335459  -945.569718186    2730
*   2730  4201.860306812
GRID*               2731                  4165.260654645  -925.277141527    2731
*   2731  4222.597493458
GRID*               2732                  4164.256753720  -944.671875000    2732
*   2732  4222.720092773
GRID*               2733                  4170.484117002  -923.977504792    2733
*   2733  4243.022902905
GRID*               2734                  4169.995022645  -944.205662023    2734
*   2734  4245.158993037
GRID*               2735                  4174.414543676  -947.503221753    2735
*   2735  4263.306749304
GRID*               2736                  4172.329222970  -962.675068059    2736
*   2736  4259.107405731
GRID*               2737                  4167.991026222  -964.602809408    2737
*   2737  4242.701163520
GRID*               2738                  4175.158812587  -965.219785007    2738
*   2738  4270.906056413
GRID*               2739                  4174.488998630  -984.675684147    2739
*   2739  4274.432535086
GRID*               2740                  4171.287781790  -981.750133257    2740
*   2740  4260.979554277
GRID*               2741                  4174.908278538 -1004.475706548    2741
*   2741  4283.292426475
GRID*               2742                  4169.960590327 -1002.938715263    2742
*   2742  4263.524788660
GRID*               2743                  4175.316032490 -1024.445097312    2743
*   2743  4293.077106203
GRID*               2744                  4172.103298926 -1022.689949069    2744
*   2744  4279.921346674
GRID*               2745                  4170.574446984 -1043.792587257    2745
*   2745  4283.621518587
GRID*               2746                  4174.197876106 -1052.549254853    2746
*   2746  4301.772208238
GRID*               2747                  4172.107813226 -1065.228251341    2747
*   2747  4300.152919515
GRID*               2748                  4168.101610295 -1064.345893778    2748
*   2748  4284.361617249
GRID*               2749                  4175.037637829 -1063.783199336    2749
*   2749  4310.627275763
GRID*               2750                  4175.597491909 -1041.872267570    2750
*   2750  4302.022388986
GRID*               2751                  4178.315531558 -1026.472943537    2751
*   2751  4305.529444491
GRID*               2752                  4187.460348070  -964.902279276    2752
*   2752  4318.955499665
GRID*               2753                  4189.197647189  -945.003385017    2753
*   2753  4320.892010551
GRID*               2754                  4190.354896856  -925.036921801    2754
*   2754  4321.860735344
GRID*               2755                  4191.105399875  -905.290693151    2755
*   2755  4322.720803469
GRID*               2756                  4191.218881562  -887.470881908    2756
*   2756  4322.651360772
GRID*               2757                  4190.692708024  -867.407931302    2757
*   2757  4321.756458154
GRID*               2758                  4189.879969097  -845.998993730    2758
*   2758  4322.273001593
GRID*               2759                  4188.357863993  -826.019974891    2759
*   2759  4322.430986375
GRID*               2760                  4186.094891550  -806.873681062    2760
*   2760  4322.372101051
GRID*               2761                  4180.575601140  -803.156734209    2761
*   2761  4301.232003509
GRID*               2762                  4177.031079107  -806.154120911    2762
*   2762  4284.486383075
GRID*               2763                  4183.492119298  -824.671875000    2763
*   2763  4302.720092773
GRID*               2764                  4178.663934667  -821.908105758    2764
*   2764  4283.736370188
GRID*               2765                  4174.920951021  -822.695717409    2765
*   2765  4267.846706475
GRID*               2766                  4174.331810662  -836.145305675    2766
*   2766  4260.936172868
GRID*               2767                  4179.232719577  -841.743424250    2767
*   2767  4279.607933510
GRID*               2768                  4175.021628818  -847.543358141    2768
*   2768  4261.040269542
GRID*               2769                  4174.533849263  -865.287225052    2769
*   2769  4256.470440945
GRID*               2770                  4176.944878332  -862.896920618    2770
*   2770  4266.488491213
GRID*               2771                  4180.994850770  -864.671875000    2771
*   2771  4282.720092773
GRID*               2772                  4181.520266770  -884.672656485    2772
*   2772  4283.694179844
GRID*               2773                  4176.448972073  -884.680536213    2773
*   2773  4263.321383284
GRID*               2774                  4173.846417419  -884.671959878    2774
*   2774  4252.872366907
GRID*               2775                  4174.519049495  -904.043076125    2775
*   2775  4256.481940883
GRID*               2776                  4176.943506427  -906.297448856    2776
*   2776  4266.342613779
GRID*               2777                  4181.089224019  -904.671875000    2777
*   2777  4282.720092773
GRID*               2778                  4180.103127026  -925.458420123    2778
*   2778  4281.323079802
GRID*               2779                  4175.062419648  -921.950786867    2779
*   2779  4260.816432743
GRID*               2780                  4174.823786434  -935.637076355    2780
*   2780  4262.307511237
GRID*               2781                  4185.524401373  -924.699136886    2781
*   2781  4302.671132270
GRID*               2782                  4184.600590729  -944.671875000    2782
*   2782  4302.720092773
GRID*               2783                  4179.233972828  -944.878125986    2783
*   2783  4281.646333181
GRID*               2784                  4183.173650882  -963.876557516    2784
*   2784  4301.887608746
GRID*               2785                  4178.431162932  -967.596523498    2785
*   2785  4284.392822840
GRID*               2786                  4182.044746092  -984.037340176    2786
*   2786  4303.635459295
GRID*               2787                  4177.392648600  -986.482498344    2787
*   2787  4286.350365430
GRID*               2788                  4186.104112674  -904.671875000    2788
*   2788  4302.720092773
GRID*               2789                  4170.794226788  -884.739491921    2789
*   2789  4240.624120655
GRID*               2790                  4170.903122847  -902.536101162    2790
*   2790  4241.943490947
GRID*               2791                  4166.452059403  -884.670235230    2791
*   2791  4223.207242853
GRID*               2792                  4166.070980577  -904.550185893    2792
*   2792  4222.893008908
GRID*               2793                  4161.583699653  -884.671992326    2793
*   2793  4203.694064945
GRID*               2794                  4160.996202932  -904.671875000    2794
*   2794  4202.720092773
GRID*               2795                  4156.648200041  -884.653936604    2795
*   2795  4183.925445658
GRID*               2796                  4156.825146465  -906.364887782    2796
*   2796  4186.339532773
GRID*               2797                  4153.845032788  -884.631025899    2797
*   2797  4172.703386671
GRID*               2798                  4154.064377421  -903.905235096    2798
*   2798  4175.079305552
GRID*               2799                  4150.698456272  -883.256475224    2799
*   2799  4160.057939966
GRID*               2800                  4150.720240030  -902.509832195    2800
*   2800  4161.628403999
GRID*               2801                  4146.345750709  -884.613330360    2801
*   2801  4142.704562560
GRID*               2802                  4145.893250285  -904.616871710    2802
*   2802  4142.716681093
GRID*               2803                  4141.439153683  -884.793823149    2803
*   2803  4123.105188142
GRID*               2804                  4140.851360873  -904.671875000    2804
*   2804  4122.720092773
GRID*               2805                  4136.899080850  -887.417296286    2805
*   2805  4105.158038654
GRID*               2806                  4136.646883483  -906.575102609    2806
*   2806  4106.325662531
GRID*               2807                  4133.847430733  -864.735135675    2807
*   2807  4092.272623096
GRID*               2808                  4134.259493133  -884.634175362    2808
*   2808  4094.426080860
GRID*               2809                  4136.720460876  -864.677675415    2809
*   2809  4103.835977766
GRID*               2810                  4141.049842590  -844.447385989    2810
*   2810  4123.016814411
GRID*               2811                  4136.924385713  -842.709728539    2811
*   2811  4106.482640601
GRID*               2812                  4141.651837541  -864.670871298    2812
*   2812  4123.694471100
GRID*               2813                  4133.991436319  -845.437368021    2813
*   2813  4094.198048409
GRID*               2814                  4135.134591993  -827.455727417    2814
*   2814  4102.075076564
GRID*               2815                  4134.737079495  -803.941598627    2815
*   2815  4108.149220812
GRID*               2816                  4133.923632369  -816.652854606    2816
*   2816  4100.075570056
GRID*               2817                  4138.300355085  -802.530762433    2817
*   2817  4123.649289553
GRID*               2818                  4138.962996692  -822.119172672    2818
*   2818  4119.219160023
GRID*               2819                  4143.093450429  -804.671875000    2819
*   2819  4142.720092773
GRID*               2820                  4144.844075729  -824.671875000    2820
*   2820  4142.720092773
GRID*               2821                  4149.893281112  -825.463272640    2821
*   2821  4163.299807827
GRID*               2822                  4150.837080815  -846.747715623    2822
*   2822  4162.508311638
GRID*               2823                  4145.899309821  -844.671875000    2823
*   2823  4142.720092773
GRID*               2824                  4154.988986067  -844.842193908    2824
*   2824  4179.732975304
GRID*               2825                  4154.425252279  -864.808095138    2825
*   2825  4175.199179489
GRID*               2826                  4151.319423473  -866.502900503    2826
*   2826  4162.585057599
GRID*               2827                  4157.157126683  -862.698274146    2827
*   2827  4186.372912734
GRID*               2828                  4160.493264650  -844.266376181    2828
*   2828  4202.302231250
GRID*               2829                  4161.236341396  -864.671875000    2829
*   2829  4202.720092773
GRID*               2830                  4165.629876379  -844.669261269    2830
*   2830  4223.213900602
GRID*               2831                  4166.182477466  -864.671875000    2831
*   2831  4222.720092773
GRID*               2832                  4170.590001279  -844.211783128    2832
*   2832  4243.597860342
GRID*               2833                  4170.957548885  -866.681286148    2833
*   2833  4241.875494263
GRID*               2834                  4169.438263371  -825.342813643    2834
*   2834  4244.113165358
GRID*               2835                  4164.216903781  -824.671875000    2835
*   2835  4222.720092773
GRID*               2836                  4162.033611118  -804.264394476    2836
*   2836  4222.323411788
GRID*               2837                  4157.898726078  -804.839425545    2837
*   2837  4204.654241932
GRID*               2838                  4159.365711453  -822.511563357    2838
*   2838  4203.372027206
GRID*               2839                  4155.037891985  -805.107635756    2839
*   2839  4192.518565607
GRID*               2840                  4155.258764669  -824.824419723    2840
*   2840  4185.631392917
GRID*               2841                  4152.216645018  -807.089763353    2841
*   2841  4179.768182393
GRID*               2842                  4150.374785743  -787.561371172    2842
*   2842  4182.884382003
GRID*               2843                  4145.636280755  -786.842273739    2843
*   2843  4163.189153587
GRID*               2844                  4147.875455029  -804.671875000    2844
*   2844  4162.720092773
GRID*               2845                  4139.686517237  -783.761426371    2845
*   2845  4139.899340029
GRID*               2846                  4134.700246637  -778.196638771    2846
*   2846  4122.466504096
GRID*               2847                  4136.495653597  -787.233381320    2847
*   2847  4124.130484304
GRID*               2848                  4134.168674653  -786.964625158    2848
*   2848  4114.434925260
GRID*               2849                  4131.036570489  -786.672472591    2849
*   2849  4101.349731733
GRID*               2850                  4126.353967132  -784.671875000    2850
*   2850  4082.720092773
GRID*               2851                  4121.054630607  -783.050821995    2851
*   2851  4061.254784973
GRID*               2852                  4117.256561967  -785.434456014    2852
*   2852  4043.852371695
GRID*               2853                  4123.897200870  -804.671875000    2853
*   2853  4062.720092773
GRID*               2854                  4118.912891875  -803.535953843    2854
*   2854  4042.443960929
GRID*               2855                  4115.343250154  -812.691341789    2855
*   2855  4024.602204210
GRID*               2856                  4120.245914701  -824.117592063    2856
*   2856  4041.799282393
GRID*               2857                  4114.674597955  -826.539895251    2857
*   2857  4018.492283686
GRID*               2858                  4114.172726798  -844.881355037    2858
*   2858  4013.916533394
GRID*               2859                  4117.195048524  -842.334618662    2859
*   2859  4026.400692449
GRID*               2860                  4121.280317439  -844.671875000    2860
*   2860  4042.720092773
GRID*               2861                  4121.762002877  -864.665862872    2861
*   2861  4043.694717399
GRID*               2862                  4116.814491225  -864.699447473    2862
*   2862  4023.833940600
GRID*               2863                  4113.907775095  -864.479039306    2863
*   2863  4012.169531274
GRID*               2864                  4114.360812576  -884.432436459    2864
*   2864  4015.092866212
GRID*               2865                  4117.127420488  -886.603334985    2865
*   2865  4026.318872928
GRID*               2866                  4110.936141800  -864.696828061    2866
*   2866  4000.255792037
GRID*               2867                  4111.030218544  -882.510044691    2867
*   2867  4001.649347920
GRID*               2868                  4126.619026610  -864.671306697    2868
*   2868  4063.207219070
GRID*               2869                  4126.306122312  -884.424946737    2869
*   2869  4062.682879911
GRID*               2870                  4121.292359549  -884.671875000    2870
*   2870  4042.720092773
GRID*               2871                  4131.188435855  -883.164144765    2871
*   2871  4082.068725971
GRID*               2872                  4130.615816487  -902.530312823    2872
*   2872  4081.834669722
GRID*               2873                  4125.682153429  -904.444175655    2873
*   2873  4062.574201913
GRID*               2874                  4130.942874103  -846.667861598    2874
*   2874  4081.684603284
GRID*               2875                  4126.241709071  -844.791549260    2875
*   2875  4062.822463704
GRID*               2876                  4130.897277471  -864.569866102    2876
*   2876  4080.408383895
GRID*               2877                  4130.735524282  -826.934319365    2877
*   2877  4084.154373110
GRID*               2878                  4125.380267243  -824.671875000    2878
*   2878  4062.720092773
GRID*               2879                  4111.274115293  -846.076516145    2879
*   2879  4002.097898778
GRID*               2880                  4110.864580161  -826.785464859    2880
*   2880  4002.881652903
GRID*               2881                  4114.235147114  -801.900780836    2881
*   2881  4023.632323613
GRID*               2882                  4110.458489149  -806.800374624    2882
*   2882  4006.258676321
GRID*               2883                  4111.682990082  -786.845833066    2883
*   2883  4019.642429452
GRID*               2884                  4107.390777936  -784.671875000    2884
*   2884  4002.720092773
GRID*               2885                  4109.569209896  -767.543242709    2885
*   2885  4022.633580609
GRID*               2886                  4104.707473769  -766.071876665    2886
*   2886  4002.889278723
GRID*               2887                  4114.875216099  -772.739573299    2887
*   2887  4041.608788971
GRID*               2888                  4114.700048904  -786.163029645    2888
*   2888  4032.688647836
GRID*               2889                  4128.980049974  -805.234710723    2889
*   2889  4083.635416686
GRID*               2890                  4159.748155348  -785.527569687    2890
*   2890  4224.362148376
GRID*               2891                  4164.268052654  -786.810033641    2891
*   2891  4242.784136746
GRID*               2892                  4169.046019977  -787.552896685    2892
*   2892  4262.723506719
GRID*               2893                  4174.428738576  -793.872291295    2893
*   2893  4281.157888811
GRID*               2894                  4174.461090821  -806.418342432    2894
*   2894  4273.500144281
GRID*               2895                  4171.477245211  -807.330744347    2895
*   2895  4260.444035075
GRID*               2896                  4166.931106102  -804.671875000    2896
*   2896  4242.720092773
GRID*               2897                  4155.604026088  -789.064163559    2897
*   2897  4204.153864315
GRID*               2898                  4146.614179474  -864.691089393    2898
*   2898  4143.692741217
GRID*               2899                  4133.849255202  -904.418384130    2899
*   2899  4094.922668461
GRID*               2900                  4186.726805023  -885.446564930    2900
*   2900  4304.615578408
GRID*               2901                  4185.978077830  -864.909646510    2901
*   2901  4302.913526560
GRID*               2902                  4184.989222045  -844.821246533    2902
*   2902  4302.483039946
GRID*               2903                  4179.699733567 -1006.079663228    2903
*   2903  4302.480850789
GRID*               2904                  4167.420399288 -1024.671875000    2904
*   2904  4262.720092773
GRID*               2905                  4147.504564003  -964.671875000    2905
*   2905  4162.720092773
GRID*               2906                  4134.781616211  -964.671875000    2906
*   2906  4113.110175042
GRID*               2907                  4134.675686698 -1006.007444795    2907
*   2907  4128.298952065
GRID*               2908                  4114.173815524 -1032.680126913    2908
*   2908  4061.686730077
GRID*               2909                  4110.468419391 -1024.719266328    2909
*   2909  4043.575251723
GRID*               2910                  4130.734055489 -1063.388085146    2910
*   2910  4140.986039804
GRID*               2911                  4134.175339560 -1063.422297448    2911
*   2911  4154.148608594
GRID*               2912                  4139.797747375  -986.427271777    2912
*   2912  4140.270680842
GRID*               2913                  4135.543263484  -981.854192811    2913
*   2913  4122.057118746
GRID*               2914                  4154.004672031 -1007.501772792    2914
*   2914  4203.604395511
GRID*               2915                  4134.803050219 -1074.688860121    2915
*   2915  4162.726732261
GRID*               2916                  4136.965963049 -1063.263617872    2916
*   2916  4164.724340602
GRID*               2917                  4117.838259595 -1085.955139501    2917
*   2917  4104.599131273
GRID*               2918                  4097.168151495 -1083.429220555    2918
*   2918  4024.548153232
GRID*               2919                  4094.299433859 -1064.671875000    2919
*   2919  4002.720092773
GRID*               2920                  3796.317499107 -1364.600446001    2920
*   2920  3604.731045972
GRID*               2921                  3817.230904745 -1364.777700440    2921
*   2921  3630.853741618
GRID*               2922                  3817.987496941 -1374.957752870    2922
*   2922  3645.792072070
GRID*               2923                  3807.305046955 -1365.643476603    2923
*   2923  3619.687991408
GRID*               2924                  3816.792057966 -1382.715110763    2924
*   2924  3655.785289545
GRID*               2925                  3823.196356367 -1383.905776409    2925
*   2925  3665.160719608
GRID*               2926                  3833.706274782 -1374.053996307    2926
*   2926  3663.827485871
GRID*               2927                  3835.706718717 -1363.489443933    2927
*   2927  3652.500634545
GRID*               2928                  3845.128122101 -1362.910262475    2928
*   2928  3663.824386338
GRID*               2929                  3854.122274412 -1352.158194032    2929
*   2929  3662.712516047
GRID*               2930                  3852.135500410 -1345.808076713    2930
*   2930  3652.883443858
GRID*               2931                  3863.272876647 -1343.885767470    2931
*   2931  3665.588034286
GRID*               2932                  3871.888573668 -1327.201847418    2932
*   2932  3659.732230285
GRID*               2933                  3888.385443229 -1307.032813142    2933
*   2933  3663.000509132
GRID*               2934                  3892.691763297 -1286.784086112    2934
*   2934  3650.799256861
GRID*               2935                  3893.876339216 -1295.699841290    2935
*   2935  3660.364650591
GRID*               2936                  3886.296232088 -1284.152456218    2936
*   2936  3639.444504556
GRID*               2937                  3874.510714300 -1305.342941025    2937
*   2937  3642.081520435
GRID*               2938                  3871.565398992 -1286.602480093    2938
*   2938  3620.807812693
GRID*               2939                  3863.181775668 -1302.599912626    2939
*   2939  3623.737022785
GRID*               2940                  3870.319362937 -1266.215613322    2940
*   2940  3601.295056960
GRID*               2941                  3862.475626934 -1282.726874309    2941
*   2941  3604.541581372
GRID*               2942                  3873.851920458 -1247.217100960    2942
*   2942  3590.586487945
GRID*               2943                  3882.920198339 -1242.814189831    2943
*   2943  3600.109921579
GRID*               2944                  3894.126793070 -1242.168781016    2944
*   2944  3615.787308938
GRID*               2945                  3894.081567326 -1207.303103513    2945
*   2945  3589.069253079
GRID*               2946                  3894.781616211 -1224.114624375    2946
*   2946  3602.720092773
GRID*               2947                  3934.718858059 -1123.243912956    2947
*   2947  3591.971131113
GRID*               2948                  3947.556004214 -1105.393926206    2948
*   2948  3600.174684951
GRID*               2949                  3937.680138546 -1106.610204035    2949
*   2949  3586.016967252
GRID*               2950                  3942.944337670 -1124.718673843    2950
*   2950  3605.270957179
GRID*               2951                  3955.737094387 -1106.125089773    2951
*   2951  3612.981224994
GRID*               2952                  3955.251459203 -1092.157398924    2952
*   2952  3603.770124365
GRID*               2953                  3955.161054980 -1081.913492610    2953
*   2953  3597.515304504
GRID*               2954                  3960.066848618 -1082.705663793    2954
*   2954  3605.432261721
GRID*               2955                  3974.882833724 -1074.727977124    2955
*   2955  3623.269021139
GRID*               2956                  3964.640400223 -1067.357684554    2956
*   2956  3603.394943287
GRID*               2957                  3968.449625312 -1086.754392526    2957
*   2957  3620.558014367
GRID*               2958                  3976.174688077 -1086.663208279    2958
*   2958  3632.233332623
GRID*               2959                  3964.936702357 -1104.399304199    2959
*   2959  3625.834473997
GRID*               2960                  3954.781616211 -1124.149000634    2960
*   2960  3622.720092773
GRID*               2961                  3965.781655774 -1124.900781989    2961
*   2961  3639.754194312
GRID*               2962                  3974.379043962 -1122.336360497    2962
*   2962  3651.114162465
GRID*               2963                  3975.056193901 -1137.054570239    2963
*   2963  3661.357725741
GRID*               2964                  3980.731855506 -1122.123499567    2964
*   2964  3660.564912451
GRID*               2965                  3986.836964343 -1105.344162534    2965
*   2965  3659.551801066
GRID*               2966                  3992.638441818 -1090.906305450    2966
*   2966  3659.746286702
GRID*               2967                  3995.627360262 -1082.083797744    2967
*   2967  3659.123348441
GRID*               2968                  3985.669650878 -1085.552804000    2968
*   2968  3646.005748990
GRID*               2969                  3970.720091189 -1146.837224433    2969
*   2969  3661.089714644
GRID*               2970                  3963.662344234 -1164.511012441    2970
*   2970  3662.068603320
GRID*               2971                  3956.206691052 -1165.394121376    2971
*   2971  3651.531453128
GRID*               2972                  3953.898311553 -1182.130965840    2972
*   2972  3659.396722029
GRID*               2973                  3943.954983402 -1203.238747528    2973
*   2973  3659.416442626
GRID*               2974                  3934.448429964 -1207.438299172    2974
*   2974  3648.423795985
GRID*               2975                  3934.203199140 -1222.809608248    2975
*   2975  3659.302550610
GRID*               2976                  3923.778009004 -1242.998518329    2976
*   2976  3659.399674371
GRID*               2977                  3913.728673714 -1262.843561800    2977
*   2977  3660.629907803
GRID*               2978                  3902.611005663 -1281.873003022    2978
*   2978  3660.614881451
GRID*               2979                  3934.729858919 -1197.585881368    2979
*   2979  3641.790152537
GRID*               2980                  3929.558338859 -1206.697395590    2980
*   2980  3640.695355806
GRID*               2981                  3935.206143093 -1183.966674184    2981
*   2981  3632.940131395
GRID*               2982                  3926.989837492 -1183.054587583    2982
*   2982  3620.138694880
GRID*               2983                  3920.671327695 -1202.636644414    2983
*   2983  3624.690121440
GRID*               2984                  3933.666781005 -1162.206114191    2984
*   2984  3615.805187460
GRID*               2985                  3914.770523480 -1183.219012261    2985
*   2985  3602.174495765
GRID*               2986                  3924.352948417 -1167.042654404    2986
*   2986  3605.213460630
GRID*               2987                  3915.991877706 -1165.742098311    2987
*   2987  3591.902918499
GRID*               2988                  3915.212247679 -1201.941506215    2988
*   2988  3616.158266683
GRID*               2989                  3904.526181428 -1204.777786321    2989
*   2989  3602.523141507
GRID*               2990                  3939.640500335 -1164.110634463    2990
*   2990  3625.981603900
GRID*               2991                  3930.601912194 -1145.833601418    2991
*   2991  3600.366106415
GRID*               2992                  3948.682416229 -1166.862675988    2992
*   2992  3641.297314070
GRID*               2993                  3943.968823138 -1183.737312664    2993
*   2993  3645.767885618
GRID*               2994                  3914.516621184 -1247.135695418    2994
*   2994  3649.204346782
GRID*               2995                  3914.429551415 -1237.560475798    2995
*   2995  3641.616506714
GRID*               2996                  3924.200382700 -1223.676442680    2996
*   2996  3645.313586302
GRID*               2997                  3914.878499531 -1224.945771474    2997
*   2997  3632.649342596
GRID*               2998                  3914.570411924 -1212.365079591    2998
*   2998  3622.824881802
GRID*               2999                  3905.639264744 -1225.352642011    2999
*   2999  3619.480736420
GRID*               3000                  3909.571404295 -1246.899819421    3000
*   3000  3641.862467564
GRID*               3001                  3899.973338004 -1244.348714564    3001
*   3001  3625.965336402
GRID*               3002                  3954.989313525 -1154.478248108    3002
*   3002  3642.497864915
GRID*               3003                  3953.548219408 -1142.731405167    3003
*   3003  3632.698109751
GRID*               3004                  3961.716700772 -1142.617355657    3004
*   3004  3644.873129875
GRID*               3005                  3943.945316977 -1144.980532248    3005
*   3005  3619.770572096
GRID*               3006                  3975.593054913 -1104.776022757    3006
*   3006  3642.185553660
GRID*               3007                  3955.745402136 -1067.554169235    3007
*   3007  3589.966601101
GRID*               3008                  3945.801165242 -1086.430904701    3008
*   3008  3586.011958309
GRID*               3009                  3855.858493870 -1282.199453746    3009
*   3009  3594.749793704
GRID*               3010                  3854.761353045 -1293.250261127    3010
*   3010  3603.270142541
GRID*               3011                  3846.287317172 -1302.079893126    3011
*   3011  3599.794813660
GRID*               3012                  3856.042530405 -1302.280167909    3012
*   3012  3613.513384344
GRID*               3013                  3834.490435246 -1327.186755503    3013
*   3013  3608.980623261
GRID*               3014                  3854.792496690 -1314.241536232    3014
*   3014  3623.360731797
GRID*               3015                  3833.624605914 -1319.109153182    3015
*   3015  3599.347112981
GRID*               3016                  3845.209873488 -1323.288027619    3016
*   3016  3619.395019089
GRID*               3017                  3853.759256671 -1324.849451608    3017
*   3017  3632.622811320
GRID*               3018                  3854.303013303 -1333.551445687    3018
*   3018  3642.433546626
GRID*               3019                  3864.170644920 -1322.873940864    3019
*   3019  3644.819881815
GRID*               3020                  3836.104508164 -1337.174955628    3020
*   3020  3621.973655585
GRID*               3021                  3829.182195507 -1325.785265395    3021
*   3021  3600.341902558
GRID*               3022                  3828.515966408 -1343.792454469    3022
*   3022  3619.414848246
GRID*               3023                  3815.290733179 -1345.646741496    3023
*   3023  3604.313192792
GRID*               3024                  3816.510836328 -1358.788344372    3024
*   3024  3622.128868587
GRID*               3025                  3887.197728452 -1264.163554526    3025
*   3025  3623.665185761
GRID*               3026                  3896.283571039 -1262.336222404    3026
*   3026  3635.164740780
GRID*               3027                  3902.749865272 -1263.465732616    3027
*   3027  3645.369290019
GRID*               3028                  3894.519347614 -1273.845519168    3028
*   3028  3642.254577085
GRID*               3029                  3825.195421521 -1365.378850385    3029
*   3029  3641.630916159
GRID*               3030                  3844.749316848 -1345.076440994    3030
*   3030  3642.278306820
GRID*               3031                  3835.399703962 -1345.490525818    3031
*   3031  3630.419479743
GRID*               3032                  3835.421754773 -1354.951914609    3032
*   3032  3641.591231267
GRID*               3033                  4075.166397269 -1066.439447217    3033
*   3033  3930.894779353
GRID*               3034                  4074.602178557 -1084.231795382    3034
*   3034  3939.369152389
GRID*               3035                  4078.201473692 -1067.171998189    3035
*   3035  3942.867492424
GRID*               3036                  4080.788891813 -1045.909212459    3036
*   3036  3940.781893491
GRID*               3037                  4083.643935788 -1024.950714694    3037
*   3037  3940.762048524
GRID*               3038                  4078.804024856 -1025.537929923    3038
*   3038  3922.507864405
GRID*               3039                  4076.830029049 -1043.402671696    3039
*   3039  3924.305923436
GRID*               3040                  4074.011458503 -1044.034356288    3040
*   3040  3913.884599583
GRID*               3041                  4074.661948902 -1054.929275761    3041
*   3041  3922.389623375
GRID*               3042                  4070.677573451 -1043.692944850    3042
*   3042  3900.970029482
GRID*               3043                  4072.274267920 -1066.309451357    3043
*   3043  3919.817247561
GRID*               3044                  4068.587908896 -1063.211078688    3044
*   3044  3903.990553488
GRID*               3045                  4062.415124587 -1064.852765837    3045
*   3045  3881.469526194
GRID*               3046                  4064.423744589 -1082.160636791    3046
*   3046  3899.493036564
GRID*               3047                  4059.406188096 -1083.316245277    3047
*   3047  3881.180884200
GRID*               3048                  4049.470845541 -1081.958168023    3048
*   3048  3842.681788414
GRID*               3049                  4034.907736229 -1073.293851146    3049
*   3049  3782.109968642
GRID*               3050                  4034.352891483 -1063.224776637    3050
*   3050  3773.870170380
GRID*               3051                  4037.089392794 -1063.413800593    3051
*   3051  3784.375542029
GRID*               3052                  4044.777423280 -1044.671875000    3052
*   3052  3802.720092773
GRID*               3053                  4039.199096665 -1046.674288638    3053
*   3053  3782.603070687
GRID*               3054                  4040.625897358 -1065.868933094    3054
*   3054  3799.280102114
GRID*               3055                  4042.400745578 -1024.671875000    3055
*   3055  3782.720092773
GRID*               3056                  4037.645098695 -1026.927223893    3056
*   3056  3765.744905450
GRID*               3057                  4034.519123704 -1024.888026692    3057
*   3057  3752.707973784
GRID*               3058                  4039.442148964 -1006.749998331    3058
*   3058  3762.189473965
GRID*               3059                  4047.497771343  -984.671875000    3059
*   3059  3782.720092773
GRID*               3060                  4042.306457327  -984.671875000    3060
*   3060  3762.720092773
GRID*               3061                  4045.078710537 -1004.688443430    3061
*   3061  3782.796623946
GRID*               3062                  4044.528806695  -964.671875000    3062
*   3062  3762.720092773
GRID*               3063                  4038.963473501  -966.643364837    3063
*   3063  3742.010493965
GRID*               3064                  4037.593150316  -986.746963224    3064
*   3064  3745.516061239
GRID*               3065                  4034.329254846  -984.810520763    3065
*   3065  3732.065082685
GRID*               3066                  4034.666179198 -1004.345083529    3066
*   3066  3742.677682642
GRID*               3067                  4034.109950946  -967.501003863    3067
*   3067  3723.615141413
GRID*               3068                  4031.447587600  -982.525498738    3068
*   3068  3719.928224943
GRID*               3069                  4026.720971947  -984.671875000    3069
*   3069  3702.720092773
GRID*               3070                  4029.828931128 -1002.594708086    3070
*   3070  3723.256046298
GRID*               3071                  4024.177402337 -1004.672894711    3071
*   3071  3702.627380704
GRID*               3072                  4018.982423840 -1004.671875000    3072
*   3072  3682.720092773
GRID*               3073                  4020.902326531 -1025.953606050    3073
*   3073  3701.275038979
GRID*               3074                  4016.229660863 -1022.154288154    3074
*   3074  3681.368164290
GRID*               3075                  4014.794176859 -1034.475123142    3075
*   3075  3682.709281081
GRID*               3076                  4014.991829103 -1045.989135145    3076
*   3076  3690.075758442
GRID*               3077                  4010.654348844 -1062.003075438    3077
*   3077  3683.191161039
GRID*               3078                  4015.034107290 -1064.477979030    3078
*   3078  3701.321367974
GRID*               3079                  4020.460465908 -1064.258440950    3079
*   3079  3721.768892723
GRID*               3080                  4029.424100993 -1041.950472799    3080
*   3080  3742.682194618
GRID*               3081                  4023.716828128 -1044.643937537    3081
*   3081  3722.492259594
GRID*               3082                  4025.706873512 -1064.402046581    3082
*   3082  3741.762123652
GRID*               3083                  4030.509936322 -1064.358357368    3083
*   3083  3759.964240892
GRID*               3084                  4031.392156610 -1022.463752628    3084
*   3084  3739.463566038
GRID*               3085                  4026.700428299 -1024.671875000    3085
*   3085  3722.720092773
GRID*               3086                  4034.212457202 -1044.823485901    3086
*   3086  3762.555963420
GRID*               3087                  4018.735089701 -1046.523383825    3087
*   3087  3704.625711859
GRID*               3088                  4021.807219817  -984.160741527    3088
*   3088  3683.578970906
GRID*               3089                  4024.097683517  -964.259288682    3089
*   3089  3683.574731894
GRID*               3090                  4031.127017254  -941.846193710    3090
*   3090  3701.979711277
GRID*               3091                  4026.147028779  -944.341020137    3091
*   3091  3683.571069812
GRID*               3092                  4030.098482294  -962.384521637    3092
*   3092  3705.980849245
GRID*               3093                  4028.198467301  -924.288366321    3093
*   3093  3684.548238282
GRID*               3094                  4034.308420767  -907.512518814    3094
*   3094  3703.436717486
GRID*               3095                  4029.973574717  -904.101959982    3095
*   3095  3685.535771317
GRID*               3096                  4032.232524232  -922.743900241    3096
*   3096  3699.788454083
GRID*               3097                  4031.426587652  -883.973736512    3097
*   3097  3686.521337378
GRID*               3098                  4034.250840384  -864.631124127    3098
*   3098  3694.438194622
GRID*               3099                  4035.134397822  -881.969660645    3099
*   3099  3700.751102391
GRID*               3100                  4034.422561810  -824.372024359    3100
*   3100  3693.101992506
GRID*               3101                  4034.548702156  -844.352657791    3101
*   3101  3693.741777429
GRID*               3102                  4034.782601725  -804.905540322    3102
*   3102  3696.366146497
GRID*               3103                  4037.217319408  -802.897455996    3103
*   3103  3706.598593248
GRID*               3104                  4036.868415030  -824.684195442    3104
*   3104  3702.949021121
GRID*               3105                  4041.925056843  -824.002429383    3105
*   3105  3723.382755483
GRID*               3106                  4041.791131388  -844.671875000    3106
*   3106  3722.720092773
GRID*               3107                  4037.321170128  -847.405537923    3107
*   3107  3704.990277212
GRID*               3108                  4046.909759245  -844.671890128    3108
*   3108  3743.207062820
GRID*               3109                  4046.406154103  -864.426041665    3109
*   3109  3742.682534988
GRID*               3110                  4041.374042872  -864.671875000    3110
*   3110  3722.720092773
GRID*               3111                  4037.163472791  -866.905713294    3111
*   3111  3706.298824132
GRID*               3112                  4040.116524337  -885.596506051    3112
*   3112  3721.112561015
GRID*               3113                  4045.637615269  -884.671875000    3113
*   3113  3742.720092773
GRID*               3114                  4044.488759172  -904.657350307    3114
*   3114  3742.605879133
GRID*               3115                  4039.380373695  -904.831849279    3115
*   3115  3722.608728291
GRID*               3116                  4035.160234941  -924.757667493    3116
*   3116  3711.846160472
GRID*               3117                  4038.472468934  -927.186851957    3117
*   3117  3725.538736654
GRID*               3118                  4043.079566654  -924.671875000    3118
*   3118  3742.720092773
GRID*               3119                  4041.033922336  -945.292924489    3119
*   3119  3741.708595598
GRID*               3120                  4034.945931389  -943.991264491    3120
*   3120  3717.592472535
GRID*               3121                  4035.721210775  -956.606048931    3121
*   3121  3725.401148499
GRID*               3122                  4048.191248550  -924.504447707    3122
*   3122  3762.626617973
GRID*               3123                  4046.500254598  -944.671875000    3123
*   3123  3762.720092773
GRID*               3124                  4052.588983554  -922.248097032    3124
*   3124  3779.135243263
GRID*               3125                  4051.477668357  -941.758072336    3125
*   3125  3781.047824940
GRID*               3126                  4055.528919239  -924.824420768    3126
*   3126  3791.387678932
GRID*               3127                  4054.527039526  -944.770949367    3127
*   3127  3793.956926336
GRID*               3128                  4057.522856969  -946.829761940    3128
*   3128  3806.328988126
GRID*               3129                  4054.935285662  -964.528678760    3129
*   3129  3802.934306008
GRID*               3130                  4063.579673264  -924.867403698    3130
*   3130  3822.871671884
GRID*               3131                  4058.662649224  -927.601390440    3131
*   3131  3804.463889799
GRID*               3132                  4061.930506671  -944.671875000    3132
*   3132  3822.720092773
GRID*               3133                  4067.069428671  -944.671875000    3133
*   3133  3842.720092773
GRID*               3134                  4065.193364997  -964.671875000    3134
*   3134  3842.720092773
GRID*               3135                  4059.765383413  -966.057017594    3135
*   3135  3822.241138953
GRID*               3136                  4070.627724360  -963.398189272    3136
*   3136  3863.292437747
GRID*               3137                  4068.722049487  -983.876129530    3137
*   3137  3864.224819373
GRID*               3138                  4063.060020387  -984.671875000    3138
*   3138  3842.720092773
GRID*               3139                  4058.325736494  -986.108608523    3139
*   3139  3825.092650497
GRID*               3140                  4059.689690782 -1006.717599655    3140
*   3140  3839.876177350
GRID*               3141                  4055.622688142 -1001.864993299    3141
*   3141  3821.925256375
GRID*               3142                  4054.178329912 -1012.805904127    3142
*   3142  3821.715860197
GRID*               3143                  4055.099765677 -1026.399303268    3143
*   3143  3832.196262396
GRID*               3144                  4052.210202631 -1025.607538038    3144
*   3144  3820.727806621
GRID*               3145                  4050.344614267 -1042.666811116    3145
*   3145  3822.821497965
GRID*               3146                  4055.228467592 -1044.421433461    3146
*   3146  3842.422615544
GRID*               3147                  4063.395624520 -1024.068940020    3147
*   3147  3862.737354668
GRID*               3148                  4058.415196949 -1026.603297983    3148
*   3148  3844.986958632
GRID*               3149                  4060.327475113 -1045.982162731    3149
*   3149  3862.736474375
GRID*               3150                  4071.022920519 -1003.271040917    3150
*   3150  3881.791252281
GRID*               3151                  4065.837041877 -1005.285866447    3151
*   3151  3862.805493555
GRID*               3152                  4069.458144167 -1022.693225730    3152
*   3152  3885.256268145
GRID*               3153                  4074.987093032 -1002.814054079    3153
*   3153  3896.826454997
GRID*               3154                  4075.118746700 -1016.203772688    3154
*   3154  3903.724473883
GRID*               3155                  4073.615390127 -1027.482264183    3155
*   3155  3903.623295665
GRID*               3156                  4083.743762887  -984.684157970    3156
*   3156  3922.577560592
GRID*               3157                  4078.674185017  -986.071385157    3157
*   3157  3903.583224857
GRID*               3158                  4080.861530480 -1005.608460600    3158
*   3158  3920.723547399
GRID*               3159                  4074.606786839  -985.994005262    3159
*   3159  3887.848030450
GRID*               3160                  4074.164187908  -972.996540829    3160
*   3160  3880.744884838
GRID*               3161                  4079.875558232  -966.779413031    3161
*   3161  3900.438196644
GRID*               3162                  4075.569745378  -961.838341242    3162
*   3162  3881.872388457
GRID*               3163                  4087.602209509  -944.671875000    3163
*   3163  3922.720092773
GRID*               3164                  4082.472483616  -944.671875000    3164
*   3164  3902.720092773
GRID*               3165                  4085.812782827  -964.553752520    3165
*   3165  3922.632161883
GRID*               3166                  4089.673581582  -923.693653698    3166
*   3166  3924.733668438
GRID*               3167                  4092.209886245  -941.788228369    3167
*   3167  3939.794540057
GRID*               3168                  4094.534716133  -927.425543248    3168
*   3168  3944.771300817
GRID*               3169                  4095.141552550  -942.274475784    3169
*   3169  3951.390140136
GRID*               3170                  4091.169768714  -961.888807666    3170
*   3170  3942.459719943
GRID*               3171                  4089.264150617  -983.301487608    3171
*   3171  3943.339712318
GRID*               3172                  4086.438933589 -1004.666331438    3172
*   3172  3941.748757435
GRID*               3173                  4094.945678226  -914.838102955    3173
*   3173  3943.283192706
GRID*               3174                  4100.641733265  -846.743311753    3174
*   3174  3959.120509730
GRID*               3175                  4100.484171118  -827.239969853    3175
*   3175  3960.469694203
GRID*               3176                  4099.343186376  -807.267913439    3176
*   3176  3960.227898224
GRID*               3177                  4098.253902587  -785.723359135    3177
*   3177  3963.853537674
GRID*               3178                  4095.180411905  -767.191717153    3178
*   3178  3961.407894102
GRID*               3179                  4090.748408658  -766.474371273    3179
*   3179  3943.012370489
GRID*               3180                  4085.863346997  -765.600571858    3180
*   3180  3922.802095853
GRID*               3181                  4092.472239554  -786.874766872    3181
*   3181  3939.142354132
GRID*               3182                  4088.306872195  -784.671875000    3182
*   3182  3922.720092773
GRID*               3183                  4083.484392310  -784.594372375    3183
*   3183  3902.612754602
GRID*               3184                  4090.333731685  -806.106820257    3184
*   3184  3923.446211673
GRID*               3185                  4085.172303610  -804.711368086    3185
*   3185  3902.585576319
GRID*               3186                  4079.566515253  -803.129039438    3186
*   3186  3879.948811924
GRID*               3187                  4086.202651135  -824.671875000    3187
*   3187  3902.720092773
GRID*               3188                  4081.283563861  -824.671875000    3188
*   3188  3882.720092773
GRID*               3189                  4077.197397514  -822.541598044    3189
*   3189  3866.395448305
GRID*               3190                  4081.904911618  -844.670796003    3190
*   3190  3883.694433075
GRID*               3191                  4076.933913390  -844.704370271    3191
*   3191  3863.691489150
GRID*               3192                  4073.864201114  -844.961872797    3192
*   3192  3851.344817260
GRID*               3193                  4074.244186323  -864.281824640    3193
*   3193  3853.506891362
GRID*               3194                  4077.093014828  -867.221052373    3194
*   3194  3865.096832371
GRID*               3195                  4081.610625859  -864.792900027    3195
*   3195  3882.939300594
GRID*               3196                  4081.032649228  -884.759816664    3196
*   3196  3882.744827340
GRID*               3197                  4076.822413014  -886.529372147    3197
*   3197  3866.329740281
GRID*               3198                  4073.928807995  -884.985367226    3198
*   3198  3854.633011146
GRID*               3199                  4075.078509609  -901.848968540    3199
*   3199  3862.239383565
GRID*               3200                  4074.890517935  -925.450031837    3200
*   3200  3867.289723201
GRID*               3201                  4074.095929733  -911.902586405    3201
*   3201  3860.639340624
GRID*               3202                  4079.144897941  -906.877654739    3202
*   3202  3879.331944848
GRID*               3203                  4078.865218295  -927.510248094    3203
*   3203  3883.424715526
GRID*               3204                  4085.066553574  -905.442261348    3204
*   3204  3902.343259147
GRID*               3205                  4083.991986410  -924.671875000    3205
*   3205  3902.720092773
GRID*               3206                  4070.454068164  -902.839371796    3206
*   3206  3844.237455526
GRID*               3207                  4068.813088415  -924.355245948    3207
*   3207  3843.196935955
GRID*               3208                  4070.786320179  -882.528803935    3208
*   3208  3841.813988551
GRID*               3209                  4065.890819095  -884.394964278    3209
*   3209  3822.720196699
GRID*               3210                  4064.899923660  -904.639383516    3210
*   3210  3822.785650647
GRID*               3211                  4060.716716228  -884.999587373    3211
*   3211  3802.353962719
GRID*               3212                  4059.796582141  -906.775317784    3212
*   3212  3803.230849208
GRID*               3213                  4055.457146980  -904.937052595    3213
*   3213  3785.740948219
GRID*               3214                  4054.426765422  -864.554166425    3214
*   3214  3774.588058878
GRID*               3215                  4054.967356897  -884.424429292    3215
*   3215  3779.526710244
GRID*               3216                  4057.316331070  -866.715199964    3216
*   3216  3786.310702653
GRID*               3217                  4061.999904424  -844.671887472    3217
*   3217  3803.694161627
GRID*               3218                  4056.771197322  -844.671875000    3218
*   3218  3782.720092773
GRID*               3219                  4061.492371697  -864.671875000    3219
*   3219  3802.720092773
GRID*               3220                  4054.631908222  -824.909902292    3220
*   3220  3774.659904543
GRID*               3221                  4053.845200548  -844.667232378    3221
*   3221  3770.990026934
GRID*               3222                  4057.443294062  -822.688537410    3222
*   3222  3786.225067777
GRID*               3223                  4060.702935011  -804.277167596    3223
*   3223  3802.270995052
GRID*               3224                  4061.561656878  -824.671875000    3224
*   3224  3802.720092773
GRID*               3225                  4055.138886958  -805.043241893    3225
*   3225  3779.359309077
GRID*               3226                  4055.433318667  -785.327862291    3226
*   3226  3785.753193557
GRID*               3227                  4052.251343609  -767.281329172    3227
*   3227  3779.923798274
GRID*               3228                  4047.843416159  -764.671875000    3228
*   3228  3762.720092773
GRID*               3229                  4050.000422193  -785.458610780    3229
*   3229  3763.240591369
GRID*               3230                  4044.942395912  -784.660931125    3230
*   3230  3742.596996125
GRID*               3231                  4051.008645544  -806.103616179    3231
*   3231  3762.296617375
GRID*               3232                  4046.148882931  -804.671875000    3232
*   3232  3742.720092773
GRID*               3233                  4051.398836362  -826.907786635    3233
*   3233  3761.461458059
GRID*               3234                  4046.720999009  -824.793822837    3234
*   3234  3742.699728370
GRID*               3235                  4043.076236111  -764.671875000    3235
*   3235  3742.720092773
GRID*               3236                  4038.328307386  -761.939544369    3236
*   3236  3724.143006048
GRID*               3237                  4039.398684725  -782.328990103    3237
*   3237  3720.431621839
GRID*               3238                  4035.361242348  -763.155725034    3238
*   3238  3711.119535134
GRID*               3239                  4034.399203216  -775.187450210    3239
*   3239  3702.142861751
GRID*               3240                  4035.399693610  -787.493288542    3240
*   3240  3702.454713186
GRID*               3241                  4032.687705711  -761.623805672    3241
*   3241  3700.647119939
GRID*               3242                  4031.702294904  -747.673240512    3242
*   3242  3704.149507431
GRID*               3243                  4034.099614314  -746.256854483    3243
*   3243  3715.243383800
GRID*               3244                  4040.488391395  -744.681828805    3244
*   3244  3743.553774067
GRID*               3245                  4036.147405203  -743.262345321    3245
*   3245  3726.006949039
GRID*               3246                  4045.273160076  -746.082226073    3246
*   3246  3763.011317817
GRID*               3247                  4050.252773737  -747.595188568    3247
*   3247  3783.223181262
GRID*               3248                  4071.128708119  -764.595059540    3248
*   3248  3860.917684387
GRID*               3249                  4066.586242234  -764.494674159    3249
*   3249  3841.763998055
GRID*               3250                  4061.783153808  -763.860758406    3250
*   3250  3821.837984471
GRID*               3251                  4069.534740620  -785.322316586    3251
*   3251  3844.229637008
GRID*               3252                  4064.296269131  -784.671875000    3252
*   3252  3822.720092773
GRID*               3253                  4075.083772508  -807.563205929    3253
*   3253  3860.451291729
GRID*               3254                  4074.667306942  -794.286515136    3254
*   3254  3862.352693815
GRID*               3255                  4073.809556963  -781.877632999    3255
*   3255  3863.412497182
GRID*               3256                  4070.653886269  -804.863026084    3256
*   3256  3842.909613143
GRID*               3257                  4065.717516468  -804.671875000    3257
*   3257  3822.720092773
GRID*               3258                  4071.120521584  -827.352624065    3258
*   3258  3841.183343356
GRID*               3259                  4066.537899221  -824.784445636    3259
*   3259  3822.867099508
GRID*               3260                  4070.991218989  -844.636993642    3260
*   3260  3839.800624688
GRID*               3261                  4066.860662877  -844.671237201    3261
*   3261  3823.207203538
GRID*               3262                  4071.109899378  -861.967776092    3262
*   3262  3840.834946744
GRID*               3263                  4066.549116730  -864.424642885    3263
*   3263  3822.839493573
GRID*               3264                  4074.293996406  -766.382041963    3264
*   3264  3873.253925319
GRID*               3265                  4076.748798443  -766.396761180    3265
*   3265  3883.633921734
GRID*               3266                  4078.470414801  -783.151916315    3266
*   3266  3882.311308498
GRID*               3267                  4074.826156353  -755.948659636    3267
*   3267  3882.335941735
GRID*               3268                  4080.557788141  -763.895723558    3268
*   3268  3901.348234721
GRID*               3269                  4074.341310755  -825.573518556    3269
*   3269  3854.423227396
GRID*               3270                  4057.880146719  -765.280959777    3270
*   3270  3804.603266262
GRID*               3271                  4059.465381855  -781.906498360    3271
*   3271  3803.695822149
GRID*               3272                  4055.287098137  -766.116424725    3272
*   3272  3793.256945690
GRID*               3273                  4055.411062734  -750.373067205    3273
*   3273  3803.301272750
GRID*               3274                  4041.244249658  -804.671875000    3274
*   3274  3722.720092773
GRID*               3275                  4051.052976850  -844.644279923    3275
*   3275  3759.800461990
GRID*               3276                  4051.084980222  -861.728778534    3276
*   3276  3761.004621758
GRID*               3277                  4050.658759051  -883.188876159    3277
*   3277  3762.281697895
GRID*               3278                  4049.772885004  -903.993395684    3278
*   3278  3763.185456576
GRID*               3279                  4086.073537251  -884.671875000    3279
*   3279  3902.720092773
GRID*               3280                  4090.917500334  -863.352054176    3280
*   3280  3920.049511066
GRID*               3281                  4086.562072773  -864.614137907    3281
*   3281  3902.703245411
GRID*               3282                  4090.899476222  -882.887621320    3282
*   3282  3921.640979136
GRID*               3283                  4094.374245402  -845.436938163    3283
*   3283  3933.904150811
GRID*               3284                  4093.930993181  -864.409586430    3284
*   3284  3932.150138982
GRID*               3285                  4091.488967007  -847.248016918    3285
*   3285  3922.210082824
GRID*               3286                  4097.064135243  -842.155602584    3286
*   3286  3944.942549315
GRID*               3287                  4096.813940130  -864.669231965    3287
*   3287  3943.694212349
GRID*               3288                  4094.157249645  -884.414811190    3288
*   3288  3934.766791440
GRID*               3289                  4097.023520972  -886.109247114    3289
*   3289  3946.359948577
GRID*               3290                  4094.187682802  -824.638347746    3290
*   3290  3935.231765541
GRID*               3291                  4091.155718848  -827.476481141    3291
*   3291  3922.472741950
GRID*               3292                  4094.998875576  -805.156847279    3292
*   3292  3942.936004493
GRID*               3293                  4096.913336462  -822.787888299    3293
*   3293  3946.657169067
GRID*               3294                  4086.871092276  -844.691265246    3294
*   3294  3903.692691002
GRID*               3295                  4095.219899304  -785.311958228    3295
*   3295  3951.342666145
GRID*               3296                  4095.062182786  -901.944614132    3296
*   3296  3941.078774452
GRID*               3297                  4090.276203545  -904.671875000    3297
*   3297  3922.720092773
GRID*               3298                  4065.849397157 -1044.694257884    3298
*   3298  3883.089889532
GRID*               3299                  4055.074052918 -1063.224652807    3299
*   3299  3852.600803153
GRID*               3300                  4058.167723062 -1063.805087885    3300
*   3300  3864.704298387
GRID*               3301                  4055.318341368 -1079.773447481    3301
*   3301  3863.495140838
GRID*               3302                  4050.419764532 -1004.092330715    3302
*   3302  3803.009702838
GRID*               3303                  4048.108430779 -1024.352660481    3303
*   3303  3804.379668692
GRID*               3304                  4055.225607471  -984.458043967    3304
*   3304  3812.411843455
GRID*               3305                  4052.107666511  -982.565498515    3305
*   3305  3799.556592778
GRID*               3306                  4074.992798297  -944.598349715    3306
*   3306  3873.549805414
GRID*               3307                  4078.014864449  -946.915219961    3307
*   3307  3886.091742936
GRID*               3308                  4071.638317779  -941.695023450    3308
*   3308  3859.524178159
GRID*               3309                  4050.097184853  -962.594603489    3309
*   3309  3783.435422387
GRID*               3310                  4034.872212976  -894.661776402    3310
*   3310  3702.412027731
GRID*               3311                  4046.721862849 -1065.320147971    3311
*   3311  3822.102801802
GRID*               3312                  4051.713800284 -1062.142775026    3312
*   3312  3839.188906254
GRID*               3313                  4069.754931357 -1082.123239849    3313
*   3313  3919.691808055
GRID*               3314                  4182.344044968  -765.321036437    3314
*   3314  4338.864372344
GRID*               3315                  4178.560498948  -762.397686746    3315
*   3315  4324.982920663
GRID*               3316                  4175.610758490  -773.194664692    3316
*   3316  4303.052605029
GRID*               3317                  4173.045028575  -762.826778181    3317
*   3317  4300.762584104
GRID*               3318                  4169.669638606  -765.723715428    3318
*   3318  4283.702234080
GRID*               3319                  4164.336669809  -763.422675923    3319
*   3319  4262.590483944
GRID*               3320                  4159.532644334  -761.585072517    3320
*   3320  4243.372865129
GRID*               3321                  4149.570050875  -762.696130816    3321
*   3321  4199.338253458
GRID*               3322                  4145.095941108  -763.310319901    3322
*   3322  4179.464830590
GRID*               3323                  4140.614586787  -760.809865041    3323
*   3323  4162.205933465
GRID*               3324                  4134.189146528  -761.832100596    3324
*   3324  4133.545872915
GRID*               3325                  4115.324083243  -747.033193303    3325
*   3325  4064.521154223
GRID*               3326                  4120.051959189  -746.429572509    3326
*   3326  4085.483203401
GRID*               3327                  4124.787280256  -746.906540388    3327
*   3327  4105.559504883
GRID*               3328                  4129.222269803  -748.544429725    3328
*   3328  4123.350603615
GRID*               3329                  4135.970856896  -747.787174149    3329
*   3329  4153.183259345
GRID*               3330                  4143.034667290  -748.522733383    3330
*   3330  4183.111204967
GRID*               3331                  4155.550526454  -748.494404706    3331
*   3331  4237.269578812
GRID*               3332                  4153.971641782  -757.869262735    3332
*   3332  4222.476644222
GRID*               3333                  4135.007462009  -754.520172687    3333
*   3333  4143.296710752
GRID*               3334                  4109.705305415  -745.145425749    3334
*   3334  4041.822135960
GRID*               3335                  4105.063050804  -745.059919854    3335
*   3335  4021.815827613
GRID*               3336                  4100.709178169  -744.335006331    3336
*   3336  4003.600016139
GRID*               3337                  4175.430652850  -763.330063057    3337
*   3337  4310.653486775
GRID*               3338                  3935.995354280 -1062.244169045    3338
*   3338  3587.826492562
GRID*               3339                  3934.023247698 -1083.360525490    3339
*   3339  3584.391348792
GRID*               3340                  3915.771124457 -1106.586269239    3340
*   3340  3589.730113116
GRID*               3341                  3911.811121247 -1123.258239110    3341
*   3341  3588.258113390
GRID*               3342                  3926.267387235 -1104.046472043    3342
*   3342  3584.291912554
GRID*               3343                  3920.363999559 -1122.002702621    3343
*   3343  3583.662177343
GRID*               3344                  4026.377575480  -814.283470352    3344
*   3344  3674.600751154
GRID*               3345                  4166.129353006 -1096.451257752    3345
*   3345  4331.369743424
GRID*               3346                  3896.215258944 -1164.100817413    3346
*   3346  3587.753307299
GRID*               3347                  4185.671212492  -814.597504227    3347
*   3347  4351.588908707
GRID*               3348                  3872.192241129 -1222.499591512    3348
*   3348  3587.218832754
GRID*               3349                  3856.638757014 -1227.252734132    3349
*   3349  3594.673435106
GRID*               3350                  3854.873916586 -1244.685029514    3350
*   3350  3591.233879654
GRID*               3351                  3852.411340207 -1262.163046604    3351
*   3351  3588.080409419
GRID*               3352                  3837.099685934 -1267.245421213    3352
*   3352  3595.081701365
GRID*               3353                  3831.368315516 -1285.607111395    3353
*   3353  3593.241984585
GRID*               3354                  3817.810950652 -1304.834220662    3354
*   3354  3595.098801256
GRID*               3355                  3812.494867395 -1322.165959078    3355
*   3355  3592.900024647
GRID*               3356                  3796.970188655 -1327.282931251    3356
*   3356  3599.237670832
GRID*               3357                  3781.277844180 -1343.812538078    3357
*   3357  3601.735999438
GRID*               3358                  3793.162815516 -1341.432892041    3358
*   3358  3596.829930178
GRID*               3359                  3775.167855329 -1363.449395739    3359
*   3359  3598.271241239
GRID*               3360                  3776.461987455 -1353.128891011    3360
*   3360  3600.983962575
GRID*               3361                  3765.351087783 -1362.348490609    3361
*   3361  3602.787273062
GRID*               3362                  3875.901906360 -1204.313593735    3362
*   3362  3589.610080840
GRID*               3363                  3892.760802520 -1182.240555225    3363
*   3363  3585.437850863
GRID*               3364                  3942.375459344 -1066.624988322    3364
*   3364  3583.217481881
GRID*               3365                  3783.708901966 -1387.868867252    3365
*   3365  3604.035719055
GRID*               3366                  3814.202458775 -1406.126229901    3366
*   3366  3654.646019212
GRID*               3367                  3806.874401198 -1405.877646911    3367
*   3367  3641.297472468
GRID*               3368                  3808.590489680 -1427.128867678    3368
*   3368  3640.805180944
GRID*               3369                  3800.047231340 -1422.931295108    3369
*   3369  3626.097329295
GRID*               3370                  3793.825098729 -1425.420283299    3370
*   3370  3614.906758779
GRID*               3371                  3792.864755230 -1444.348259965    3371
*   3371  3612.911204292
GRID*               3372                  3799.243505987 -1444.653895562    3372
*   3372  3623.918172354
GRID*               3373                  3808.428151831 -1444.585050595    3373
*   3373  3639.796929393
GRID*               3374                  3808.451348973 -1461.710193969    3374
*   3374  3640.588565266
GRID*               3375                  3799.603896424 -1466.057731862    3375
*   3375  3625.959300803
GRID*               3376                  3793.257683672 -1463.966847546    3376
*   3376  3614.979686853
GRID*               3377                  3796.016425128 -1481.780338899    3377
*   3377  3622.055067206
GRID*               3378                  3794.944677530 -1495.167158229    3378
*   3378  3622.702595340
GRID*               3379                  3806.391086183 -1482.323228292    3379
*   3379  3639.532921626
GRID*               3380                  3803.999816432 -1503.560517799    3380
*   3380  3639.456805965
GRID*               3381                  3812.688728044 -1505.250138232    3381
*   3381  3654.210706953
GRID*               3382                  3803.547381148 -1525.672050567    3382
*   3382  3643.990191242
GRID*               3383                  3795.594382048 -1524.724323584    3383
*   3383  3630.716472235
GRID*               3384                  3794.288972740 -1544.996008449    3384
*   3384  3634.396612143
GRID*               3385                  3801.126710948 -1546.525810304    3385
*   3385  3645.960172316
GRID*               3386                  3810.259583567 -1544.734533277    3386
*   3386  3660.264940644
GRID*               3387                  3806.168315802 -1566.521689820    3387
*   3387  3660.491050300
GRID*               3388                  3795.444755781 -1564.851018598    3388
*   3388  3642.646267950
GRID*               3389                  3795.945641330 -1584.984309418    3389
*   3389  3650.527312683
GRID*               3390                  3789.472339509 -1583.061147004    3390
*   3390  3639.462091651
GRID*               3391                  3780.274470341 -1586.356611040    3391
*   3391  3625.977042432
GRID*               3392                  3786.195077901 -1604.484441537    3392
*   3392  3642.397506198
GRID*               3393                  3793.316478698 -1605.163617400    3393
*   3393  3653.990894723
GRID*               3394                  3792.417630448 -1622.287264482    3394
*   3394  3659.472558282
GRID*               3395                  3783.281429698 -1624.688836413    3395
*   3395  3646.019011166
GRID*               3396                  3774.781616211 -1624.671875000    3396
*   3396  3632.579275207
GRID*               3397                  3775.465961994 -1644.935489363    3397
*   3397  3642.453987420
GRID*               3398                  3775.196909575 -1664.285810347    3398
*   3398  3650.819337092
GRID*               3399                  3786.413551538 -1646.231427449    3399
*   3399  3660.243881977
GRID*               3400                  3781.414647666 -1666.583515646    3400
*   3400  3661.615922020
GRID*               3401                  3774.829273635 -1681.791050321    3401
*   3401  3658.502627588
GRID*               3402                  3773.063502911 -1692.294138793    3402
*   3402  3660.843317991
GRID*               3403                  3767.638231318 -1706.500558600    3403
*   3403  3659.470087819
GRID*               3404                  3755.218073605 -1725.652451927    3404
*   3404  3650.076012398
GRID*               3405                  3754.724947859 -1713.422450671    3405
*   3405  3642.984709076
GRID*               3406                  3762.230180240 -1726.375860640    3406
*   3406  3661.280059274
GRID*               3407                  3755.272427925 -1742.199922089    3407
*   3407  3658.906943474
GRID*               3408                  3735.319597362 -1733.958730581    3408
*   3408  3623.788763722
GRID*               3409                  3748.193388126 -1726.049632530    3409
*   3409  3639.442474840
GRID*               3410                  3734.429871358 -1707.440752957    3410
*   3410  3608.517625346
GRID*               3411                  3735.458975852 -1722.022248039    3411
*   3411  3617.681946016
GRID*               3412                  3745.653597314 -1704.580189532    3412
*   3412  3624.428075911
GRID*               3413                  3756.485277138 -1685.955613387    3413
*   3413  3631.950358940
GRID*               3414                  3755.977920476 -1702.209947711    3414
*   3414  3639.229582108
GRID*               3415                  3748.833222999 -1684.690975955    3415
*   3415  3619.427937667
GRID*               3416                  3755.269394270 -1673.230489432    3416
*   3416  3623.898460124
GRID*               3417                  3746.030808244 -1665.736610691    3417
*   3417  3605.911287615
GRID*               3418                  3736.106973288 -1682.256435108    3418
*   3418  3598.442900666
GRID*               3419                  3735.098189027 -1694.447783586    3419
*   3419  3602.945784017
GRID*               3420                  3727.606195056 -1683.844130039    3420
*   3420  3586.019086686
GRID*               3421                  3729.092890064 -1706.655903029    3421
*   3421  3599.859578440
GRID*               3422                  3720.692294339 -1702.892764858    3422
*   3422  3584.931320809
GRID*               3423                  3717.066475080 -1714.513983924    3423
*   3423  3585.365311875
GRID*               3424                  3714.748278040 -1725.765843243    3424
*   3424  3587.744818580
GRID*               3425                  3724.788825132 -1722.129843127    3425
*   3425  3601.283254894
GRID*               3426                  3736.635392543 -1654.478309570    3426
*   3426  3585.928147457
GRID*               3427                  3773.834186951 -1522.776297649    3427
*   3427  3594.615943490
GRID*               3428                  3773.539759665 -1543.421442406    3428
*   3428  3600.276178941
GRID*               3429                  3775.646413978 -1505.629924230    3429
*   3429  3593.118361937
GRID*               3430                  3785.344277810 -1463.072480277    3430
*   3430  3601.481515300
GRID*               3431                  3784.700205759 -1485.892667866    3431
*   3431  3603.869415116
GRID*               3432                  3785.706797921 -1442.861074752    3432
*   3432  3600.537688300
GRID*               3433                  3787.108059073 -1425.626952286    3433
*   3433  3603.096111413
GRID*               3434                  3787.386806118 -1405.695915097    3434
*   3434  3605.970320480
GRID*               3435                  3783.182073238 -1507.254017116    3435
*   3435  3605.914756701
GRID*               3436                  3793.664524715 -1507.514834107    3436
*   3436  3623.252826500
GRID*               3437                  3788.971413583 -1523.195355023    3437
*   3437  3619.469254669
GRID*               3438                  3780.163622323 -1526.407249817    3438
*   3438  3605.961344908
GRID*               3439                  3776.299042308 -1564.140349136    3439
*   3439  3611.588084356
GRID*               3440                  3768.734887611 -1564.136635323    3440
*   3440  3599.430496511
GRID*               3441                  3773.518632615 -1584.928059332    3441
*   3441  3614.650733328
GRID*               3442                  3765.862681039 -1584.569129501    3442
*   3442  3602.294317863
GRID*               3443                  3754.228881782 -1606.348445084    3443
*   3443  3592.418514767
GRID*               3444                  3763.219654715 -1604.258566660    3444
*   3444  3605.818296243
GRID*               3445                  3773.674319940 -1604.712491372    3445
*   3445  3622.594145590
GRID*               3446                  3766.913219702 -1624.668660218    3446
*   3446  3620.152492863
GRID*               3447                  3755.268512065 -1624.856037272    3447
*   3447  3601.860746597
GRID*               3448                  3756.703834883 -1644.405082045    3448
*   3448  3612.743121732
GRID*               3449                  3748.004940791 -1645.523659659    3449
*   3449  3599.601280790
GRID*               3450                  3764.644695061 -1644.572803639    3450
*   3450  3625.287627327
GRID*               3451                  3786.837327572 -1544.248397292    3451
*   3451  3622.079753577
GRID*               3452                  3783.441155098 -1565.189060148    3452
*   3452  3623.436201884
GRID*               3453                  3736.545918956 -1665.775819859    3453
*   3453  3591.129069658
GRID*               3454                  3757.466742874 -1661.901893503    3454
*   3454  3621.972222429
GRID*               3455                  3767.613069443 -1665.279675547    3455
*   3455  3639.417021604
GRID*               3456                  3765.364276104 -1685.701015040    3456
*   3456  3645.644507345
GRID*               3457                  3798.784720993 -1606.536774829    3457
*   3457  3663.229638786
GRID*               3458                  3802.534257937 -1587.158491597    3458
*   3458  3661.869065118
GRID*               3459                  3814.200026578 -1525.145711061    3459
*   3459  3661.322850887
GRID*               3460                  3818.676834416 -1507.819909087    3460
*   3460  3664.675042793
GRID*               3461                  3820.282543517 -1487.627452818    3461
*   3461  3663.656452681
GRID*               3462                  3815.076532392 -1464.588812443    3462
*   3462  3652.113195296
GRID*               3463                  3813.656550325 -1485.105119262    3463
*   3463  3652.151087363
GRID*               3464                  3821.495146660 -1467.583889987    3464
*   3464  3663.296543133
GRID*               3465                  3821.569581653 -1445.381516932    3465
*   3465  3662.600559197
GRID*               3466                  3815.443419290 -1425.743063472    3466
*   3466  3653.096385009
GRID*               3467                  3814.781616211 -1444.671875000    3467
*   3467  3650.813292007
GRID*               3468                  3821.517402282 -1424.289266610    3468
*   3468  3664.109302816
GRID*               3469                  3820.245779137 -1405.298336043    3469
*   3469  3666.012184579
GRID*               3470                  3795.663329898 -1407.757406064    3470
*   3470  3620.507458998
GRID*               3471                  3795.746709281 -1393.540122787    3471
*   3471  3624.457943343
GRID*               3472                  4090.998904118  -745.606894259    3472
*   3472  3960.520127551
GRID*               3473                  4086.263653419  -742.808817620    3473
*   3473  3942.415890173
GRID*               3474                  4081.370743880  -740.872553066    3474
*   3474  3922.897636633
GRID*               3475                  3614.200640537 -1957.724168254    3475
*   3475  3675.089723711
GRID*               3476                  4174.297763765  -768.038436377    3476
*   3476  4366.450557915
GRID*               3477                  4174.717701810  -754.581420007    3477
*   3477  4363.191581111
GRID*               3478                  3702.984335548 -1746.723356604    3478
*   3478  3585.953597664
GRID*               3479                  3696.106972329 -1757.872339850    3479
*   3479  3586.058854870
GRID*               3480                  3675.190620531 -1801.960952054    3480
*   3480  3596.724351892
GRID*               3481                  3674.156100532 -1811.549114010    3481
*   3481  3604.243761082
GRID*               3482                  3680.383136724 -1802.795957308    3482
*   3482  3604.746706281
GRID*               3483                  3696.436843193 -1785.657990215    3483
*   3483  3611.463206394
GRID*               3484                  3696.510789027 -1798.252358009    3484
*   3484  3623.082797887
GRID*               3485                  3688.140267391 -1786.550816079    3485
*   3485  3600.641305196
GRID*               3486                  3690.325732415 -1806.918870614    3486
*   3486  3622.453995318
GRID*               3487                  3692.485138155 -1825.143493184    3487
*   3487  3642.548312439
GRID*               3488                  3680.829133792 -1822.650964696    3488
*   3488  3623.995238289
GRID*               3489                  3673.885605902 -1822.620962385    3489
*   3489  3614.325375827
GRID*               3490                  3673.334100871 -1832.452653397    3490
*   3490  3622.948360127
GRID*               3491                  3673.271690949 -1843.392422854    3491
*   3491  3633.423583702
GRID*               3492                  3664.242803532 -1844.771502033    3492
*   3492  3622.310995830
GRID*               3493                  3655.572903687 -1845.087393687    3493
*   3493  3610.673630763
GRID*               3494                  3656.337238327 -1856.735641769    3494
*   3494  3623.210361679
GRID*               3495                  3655.476904508 -1865.908609112    3495
*   3495  3631.184795415
GRID*               3496                  3647.600323091 -1866.577701300    3496
*   3496  3621.083659684
GRID*               3497                  3638.594797340 -1862.921907755    3497
*   3497  3605.088702578
GRID*               3498                  3638.028244893 -1882.846072736    3498
*   3498  3624.633732937
GRID*               3499                  3647.287601137 -1886.547393471    3499
*   3499  3641.029999907
GRID*               3500                  3655.300302910 -1886.936282812    3500
*   3500  3652.315825578
GRID*               3501                  3656.821246848 -1876.149723535    3501
*   3501  3643.358284254
GRID*               3502                  3654.277893303 -1896.778025942    3502
*   3502  3661.130434051
GRID*               3503                  3664.979375827 -1887.580438816    3503
*   3503  3666.138793812
GRID*               3504                  3672.571556341 -1873.051094036    3504
*   3504  3661.748308146
GRID*               3505                  3674.210295879 -1863.698174837    3505
*   3505  3654.653215694
GRID*               3506                  3681.645087219 -1863.394357535    3506
*   3506  3664.560441411
GRID*               3507                  3690.719089050 -1845.715115771    3507
*   3507  3659.771716832
GRID*               3508                  3705.794642816 -1826.978691797    3508
*   3508  3662.783187671
GRID*               3509                  3712.423124748 -1814.873947480    3509
*   3509  3660.685690080
GRID*               3510                  3722.004229336 -1803.056326660    3510
*   3510  3663.176874924
GRID*               3511                  3713.089613629 -1804.258157971    3511
*   3511  3651.801619120
GRID*               3512                  3713.267204335 -1793.860721590    3512
*   3512  3642.534076516
GRID*               3513                  3730.800755303 -1785.644390009    3513
*   3513  3659.728426445
GRID*               3514                  3721.153017434 -1782.470805383    3514
*   3514  3643.304529155
GRID*               3515                  3713.056387530 -1783.779463319    3515
*   3515  3633.098972688
GRID*               3516                  3712.907675898 -1770.931203017    3516
*   3516  3621.363021385
GRID*               3517                  3728.966312081 -1766.317068635    3517
*   3517  3639.920401388
GRID*               3518                  3714.536110978 -1761.713923723    3518
*   3518  3615.474519198
GRID*               3519                  3714.574483293 -1748.692020012    3519
*   3519  3604.080347698
GRID*               3520                  3735.167557333 -1757.431503413    3520
*   3520  3640.873589839
GRID*               3521                  3735.331796905 -1767.139716206    3521
*   3521  3649.637546233
GRID*               3522                  3744.200483469 -1765.051739294    3522
*   3522  3660.333830392
GRID*               3523                  3703.767599139 -1765.315176083    3523
*   3523  3603.475751730
GRID*               3524                  3693.628544715 -1767.118784643    3524
*   3524  3590.798707731
GRID*               3525                  3695.605440410 -1776.361141656    3525
*   3525  3601.879827318
GRID*               3526                  3705.198000676 -1784.374370535    3526
*   3526  3622.596590473
GRID*               3527                  3703.678228776 -1805.202755631    3527
*   3527  3639.511780256
GRID*               3528                  3672.806936891 -1852.929751077    3528
*   3528  3642.093894345
GRID*               3529                  3681.680008202 -1842.752781584    3529
*   3529  3644.416278567
GRID*               3530                  3665.175924225 -1864.457522631    3530
*   3530  3643.017522311
GRID*               3531                  3654.482624064 -1905.927994861    3531
*   3531  3671.013613547
GRID*               3532                  3647.642696414 -1906.897129279    3532
*   3532  3662.816737228
GRID*               3533                  3637.296592238 -1903.138936162    3533
*   3533  3644.886242747
GRID*               3534                  3630.862552152 -1925.132520694    3534
*   3534  3660.023812909
GRID*               3535                  3612.688601268 -1930.869761162    3535
*   3535  3642.240933607
GRID*               3536                  3620.196541014 -1922.562098135    3536
*   3536  3642.975589764
GRID*               3537                  3615.850614181 -1944.601314769    3537
*   3537  3662.000912825
GRID*               3538                  3594.159405693 -1969.896373293    3538
*   3538  3663.729112484
GRID*               3539                  3594.223051796 -1962.520463192    3539
*   3539  3654.836369138
GRID*               3540                  3592.635536474 -1953.776273819    3540
*   3540  3642.310901843
GRID*               3541                  3585.030558999 -1963.409805207    3541
*   3541  3644.033419026
GRID*               3542                  3575.400733302 -1964.278841887    3542
*   3542  3632.691216500
GRID*               3543                  3577.534779949 -1972.699994477    3543
*   3543  3645.879327166
GRID*               3544                  3576.478270221 -1982.512659329    3544
*   3544  3656.982704833
GRID*               3545                  3564.517767333 -1984.141296913    3545
*   3545  3643.994934384
GRID*               3546                  3555.885124369 -1983.456702701    3546
*   3546  3632.248240104
GRID*               3547                  3551.664930510 -1993.962935609    3547
*   3547  3641.055228683
GRID*               3548                  3555.193030783 -2002.582013315    3548
*   3548  3657.298465575
GRID*               3549                  3542.033447959 -2005.992155553    3549
*   3549  3646.112092256
GRID*               3550                  3533.461197281 -2004.591931611    3550
*   3550  3633.733695358
GRID*               3551                  3532.299088987 -2011.454206639    3551
*   3551  3642.433140479
GRID*               3552                  3523.418869062 -2006.959626444    3552
*   3552  3625.156679997
GRID*               3553                  3535.702764567 -1985.383417265    3553
*   3553  3609.618222696
GRID*               3554                  3515.895675068 -2004.819217941    3554
*   3554  3613.001527222
GRID*               3555                  3535.407551049 -1994.467730034    3555
*   3555  3621.719699623
GRID*               3556                  3555.203617829 -1967.010712997    3556
*   3556  3610.224124369
GRID*               3557                  3556.814243610 -1959.397615158    3557
*   3557  3602.787594176
GRID*               3558                  3568.696844311 -1946.079059371    3558
*   3558  3602.011809821
GRID*               3559                  3575.196191012 -1946.606310213    3559
*   3559  3611.098628937
GRID*               3560                  3576.137980398 -1937.777606505    3560
*   3560  3601.963140011
GRID*               3561                  3585.822827928 -1925.403165102    3561
*   3561  3600.518459151
GRID*               3562                  3594.919922878 -1925.705988467    3562
*   3562  3612.897979936
GRID*               3563                  3596.234340272 -1914.835082914    3563
*   3563  3602.526585833
GRID*               3564                  3604.418313482 -1902.416079045    3564
*   3564  3599.911746750
GRID*               3565                  3612.333562153 -1904.736462412    3565
*   3565  3613.031065666
GRID*               3566                  3612.172186381 -1893.516176428    3566
*   3566  3600.817221318
GRID*               3567                  3614.337949385 -1886.510364275    3567
*   3567  3596.348897209
GRID*               3568                  3594.457510983 -1934.256071133    3568
*   3568  3621.979357877
GRID*               3569                  3606.439542586 -1923.607632633    3569
*   3569  3625.829747159
GRID*               3570                  3605.303247207 -1959.755894200    3570
*   3570  3665.901415604
GRID*               3571                  3612.641319155 -1912.704171907    3571
*   3571  3622.081505525
GRID*               3572                  3592.391902726 -1946.603491596    3572
*   3572  3633.540631239
GRID*               3573                  3584.705502834 -1945.922752012    3573
*   3573  3622.696032516
GRID*               3574                  3575.332019208 -1955.487571674    3574
*   3574  3621.892828799
GRID*               3575                  3555.903646108 -1974.849370151    3575
*   3575  3621.085192028
GRID*               3576                  3565.618192120 -1966.862454588    3576
*   3576  3623.342315494
GRID*               3577                  3546.872390374 -1982.378226651    3577
*   3577  3619.526799864
GRID*               3578                  3555.366036859 -2008.744412885    3578
*   3578  3666.216233728
GRID*               3579                  3574.171055419 -2003.417989922    3579
*   3579  3681.803977695
GRID*               3580                  3556.287353980 -2019.056297799    3580
*   3580  3682.343528000
GRID*               3581                  3593.424168251 -1983.166011986    3581
*   3581  3679.327675551
GRID*               3582                  3581.774343554 -1984.191722875    3582
*   3582  3665.845900863
GRID*               3583                  3601.908134916 -1946.736396890    3583
*   3583  3646.154837118
GRID*               3584                  3621.785146615 -1902.635676950    3584
*   3584  3623.470360405
GRID*               3585                  3646.888226754 -1846.306463434    3585
*   3585  3599.917817122
GRID*               3586                  3656.748879675 -1835.917419256    3586
*   3586  3603.357911900
GRID*               3587                  3663.654546563 -1822.293695601    3587
*   3587  3599.818367042
GRID*               3588                  3623.149304398 -1883.764279847    3588
*   3588  3605.403441080
GRID*               3589                  4155.014407370  -763.789887980    3589
*   3589  4377.876988753
GRID*               3590                  4156.876651627  -804.086553556    3590
*   3590  4370.467496778
GRID*               3591                  4156.430042648  -825.962805217    3591
*   3591  4366.769579913
GRID*               3592                  4154.581611139  -842.229925149    3592
*   3592  4363.686486896
GRID*               3593                  4158.139300366  -853.694704449    3593
*   3593  4364.284076419
GRID*               3594                  4158.138096102  -867.455898419    3594
*   3594  4362.936892932
GRID*               3595                  4163.186452720  -884.262049070    3595
*   3595  4364.238717670
GRID*               3596                  4163.762760728  -904.557197593    3596
*   3596  4363.203277530
GRID*               3597                  4164.239193289  -926.308810692    3597
*   3597  4362.370107308
GRID*               3598                  4163.545486454  -946.554794764    3598
*   3598  4361.271633755
GRID*               3599                  4155.568675397  -962.007424322    3599
*   3599  4356.528749630
GRID*               3600                  4154.781616211  -984.671875000    3600
*   3600  4355.760689512
GRID*               3601                  4154.781616211 -1004.671875000    3601
*   3601  4355.700393208
GRID*               3602                  4153.131837400 -1024.816701747    3602
*   3602  4354.927115037
GRID*               3603                  4151.297373328 -1045.354697993    3603
*   3603  4354.256059907
GRID*               3604                  4138.192044176 -1064.507326423    3604
*   3604  4347.297412952
GRID*               3605                  4137.434642271 -1084.569560383    3605
*   3605  4347.582245038
GRID*               3606                  4134.836836556 -1103.496827211    3606
*   3606  4346.937153407
GRID*               3607                  4154.467364243  -941.883637778    3607
*   3607  4356.483046895
GRID*               3608                  4154.573429697  -921.909630747    3608
*   3608  4357.346473542
GRID*               3609                  4155.550052952  -901.999075476    3609
*   3609  4358.948072078
GRID*               3610                  4154.940382382  -883.146093527    3610
*   3610  4359.920624215
GRID*               3611                  3527.161412733 -2024.860585733    3611
*   3611  3704.093153264
GRID*               3612                  3516.026172878 -2018.431652005    3612
*   3612  3682.183201620
GRID*               3613                  3526.436663225 -2024.442151409    3613
*   3613  3682.180746834
GRID*               3614                  3514.781616211 -2017.713106878    3614
*   3614  3662.720092773
GRID*               3615                  3511.443868638 -2015.786057419    3615
*   3615  3644.987795931
GRID*               3616                  3498.045479174 -2008.050493655    3616
*   3616  3639.625141261
GRID*               3617                  3493.091083452 -2005.190071951    3617
*   3617  3626.574191693
GRID*               3618                  3536.830153122 -2030.442835599    3618
*   3618  3699.680322238
GRID*               3619                  3535.820936834 -2029.860164303    3619
*   3619  3720.710665129
GRID*               3620                  3538.119363784 -2031.187161722    3620
*   3620  3742.801911042
GRID*               3621                  3552.395216250 -2039.429328986    3621
*   3621  3785.890317064
GRID*               3622                  3551.443868638 -2038.880068186    3622
*   3622  3762.742885493
GRID*               3623                  3560.856283937 -2044.314328693    3623
*   3623  3799.720092773
GRID*               3624                  3563.538749212 -2045.863050741    3624
*   3624  3818.956161693
GRID*               3625                  3564.813319880 -2046.598924460    3625
*   3625  3841.726886987
GRID*               3626                  3555.625317295 -2041.294228694    3626
*   3626  3844.662749486
GRID*               3627                  3560.968725103 -2044.379246631    3627
*   3627  3860.387900176
GRID*               3628                  3571.443868638 -2050.427073570    3628
*   3628  3881.133729867
GRID*               3629                  3572.718769680 -2051.163138030    3629
*   3629  3859.685420235
GRID*               3630                  3575.737793923 -2052.906172489    3630
*   3630  3923.324984495
GRID*               3631                  3574.555170515 -2052.223384546    3631
*   3631  3903.222947668
GRID*               3632                  3578.119363784 -2054.281172489    3632
*   3632  3943.285842687
GRID*               3633                  3592.778840886 -2062.744825540    3633
*   3633  3962.751806139
GRID*               3634                  3595.455004736 -2064.289909460    3634
*   3634  3982.669493580
GRID*               3635                  3596.859481481 -2065.100784487    3635
*   3635  4002.966519502
GRID*               3636                  3596.856259820 -2065.098924460    3636
*   3636  4023.069856771
GRID*               3637                  3598.119363784 -2065.828177873    3637
*   3637  4042.269585077
GRID*               3638                  3612.309894042 -2074.021084338    3638
*   3638  4081.783304121
GRID*               3639                  3611.443868638 -2073.521084338    3639
*   3639  4061.303424400
GRID*               3640                  3614.556484635 -2075.318154021    3640
*   3640  4103.574191693
GRID*               3641                  3615.647641615 -2075.948133797    3641
*   3641  4123.083827913
GRID*               3642                  3618.119363784 -2077.375183257    3642
*   3642  4140.577426325
GRID*               3643                  3630.391275312 -2084.460374681    3643
*   3643  4161.952243195
GRID*               3644                  3629.891579206 -2084.171875000    3644
*   3644  4142.740560552
GRID*               3645                  3629.221997966 -2083.785292091    3645
*   3645  4126.574191693
GRID*               3646                  3633.915590807 -2086.495139181    3646
*   3646  4182.640825996
GRID*               3647                  3636.387312976 -2087.922188641    3647
*   3647  4202.473190420
GRID*               3648                  3638.119363784 -2088.922188641    3648
*   3648  4221.817420824
GRID*               3649                  3652.845123722 -2097.424110105    3649
*   3649  4262.715791242
GRID*               3650                  3651.443868638 -2096.615095105    3650
*   3650  4241.897858567
GRID*               3651                  3655.745019362 -2099.098365633    3651
*   3651  4284.720092773
GRID*               3652                  3653.797443365 -2097.973932107    3652
*   3652  4305.192225099
GRID*               3653                  3653.049565403 -2097.542144565    3653
*   3653  4321.956119708
GRID*               3654                  3663.502152963 -2103.576948806    3654
*   3654  4298.865993854
GRID*               3655                  3554.322187871 -2040.541866570    3655
*   3655  3826.574191693
GRID*               3656                  3552.985899274 -2039.770359989    3656
*   3656  3805.758699882
GRID*               3657                  3957.712840534 -1434.731580846    3657
*   3657  4362.855920449
GRID*               3658                  3991.027823808 -1411.692985734    3658
*   3658  4361.485325070
GRID*               3659                  3999.209947084 -1403.170045124    3659
*   3659  4360.889297957
GRID*               3660                  4012.437246961 -1382.180076922    3660
*   3660  4357.844492164
GRID*               3661                  4016.928692276 -1364.346423921    3661
*   3661  4353.109682048
GRID*               3662                  3996.697340052 -1387.586248826    3662
*   3662  4353.445736392
GRID*               3663                  3991.875167768 -1402.915500598    3663
*   3663  4357.982421421
GRID*               3664                  3976.526187174 -1407.447715232    3664
*   3664  4354.508379571
GRID*               3665                  4032.703830851 -1344.876678180    3665
*   3665  4353.469821283
GRID*               3666                  4052.334741661 -1322.192343448    3666
*   3666  4355.453126405
GRID*               3667                  4037.189256849 -1327.197248018    3667
*   3667  4349.733695026
GRID*               3668                  4052.113645453 -1306.120536056    3668
*   3668  4350.384678208
GRID*               3669                  4057.182852529 -1287.313887383    3669
*   3669  4347.314604724
GRID*               3670                  4078.044292015 -1238.729284086    3670
*   3670  4344.593072354
GRID*               3671                  4097.963411916 -1196.568042509    3671
*   3671  4344.526280779
GRID*               3672                  4103.289947647 -1184.015774991    3672
*   3672  4344.395885076
GRID*               3673                  4109.964075418 -1167.493034197    3673
*   3673  4344.173160563
GRID*               3674                  4115.686718593 -1151.596871707    3674
*   3674  4343.713166525
GRID*               3675                  4131.839600684 -1143.039015768    3675
*   3675  4350.572760380
GRID*               3676                  4116.685188772 -1167.481348281    3676
*   3676  4347.770482350
GRID*               3677                  4113.739446523 -1181.382740303    3677
*   3677  4349.354228666
GRID*               3678                  4097.140068082 -1207.628715285    3678
*   3678  4346.755472866
GRID*               3679                  4091.148354193 -1225.581581225    3679
*   3679  4348.051098675
GRID*               3680                  4092.005819602 -1242.722571910    3680
*   3680  4352.877300695
GRID*               3681                  4077.440022592 -1246.866113884    3681
*   3681  4346.416853971
GRID*               3682                  4072.682851747 -1264.427020056    3682
*   3682  4348.701386736
GRID*               3683                  4072.798626826 -1282.367085003    3683
*   3683  4353.760236872
GRID*               3684                  3903.967644502 -1191.354333973    3684
*   3684  3591.990580877
GRID*               3685                  4125.039882598 -1127.751661148    3685
*   3685  4343.659169900
GRID*               3686                  3971.219089735 -1424.387593375    3686
*   3686  4360.897351553
GRID*               3687                  3946.834684730 -1045.341497586    3687
*   3687  3584.652096499
GRID*               3688                  3936.004421137 -1042.465852444    3688
*   3688  3591.424373422
GRID*               3689                  3954.017301581 -1004.814101611    3689
*   3689  3586.369385587
GRID*               3690                  3951.232487458 -1025.866442163    3690
*   3690  3584.958224372
GRID*               3691                  3954.456996174  -982.498511534    3691
*   3691  3589.237983140
GRID*               3692                  3954.041165496  -963.071387503    3692
*   3692  3592.108125264
GRID*               3693                  3955.796225890  -944.521101406    3693
*   3693  3593.524209177
GRID*               3694                  3958.160467103  -924.424684863    3694
*   3694  3594.717216150
GRID*               3695                  3958.128590892  -904.728786655    3695
*   3695  3597.149416737
GRID*               3696                  3958.100102079  -873.586524930    3696
*   3696  3600.789621252
GRID*               3697                  3962.677593669  -844.215567033    3697
*   3697  3601.406543420
GRID*               3698                  3973.266427119  -842.216827299    3698
*   3698  3595.670575235
GRID*               3699                  3971.907590269  -862.253696740    3699
*   3699  3594.261219717
GRID*               3700                  3973.654531941  -822.244645637    3700
*   3700  3597.503000065
GRID*               3701                  3973.906009706  -802.553741632    3701
*   3701  3599.255116811
GRID*               3702                  3964.712725045  -803.988423369    3702
*   3702  3604.243046000
GRID*               3703                  3964.120514186  -823.747037593    3703
*   3703  3602.685678255
GRID*               3704                  3972.107025972  -767.433223979    3704
*   3704  3603.248434869
GRID*               3705                  3968.693343764  -784.887108099    3705
*   3705  3603.722217744
GRID*               3706                  3972.011098999  -756.374855625    3706
*   3706  3604.123862670
GRID*               3707                  3957.974638901  -726.625981487    3707
*   3707  3613.595472485
GRID*               3708                  3608.067168408 -2062.950666442    3708
*   3708  3961.798305612
GRID*               3709                  3614.720255036 -2058.107157729    3709
*   3709  3963.591445006
GRID*               3710                  3596.618636534 -2054.762080866    3710
*   3710  3902.022030670
GRID*               3711                  3593.999842428 -2052.025604082    3711
*   3711  3885.386281614
GRID*               3712                  3573.471666796 -2044.403395351    3712
*   3712  3802.427155049
GRID*               3713                  3511.482027243 -1984.648444119    3713
*   3713  3608.949321174
GRID*               3714                  3533.561257253 -1961.015756764    3714
*   3714  3605.878914972
GRID*               3715                  3517.550813812 -1966.667690956    3715
*   3715  3611.738959576
GRID*               3716                  3522.076849313 -1982.744435216    3716
*   3716  3604.646698668
GRID*               3717                  3548.875656667 -1946.359098575    3717
*   3717  3602.867442885
GRID*               3718                  3554.781616211 -1924.671875000    3718
*   3718  3606.415468831
GRID*               3719                  3555.368351158 -1935.468823834    3719
*   3719  3602.913542834
GRID*               3720                  3562.718329761 -1923.742049737    3720
*   3720  3602.719472160
GRID*               3721                  3575.895091114 -1906.065183288    3721
*   3721  3601.237716624
GRID*               3722                  3574.567427401 -1922.363865346    3722
*   3722  3597.156329215
GRID*               3723                  3586.312089557 -1887.815443801    3723
*   3723  3601.182351362
GRID*               3724                  3612.859222663 -1861.613094915    3724
*   3724  3594.844041220
GRID*               3725                  3595.182411254 -1882.180197593    3725
*   3725  3598.219254125
GRID*               3726                  3598.953048323 -1866.408761821    3726
*   3726  3600.748976009
GRID*               3727                  3617.394429099 -1846.731284848    3727
*   3727  3596.632221476
GRID*               3728                  3637.942477331 -1823.554637773    3728
*   3728  3592.180998174
GRID*               3729                  3633.092949611 -1841.832200323    3729
*   3729  3589.713587111
GRID*               3730                  3651.206461442 -1804.137248932    3730
*   3730  3590.408925764
GRID*               3731                  3658.002683408 -1785.751142332    3731
*   3731  3591.735000252
GRID*               3732                  3671.381150005 -1765.711675402    3732
*   3732  3589.888646756
GRID*               3733                  3692.681081000 -1741.864082773    3733
*   3733  3584.639290284
GRID*               3734                  3677.141978101 -1747.173733989    3734
*   3734  3591.685586566
GRID*               3735                  3761.756023369 -1386.947444941    3735
*   3735  3601.661319418
GRID*               3736                  3760.773400102 -1405.904204268    3736
*   3736  3601.239213640
GRID*               3737                  3771.474121897 -1422.789301362    3737
*   3737  3593.798592007
GRID*               3738                  3771.503744648 -1443.887358157    3738
*   3738  3591.594375896
GRID*               3739                  3758.144632657 -1464.446149626    3739
*   3739  3596.898326163
GRID*               3740                  3756.417621332 -1484.489944403    3740
*   3740  3595.235196646
GRID*               3741                  3755.025956503 -1504.109890816    3741
*   3741  3593.212104113
GRID*               3742                  3753.752491745 -1523.180984464    3742
*   3742  3591.025300889
GRID*               3743                  3754.822164878 -1545.293096836    3743
*   3743  3586.817649364
GRID*               3744                  3751.694933882 -1569.342420932    3744
*   3744  3584.567736770
GRID*               3745                  3731.679208282 -1633.883272763    3745
*   3745  3584.522194662
GRID*               3746                  3732.139938072 -1621.975058644    3746
*   3746  3586.494920983
GRID*               3747                  3717.820925064 -1645.970326270    3747
*   3747  3590.283844129
GRID*               3748                  3712.635470117 -1662.129149331    3748
*   3748  3590.164112709
GRID*               3749                  3721.687559487 -1663.370227162    3749
*   3749  3584.660405659
GRID*               3750                  3712.644963738 -1693.066172492    3750
*   3750  3584.024786173
GRID*               3751                  3713.419329282 -1681.386617418    3751
*   3751  3585.909816494
GRID*               3752                  3696.189419379 -1707.290368846    3752
*   3752  3590.680138471
GRID*               3753                  3707.788926478 -1705.345837608    3753
*   3753  3584.359638963
GRID*               3754                  3704.121639852 -1722.156590552    3754
*   3754  3583.048252243
GRID*               3755                  3735.364688230 -1605.297106019    3755
*   3755  3587.699875376
GRID*               3756                  3737.264388767 -1583.819986733    3756
*   3756  3590.466338510
GRID*               3757                  3737.974072306 -1565.472580733    3757
*   3757  3593.266238524
GRID*               3758                  3752.004798182 -1562.144460838    3758
*   3758  3585.626446732
GRID*               3759                  3771.469771821 -1403.364891497    3759
*   3759  3595.400322537
GRID*               3760                  3970.986069715  -710.346250227    3760
*   3760  3624.890958709
GRID*               3761                  3975.766423964  -711.189155659    3761
*   3761  3642.886744894
GRID*               3762                  3976.212877938  -711.267877540    3762
*   3762  3660.470092773
GRID*               3763                  3997.736039470  -715.062991628    3763
*   3763  3681.492396624
GRID*               3764                  3990.986069715  -713.872789841    3764
*   3764  3662.655716003
GRID*               3765                  4011.261808247  -717.447949598    3765
*   3765  3701.312157485
GRID*               3766                  4014.921069011  -718.093176000    3766
*   3766  3722.954156184
GRID*               3767                  4018.577162707  -718.737843963    3767
*   3767  3744.378475199
GRID*               3768                  4017.736039470  -718.589531242    3768
*   3768  3763.840706297
GRID*               3769                  4036.269999323  -721.857568424    3769
*   3769  3802.411193521
GRID*               3770                  4032.928903909  -721.268443157    3770
*   3770  3781.352840948
GRID*               3771                  4030.986069715  -720.925869070    3771
*   3771  3760.971705079
GRID*               3772                  4037.736039470  -722.116070856    3772
*   3772  3825.004541649
GRID*               3773                  4050.986069715  -724.452408684    3773
*   3773  3841.352115114
GRID*               3774                  4051.902625170  -724.614022140    3774
*   3774  3859.753590183
GRID*               3775                  4053.796808458  -724.948017760    3775
*   3775  3882.344797206
GRID*               3776                  4056.607547201  -725.443626836    3776
*   3776  3903.204998892
GRID*               3777                  4058.577162707  -725.790923191    3777
*   3777  3922.963653128
GRID*               3778                  4070.986069715  -727.978948298    3778
*   3778  3941.929696893
GRID*               3779                  4072.441565114  -728.235591407    3779
*   3779  3959.712063452
GRID*               3780                  4076.151453698  -728.889744860    3780
*   3780  3983.257929100
GRID*               3781                  4078.577162707  -729.317462806    3781
*   3781  4002.925413197
GRID*               3782                  4092.955685221  -731.852784267    3782
*   3782  4041.575871429
GRID*               3783                  4090.986069715  -731.505487912    3783
*   3783  4022.712039372
GRID*               3784                  4096.543113462  -732.485344658    3784
*   3784  4062.270051995
GRID*               3785                  4097.571762724  -732.666723276    3785
*   3785  4085.431274060
GRID*               3786                  4098.577162707  -732.844002420    3786
*   3786  4104.427028900
GRID*               3787                  4115.766423964  -735.874932958    3787
*   3787  4143.006457798
GRID*               3788                  4111.101769853  -735.052428582    3788
*   3788  4120.116468135
GRID*               3789                  4110.986069715  -735.032027526    3789
*   3789  4100.720422120
GRID*               3790                  4117.511697548  -736.182671779    3790
*   3790  4165.957181143
GRID*               3791                  4118.577162707  -736.370542034    3791
*   3791  4184.585670558
GRID*               3792                  4132.201392090  -738.772861265    3792
*   3792  4200.312983312
GRID*               3793                  4130.986069715  -738.558567140    3793
*   3793  4181.415156708
GRID*               3794                  4136.751231717  -739.575120750    3794
*   3794  4223.367908114
GRID*               3795                  4137.736039470  -739.748768927    3795
*   3795  4244.792797507
GRID*               3796                  4137.736039470  -739.748768927    3796
*   3796  4263.834421177
GRID*               3797                  4150.986069715  -742.085106755    3797
*   3797  4301.704342569
GRID*               3798                  4150.986069715  -742.085106755    3798
*   3798  4279.904630758
GRID*               3799                  4150.986069715  -742.085106755    3799
*   3799  4261.377053912
GRID*               3800                  4162.073116689  -744.040052272    3800
*   3800  4305.474533063
GRID*               3801                  4165.093306118  -744.572593156    3801
*   3801  4320.462405139
GRID*               3802                  4155.622739448  -742.902676729    3802
*   3802  4342.865248896
GRID*               3803                  4154.533858107  -742.710677570    3803
*   3803  4323.446200910
GRID*               3804                  4167.456333840  -744.989258699    3804
*   3804  4342.597250608
GRID*               3805                  4165.592932471  -744.660690762    3805
*   3805  4360.865993854
GRID*               3806                  4154.834925191  -742.763763820    3806
*   3806  4359.396583283
GRID*               3807                  4037.736039470  -722.116070856    3807
*   3807  3844.091762463
GRID*               3808                  4022.893767313  -743.908658921    3808
*   3808  3682.158208752
GRID*               3809                  4025.432657806  -765.027263364    3809
*   3809  3680.657216437
GRID*               3810                  4027.030344154  -786.458390374    3810
*   3810  3679.188048780
GRID*               3811                  4021.917010175  -823.302264699    3811
*   3811  3666.104543183
GRID*               3812                  4021.206858722  -846.006195836    3812
*   3812  3664.081776061
GRID*               3813                  4013.708196422  -844.740051515    3813
*   3813  3651.065868423
GRID*               3814                  4014.382800573  -864.400625059    3814
*   3814  3652.409953180
GRID*               3815                  4021.223671897  -867.755923218    3815
*   3815  3664.293767860
GRID*               3816                  4020.655154712  -887.686524660    3816
*   3816  3664.174090577
GRID*               3817                  4014.234398932  -884.971841388    3817
*   3817  3653.019665790
GRID*               3818                  4013.742253757  -904.939008907    3818
*   3818  3653.613759809
GRID*               3819                  4019.851048929  -907.642536186    3819
*   3819  3664.246599150
GRID*               3820                  4019.421722772  -927.912697755    3820
*   3820  3665.524838507
GRID*               3821                  4012.805490540  -924.772216967    3821
*   3821  3653.972039994
GRID*               3822                  4016.381795580  -944.712116933    3822
*   3822  3662.435656594
GRID*               3823                  4014.377982528  -964.917153801    3823
*   3823  3661.956364202
GRID*               3824                  4012.014138986  -985.282275892    3824
*   3824  3661.347160491
GRID*               3825                  4001.608310330  -987.388137524    3825
*   3825  3644.350334872
GRID*               3826                  4009.197738887 -1004.522689845    3826
*   3826  3660.191009832
GRID*               3827                  4000.413199903 -1006.394956033    3827
*   3827  3645.949892880
GRID*               3828                  3993.733846298 -1004.742237678    3828
*   3828  3634.522955741
GRID*               3829                  3995.339415185 -1022.010030878    3829
*   3829  3640.730960750
GRID*               3830                  3994.782893240 -1035.350135146    3830
*   3830  3642.715418426
GRID*               3831                  4006.742922029 -1024.953013020    3831
*   3831  3660.247057033
GRID*               3832                  4003.417532282 -1046.331766230    3832
*   3832  3659.460886176
GRID*               3833                  4001.874423588 -1063.187387819    3833
*   3833  3660.898997530
GRID*               3834                  3995.311703617 -1062.519767762    3834
*   3834  3649.939329670
GRID*               3835                  3989.837216059 -1061.520907174    3835
*   3835  3640.690411061
GRID*               3836                  3993.385427427 -1047.498283044    3836
*   3836  3643.181407534
GRID*               3837                  3983.076846362 -1045.730130062    3837
*   3837  3625.772197080
GRID*               3838                  3974.901710904 -1044.343196378    3838
*   3838  3611.971729529
GRID*               3839                  3967.829890688 -1042.330029573    3839
*   3839  3599.842799476
GRID*               3840                  3973.780013081  -981.948645749    3840
*   3840  3596.955167677
GRID*               3841                  3974.129920957 -1002.198734135    3841
*   3841  3601.451858808
GRID*               3842                  3976.863405844 -1024.214278087    3842
*   3842  3610.624495827
GRID*               3843                  3970.259103416 -1023.180705963    3843
*   3843  3599.475308094
GRID*               3844                  3985.895153104 -1003.538363441    3844
*   3844  3621.259890677
GRID*               3845                  3985.594675417 -1025.644691951    3845
*   3845  3625.380648107
GRID*               3846                  3988.117871337  -981.587054236    3846
*   3846  3620.800063983
GRID*               3847                  3978.763298762  -985.833017616    3847
*   3847  3605.979053665
GRID*               3848                  3989.279882924  -962.610782750    3848
*   3848  3619.514911605
GRID*               3849                  3980.375254108  -967.674048911    3849
*   3849  3605.444337981
GRID*               3850                  3975.359898758  -944.809266058    3850
*   3850  3593.414027308
GRID*               3851                  3974.888376025  -962.593624091    3851
*   3851  3595.415032377
GRID*               3852                  3981.944171279  -946.118426762    3852
*   3852  3604.669871309
GRID*               3853                  3993.578245961  -927.246489951    3853
*   3853  3621.735730340
GRID*               3854                  3982.970372288  -923.309588410    3854
*   3854  3603.334193322
GRID*               3855                  3984.687555644  -903.615472389    3855
*   3855  3604.083818462
GRID*               3856                  3985.174446917  -884.166157152    3856
*   3856  3603.266560703
GRID*               3857                  3985.621450225  -861.883261288    3857
*   3857  3602.798320535
GRID*               3858                  3992.861675918  -844.512168309    3858
*   3858  3614.909009239
GRID*               3859                  3993.596602066  -864.677002948    3859
*   3859  3616.621727770
GRID*               3860                  3985.460441796  -842.176256111    3860
*   3860  3602.078398566
GRID*               3861                  3985.916829547  -824.503193148    3861
*   3861  3603.065263086
GRID*               3862                  3994.729973405  -805.346514740    3862
*   3862  3619.519017918
GRID*               3863                  3994.354907402  -824.762746061    3863
*   3863  3617.783180966
GRID*               3864                  3986.079275394  -804.234398800    3864
*   3864  3604.366014560
GRID*               3865                  3985.458987074  -784.103038447    3865
*   3865  3605.254846551
GRID*               3866                  3995.869223394  -787.855495144    3866
*   3866  3623.309077675
GRID*               3867                  3994.983379826  -775.543637819    3867
*   3867  3623.500774702
GRID*               3868                  3984.218464283  -764.400144378    3868
*   3868  3606.103113720
GRID*               3869                  3987.155839726  -727.326004771    3869
*   3869  3621.465994920
GRID*               3870                  3989.035215738  -744.932451529    3870
*   3870  3619.328027739
GRID*               3871                  3993.942840210  -726.999267128    3871
*   3871  3634.282663706
GRID*               3872                  3995.282412245  -744.422593828    3872
*   3872  3630.944665866
GRID*               3873                  3994.334002443  -761.742019605    3873
*   3873  3624.907503863
GRID*               3874                  4002.191775567  -744.031893663    3874
*   3874  3643.784457456
GRID*               3875                  4004.761732737  -765.479953210    3875
*   3875  3642.999629796
GRID*               3876                  4013.418844998  -784.899600578    3876
*   3876  3655.044800980
GRID*               3877                  4005.204695685  -785.891671122    3877
*   3877  3640.212915452
GRID*               3878                  4006.727967688  -805.915396666    3878
*   3878  3640.636277138
GRID*               3879                  4014.219097700  -804.668800039    3879
*   3879  3653.993057136
GRID*               3880                  4014.781616211  -824.671875000    3880
*   3880  3653.516257115
GRID*               3881                  4007.826161413  -827.187533322    3881
*   3881  3641.231007700
GRID*               3882                  3999.112573143  -823.016576641    3882
*   3882  3626.163410916
GRID*               3883                  4007.401605072  -844.717195386    3883
*   3883  3640.116795248
GRID*               3884                  3998.053991175  -844.518790821    3884
*   3884  3623.905383023
GRID*               3885                  4007.652098861  -861.518786600    3885
*   3885  3640.729070918
GRID*               3886                  3998.998016514  -865.952488841    3886
*   3886  3625.960784784
GRID*               3887                  4007.274109532  -881.487043293    3887
*   3887  3640.897443585
GRID*               3888                  3996.428026106  -884.002081499    3888
*   3888  3622.486217740
GRID*               3889                  4006.102242881  -902.719156134    3889
*   3889  3640.415402167
GRID*               3890                  3994.667707214  -901.485259079    3890
*   3890  3620.847843128
GRID*               3891                  3994.773039741  -915.343564730    3891
*   3891  3622.394633470
GRID*               3892                  4004.661208969  -923.517062098    3892
*   3892  3640.042023500
GRID*               3893                  3995.170816556  -944.725788663    3893
*   3893  3626.711881278
GRID*               3894                  4005.033458582  -945.425316351    3894
*   3894  3643.411180234
GRID*               3895                  3995.998100678  -965.089835503    3895
*   3895  3631.168628466
GRID*               3896                  4003.499389051  -967.736048310    3896
*   3896  3644.161115552
GRID*               3897                  4015.588793826  -767.452573003    3897
*   3897  3662.196498976
GRID*               3898                  4019.496250182  -783.074189889    3898
*   3898  3666.232153168
GRID*               3899                  4020.615903796  -802.413589196    3899
*   3899  3665.560761752
GRID*               3900                  4013.288783851  -756.897746349    3900
*   3900  3660.538685045
GRID*               3901                  4014.948591443  -742.511870229    3901
*   3901  3667.873063990
GRID*               3902                  3999.331512008  -727.708153232    3902
*   3902  3644.111660721
GRID*               3903                  3994.992224238  -984.927272631    3903
*   3903  3632.869626691
GRID*               3904                  4180.988752404  -804.258016690    3904
*   3904  4359.515288403
GRID*               3905                  4188.835344592  -842.992213233    3905
*   3905  4346.154753000
GRID*               3906                  4188.778763783  -861.735823586    3906
*   3906  4345.320602843
GRID*               3907                  4187.965376308  -881.689641788    3907
*   3907  4344.947042034
GRID*               3908                  4186.644234773  -904.648041380    3908
*   3908  4344.299308480
GRID*               3909                  4185.280528604  -926.614425449    3909
*   3909  4343.088561554
GRID*               3910                  4183.419345208  -947.469052420    3910
*   3910  4342.338439126
GRID*               3911                  4181.344226052  -967.612319951    3911
*   3911  4341.606542855
GRID*               3912                  4179.623030997  -986.998658003    3912
*   3912  4340.008921394
GRID*               3913                  4174.394042989 -1024.402525885    3913
*   3913  4339.225150709
GRID*               3914                  4173.631044660 -1004.077613888    3914
*   3914  4346.067881408
GRID*               3915                  4168.144631895 -1041.505463783    3915
*   3915  4345.111303798
GRID*               3916                  4174.097764443 -1043.973641395    3916
*   3916  4334.119681021
GRID*               3917                  4173.077922683 -1063.227267651    3917
*   3917  4330.076064947
GRID*               3918                  4165.030875117 -1061.653661473    3918
*   3918  4344.395874891
GRID*               3919                  4162.164708908 -1084.785706978    3919
*   3919  4341.983281851
GRID*               3920                  4159.575378033 -1105.672036008    3920
*   3920  4339.488995853
GRID*               3921                  4164.121916064 -1122.533584439    3921
*   3921  4325.951420980
GRID*               3922                  4154.872865963 -1102.299072638    3922
*   3922  4348.662472214
GRID*               3923                  4154.886608040 -1117.272212193    3923
*   3923  4343.524017703
GRID*               3924                  4173.688688122  -984.120809858    3924
*   3924  4351.054343443
GRID*               3925                  4175.255860508  -964.321286392    3925
*   3925  4353.001359398
GRID*               3926                  4175.685041209  -805.531249600    3926
*   3926  4369.504589965
GRID*               3927                  4180.149330472  -825.057051637    3927
*   3927  4362.155773788
GRID*               3928                  4180.663108872  -847.805470477    3928
*   3928  4360.834831862
GRID*               3929                  4180.106499689  -867.714109749    3929
*   3929  4360.462688425
GRID*               3930                  4179.619073681  -886.947049075    3930
*   3930  4359.250290693
GRID*               3931                  4176.643893061  -924.624572249    3931
*   3931  4358.697670128
GRID*               3932                  4176.623503671  -945.041589336    3932
*   3932  4354.775314447
GRID*               3933                  3988.816194874 -1442.881850188    3933
*   3933  4345.595308646
GRID*               3934                  4014.684559828 -1404.061518249    3934
*   3934  4353.232107640
GRID*               3935                  4033.442478079 -1387.105640111    3935
*   3935  4342.111044399
GRID*               3936                  4022.551296381 -1402.244688962    3936
*   3936  4343.546467407
GRID*               3937                  4013.421431481 -1414.819773014    3937
*   3937  4343.874442979
GRID*               3938                  4004.901298276 -1426.055405435    3938
*   3938  4343.711666733
GRID*               3939                  3996.189108552 -1425.096437452    3939
*   3939  4357.135505011
GRID*               3940                  3996.664137472 -1437.475952717    3940
*   3940  4341.717708010
GRID*               3941                  4046.126399012 -1366.895786708    3941
*   3941  4341.436386038
GRID*               3942                  4055.584654056 -1362.105062856    3942
*   3942  4331.285938051
GRID*               3943                  4059.482125734 -1344.349931605    3943
*   3943  4340.348401426
GRID*               3944                  4074.781616211 -1324.671875000    3944
*   3944  4332.735496447
GRID*               3945                  4066.855277437 -1323.341514184    3945
*   3945  4346.022796127
GRID*               3946                  4074.876342906 -1312.233797231    3946
*   3946  4342.308775208
GRID*               3947                  4087.725018412 -1284.185429836    3947
*   3947  4343.447848722
GRID*               3948                  4078.444654904 -1301.820866215    3948
*   3948  4344.745604738
GRID*               3949                  4096.287588588 -1283.447639711    3949
*   3949  4330.593493054
GRID*               3950                  4114.196558361 -1242.674301796    3950
*   3950  4331.329095812
GRID*               3951                  4105.543246781 -1241.794922179    3951
*   3951  4345.612990210
GRID*               3952                  4100.019042987 -1263.189755673    3952
*   3952  4339.343284355
GRID*               3953                  4115.517513529 -1224.215314197    3953
*   3953  4341.798093854
GRID*               3954                  4125.044170806 -1202.477971965    3954
*   3954  4341.075903021
GRID*               3955                  4134.583098691 -1187.259046502    3955
*   3955  4335.716208671
GRID*               3956                  4133.507615213 -1202.704966412    3956
*   3956  4327.439887866
GRID*               3957                  4130.041695020 -1186.492090875    3957
*   3957  4343.464939712
GRID*               3958                  4135.443400121 -1175.769268495    3958
*   3958  4341.667081220
GRID*               3959                  4140.831124276 -1162.387172361    3959
*   3959  4341.449494385
GRID*               3960                  4152.665241311 -1145.777005927    3960
*   3960  4332.697293568
GRID*               3961                  4152.988174577 -1156.182077322    3961
*   3961  4325.783845614
GRID*               3962                  4146.345417617 -1143.489324657    3962
*   3962  4344.264155712
GRID*               3963                  4149.701050678 -1166.871781352    3963
*   3963  4324.420013066
GRID*               3964                  4141.648416166 -1184.699493602    3964
*   3964  4326.059589456
GRID*               3965                  4125.614883977 -1223.803991124    3965
*   3965  4326.048966203
GRID*               3966                  3957.030968544 -1440.241488620    3966
*   3966  4345.818157632
GRID*               3967                  3967.303731428 -1443.980468533    3967
*   3967  4339.867702116
GRID*               3968                  3976.057535922 -1447.166592805    3968
*   3968  4320.379717769
GRID*               3969                  3974.781616211 -1446.702196009    3969
*   3969  4302.720092773
GRID*               3970                  3966.262318071 -1443.601425070    3970
*   3970  4359.680947647
GRID*               3971                  3657.087497378 -2081.576474598    3971
*   3971  4329.369636260
GRID*               3972                  3663.510450966 -2065.555502275    3972
*   3972  4323.145890718
GRID*               3973                  3833.595385295 -1402.751495474    3973
*   3973  3703.838084309
GRID*               3974                  3834.614992845 -1426.849023362    3974
*   3974  3696.777643221
GRID*               3975                  3834.054033542 -1444.644433814    3975
*   3975  3692.566955578
GRID*               3976                  3831.703908767 -1462.631108563    3976
*   3976  3685.261610846
GRID*               3977                  3835.173721352 -1464.197976647    3977
*   3977  3699.259967172
GRID*               3978                  3835.275406008 -1484.531735733    3978
*   3978  3705.645242385
GRID*               3979                  3830.296090562 -1482.496854192    3979
*   3979  3685.565262007
GRID*               3980                  3827.822368781 -1503.884554576    3980
*   3980  3685.526610628
GRID*               3981                  3831.875093850 -1501.815428509    3981
*   3981  3700.024737739
GRID*               3982                  3829.816475043 -1522.006677567    3982
*   3982  3703.246750490
GRID*               3983                  3824.545070294 -1524.096788083    3983
*   3983  3684.529751159
GRID*               3984                  3820.510643724 -1544.256614344    3984
*   3984  3682.799833148
GRID*               3985                  3825.733967022 -1544.671875000    3985
*   3985  3702.720092773
GRID*               3986                  3821.087015581 -1565.934140976    3986
*   3986  3701.316275275
GRID*               3987                  3816.708419908 -1562.551230590    3987
*   3987  3682.317782331
GRID*               3988                  3827.547424319 -1563.714965992    3988
*   3988  3723.672354427
GRID*               3989                  3822.064818733 -1585.939300764    3989
*   3989  3721.464999856
GRID*               3990                  3817.951884032 -1583.412951195    3990
*   3990  3704.066950745
GRID*               3991                  3828.856484327 -1583.937960942    3991
*   3991  3744.939336661
GRID*               3992                  3822.691012549 -1605.934303809    3992
*   3992  3741.489218215
GRID*               3993                  3818.591571908 -1603.422680075    3993
*   3993  3724.095260115
GRID*               3994                  3815.399837677 -1624.904547305    3994
*   3994  3732.590276960
GRID*               3995                  3815.405822241 -1614.683097399    3995
*   3995  3722.825474349
GRID*               3996                  3818.804380066 -1623.648466352    3996
*   3996  3743.849622072
GRID*               3997                  3815.244424609 -1645.057313037    3997
*   3997  3752.069475113
GRID*               3998                  3815.257231318 -1635.394061835    3998
*   3998  3742.382530020
GRID*               3999                  3823.022212141 -1625.930278641    3999
*   3999  3761.509288623
GRID*               4000                  3818.881464391 -1643.579770096    4000
*   4000  3763.832015930
GRID*               4001                  3830.045566327 -1603.135140498    4001
*   4001  3766.062728209
GRID*               4002                  3829.153146571 -1624.918962208    4002
*   4002  3783.012206580
GRID*               4003                  3834.589691349 -1624.671875000    4003
*   4003  3802.720092773
GRID*               4004                  3829.112811535 -1644.944351488    4004
*   4004  3802.540522621
GRID*               4005                  3823.075848169 -1645.925302314    4005
*   4005  3781.506477031
GRID*               4006                  3834.715338603 -1644.671875000    4006
*   4006  3822.720092773
GRID*               4007                  3828.932204955 -1664.946080339    4007
*   4007  3822.471371570
GRID*               4008                  3822.872757706 -1665.919496859    4008
*   4008  3801.489739199
GRID*               4009                  3814.786208757 -1684.837935366    4009
*   4009  3792.647172777
GRID*               4010                  3815.101116734 -1674.718104133    4010
*   4010  3782.725964377
GRID*               4011                  3818.775599544 -1663.426713499    4011
*   4011  3783.976375244
GRID*               4012                  3818.352854851 -1683.433506046    4012
*   4012  3803.996819153
GRID*               4013                  3814.567212379 -1704.379552889    4013
*   4013  3813.786930750
GRID*               4014                  3814.433109109 -1695.016563864    4014
*   4014  3802.703872119
GRID*               4015                  3822.443672341 -1685.917223039    4015
*   4015  3821.518908514
GRID*               4016                  3817.763673150 -1703.274189617    4016
*   4016  3824.040618735
GRID*               4017                  3814.112097746 -1723.552699432    4017
*   4017  3834.363439550
GRID*               4018                  3814.183149987 -1713.708354871    4018
*   4018  3823.129366367
GRID*               4019                  3821.380359719 -1706.517303755    4019
*   4019  3840.758897644
GRID*               4020                  3817.122170939 -1722.797937771    4020
*   4020  3844.279361599
GRID*               4021                  3814.781616211 -1744.671875000    4021
*   4021  3861.976478453
GRID*               4022                  3814.230019378 -1731.295633123    4022
*   4022  3843.943164700
GRID*               4023                  3820.649141079 -1724.691407489    4023
*   4023  3859.159244186
GRID*               4024                  3814.683804038 -1759.899253378    4024
*   4024  3880.270237807
GRID*               4025                  3820.582909743 -1744.671875000    4025
*   4025  3882.720092773
GRID*               4026                  3831.705291352 -1726.533121168    4026
*   4026  3901.004281536
GRID*               4027                  3828.234327153 -1722.785945326    4027
*   4027  3884.164532585
GRID*               4028                  3826.572291442 -1743.955504653    4028
*   4028  3903.281685489
GRID*               4029                  3830.875875037 -1746.027884453    4029
*   4029  3921.174249096
GRID*               4030                  3825.969923220 -1762.617924083    4030
*   4030  3923.879578532
GRID*               4031                  3820.053275958 -1762.042202231    4031
*   4031  3902.067709546
GRID*               4032                  3808.858157492 -1762.053835637    4032
*   4032  3862.175831272
GRID*               4033                  3794.344696711 -1754.406273337    4033
*   4033  3800.951971359
GRID*               4034                  3795.430257078 -1744.368613936    4034
*   4034  3792.464820592
GRID*               4035                  3799.601528919 -1742.286378247    4035
*   4035  3804.824701301
GRID*               4036                  3809.319628499 -1726.632388267    4036
*   4036  3820.809395774
GRID*               4037                  3804.960370925 -1724.629975504    4037
*   4037  3802.810062683
GRID*               4038                  3804.066769718 -1744.649844575    4038
*   4038  3823.656264907
GRID*               4039                  3795.371642462 -1736.053567594    4039
*   4039  3782.144159496
GRID*               4040                  3800.322501024 -1722.418694850    4040
*   4040  3783.565001763
GRID*               4041                  3796.201376319 -1722.512106124    4041
*   4041  3768.900964093
GRID*               4042                  3806.468950896 -1703.459606680    4042
*   4042  3783.580729359
GRID*               4043                  3800.284903592 -1704.671875000    4043
*   4043  3762.720092773
GRID*               4044                  3794.881836401 -1703.314270245    4044
*   4044  3741.722239514
GRID*               4045                  3807.285440521 -1683.433764101    4045
*   4045  3763.988031863
GRID*               4046                  3800.999120130 -1684.879364313    4046
*   4046  3742.884132951
GRID*               4047                  3807.755970836 -1663.427487570    4047
*   4047  3743.974971586
GRID*               4048                  3800.546484851 -1666.569481966    4048
*   4048  3721.195201003
GRID*               4049                  3794.029195221 -1683.774091220    4049
*   4049  3716.487954567
GRID*               4050                  3795.686281241 -1687.328520714    4050
*   4050  3726.444712563
GRID*               4051                  3789.665943700 -1686.719716383    4051
*   4051  3704.043867963
GRID*               4052                  3789.545680694 -1702.319961982    4052
*   4052  3721.384762654
GRID*               4053                  3782.747044482 -1706.508827642    4053
*   4053  3701.809608856
GRID*               4054                  3774.561892712 -1724.369624970    4054
*   4054  3693.615837105
GRID*               4055                  3774.849995363 -1714.621869286    4055
*   4055  3683.011347246
GRID*               4056                  3778.760511125 -1702.040639607    4056
*   4056  3682.289916699
GRID*               4057                  3777.936404934 -1723.132050629    4057
*   4057  3704.208970021
GRID*               4058                  3773.887025079 -1744.446337233    4058
*   4058  3715.680766677
GRID*               4059                  3774.245574586 -1733.315704914    4059
*   4059  3703.307660781
GRID*               4060                  3781.492872896 -1726.526752745    4060
*   4060  3721.011793486
GRID*               4061                  3776.259010330 -1745.907971491    4061
*   4061  3725.946484104
GRID*               4062                  3781.447830410 -1744.515760516    4062
*   4062  3742.736315050
GRID*               4063                  3788.580397180 -1724.066980421    4063
*   4063  3743.442304021
GRID*               4064                  3788.015275410 -1743.943171049    4064
*   4064  3765.470077138
GRID*               4065                  3791.414276937 -1746.495658066    4065
*   4065  3780.735535442
GRID*               4066                  3770.405156282 -1744.349165276    4066
*   4066  3703.144476019
GRID*               4067                  3765.598911770 -1742.794622452    4067
*   4067  3684.083385637
GRID*               4068                  3771.035920412 -1725.395100868    4068
*   4068  3682.235398505
GRID*               4069                  3785.841031450 -1682.300977809    4069
*   4069  3685.287752115
GRID*               4070                  3790.493111445 -1664.671875000    4070
*   4070  3682.720092773
GRID*               4071                  3794.179321908 -1663.253901020    4071
*   4071  3694.550541236
GRID*               4072                  3793.965780814 -1652.636183707    4072
*   4072  3682.482344993
GRID*               4073                  3796.587446238 -1642.158649037    4073
*   4073  3681.122770764
GRID*               4074                  3807.992490185 -1623.422873161    4074
*   4074  3704.022088411
GRID*               4075                  3802.128505218 -1624.407461300    4075
*   4075  3683.519753344
GRID*               4076                  3800.731642281 -1646.533010160    4076
*   4076  3700.719525499
GRID*               4077                  3808.024870198 -1603.157138698    4077
*   4077  3684.938331524
GRID*               4078                  3814.925423544 -1584.097671756    4078
*   4078  3693.442001906
GRID*               4079                  3814.954981076 -1594.818735967    4079
*   4079  3702.931611889
GRID*               4080                  3811.895953754 -1584.671875000    4080
*   4080  3682.720092773
GRID*               4081                  3811.836364365 -1605.936762018    4081
*   4081  3701.530374946
GRID*               4082                  3814.254344166 -1574.664837518    4082
*   4082  3682.984433250
GRID*               4083                  3815.204173489 -1604.706031649    4083
*   4083  3712.792470090
GRID*               4084                  3812.090117421 -1625.925124447    4084
*   4084  3721.463621372
GRID*               4085                  3807.993697903 -1643.423120911    4085
*   4085  3723.974627718
GRID*               4086                  3796.939221921 -1662.444080628    4086
*   4086  3703.688057367
GRID*               4087                  3794.276433283 -1671.511071719    4087
*   4087  3703.845851682
GRID*               4088                  3811.932173173 -1646.237584309    4088
*   4088  3741.203613418
GRID*               4089                  3811.866697667 -1665.924073382    4089
*   4089  3761.550132168
GRID*               4090                  3815.310474573 -1664.714463379    4090
*   4090  3772.759330806
GRID*               4091                  3815.442678794 -1654.709188725    4091
*   4091  3762.725723559
GRID*               4092                  3811.383704237 -1685.918647409    4092
*   4092  3781.546246788
GRID*               4093                  3809.396948434 -1746.297854800    4093
*   4093  3844.706974001
GRID*               4094                  3830.620818119 -1765.103617716    4094
*   4094  3943.537254229
GRID*               4095                  3834.427159471 -1753.157419263    4095
*   4095  3942.493608238
GRID*               4096                  3834.221925521 -1744.945274871    4096
*   4096  3931.846618141
GRID*               4097                  3837.359587963 -1744.565308789    4097
*   4097  3942.622919755
GRID*               4098                  3842.969187483 -1726.471368026    4098
*   4098  3941.388197462
GRID*               4099                  3849.378222655 -1707.256825610    4099
*   4099  3942.508314639
GRID*               4100                  3844.778540219 -1704.553616610    4100
*   4100  3922.881737634
GRID*               4101                  3839.500866787 -1722.655628133    4101
*   4101  3924.497132388
GRID*               4102                  3835.204070715 -1725.027414940    4102
*   4102  3911.811428558
GRID*               4103                  3835.084958959 -1734.488899172    4103
*   4103  3922.485015232
GRID*               4104                  3850.027203414 -1685.673616449    4104
*   4104  3921.093002423
GRID*               4105                  3846.071452324 -1683.465458275    4105
*   4105  3904.377953485
GRID*               4106                  3840.489778225 -1702.260228249    4106
*   4106  3904.837733185
GRID*               4107                  3836.157483053 -1703.512509827    4107
*   4107  3890.612273251
GRID*               4108                  3835.431017365 -1716.009823576    4108
*   4108  3902.197463389
GRID*               4109                  3833.162053599 -1702.805004036    4109
*   4109  3879.012913252
GRID*               4110                  3839.960704324 -1684.594117828    4110
*   4110  3883.460713168
GRID*               4111                  3846.624794417 -1662.798247970    4111
*   4111  3884.576477703
GRID*               4112                  3840.212594137 -1664.453976619    4112
*   4112  3862.962362555
GRID*               4113                  3834.593623842 -1664.663250107    4113
*   4113  3842.749786755
GRID*               4114                  3846.342812304 -1643.418793610    4114
*   4114  3863.961022215
GRID*               4115                  3840.325501863 -1644.486077290    4115
*   4115  3843.026447946
GRID*               4116                  3846.720632645 -1622.234330000    4116
*   4116  3844.974768886
GRID*               4117                  3840.038622917 -1624.671875000    4117
*   4117  3822.720092773
GRID*               4118                  3844.962753284 -1604.641888334    4118
*   4118  3822.468028578
GRID*               4119                  3839.472966659 -1604.309276378    4119
*   4119  3801.902685370
GRID*               4120                  3834.268039565 -1607.370879929    4120
*   4120  3785.456010427
GRID*               4121                  3835.565459533 -1599.618185178    4121
*   4121  3783.308696158
GRID*               4122                  3844.011956111 -1585.186843802    4122
*   4122  3802.236698055
GRID*               4123                  3839.093846658 -1584.861578666    4123
*   4123  3783.703496653
GRID*               4124                  3835.502970679 -1585.887311145    4124
*   4124  3771.236463837
GRID*               4125                  3835.224725187 -1576.136474119    4125
*   4125  3762.148632573
GRID*               4126                  3842.267423935 -1566.593693574    4126
*   4126  3780.872799527
GRID*               4127                  3838.191683663 -1564.076843698    4127
*   4127  3763.712065142
GRID*               4128                  3835.195065204 -1564.457281944    4128
*   4128  3752.806468671
GRID*               4129                  3834.609516720 -1554.124231354    4129
*   4129  3742.848610718
GRID*               4130                  3841.111311951 -1545.959536363    4130
*   4130  3761.461462653
GRID*               4131                  3837.159024625 -1543.090660694    4131
*   4131  3744.604821727
GRID*               4132                  3834.381341814 -1542.707989137    4132
*   4132  3733.880655322
GRID*               4133                  3839.616841277 -1527.479850623    4133
*   4133  3743.762711879
GRID*               4134                  3847.841374976 -1504.671875000    4134
*   4134  3762.720092773
GRID*               4135                  3842.391551809 -1505.323962903    4135
*   4135  3742.103012868
GRID*               4136                  3844.993992026 -1524.929428782    4136
*   4136  3762.649974184
GRID*               4137                  3844.805819738 -1484.671875000    4137
*   4137  3742.720092773
GRID*               4138                  3839.613239307 -1486.868783768    4138
*   4138  3723.350682902
GRID*               4139                  3837.953377156 -1504.507600034    4139
*   4139  3724.672014999
GRID*               4140                  3834.930743871 -1504.275394328    4140
*   4140  3712.964038553
GRID*               4141                  3835.025332136 -1522.730312795    4141
*   4141  3723.463014709
GRID*               4142                  3846.165247141 -1464.671875000    4142
*   4142  3742.720092773
GRID*               4143                  3840.884670996 -1465.328566641    4143
*   4143  3722.000720614
GRID*               4144                  3841.800139446 -1444.676875728    4144
*   4144  3723.693893852
GRID*               4145                  3837.309853581 -1444.719785862    4145
*   4145  3705.638371771
GRID*               4146                  3845.603093711 -1424.803061674    4146
*   4146  3742.674017271
GRID*               4147                  3840.251004596 -1423.808765441    4147
*   4147  3720.858213419
GRID*               4148                  3846.398331083 -1444.702382566    4148
*   4148  3742.216661680
GRID*               4149                  3834.877904067 -1413.275689588    4149
*   4149  3702.800527718
GRID*               4150                  3838.524837649 -1404.649785870    4150
*   4150  3723.557929960
GRID*               4151                  3843.345544035 -1405.769209914    4151
*   4151  3743.393637645
GRID*               4152                  3848.060299697 -1407.518730654    4152
*   4152  3762.303070484
GRID*               4153                  3854.189233880 -1417.598117774    4153
*   4153  3781.783894455
GRID*               4154                  3850.770657594 -1425.379256961    4154
*   4154  3763.894190358
GRID*               4155                  3864.824466942 -1424.073161186    4155
*   4155  3823.118929125
GRID*               4156                  3859.047197160 -1421.905251102    4156
*   4156  3799.949640604
GRID*               4157                  3855.378251007 -1427.484415504    4157
*   4157  3782.241884133
GRID*               4158                  3861.493577926 -1443.996902440    4158
*   4158  3803.372183691
GRID*               4159                  3857.141730023 -1445.997283141    4159
*   4159  3785.523990182
GRID*               4160                  3854.055289329 -1444.860353779    4160
*   4160  3773.129705815
GRID*               4161                  3854.177784638 -1464.524995740    4161
*   4161  3774.401992539
GRID*               4162                  3857.112898421 -1466.519113722    4162
*   4162  3786.330175737
GRID*               4163                  3861.311294616 -1464.671875000    4163
*   4163  3802.720092773
GRID*               4164                  3859.968357842 -1486.060604369    4164
*   4164  3802.238773478
GRID*               4165                  3855.136877406 -1484.674544719    4165
*   4165  3782.953921542
GRID*               4166                  3855.679587056 -1504.328615765    4166
*   4166  3792.715178827
GRID*               4167                  3852.445665476 -1502.747281185    4167
*   4167  3779.544327225
GRID*               4168                  3850.492210464 -1524.890804365    4168
*   4168  3783.538566882
GRID*               4169                  3854.138256727 -1532.414045265    4169
*   4169  3801.867237343
GRID*               4170                  3851.930655216 -1545.218670172    4170
*   4170  3801.725829817
GRID*               4171                  3847.492604326 -1544.350272118    4171
*   4171  3784.404876397
GRID*               4172                  3854.918222003 -1544.759065104    4172
*   4172  3812.690815122
GRID*               4173                  3855.500190127 -1557.281604629    4173
*   4173  3823.527419283
GRID*               4174                  3853.621078041 -1567.474093395    4174
*   4174  3823.989664487
GRID*               4175                  3849.521666483 -1562.798726227    4175
*   4175  3805.135843047
GRID*               4176                  3849.354172666 -1584.733051710    4176
*   4176  3821.711692908
GRID*               4177                  3854.883611664 -1584.703713260    4177
*   4177  3842.247448466
GRID*               4178                  3864.519208129 -1564.671875000    4178
*   4178  3862.720092773
GRID*               4179                  3859.014212809 -1564.423360150    4179
*   4179  3841.901255807
GRID*               4180                  3859.980668789 -1586.657922873    4180
*   4180  3862.798297343
GRID*               4181                  3865.453608977 -1585.197820458    4181
*   4181  3881.983370027
GRID*               4182                  3860.290520381 -1606.566076007    4182
*   4182  3880.801499310
GRID*               4183                  3856.815094387 -1602.777713465    4183
*   4183  3864.640853393
GRID*               4184                  3854.211155689 -1602.873983741    4184
*   4184  3855.092473844
GRID*               4185                  3854.365996333 -1611.871434701    4185
*   4185  3863.631346607
GRID*               4186                  3867.440702963 -1603.084051558    4186
*   4186  3904.237329901
GRID*               4187                  3861.064220008 -1626.087096070    4187
*   4187  3901.304101816
GRID*               4188                  3857.003192861 -1623.404698615    4188
*   4188  3883.875904543
GRID*               4189                  3854.126512867 -1623.913265542    4189
*   4189  3873.768886681
GRID*               4190                  3854.262145073 -1633.571426639    4190
*   4190  3883.386001047
GRID*               4191                  3854.126564050 -1644.165221282    4191
*   4191  3893.164560028
GRID*               4192                  3857.281134991 -1643.419183160    4192
*   4192  3903.975792151
GRID*               4193                  3854.270682252 -1664.137623626    4193
*   4193  3913.794486823
GRID*               4194                  3854.011521387 -1653.999785314    4194
*   4194  3902.528430348
GRID*               4195                  3861.369499623 -1645.917457798    4195
*   4195  3921.384634795
GRID*               4196                  3857.556141326 -1662.777860064    4196
*   4196  3924.365516170
GRID*               4197                  3854.319825858 -1683.347742840    4197
*   4197  3934.152623536
GRID*               4198                  3854.229600077 -1673.470452900    4198
*   4198  3923.349606173
GRID*               4199                  3861.447700171 -1664.959081961    4199
*   4199  3940.777906690
GRID*               4200                  3854.034410640 -1692.372384866    4200
*   4200  3942.868608231
GRID*               4201                  3867.296765272 -1644.648833711    4201
*   4201  3941.842770631
GRID*               4202                  3872.394619157 -1627.120799707    4202
*   4202  3943.944664144
GRID*               4203                  3874.571049392 -1604.998257846    4203
*   4203  3932.289258271
GRID*               4204                  3874.957089013 -1614.605440734    4204
*   4204  3942.082469555
GRID*               4205                  3871.567613732 -1605.614374144    4205
*   4205  3921.695746054
GRID*               4206                  3867.896401863 -1623.412447769    4206
*   4206  3923.975060726
GRID*               4207                  3877.636635616 -1603.633640464    4207
*   4207  3942.485752873
GRID*               4208                  3880.706011569 -1586.606275335    4208
*   4208  3939.937060604
GRID*               4209                  3885.248535998 -1565.258578252    4209
*   4209  3940.975566678
GRID*               4210                  3880.072339318 -1566.649718132    4210
*   4210  3922.514953669
GRID*               4211                  3877.107143352 -1583.396830005    4211
*   4211  3923.989934261
GRID*               4212                  3874.394489053 -1582.863767214    4212
*   4212  3913.451825471
GRID*               4213                  3874.419930345 -1594.292651223    4213
*   4213  3922.736348449
GRID*               4214                  3870.831676626 -1582.914573391    4214
*   4214  3900.203894847
GRID*               4215                  3875.178515757 -1564.671875000    4215
*   4215  3902.720092773
GRID*               4216                  3875.483768035 -1546.262974927    4216
*   4216  3891.386792493
GRID*               4217                  3879.109063924 -1546.437777549    4217
*   4217  3905.218743020
GRID*               4218                  3887.143643395 -1525.017646725    4218
*   4218  3923.531047364
GRID*               4219                  3881.426687960 -1525.479574154    4219
*   4219  3901.884160934
GRID*               4220                  3884.019605307 -1544.671875000    4220
*   4220  3922.720092773
GRID*               4221                  3884.210599676 -1504.073098991    4221
*   4221  3902.827292352
GRID*               4222                  3878.717943244 -1506.061904009    4222
*   4222  3882.356512680
GRID*               4223                  3877.204463179 -1523.435146694    4223
*   4223  3884.662433081
GRID*               4224                  3874.300268008 -1523.441870828    4224
*   4224  3873.555879563
GRID*               4225                  3875.035416644 -1534.944825697    4225
*   4225  3882.758620894
GRID*               4226                  3871.023372398 -1523.135442096    4226
*   4226  3860.864367295
GRID*               4227                  3872.800212821 -1545.923488412    4227
*   4227  3881.017016160
GRID*               4228                  3868.875050947 -1543.817235043    4228
*   4228  3864.819982709
GRID*               4229                  3865.956927699 -1525.270461338    4229
*   4229  3842.673906407
GRID*               4230                  3862.385417040 -1545.021240003    4230
*   4230  3841.060658810
GRID*               4231                  3859.932697112 -1526.581865141    4231
*   4231  3820.448514728
GRID*               4232                  3857.940297837 -1544.172115453    4232
*   4232  3823.712741363
GRID*               4233                  3863.426214042 -1504.671875000    4233
*   4233  3822.720092773
GRID*               4234                  3858.662972754 -1506.159025117    4234
*   4234  3805.036703162
GRID*               4235                  3855.748253174 -1521.874564231    4235
*   4235  3801.852146150
GRID*               4236                  3870.432249664 -1484.671875000    4236
*   4236  3842.720092773
GRID*               4237                  3865.113421406 -1485.163507231    4237
*   4237  3822.052914399
GRID*               4238                  3869.010566388 -1504.266361432    4238
*   4238  3844.096368219
GRID*               4239                  3875.109472960 -1481.954654109    4239
*   4239  3860.366935597
GRID*               4240                  3874.718864652 -1494.616716193    4240
*   4240  3862.527788016
GRID*               4241                  3873.698738327 -1507.488332604    4241
*   4241  3863.573152667
GRID*               4242                  3881.626793724 -1464.670921823    4242
*   4242  3883.694066374
GRID*               4243                  3877.324311419 -1464.516386352    4243
*   4243  3866.485920254
GRID*               4244                  3879.838531900 -1485.983310340    4244
*   4244  3879.932269741
GRID*               4245                  3875.181122338 -1445.021751365    4245
*   4245  3858.965442602
GRID*               4246                  3874.051974367 -1464.606958852    4246
*   4246  3853.427772592
GRID*               4247                  3879.221283396 -1423.529907971    4247
*   4247  3884.207390174
GRID*               4248                  3880.838308819 -1444.274217618    4248
*   4248  3882.271634862
GRID*               4249                  3884.004116289 -1426.249180156    4249
*   4249  3902.807122972
GRID*               4250                  3889.022882284 -1426.321141792    4250
*   4250  3924.070822494
GRID*               4251                  3892.644479717 -1425.328470450    4251
*   4251  3940.193626208
GRID*               4252                  3895.190330870 -1426.222668844    4252
*   4252  3950.441071524
GRID*               4253                  3896.818447980 -1464.931618923    4253
*   4253  3944.646052369
GRID*               4254                  3896.924001878 -1482.725483961    4254
*   4254  3946.497000658
GRID*               4255                  3895.213601598 -1498.105014426    4255
*   4255  3943.539770404
GRID*               4256                  3894.202988864 -1482.443580152    4256
*   4256  3935.694194727
GRID*               4257                  3890.693168606 -1482.533596476    4257
*   4257  3921.853148137
GRID*               4258                  3894.261350960 -1507.453408738    4258
*   4258  3943.085202276
GRID*               4259                  3890.325663773 -1502.644343499    4259
*   4259  3926.027453084
GRID*               4260                  3890.880820709 -1464.544930371    4260
*   4260  3920.782696681
GRID*               4261                  3886.378129600 -1464.671875000    4261
*   4261  3902.720092773
GRID*               4262                  3885.721975136 -1484.671875000    4262
*   4262  3902.720092773
GRID*               4263                  3895.146583836 -1447.579051648    4263
*   4263  3940.204305845
GRID*               4264                  3894.055046047 -1464.656921173    4264
*   4264  3933.536167029
GRID*               4265                  3890.705143852 -1444.671875000    4265
*   4265  3922.720092773
GRID*               4266                  3894.501330929 -1435.893782637    4266
*   4266  3941.804908331
GRID*               4267                  3885.787688639 -1444.570663584    4267
*   4267  3902.515183268
GRID*               4268                  3894.311382670 -1522.680364015    4268
*   4268  3949.869228917
GRID*               4269                  3891.515354063 -1522.594656683    4269
*   4269  3939.090534085
GRID*               4270                  3889.926709161 -1542.032726071    4270
*   4270  3943.545983133
GRID*               4271                  3874.578431865 -1425.046171289    4271
*   4271  3863.653243364
GRID*               4272                  3869.728215280 -1425.443027491    4272
*   4272  3843.022031168
GRID*               4273                  3871.092218000 -1446.706689921    4273
*   4273  3842.026142143
GRID*               4274                  3870.872123420 -1464.784136037    4274
*   4274  3840.763737183
GRID*               4275                  3866.256846347 -1444.901421718    4275
*   4275  3822.613315357
GRID*               4276                  3866.342821346 -1464.671875000    4276
*   4276  3822.720092773
GRID*               4277                  3870.264980433 -1562.501104567    4277
*   4277  3882.713371967
GRID*               4278                  3850.378426245 -1603.901592272    4278
*   4278  3841.822171482
GRID*               4279                  3850.995020898 -1444.634588520    4279
*   4279  3760.774493509
GRID*               4280                  3851.036571902 -1462.509056859    4280
*   4280  3761.661968212
GRID*               4281                  3850.216850764 -1483.296329124    4281
*   4281  3763.327477846
GRID*               4282                  3830.759540067 -1542.733437046    4282
*   4282  3720.262859672
GRID*               4283                  3831.820818640 -1565.939438879    4283
*   4283  3741.355491093
GRID*               4284                  3832.865171181 -1586.529303637    4284
*   4284  3761.994879971
GRID*               4285                  3850.645993446 -1624.678481747    4285
*   4285  3861.689347648
GRID*               4286                  3850.686355487 -1645.429898531    4286
*   4286  3881.830274020
GRID*               4287                  3850.729459256 -1665.296271038    4287
*   4287  3902.099102786
GRID*               4288                  3834.206551378 -1684.617732132    4288
*   4288  3862.652720162
GRID*               4289                  3828.528399901 -1684.936123713    4289
*   4289  3842.451039871
GRID*               4290                  3827.745948150 -1705.237921227    4290
*   4290  3862.235148222
GRID*               4291                  3810.190542431 -1706.951908894    4291
*   4291  3800.977997566
GRID*               4292                  3675.223681128 -2093.515526595    4292
*   4292  4320.875637883
GRID*               4293                  3676.123990933 -2101.872134628    4293
*   4293  4308.305891898
GRID*               4294                  3691.257578425 -2088.937326209    4294
*   4294  4305.675213699
GRID*               4295                  3684.025807677 -2084.298354249    4295
*   4295  4321.649611843
GRID*               4296                  3564.637499243 -2023.056915505    4296
*   4296  3705.503825670
GRID*               4297                  3573.365026454 -2015.354042464    4297
*   4297  3705.584322061
GRID*               4298                  3583.561756963 -2005.104744151    4298
*   4298  3703.600242864
GRID*               4299                  3595.102537224 -1994.493402903    4299
*   4299  3706.372016591
GRID*               4300                  3603.744481900 -1984.536165560    4300
*   4300  3703.950241243
GRID*               4301                  3613.210801020 -1973.761720703    4301
*   4301  3702.959251232
GRID*               4302                  3622.882717244 -1962.524387844    4302
*   4302  3702.546259232
GRID*               4303                  3636.546210697 -1942.504942307    4303
*   4303  3693.364728785
GRID*               4304                  3655.860477042 -1914.940492159    4304
*   4304  3686.426795335
GRID*               4305                  3651.845744290 -1926.851350115    4305
*   4305  3702.455842042
GRID*               4306                  3653.717014275 -1932.756818047    4306
*   4306  3722.701922665
GRID*               4307                  3644.840605123 -1944.296614528    4307
*   4307  3723.600386679
GRID*               4308                  3639.160745803 -1944.462144268    4308
*   4308  3706.389263269
GRID*               4309                  3635.714600132 -1955.207603508    4309
*   4309  3723.004389990
GRID*               4310                  3648.371789444 -1946.319410805    4310
*   4310  3739.629263164
GRID*               4311                  3655.495094403 -1943.339375959    4311
*   4311  3754.332746931
GRID*               4312                  3670.925626771 -1925.516455457    4312
*   4312  3759.103205659
GRID*               4313                  3664.436593822 -1926.799159096    4313
*   4313  3741.808159605
GRID*               4314                  3659.170591346 -1943.551315508    4314
*   4314  3766.299738523
GRID*               4315                  3656.134114628 -1954.530147676    4315
*   4315  3784.360867904
GRID*               4316                  3665.492556265 -1943.526505245    4316
*   4316  3785.932623570
GRID*               4317                  3674.856981518 -1937.946802804    4317
*   4317  3801.486553820
GRID*               4318                  3673.604109894 -1932.244537032    4318
*   4318  3783.717848428
GRID*               4319                  3668.320179578 -1946.885757707    4319
*   4319  3803.055679875
GRID*               4320                  3661.981656121 -1962.520460442    4320
*   4320  3822.742544270
GRID*               4321                  3654.676755305 -1977.719903523    4321
*   4321  3839.765032179
GRID*               4322                  3655.014691466 -1971.701765777    4322
*   4322  3825.006254368
GRID*               4323                  3664.913830330 -1966.835275871    4323
*   4323  3842.837134194
GRID*               4324                  3674.998140262 -1954.472860883    4324
*   4324  3842.713273121
GRID*               4325                  3672.680753602 -1966.506262551    4325
*   4325  3865.944957794
GRID*               4326                  3674.594818031 -1971.217050847    4326
*   4326  3883.922891087
GRID*               4327                  3664.511815473 -1982.529284232    4327
*   4327  3882.513488419
GRID*               4328                  3657.073581238 -1982.375727436    4328
*   4328  3859.416050387
GRID*               4329                  3653.254387480 -1994.671149802    4329
*   4329  3881.001295642
GRID*               4330                  3643.365379419 -2004.909570757    4330
*   4330  3879.786713408
GRID*               4331                  3639.927166837 -2002.640325855    4331
*   4331  3863.102974211
GRID*               4332                  3633.324427101 -2005.843432473    4332
*   4332  3852.517344636
GRID*               4333                  3633.269493736 -2010.112804853    4333
*   4333  3864.643253816
GRID*               4334                  3636.264454760 -2014.144717598    4334
*   4334  3885.221991122
GRID*               4335                  3625.032198510 -2024.594317833    4335
*   4335  3883.454509239
GRID*               4336                  3616.076157761 -2023.010688946    4336
*   4336  3852.609730919
GRID*               4337                  3614.001686297 -2029.460983635    4337
*   4337  3866.633777103
GRID*               4338                  3613.026173532 -2035.908765854    4338
*   4338  3884.355258057
GRID*               4339                  3610.778322746 -2043.568832354    4339
*   4339  3903.111089550
GRID*               4340                  3624.571479999 -2043.735637930    4340
*   4340  3942.483276072
GRID*               4341                  3618.123026279 -2042.804429715    4341
*   4341  3921.226426056
GRID*               4342                  3636.376888249 -2038.874442907    4342
*   4342  3960.491472335
GRID*               4343                  3655.017932165 -2021.008802654    4343
*   4343  3960.649237073
GRID*               4344                  3655.490076137 -2014.763508892    4344
*   4344  3943.978620797
GRID*               4345                  3645.023324065 -2025.983690198    4345
*   4345  3945.961030486
GRID*               4346                  3635.520076062 -2033.076326909    4346
*   4346  3939.903702656
GRID*               4347                  3633.127302548 -2030.319027888    4347
*   4347  3924.472810348
GRID*               4348                  3641.039962118 -2022.923448992    4348
*   4348  3925.155715986
GRID*               4349                  3653.042014497 -2006.309941019    4349
*   4349  3912.662772586
GRID*               4350                  3633.965980743 -2025.697549444    4350
*   4350  3912.806562713
GRID*               4351                  3635.585894871 -2019.936858937    4351
*   4351  3900.273596112
GRID*               4352                  3650.228354901 -2004.448729430    4352
*   4352  3899.009669610
GRID*               4353                  3667.534484106 -1986.835214448    4353
*   4353  3903.163127769
GRID*               4354                  3660.526961673 -2002.991197417    4354
*   4354  3925.841091026
GRID*               4355                  3674.477446916 -1993.621270176    4355
*   4355  3942.438889420
GRID*               4356                  3684.265306593 -1982.566217426    4356
*   4356  3943.047833199
GRID*               4357                  3677.695916009 -1982.555895302    4357
*   4357  3922.892490223
GRID*               4358                  3693.729583642 -1966.588660497    4358
*   4358  3931.242929247
GRID*               4359                  3694.914312379 -1971.050784917    4359
*   4359  3946.200776229
GRID*               4360                  3691.294393630 -1964.739304121    4360
*   4360  3919.036382494
GRID*               4361                  3695.285378693 -1976.030943884    4361
*   4361  3960.044488131
GRID*               4362                  3704.648358534 -1964.137275031    4362
*   4362  3958.974624895
GRID*               4363                  3700.681938410 -1962.478788662    4363
*   4363  3942.509202732
GRID*               4364                  3713.460017026 -1947.015610022    4364
*   4364  3944.422223694
GRID*               4365                  3728.122462609 -1926.924798085    4365
*   4365  3942.857309327
GRID*               4366                  3736.409867003 -1915.508945144    4366
*   4366  3942.713186173
GRID*               4367                  3725.239684262 -1922.491149239    4367
*   4367  3923.386755535
GRID*               4368                  3716.222902551 -1934.671464684    4368
*   4368  3923.520764039
GRID*               4369                  3718.794742525 -1923.938791145    4369
*   4369  3906.352754507
GRID*               4370                  3715.423338038 -1923.258299050    4370
*   4370  3894.091629164
GRID*               4371                  3715.886752901 -1917.339533817    4371
*   4371  3881.762654277
GRID*               4372                  3729.584372950 -1905.947514728    4372
*   4372  3899.124619461
GRID*               4373                  3723.755377314 -1905.672493672    4373
*   4373  3879.922658854
GRID*               4374                  3940.656410554 -1051.803431442    4374
*   4374  3587.301071310
GRID*               4375                  3733.067717026 -1893.533185727    4375
*   4375  3882.217336310
GRID*               4376                  3733.412147857 -1884.302910085    4376
*   4376  3862.747726827
GRID*               4377                  3720.776183096 -1902.443318440    4377
*   4377  3863.071520755
GRID*               4378                  3714.263298235 -1906.569003580    4378
*   4378  3851.753791674
GRID*               4379                  3713.815189985 -1912.389000142    4379
*   4379  3863.724046328
GRID*               4380                  3711.051663651 -1905.502537440    4380
*   4380  3839.090644061
GRID*               4381                  3694.938127970 -1924.578479196    4381
*   4381  3832.477302675
GRID*               4382                  3704.669135373 -1906.850601566    4382
*   4382  3821.896017383
GRID*               4383                  3700.167320485 -1923.446433439    4383
*   4383  3846.307129016
GRID*               4384                  3714.504858975 -1884.637792067    4384
*   4384  3802.880714405
GRID*               4385                  3712.972655495 -1895.270008431    4385
*   4385  3821.897750450
GRID*               4386                  3701.834661537 -1902.414922770    4386
*   4386  3802.687196376
GRID*               4387                  3693.014997783 -1914.314298786    4387
*   4387  3802.255050659
GRID*               4388                  3706.603249959 -1886.948345667    4388
*   4388  3782.773933380
GRID*               4389                  3715.231518586 -1874.599528502    4389
*   4389  3782.901189371
GRID*               4390                  3703.525815514 -1882.399995549    4390
*   4390  3762.721998510
GRID*               4391                  3715.741718239 -1864.671875000    4391
*   4391  3762.720092773
GRID*               4392                  3735.225947981 -1844.725131188    4392
*   4392  3782.664255659
GRID*               4393                  3727.576434230 -1846.972168187    4393
*   4393  3762.673410266
GRID*               4394                  3723.494125351 -1862.378220250    4394
*   4394  3782.700270141
GRID*               4395                  3735.857840638 -1834.266848030    4395
*   4395  3762.580064468
GRID*               4396                  3724.495550209 -1842.383219042    4396
*   4396  3742.899352570
GRID*               4397                  3716.431061539 -1854.720969441    4397
*   4397  3743.301587170
GRID*               4398                  3717.275855200 -1845.644790120    4398
*   4398  3726.489384639
GRID*               4399                  3714.878205657 -1843.659207387    4399
*   4399  3714.476491804
GRID*               4400                  3715.886901858 -1836.302365707    4400
*   4400  3702.055065234
GRID*               4401                  3728.228791751 -1826.962153931    4401
*   4401  3722.427145792
GRID*               4402                  3723.998412911 -1823.872508654    4402
*   4402  3702.190280734
GRID*               4403                  3729.239716478 -1807.172348081    4403
*   4403  3684.613757133
GRID*               4404                  3718.962790513 -1822.345854440    4404
*   4404  3682.607976688
GRID*               4405                  3713.884746290 -1831.397000681    4405
*   4405  3685.158498388
GRID*               4406                  3705.353222149 -1844.560081307    4406
*   4406  3685.593929120
GRID*               4407                  3695.021351595 -1864.130372731    4407
*   4407  3694.866994064
GRID*               4408                  3694.781616211 -1858.951691234    4408
*   4408  3682.720092773
GRID*               4409                  3708.937878134 -1846.933031668    4409
*   4409  3702.288181272
GRID*               4410                  3697.514838470 -1865.773758971    4410
*   4410  3706.502400668
GRID*               4411                  3696.293211700 -1874.731171659    4411
*   4411  3722.427678026
GRID*               4412                  3704.804617341 -1862.359956403    4412
*   4412  3722.447854282
GRID*               4413                  3687.666348925 -1886.884888686    4413
*   4413  3722.135892896
GRID*               4414                  3674.781616211 -1904.671875000    4414
*   4414  3722.014719796
GRID*               4415                  3675.633324520 -1895.456341010    4415
*   4415  3703.384171753
GRID*               4416                  3683.446614886 -1883.812712030    4416
*   4416  3701.710916909
GRID*               4417                  3673.379355935 -1915.102282718    4417
*   4417  3742.042627615
GRID*               4418                  3682.940992074 -1902.420119870    4418
*   4418  3742.663409075
GRID*               4419                  3694.828412342 -1894.697432890    4419
*   4419  3762.731722777
GRID*               4420                  3686.098161902 -1906.962207525    4420
*   4420  3763.209336871
GRID*               4421                  3674.226638275 -1926.352192257    4421
*   4421  3771.483157532
GRID*               4422                  3693.981858141 -1904.593600671    4422
*   4422  3782.740477840
GRID*               4423                  3680.938386693 -1922.518069212    4423
*   4423  3783.453031684
GRID*               4424                  3673.799013347 -1890.109983805    4424
*   4424  3685.280766732
GRID*               4425                  3678.674939678 -1882.473192910    4425
*   4425  3683.446279131
GRID*               4426                  3689.927362290 -1866.725082089    4426
*   4426  3684.231609840
GRID*               4427                  3663.736577855 -1903.968026655    4427
*   4427  3685.396249668
GRID*               4428                  3667.073433555 -1906.923541543    4428
*   4428  3702.873529689
GRID*               4429                  3695.677037512 -1884.671875000    4429
*   4429  3742.720092773
GRID*               4430                  3707.970758419 -1866.959292775    4430
*   4430  3742.726521228
GRID*               4431                  3735.628502483 -1796.324611048    4431
*   4431  3683.316977821
GRID*               4432                  3744.272930986 -1782.447281773    4432
*   4432  3683.657289297
GRID*               4433                  3754.179896269 -1765.834115999    4433
*   4433  3683.256785960
GRID*               4434                  3754.208206603 -1775.399969637    4434
*   4434  3702.278416412
GRID*               4435                  3747.293276439 -1787.020442808    4435
*   4435  3702.761147101
GRID*               4436                  3754.932138847 -1784.469107862    4436
*   4436  3722.744198504
GRID*               4437                  3743.920023289 -1802.338584387    4437
*   4437  3722.719269117
GRID*               4438                  3736.350070609 -1804.671875000    4438
*   4438  3702.720092773
GRID*               4439                  3755.088231519 -1794.128947035    4439
*   4439  3742.669746755
GRID*               4440                  3762.346646819 -1782.336355471    4440
*   4440  3742.871423642
GRID*               4441                  3772.244335258 -1766.731374792    4441
*   4441  3744.640714935
GRID*               4442                  3765.577420456 -1766.451763462    4442
*   4442  3722.081394978
GRID*               4443                  3760.552824977 -1764.386474302    4443
*   4443  3701.437582185
GRID*               4444                  3783.502723931 -1767.004271489    4444
*   4444  3782.363558486
GRID*               4445                  3780.378526379 -1782.262036336    4445
*   4445  3802.095405216
GRID*               4446                  3773.516118577 -1794.229517748    4446
*   4446  3803.383415218
GRID*               4447                  3785.686313389 -1784.229149068    4447
*   4447  3823.481684745
GRID*               4448                  3795.738474770 -1777.095698906    4448
*   4448  3842.554362062
GRID*               4449                  3789.423181856 -1786.873412446    4449
*   4449  3841.036102864
GRID*               4450                  3793.330539075 -1786.662080568    4450
*   4450  3853.489031359
GRID*               4451                  3796.032179480 -1788.692625859    4451
*   4451  3866.415191044
GRID*               4452                  3784.636240802 -1806.035395006    4452
*   4452  3863.662077079
GRID*               4453                  3780.436377436 -1802.295591701    4453
*   4453  3842.332945739
GRID*               4454                  3774.427321903 -1826.207059333    4454
*   4454  3871.422700842
GRID*               4455                  3789.412140007 -1806.857434358    4455
*   4455  3880.992379665
GRID*               4456                  3780.351489007 -1822.354638090    4456
*   4456  3882.851941242
GRID*               4457                  3773.478632139 -1833.498428370    4457
*   4457  3883.422320271
GRID*               4458                  3784.557700218 -1825.199794469    4458
*   4458  3902.442647211
GRID*               4459                  3795.864311529 -1816.288938524    4459
*   4459  3921.244870160
GRID*               4460                  3796.212286637 -1808.388002803    4460
*   4460  3906.396714063
GRID*               4461                  3789.227037538 -1826.855673947    4461
*   4461  3921.105413344
GRID*               4462                  3793.605969086 -1825.581982767    4462
*   4462  3932.808455960
GRID*               4463                  3784.586664136 -1844.055017054    4463
*   4463  3941.605447166
GRID*               4464                  3780.291621634 -1842.505633122    4464
*   4464  3924.385282385
GRID*               4465                  3775.921795915 -1857.242144754    4465
*   4465  3941.224334065
GRID*               4466                  3773.606993594 -1852.610346033    4466
*   4466  3923.899044859
GRID*               4467                  3769.937372825 -1866.962168172    4467
*   4467  3942.594555215
GRID*               4468                  3765.313288672 -1864.671875000    4468
*   4468  3922.720092773
GRID*               4469                  3753.243157558 -1873.468137199    4469
*   4469  3902.744597331
GRID*               4470                  3760.710954223 -1862.390872415    4470
*   4470  3902.936715785
GRID*               4471                  3771.958219458 -1843.297802214    4471
*   4471  3898.927114614
GRID*               4472                  3764.546354866 -1846.970365849    4472
*   4472  3882.562798542
GRID*               4473                  3753.604086943 -1854.352260607    4473
*   4473  3862.731628969
GRID*               4474                  3761.509901706 -1842.387981127    4474
*   4474  3863.042568240
GRID*               4475                  3772.220716344 -1823.653525126    4475
*   4475  3858.952529689
GRID*               4476                  3765.087243455 -1826.980085351    4476
*   4476  3842.536760785
GRID*               4477                  3773.381141729 -1813.990960928    4477
*   4477  3842.933570128
GRID*               4478                  3773.086362883 -1804.546934949    4478
*   4478  3822.768295033
GRID*               4479                  3761.953958927 -1822.347911937    4479
*   4479  3822.733753318
GRID*               4480                  3754.346128020 -1824.680256007    4480
*   4480  3802.735489486
GRID*               4481                  3753.798424587 -1835.108283007    4481
*   4481  3822.684696587
GRID*               4482                  3746.720216250 -1826.988933917    4482
*   4482  3782.678423394
GRID*               4483                  3742.957400044 -1842.363888866    4483
*   4483  3802.731728102
GRID*               4484                  3735.136875748 -1854.176055323    4484
*   4484  3802.576186906
GRID*               4485                  3746.106527151 -1846.982496748    4485
*   4485  3822.741674612
GRID*               4486                  3734.447425329 -1864.635398699    4486
*   4486  3822.931619029
GRID*               4487                  3753.774001626 -1844.671594744    4487
*   4487  3842.725862678
GRID*               4488                  3742.104108601 -1862.379388973    4488
*   4488  3842.762302372
GRID*               4489                  3733.575690601 -1875.109768020    4489
*   4489  3842.989670159
GRID*               4490                  3745.216106578 -1866.969684898    4490
*   4490  3862.740932242
GRID*               4491                  3754.656041561 -1814.323213595    4491
*   4491  3782.369388078
GRID*               4492                  3765.454960292 -1807.012291863    4492
*   4492  3802.759788413
GRID*               4493                  3762.241955667 -1802.335935271    4493
*   4493  3782.734042768
GRID*               4494                  3754.684506115 -1804.673346598    4494
*   4494  3762.723248990
GRID*               4495                  3773.070426283 -1785.046665965    4495
*   4495  3783.562428058
GRID*               4496                  3765.481552689 -1787.000207659    4496
*   4496  3762.493808228
GRID*               4497                  3753.302234291 -1864.170265557    4497
*   4497  3882.805672194
GRID*               4498                  3743.864291585 -1886.891282220    4498
*   4498  3902.029865112
GRID*               4499                  3740.931152650 -1882.382596941    4499
*   4499  3882.644051263
GRID*               4500                  3734.580199623 -1904.889994074    4500
*   4500  3912.653336107
GRID*               4501                  3750.231867816 -1885.347776531    4501
*   4501  3919.069923140
GRID*               4502                  3739.492060629 -1904.023145587    4502
*   4502  3926.367027356
GRID*               4503                  3754.711637200 -1884.929298606    4503
*   4503  3932.547383098
GRID*               4504                  3756.657246006 -1887.911790844    4504
*   4504  3945.371735585
GRID*               4505                  3745.904981952 -1902.458333937    4505
*   4505  3943.324139666
GRID*               4506                  3775.659391428 -1843.877930199    4506
*   4506  3912.183055947
GRID*               4507                  3796.656781816 -1826.990695591    4507
*   4507  3945.672043683
GRID*               4508                  3808.380789637 -1806.371726106    4508
*   4508  3942.303993225
GRID*               4509                  3814.642008687 -1795.078967317    4509
*   4509  3940.385904796
GRID*               4510                  3814.158069641 -1786.453711407    4510
*   4510  3921.748257240
GRID*               4511                  3820.661178810 -1784.579960591    4511
*   4511  3939.530020345
GRID*               4512                  3807.845306589 -1786.957267561    4512
*   4512  3901.917590971
GRID*               4513                  3803.806418912 -1782.883055582    4513
*   4513  3880.563312181
GRID*               4514                  3793.009130039 -1806.892659694    4514
*   4514  3892.868231846
GRID*               4515                  3795.831033823 -1796.456392270    4515
*   4515  3881.202545667
GRID*               4516                  3804.980418931 -1802.358705424    4516
*   4516  3923.088141571
GRID*               4517                  3774.488967704 -1772.199721688    4517
*   4517  3762.797518617
GRID*               4518                  3747.116341576 -1807.003743727    4518
*   4518  3742.709435005
GRID*               4519                  3735.995755282 -1814.794781385    4519
*   4519  3722.398850243
GRID*               4520                  3735.846496268 -1824.780531235    4520
*   4520  3742.656741476
GRID*               4521                  3743.556925497 -1822.350717522    4521
*   4521  3762.720662786
GRID*               4522                  3722.269414373 -1882.399584160    4522
*   4522  3822.775946309
GRID*               4523                  3726.620073933 -1866.968384955    4523
*   4523  3802.775826380
GRID*               4524                  3691.510894198 -1923.415172817    4524
*   4524  3818.912411362
GRID*               4525                  3684.003896450 -1926.530634278    4525
*   4525  3802.663722116
GRID*               4526                  3684.628279212 -1942.522585344    4526
*   4526  3843.214907384
GRID*               4527                  3677.852564899 -1942.389270637    4527
*   4527  3821.707296648
GRID*               4528                  3696.637460764 -1935.296240531    4528
*   4528  3863.374976358
GRID*               4529                  3687.393581298 -1946.837829058    4529
*   4529  3862.416837436
GRID*               4530                  3709.027688480 -1926.871280411    4530
*   4530  3882.362431536
GRID*               4531                  3706.048501000 -1923.712620750    4531
*   4531  3865.512470906
GRID*               4532                  3695.329477662 -1944.919561116    4532
*   4532  3882.539409058
GRID*               4533                  3693.313927706 -1955.151979983    4533
*   4533  3901.373672604
GRID*               4534                  3703.562505871 -1942.429251582    4534
*   4534  3902.294124322
GRID*               4535                  3706.711015465 -1946.899673135    4535
*   4535  3922.990270204
GRID*               4536                  3725.395027693 -1886.972141724    4536
*   4536  3842.977799706
GRID*               4537                  3686.338018333 -1986.441339674    4537
*   4537  3959.541222647
GRID*               4538                  3675.216323536 -1999.337823776    4538
*   4538  3960.126683573
GRID*               4539                  3668.772789118 -2006.561382557    4539
*   4539  3960.535981740
GRID*               4540                  3684.161353057 -1965.789489868    4540
*   4540  3899.598605996
GRID*               4541                  3666.636080773 -2003.546977163    4541
*   4541  3945.758982436
GRID*               4542                  3676.112637642 -1976.559769247    4542
*   4542  3902.396499630
GRID*               4543                  3616.893156399 -2038.094782672    4543
*   4543  3902.397396815
GRID*               4544                  3614.553064445 -2019.963856740    4544
*   4544  3838.884275916
GRID*               4545                  3596.553454869 -2036.848377045    4545
*   4545  3840.853973773
GRID*               4546                  3593.771760083 -2032.796801283    4546
*   4546  3819.676805396
GRID*               4547                  3604.041739656 -2024.329704546    4547
*   4547  3821.914967669
GRID*               4548                  3613.910407861 -2015.271268929    4548
*   4548  3822.841970564
GRID*               4549                  3613.269301972 -2009.829524513    4549
*   4549  3804.772186079
GRID*               4550                  3597.491800971 -2025.413793195    4550
*   4550  3806.514054822
GRID*               4551                  3596.382889677 -2022.667580649    4551
*   4551  3794.680381026
GRID*               4552                  3596.290723207 -2018.131404679    4552
*   4552  3780.294622715
GRID*               4553                  3587.436477947 -2026.457242692    4553
*   4553  3781.141995015
GRID*               4554                  3582.094096564 -2026.407220002    4554
*   4554  3765.809304406
GRID*               4555                  3592.856515425 -2015.872027582    4555
*   4555  3763.389959839
GRID*               4556                  3576.901213375 -2023.719278556    4556
*   4556  3742.370116711
GRID*               4557                  3603.426428706 -2006.442567624    4557
*   4557  3765.820029208
GRID*               4558                  3598.420781504 -2004.859768169    4558
*   4558  3746.423555686
GRID*               4559                  3594.979742306 -2003.397572925    4559
*   4559  3731.984257437
GRID*               4560                  3593.202153711 -2000.798374568    4560
*   4560  3719.094418839
GRID*               4561                  3607.866186704 -1986.728450072    4561
*   4561  3722.434531682
GRID*               4562                  3613.595379668 -1995.129391066    4562
*   4562  3763.217352095
GRID*               4563                  3624.620886740 -1984.014984643    4563
*   4563  3765.365542837
GRID*               4564                  3616.665011408 -1983.838841898    4564
*   4564  3740.879053173
GRID*               4565                  3634.494751921 -1978.749953986    4565
*   4565  3781.009440208
GRID*               4566                  3633.257870300 -1973.075502427    4566
*   4566  3762.090597799
GRID*               4567                  3627.780203489 -1986.736904952    4567
*   4567  3782.363004664
GRID*               4568                  3616.206282705 -2003.095596153    4568
*   4568  3793.783415483
GRID*               4569                  3620.302156592 -2002.852953314    4569
*   4569  3805.237083832
GRID*               4570                  3633.268835035 -1995.231445577    4570
*   4570  3822.380684004
GRID*               4571                  3644.415377092 -1983.019788982    4571
*   4571  3822.621944393
GRID*               4572                  3634.563298540 -1985.576674302    4572
*   4572  3799.678582052
GRID*               4573                  3622.517543113 -2006.748134466    4573
*   4573  3823.052381996
GRID*               4574                  3609.866144727 -2005.148787936    4574
*   4574  3780.992975872
GRID*               4575                  3642.451186304 -1962.514905745    4575
*   4575  3762.563887156
GRID*               4576                  3645.406200606 -1966.822891300    4576
*   4576  3782.817863858
GRID*               4577                  3652.571812005 -1967.065291459    4577
*   4577  3805.452937041
GRID*               4578                  3634.161422189 -1964.671875000    4578
*   4578  3742.720092773
GRID*               4579                  3614.877140614 -1978.387377487    4579
*   4579  3720.551928083
GRID*               4580                  3568.956543258 -2024.604411259    4580
*   4580  3722.768936572
GRID*               4581                  3576.872205169 -2017.519396395    4581
*   4581  3722.473011599
GRID*               4582                  3629.363955902 -2005.628290143    4582
*   4582  3840.127452228
GRID*               4583                  3681.361118174 -1962.497822263    4583
*   4583  3882.606958045
GRID*               4584                  3647.821728000 -1986.828769154    4584
*   4584  3843.228131416
GRID*               4585                  3661.643838950 -1922.447569482    4585
*   4585  3722.569318461
GRID*               4586                  3625.934149185 -1966.615050627    4586
*   4586  3722.635359755
GRID*               4587                  3678.500759822 -2102.482863307    4587
*   4587  4292.342735561
GRID*               4588                  3677.431544040 -2100.099774608    4588
*   4588  4281.207593928
GRID*               4589                  3676.597335952 -2094.751974562    4589
*   4589  4260.550955337
GRID*               4590                  3671.293088390 -2093.292384461    4590
*   4590  4240.864717131
GRID*               4591                  3682.011488437 -2085.224016584    4591
*   4591  4242.843394893
GRID*               4592                  3674.659101938 -2084.525908333    4592
*   4592  4220.101968183
GRID*               4593                  3665.339930896 -2086.158207423    4593
*   4593  4199.913419682
GRID*               4594                  3673.437753629 -2080.132586063    4594
*   4594  4201.648781310
GRID*               4595                  3663.344403778 -2081.993532272    4595
*   4595  4180.102331133
GRID*               4596                  3655.330462746 -2088.883704852    4596
*   4596  4181.565343644
GRID*               4597                  3648.258783560 -2083.868382367    4597
*   4597  4144.788488758
GRID*               4598                  3636.836726479 -2074.754017042    4598
*   4598  4081.909155705
GRID*               4599                  3634.195285279 -2071.173380093    4599
*   4599  4062.314447943
GRID*               4600                  3625.909669230 -2066.257335205    4600
*   4600  4022.518887297
GRID*               4601                  3620.392176154 -2065.402179704    4601
*   4601  4004.316331824
GRID*               4602                  3615.994186341 -2064.765479868    4602
*   4602  3989.961289280
GRID*               4603                  3652.338538253 -2074.828642641    4603
*   4603  4125.063314741
GRID*               4604                  3657.145054757 -2077.112307975    4604
*   4604  4146.199559844
GRID*               4605                  3654.999118207 -2083.778747246    4605
*   4605  4163.133462881
GRID*               4606                  3691.673067023 -2086.696841315    4606
*   4606  4274.633070815
GRID*               4607                  3693.444263346 -2088.476727406    4607
*   4607  4285.641231736
$..
$----------------------------------------
$..
$..          ELEMENTS
$..
$..
$----------------------------------------
$..
$..          MESH PART: MSHPartOctree2D.7
$..
CTRIA3         1       1     930    4340    4342
CTRIA3         2       1     930    3709     929
CTRIA3         3       1     930     135       1
CTRIA3         4       1       1    3709     930
CTRIA3         5       1     135      59       1
CTRIA3         6       1    1147      73    1148
CTRIA3         7       1    1147    1148    1146
CTRIA3         8       1      74       2    4607
CTRIA3         9       1      74    1147      94
CTRIA3        10       1      94    1380     136
CTRIA3        11       1    1380      94      93
CTRIA3        12       1      93    1147    1146
CTRIA3        13       1      92    1146    1145
CTRIA3        14       1      75      76    1332
CTRIA3        15       1    1352     157     158
CTRIA3        16       1     117    4509    4511
CTRIA3        17       1     117    4511    1034
CTRIA3        18       1       4    1034    4094
CTRIA3        19       1       4    1037     117
CTRIA3        20       1    1040      96      97
CTRIA3        21       1      96      95    1422
CTRIA3        22       1     137    4295    4294
CTRIA3        23       1     138     137    1384
CTRIA3        24       1       9    1016    3972
CTRIA3        25       1       9    1764     217
CTRIA3        26       1    1763     218     217
CTRIA3        27       1    4295       5    1017
CTRIA3        28       1       5    1384     156
CTRIA3        29       1       5     216    1017
CTRIA3        30       1    1764     216     156
CTRIA3        31       1       6    2227     235
CTRIA3        32       1     256     255    2226
CTRIA3        33       1    4266     160    4263
CTRIA3        34       1     403     159    4252
CTRIA3        35       1     403     402    2401
CTRIA3        36       1     159     198    1392
CTRIA3        37       1     198    1805    1808
CTRIA3        38       1     196    1526     197
CTRIA3        39       1     215    2154       8
CTRIA3        40       1     215     197    1526
CTRIA3        41       1     196    1770     195
CTRIA3        42       1     197       8    1767
CTRIA3        43       1       8     324    3969
CTRIA3        44       1       8    2159     324
CTRIA3        45       1      10    2228     326
CTRIA3        46       1       6     158    1799
CTRIA3        47       1     236    2227    2228
CTRIA3        48       1     235     236    1743
CTRIA3        49       1    2227     327    2228
CTRIA3        50       1      16     237      11
CTRIA3        51       1      58    3966    1014
CTRIA3        52       1     277    2420    2421
CTRIA3        53       1     277    2058    1961
CTRIA3        54       1     385     443      12
CTRIA3        55       1     385     278    2421
CTRIA3        56       1     279     443    2586
CTRIA3        57       1     279    2058     278
CTRIA3        58       1    2058     280    2057
CTRIA3        59       1     279    2586    2587
CTRIA3        60       1     279     280    2058
CTRIA3        61       1     322    3961    3963
CTRIA3        62       1     322    2172    2197
CTRIA3        63       1     323    2197    2196
CTRIA3        64       1      13    2612     426
CTRIA3        65       1     301     323    2196
CTRIA3        66       1      13    3921    1010
CTRIA3        67       1    3960    3959    3961
CTRIA3        68       1    3961     323    3960
CTRIA3        69       1    1011    3962    3960
CTRIA3        70       1    1010    3960     323
CTRIA3        71       1     324    3968    3969
CTRIA3        72       1     325    2159    2160
CTRIA3        73       1    1012    3968      14
CTRIA3        74       1    3933      14     302
CTRIA3        75       1     345    2213     346
CTRIA3        76       1      17     493    2925
CTRIA3        77       1     347    2925    2926
CTRIA3        78       1     347    2236     386
CTRIA3        79       1    2235     347    2237
CTRIA3        80       1      18    3833     494
CTRIA3        81       1     368    2967      18
CTRIA3        82       1     369     494    3077
CTRIA3        83       1      18     369    2270
CTRIA3        84       1     494    3833    3832
CTRIA3        85       1     495    3076    3077
CTRIA3        86       1     369    3077    3078
CTRIA3        87       1     369    2269    2270
CTRIA3        88       1    3077    3076    3078
CTRIA3        89       1     404    2566     460
CTRIA3        90       1    3904      20     643
CTRIA3        91       1     643     530    3476
CTRIA3        92       1    3365     580     579
CTRIA3        93       1     579     489    3365
CTRIA3        94       1     461    2920     489
CTRIA3        95       1    3365     490    3471
CTRIA3        96       1     490    2920    2923
CTRIA3        97       1     481    3339    3364
CTRIA3        98       1     488      22     878
CTRIA3        99       1    3900    3809    3897
CTRIA3       100       1    3901     695    3808
CTRIA3       101       1    3809     511     510
CTRIA3       102       1     511    3242    3241
CTRIA3       103       1     511     512    3242
CTRIA3       104       1    3808      23     511
CTRIA3       105       1     530    3477    3476
CTRIA3       106       1      24    3804     644
CTRIA3       107       1     530    3314     533
CTRIA3       108       1     527    3473    3472
CTRIA3       109       1     975    3778     976
CTRIA3       110       1     628    3778    3779
CTRIA3       111       1     627    3472    3473
CTRIA3       112       1     529    3472     532
CTRIA3       113       1     528     529    3178
CTRIA3       114       1     974    3780    3779
CTRIA3       115       1     627    3779    3780
CTRIA3       116       1     532    3472     627
CTRIA3       117       1     554     896    3338
CTRIA3       118       1      54     914    3688
CTRIA3       119       1    3360    3359    3361
CTRIA3       120       1     576     577      26
CTRIA3       121       1     576    3361     577
CTRIA3       122       1     575    3357    3360
CTRIA3       123       1     673    3478    3479
CTRIA3       124       1      27    3478     672
CTRIA3       125       1     672    3733     832
CTRIA3       126       1     651    3522     600
CTRIA3       127       1      28     651     600
CTRIA3       128       1     607     600    3407
CTRIA3       129       1     651    1018    4433
CTRIA3       130       1     607    4067    1018
CTRIA3       131       1     608    4068    4067
CTRIA3       132       1     607    3407    3406
CTRIA3       133       1    1019    4067    4066
CTRIA3       134       1    4067    4059    4066
CTRIA3       135       1     703     695     696
CTRIA3       136       1     641      23      29
CTRIA3       137       1     695      29      23
CTRIA3       138       1      30    3589     642
CTRIA3       139       1      35    3590     704
CTRIA3       140       1     733    3926     643
CTRIA3       141       1    3590     733     704
CTRIA3       142       1     704    3589     705
CTRIA3       143       1      31     733     643
CTRIA3       144       1     708     648     647
CTRIA3       145       1     647    3580     646
CTRIA3       146       1      37     823    3618
CTRIA3       147       1     646      37     707
CTRIA3       148       1    3580      32     646
CTRIA3       149       1    4296     670    4297
CTRIA3       150       1     694      33     753
CTRIA3       151       1     754     713    3617
CTRIA3       152       1      33     650     713
CTRIA3       153       1     650    3554    3552
CTRIA3       154       1     895     699    3869
CTRIA3       155       1     699      34     700
CTRIA3       156       1      38      39     715
CTRIA3       157       1     714    3707     897
CTRIA3       158       1     714     895    3707
CTRIA3       159       1     856     857    3959
CTRIA3       160       1     856     855    3675
CTRIA3       161       1     734    3675     855
CTRIA3       162       1      40    3962    1011
CTRIA3       163       1     754    3617     829
CTRIA3       164       1      50    3635    3634
CTRIA3       165       1     787    3634    3635
CTRIA3       166       1     806    3636    3635
CTRIA3       167       1     786    3635    3636
CTRIA3       168       1    3619     769    3611
CTRIA3       169       1     768     769    3619
CTRIA3       170       1     770    3649    3651
CTRIA3       171       1     788     789      47
CTRIA3       172       1     789    1015      47
CTRIA3       173       1     789     788    3653
CTRIA3       174       1      49     790    3654
CTRIA3       175       1    4293      49    1036
CTRIA3       176       1     790    4293    4292
CTRIA3       177       1     790    3652    3654
CTRIA3       178       1    4293    1036    4294
CTRIA3       179       1      48    3653     790
CTRIA3       180       1      48    1017    3971
CTRIA3       181       1    4295    1017    4292
CTRIA3       182       1     791     792    4588
CTRIA3       183       1     792     791    3651
CTRIA3       184       1    4588    4606    4607
CTRIA3       185       1    1036      49    4587
CTRIA3       186       1    3651     791    3654
CTRIA3       187       1    1035    4588    4607
CTRIA3       188       1    1035    4294    1036
CTRIA3       189       1     807     808    3708
CTRIA3       190       1    3632     808    3633
CTRIA3       191       1     929    3708     808
CTRIA3       192       1      50    3708     915
CTRIA3       193       1    3634    3633     807
CTRIA3       194       1     915    3708    3709
CTRIA3       195       1     830    3752     831
CTRIA3       196       1     951     952    3752
CTRIA3       197       1    3966    3967    3970
CTRIA3       198       1     853    3686    3664
CTRIA3       199       1      53    3657     877
CTRIA3       200       1     989    3766    3765
CTRIA3       201       1     988    3767    3766
CTRIA3       202       1      56    1008    3781
CTRIA3       203       1     553    3781     552
CTRIA3       204       1      25     553     532
CTRIA3       205       1    3783    3781    1007
CTRIA3       206       1    3804      24     533
CTRIA3       207       1      57    1009    3806
CTRIA3       208       1    3805    3804    3806
CTRIA3       209       1     706     705    3589
CTRIA3       210       1     645     644    3805
CTRIA3       211       1     645      30     642
CTRIA3       212       1     645    3805    3806
CTRIA3       213       1     806    4602    4601
CTRIA3       214       1      59    4602     915
CTRIA3       215       1      59    1186    1187
CTRIA3       216       1    1186    1188    1187
CTRIA3       217       1     805    4601    4600
CTRIA3       218       1      60    4600    4601
CTRIA3       219       1      61      60    1187
CTRIA3       220       1      61    1187    1188
CTRIA3       221       1    4600      61      62
CTRIA3       222       1      62    1189    1194
CTRIA3       223       1     804      62    4599
CTRIA3       224       1      62      63    4599
CTRIA3       225       1      62    1194    1190
CTRIA3       226       1     803    4599    4598
CTRIA3       227       1     803    3638    3639
CTRIA3       228       1      64    4599      63
CTRIA3       229       1      63    1190    1191
CTRIA3       230       1     802    3640    3638
CTRIA3       231       1      64    1191      65
CTRIA3       232       1      66    4603      65
CTRIA3       233       1      66      65    1192
CTRIA3       234       1    1192    1167    1166
CTRIA3       235       1    1166    1167    1165
CTRIA3       236       1      67    4604    4603
CTRIA3       237       1      67    1192    1162
CTRIA3       238       1    1165    1163    1162
CTRIA3       239       1      68    4605    4604
CTRIA3       240       1      68    1160    1159
CTRIA3       241       1    1161    1159    1160
CTRIA3       242       1      69      68    1159
CTRIA3       243       1    1161    1157    1158
CTRIA3       244       1      69    4594    4593
CTRIA3       245       1      70    4594      69
CTRIA3       246       1      70    1158    1155
CTRIA3       247       1    4593    4594    4592
CTRIA3       248       1      70    4592    4594
CTRIA3       249       1      71    1153    1152
CTRIA3       250       1      71    4591    4592
CTRIA3       251       1      71    1152    1151
CTRIA3       252       1      72      73    4591
CTRIA3       253       1      73      72    1151
CTRIA3       254       1      76      75    1356
CTRIA3       255       1      75    1352    1356
CTRIA3       256       1    1354    1355    1391
CTRIA3       257       1    1356    1353    1355
CTRIA3       258       1    1352    1353    1356
CTRIA3       259       1      79    1359    1361
CTRIA3       260       1      79    1320    1321
CTRIA3       261       1      78    1358    1359
CTRIA3       262       1      78    1321    1322
CTRIA3       263       1      77    1357    1358
CTRIA3       264       1      77    1322    1323
CTRIA3       265       1    1359    1360    1361
CTRIA3       266       1    1360    1359    1358
CTRIA3       267       1    1357    1354    1358
CTRIA3       268       1    1317      82    1334
CTRIA3       269       1    2232    1365     241
CTRIA3       270       1      81    1317    1318
CTRIA3       271       1      80    1361    1362
CTRIA3       272       1      80    1318    1320
CTRIA3       273       1    1388    2370    1363
CTRIA3       274       1    1364    1362    1363
CTRIA3       275       1    1388    1363    1389
CTRIA3       276       1    1390    1362    1361
CTRIA3       277       1      83    1227    1334
CTRIA3       278       1      84      83    1366
CTRIA3       279       1      83    2370    1366
CTRIA3       280       1    1142      87      88
CTRIA3       281       1    1141    1139      87
CTRIA3       282       1      86      87    1139
CTRIA3       283       1      87    1370    1371
CTRIA3       284       1      86      85    1369
CTRIA3       285       1    1220      90    1144
CTRIA3       286       1      90    1220      89
CTRIA3       287       1      89    1142      88
CTRIA3       288       1      90      89    1376
CTRIA3       289       1    1377    1376    1375
CTRIA3       290       1      89    1375    1376
CTRIA3       291       1    1040    1038    1039
CTRIA3       292       1    1038      97      98
CTRIA3       293       1      98    1421    1420
CTRIA3       294       1    1038      99    1277
CTRIA3       295       1      99    1420    1425
CTRIA3       296       1     100    1427     101
CTRIA3       297       1     102     103    1274
CTRIA3       298       1     101    1427     102
CTRIA3       299       1    1427    1426    1715
CTRIA3       300       1     102    1429     103
CTRIA3       301       1     104     103    1430
CTRIA3       302       1     104    1284     103
CTRIA3       303       1    1429    1428    1430
CTRIA3       304       1     105    1430    1431
CTRIA3       305       1     104    1285    1284
CTRIA3       306       1    1709    1433    1431
CTRIA3       307       1     106    1431    1432
CTRIA3       308       1     105    1286    1270
CTRIA3       309       1    1433    1707    1432
CTRIA3       310       1     107     108    1287
CTRIA3       311       1     107    1432    1434
CTRIA3       312       1    1707    1436    1434
CTRIA3       313       1    1287     108    1288
CTRIA3       314       1     109    1434    1437
CTRIA3       315       1    1436    1435    1437
CTRIA3       316       1     110    1437    1438
CTRIA3       317       1     109    1331    1288
CTRIA3       318       1    1437    1440    1438
CTRIA3       319       1     111    1439    1448
CTRIA3       320       1     110    1328    1331
CTRIA3       321       1    1438    1440    1439
CTRIA3       322       1     112     111    1448
CTRIA3       323       1     114    1447    1449
CTRIA3       324       1    1449    1446    1450
CTRIA3       325       1     115    1452     116
CTRIA3       326       1    1449    1451    1452
CTRIA3       327       1    1451    1450    1453
CTRIA3       328       1     121    4463    4507
CTRIA3       329       1     122    1045    1078
CTRIA3       330       1     121    1043    1045
CTRIA3       331       1     120    4507    4508
CTRIA3       332       1    1078    1045    1044
CTRIA3       333       1    1046    1047    1044
CTRIA3       334       1    1043    1041    1046
CTRIA3       335       1     124    4504    4467
CTRIA3       336       1     124    1074    1073
CTRIA3       337       1     123    4467    4465
CTRIA3       338       1    1073    1075    1072
CTRIA3       339       1     126    4366    4505
CTRIA3       340       1     125    4505    4504
CTRIA3       341       1    1071    1070    1082
CTRIA3       342       1     126     125    1071
CTRIA3       343       1    1073    1071     125
CTRIA3       344       1     129    4364     128
CTRIA3       345       1     129    1083    1084
CTRIA3       346       1     128    1081    1083
CTRIA3       347       1    4362    4361    4359
CTRIA3       348       1     130    4361    4362
CTRIA3       349       1    4538    4539    4541
CTRIA3       350       1    4355    4356    4537
CTRIA3       351       1    4361    4537    4356
CTRIA3       352       1     133    4539    4538
CTRIA3       353       1     132    4538    4537
CTRIA3       354       1     131    4537    4361
CTRIA3       355       1     132     131    1085
CTRIA3       356       1    4342    4345    4343
CTRIA3       357       1    4345    4344    4343
CTRIA3       358       1     135    1185    1186
CTRIA3       359       1    1383     137    1380
CTRIA3       360       1    1383    1380    1381
CTRIA3       361       1    1379    1382    1381
CTRIA3       362       1     156    1384    1383
CTRIA3       363       1     156    1383    1381
CTRIA3       364       1     155    1381    1382
CTRIA3       365       1     141    1744    1746
CTRIA3       366       1    1355    1353     140
CTRIA3       367       1     140     139    1743
CTRIA3       368       1     143    1390    1360
CTRIA3       369       1     143    1747    1748
CTRIA3       370       1     146     145    1750
CTRIA3       371       1     146    1387    1368
CTRIA3       372       1     145    1765    1750
CTRIA3       373       1     145    1388    1389
CTRIA3       374       1     144    1389    1390
CTRIA3       375       1     150    1753    1754
CTRIA3       376       1     150    1369    1385
CTRIA3       377       1     149    1385    1386
CTRIA3       378       1    1751     227     226
CTRIA3       379       1     147    1367    1387
CTRIA3       380       1     153     152    1756
CTRIA3       381       1    1373    1374    1371
CTRIA3       382       1     223    1756    1755
CTRIA3       383       1     151    1754    1755
CTRIA3       384       1     151     152    1372
CTRIA3       385       1    1757    2344     153
CTRIA3       386       1    2344    1375    1373
CTRIA3       387       1    1375    1374    1373
CTRIA3       388       1    1798     179    1797
CTRIA3       389       1     180    1451    1453
CTRIA3       390       1    1798    1800    1799
CTRIA3       391       1     160     161    4253
CTRIA3       392       1     161    1394     162
CTRIA3       393       1     160    1392    1393
CTRIA3       394       1     163    4268    4258
CTRIA3       395       1     162    4255    4254
CTRIA3       396       1    1395    1397     163
CTRIA3       397       1     162    1395     163
CTRIA3       398       1     167    4209    4270
CTRIA3       399       1     166    1398     167
CTRIA3       400       1    4268    4270    4269
CTRIA3       401       1     167    1398    1399
CTRIA3       402       1     169    4207    4208
CTRIA3       403       1     168    1402    1403
CTRIA3       404       1     168    4208    4209
CTRIA3       405       1    1402    1401    1404
CTRIA3       406       1    1400    1401    1402
CTRIA3       407       1     172    1407    1409
CTRIA3       408       1     171    1406    1407
CTRIA3       409       1    4202     170     171
CTRIA3       410       1     169    4204    4207
CTRIA3       411       1     169    1403    1406
CTRIA3       412       1    1409    1407    1408
CTRIA3       413       1    1405    1727    1408
CTRIA3       414       1    1403    1405    1406
CTRIA3       415       1     174    4197    4199
CTRIA3       416       1     173    1410    1413
CTRIA3       417       1     173    4199    4201
CTRIA3       418       1     172    1409    1410
CTRIA3       419       1    1410    1411    1412
CTRIA3       420       1    1725    1411    1410
CTRIA3       421       1    1408    1727    1725
CTRIA3       422       1     176    4098    4099
CTRIA3       423       1     176    1415    1424
CTRIA3       424       1     175    4099    4200
CTRIA3       425       1    1424    1415    1414
CTRIA3       426       1     178    4094    4095
CTRIA3       427       1     177    4095    4097
CTRIA3       428       1     177    4097    4098
CTRIA3       429       1     176    1424    1423
CTRIA3       430       1    1421    1423    1419
CTRIA3       431       1    1424    1419    1423
CTRIA3       432       1     180    1795    1797
CTRIA3       433       1     180    1453    1454
CTRIA3       434       1     181    1794    1795
CTRIA3       435       1    1800    1796     254
CTRIA3       436       1    1797    1795    1796
CTRIA3       437       1    2224    2222    2223
CTRIA3       438       1     254    1796    1793
CTRIA3       439       1     183    1791     182
CTRIA3       440       1     183    1457    1553
CTRIA3       441       1     183    1553    1552
CTRIA3       442       1    1791    1790    1789
CTRIA3       443       1     184    1787    1790
CTRIA3       444       1     184    1552    1551
CTRIA3       445       1     186     187    1786
CTRIA3       446       1     187     186    1549
CTRIA3       447       1    1789    1787    1788
CTRIA3       448       1    1786     187    1785
CTRIA3       449       1     188    1782    1784
CTRIA3       450       1     188    1554    1555
CTRIA3       451       1    1785    1784    1803
CTRIA3       452       1    1803    1783    1804
CTRIA3       453       1    1782    1783    1784
CTRIA3       454       1     189    1781    1782
CTRIA3       455       1     189    1555    1538
CTRIA3       456       1     190    1778    1781
CTRIA3       457       1     190    1538    1537
CTRIA3       458       1    1783    1781    1779
CTRIA3       459       1     193    1530    1528
CTRIA3       460       1     194    1528    1527
CTRIA3       461       1    1774     194    1771
CTRIA3       462       1    1771     195    1770
CTRIA3       463       1    1392     199    1513
CTRIA3       464       1     198    1808    1806
CTRIA3       465       1    1808    1807    1806
CTRIA3       466       1     199    1806    1813
CTRIA3       467       1    1807    1810    1813
CTRIA3       468       1     201    1512     200
CTRIA3       469       1    1812     202     201
CTRIA3       470       1     203     202    1814
CTRIA3       471       1     203    1514    1510
CTRIA3       472       1    1812    1816    1814
CTRIA3       473       1     204    1814    1815
CTRIA3       474       1     204    1515    1514
CTRIA3       475       1     205    1516    1515
CTRIA3       476       1     208    1822    1823
CTRIA3       477       1     208    1519    1518
CTRIA3       478       1    1823    1822    1826
CTRIA3       479       1    1826    1828    1829
CTRIA3       480       1     208    1823    1824
CTRIA3       481       1     209    1520    1519
CTRIA3       482       1    1826    1825    1824
CTRIA3       483       1    1826    1827    1825
CTRIA3       484       1     210     209    1824
CTRIA3       485       1     209    1521    1520
CTRIA3       486       1     210    1824    1825
CTRIA3       487       1     211    2163    2162
CTRIA3       488       1     211    2162    2161
CTRIA3       489       1     213    2158     214
CTRIA3       490       1     218    1763    1762
CTRIA3       491       1     224     223    1755
CTRIA3       492       1     225    1754    1753
CTRIA3       493       1     228    1752    1749
CTRIA3       494       1     229    1750    1765
CTRIA3       495       1     230    1765    1748
CTRIA3       496       1    1747    1745     231
CTRIA3       497       1     233    1744    1766
CTRIA3       498       1     344    2233    2234
CTRIA3       499       1     239    2234    2233
CTRIA3       500       1    1768     239    1769
CTRIA3       501       1    2213     344    2234
CTRIA3       502       1     257     238    1768
CTRIA3       503       1     238     237    2234
CTRIA3       504       1    1365     342     341
CTRIA3       505       1     240    1773    1772
CTRIA3       506       1     343     342    2232
CTRIA3       507       1    1769     240    1772
CTRIA3       508       1     240    2233    2232
CTRIA3       509       1     243     242    2231
CTRIA3       510       1     243     244    1780
CTRIA3       511       1    2231     241     341
CTRIA3       512       1     241    1776    1773
CTRIA3       513       1     246    2215    2216
CTRIA3       514       1     245    1804    1779
CTRIA3       515       1     245    2214    2215
CTRIA3       516       1    1779    1780     244
CTRIA3       517       1     247    1802    1803
CTRIA3       518       1     246    1803    1804
CTRIA3       519       1     249    1801    1788
CTRIA3       520       1     249    2218    2220
CTRIA3       521       1     252     251    2221
CTRIA3       522       1     252     253    1793
CTRIA3       523       1    2229    2221     251
CTRIA3       524       1     250    1792    1801
CTRIA3       525       1     254    2222    2224
CTRIA3       526       1     214    2158    2157
CTRIA3       527       1    1769    1767    1768
CTRIA3       528       1     257    1768    1767
CTRIA3       529       1    2400    2489     258
CTRIA3       530       1    2489    2403     259
CTRIA3       531       1     260    2403    2402
CTRIA3       532       1    1894    1895    1808
CTRIA3       533       1     259     260    1894
CTRIA3       534       1     263     262    2405
CTRIA3       535       1    1893    1892    1891
CTRIA3       536       1    1892    1890    1891
CTRIA3       537       1     265    2406    2407
CTRIA3       538       1     266    2407    2408
CTRIA3       539       1     265    1889     264
CTRIA3       540       1     266    2408    2409
CTRIA3       541       1     266    1942    1941
CTRIA3       542       1    1942     267    1945
CTRIA3       543       1    1941    1887    1888
CTRIA3       544       1    1941    1943    1887
CTRIA3       545       1    1942    1944    1943
CTRIA3       546       1     267    2409    2410
CTRIA3       547       1     268    2410    2411
CTRIA3       548       1     268    2411    2412
CTRIA3       549       1     268    1948    1947
CTRIA3       550       1    1944    1947    1946
CTRIA3       551       1     270    2413    2414
CTRIA3       552       1     270    2414    2415
CTRIA3       553       1    1952    1951    1949
CTRIA3       554       1    1952    1954    1951
CTRIA3       555       1    1953    1955    1954
CTRIA3       556       1     272    2415    2416
CTRIA3       557       1     271     272    1953
CTRIA3       558       1     273    2416    2417
CTRIA3       559       1     273    2417    2418
CTRIA3       560       1     274    1958    1957
CTRIA3       561       1    1955    1957    1956
CTRIA3       562       1    1957    2206    1956
CTRIA3       563       1     275    1960    1958
CTRIA3       564       1     276    2419    2420
CTRIA3       565       1     277    1961    1960
CTRIA3       566       1    1962    1965    1959
CTRIA3       567       1    1961    1962    1960
CTRIA3       568       1     280     281    2056
CTRIA3       569       1     280    2587    2588
CTRIA3       570       1     281    2590     282
CTRIA3       571       1     283     284    2059
CTRIA3       572       1    2590    2918    2592
CTRIA3       573       1     285    2063    2061
CTRIA3       574       1    2592    2591    2593
CTRIA3       575       1     285    2593    2594
CTRIA3       576       1     285    2064    2063
CTRIA3       577       1    2591    2596    2594
CTRIA3       578       1     286    2594    2597
CTRIA3       579       1     286    2065    2064
CTRIA3       580       1    2597    2595    2917
CTRIA3       581       1     288    2597    2598
CTRIA3       582       1     288     289    2193
CTRIA3       583       1     289    2598    2601
CTRIA3       584       1    2600    2599    2601
CTRIA3       585       1     290    2601    2602
CTRIA3       586       1     290    2187    2192
CTRIA3       587       1    2599    2605    2602
CTRIA3       588       1     291    2602    2604
CTRIA3       589       1     291     292    2187
CTRIA3       590       1    2602    2603    2604
CTRIA3       591       1    2607    2606    2609
CTRIA3       592       1     294    2607    2610
CTRIA3       593       1    2609    2608    2610
CTRIA3       594       1     296    2183     295
CTRIA3       595       1    2176    2177    2178
CTRIA3       596       1     297    2176    2182
CTRIA3       597       1    2176    2175    2173
CTRIA3       598       1    2195    2175    2176
CTRIA3       599       1     299     300    2195
CTRIA3       600       1    2173    2175    2194
CTRIA3       601       1    2196    2197    2194
CTRIA3       602       1    2175    2195    2194
CTRIA3       603       1    2195     301    2194
CTRIA3       604       1    2151    2166    2149
CTRIA3       605       1    2166    2146    2145
CTRIA3       606       1    2146    2144    2147
CTRIA3       607       1    2147    2148     307
CTRIA3       608       1     305    2149    2145
CTRIA3       609       1     305     306    3935
CTRIA3       610       1     306    2145    2147
CTRIA3       611       1    2148     309     308
CTRIA3       612       1     310    2108    2107
CTRIA3       613       1    3944    3945    3943
CTRIA3       614       1     310     311    3944
CTRIA3       615       1     311    2107    2104
CTRIA3       616       1     313    2104    2103
CTRIA3       617       1    3945    3944    3946
CTRIA3       618       1    3946    2349    3948
CTRIA3       619       1    3947    2349    3949
CTRIA3       620       1     314    2103    2099
CTRIA3       621       1     316    2099    2098
CTRIA3       622       1    3950    3952     316
CTRIA3       623       1     316     317    3950
CTRIA3       624       1     320     319    2170
CTRIA3       625       1     320    3964    3956
CTRIA3       626       1    2170    2092    2171
CTRIA3       627       1     321    3963    3964
CTRIA3       628       1     321    2171    2172
CTRIA3       629       1    3956    3964    3955
CTRIA3       630       1    3958    3955    3964
CTRIA3       631       1     329    2225    2224
CTRIA3       632       1     330    2224    2223
CTRIA3       633       1     334    2229    2220
CTRIA3       634       1     335    2220    2219
CTRIA3       635       1    2218    2217     336
CTRIA3       636       1     337    2217    2216
CTRIA3       637       1     338    2216    2215
CTRIA3       638       1     339    2214    2230
CTRIA3       639       1     340    2230    2231
CTRIA3       640       1     345     344    2213
CTRIA3       641       1     349    2929    2931
CTRIA3       642       1     350    2931    2932
CTRIA3       643       1     350    2241    2240
CTRIA3       644       1    2238    2237    2240
CTRIA3       645       1    2238    2240    2563
CTRIA3       646       1    2241    2243    2563
CTRIA3       647       1     352    2244    2242
CTRIA3       648       1     353    2935    2978
CTRIA3       649       1     353    2247    2244
CTRIA3       650       1    2242    2248    2243
CTRIA3       651       1    2246    2244    2245
CTRIA3       652       1    2246    2245    2557
CTRIA3       653       1     355     354    2977
CTRIA3       654       1     354    2249    2247
CTRIA3       655       1     356    2250    2249
CTRIA3       656       1    2245    2247    2249
CTRIA3       657       1    2249    2251    2252
CTRIA3       658       1     357    2253    2250
CTRIA3       659       1     358    2975    2973
CTRIA3       660       1     359    2254    2253
CTRIA3       661       1    2253    2256    2555
CTRIA3       662       1    2253    2255    2256
CTRIA3       663       1    2255    2254    2551
CTRIA3       664       1     360    2973    2972
CTRIA3       665       1     360    2257    2254
CTRIA3       666       1     361    2972    2970
CTRIA3       667       1     362    2260    2257
CTRIA3       668       1    2551    2257    2261
CTRIA3       669       1    2257    2259    2261
CTRIA3       670       1     363    2262    2260
CTRIA3       671       1     365    2963    2964
CTRIA3       672       1     365    2263    2262
CTRIA3       673       1    2264    2548    2258
CTRIA3       674       1    2263    2541    2264
CTRIA3       675       1     365    2964    2965
CTRIA3       676       1     365    2266    2263
CTRIA3       677       1    2266    2265    2268
CTRIA3       678       1     367    2965    2966
CTRIA3       679       1     366     367    2265
CTRIA3       680       1     368    2966    2967
CTRIA3       681       1    2270    2268    2265
CTRIA3       682       1    2263    2266    2541
CTRIA3       683       1    2266    2267    2541
CTRIA3       684       1    2270    2267    2268
CTRIA3       685       1    3079    3087    3081
CTRIA3       686       1     372    3079    3082
CTRIA3       687       1    3081    3080    3082
CTRIA3       688       1     373    3082    3083
CTRIA3       689       1     373     374    2272
CTRIA3       690       1    3080    3086    3083
CTRIA3       691       1     374    3083    3050
CTRIA3       692       1    3049    3050    3051
CTRIA3       693       1    3083    3086    3050
CTRIA3       694       1    3050    3086    3053
CTRIA3       695       1    2281    2277    2431
CTRIA3       696       1     376    2277     375
CTRIA3       697       1     376     377    2430
CTRIA3       698       1    2432    2281    2429
CTRIA3       699       1    2431    2430    2429
CTRIA3       700       1     378    2432    2429
CTRIA3       701       1    2432    2428    2434
CTRIA3       702       1     378    2428    2432
CTRIA3       703       1    2428    2427    2435
CTRIA3       704       1    3048     380     379
CTRIA3       705       1     379    2427    2428
CTRIA3       706       1     381    3301    3047
CTRIA3       707       1     381     382    2426
CTRIA3       708       1    2446    2425    2424
CTRIA3       709       1     382    3047    3046
CTRIA3       710       1     382    2425    2426
CTRIA3       711       1    2422    2423    2445
CTRIA3       712       1     383    3046    3313
CTRIA3       713       1     383    2422    2424
CTRIA3       714       1    2420    2423    2422
CTRIA3       715       1     384    3313    3034
CTRIA3       716       1     384    2421    2422
CTRIA3       717       1     387    4150    3973
CTRIA3       718       1     387     386    2236
CTRIA3       719       1     389    4151    4150
CTRIA3       720       1     389    2395    2392
CTRIA3       721       1     390    4152    4151
CTRIA3       722       1     389    2392    2393
CTRIA3       723       1     390    2393     391
CTRIA3       724       1    2394     392     391
CTRIA3       725       1    2362    2363    2364
CTRIA3       726       1     394    2361     395
CTRIA3       727       1    2364    2367    2361
CTRIA3       728       1    2364    2365    2367
CTRIA3       729       1    4275    4155    4272
CTRIA3       730       1     396    4272    4155
CTRIA3       731       1     397    4271    4272
CTRIA3       732       1     397    2360    2359
CTRIA3       733       1     398     397    2359
CTRIA3       734       1     398    4247    4271
CTRIA3       735       1    4248    4249    4267
CTRIA3       736       1     400    4249    4247
CTRIA3       737       1     400    2358    2355
CTRIA3       738       1    4267    4250    4265
CTRIA3       739       1     401    4250    4249
CTRIA3       740       1     401    2357    2490
CTRIA3       741       1    4265    4266    4263
CTRIA3       742       1     402    4251    4250
CTRIA3       743       1     401    2490     402
CTRIA3       744       1     404     532    3336
CTRIA3       745       1     405    2886    2566
CTRIA3       746       1     405    3336    3335
CTRIA3       747       1     406    2885    2886
CTRIA3       748       1     551    3335    3336
CTRIA3       749       1     406    3335    3334
CTRIA3       750       1     551    3783    3782
CTRIA3       751       1     550    3334    3335
CTRIA3       752       1     409     408    3325
CTRIA3       753       1     550    3782    3784
CTRIA3       754       1     549    3325    3334
CTRIA3       755       1    2853    2851    2850
CTRIA3       756       1     410    2851     409
CTRIA3       757       1    2889    2849    2815
CTRIA3       758       1     411    2849    2850
CTRIA3       759       1    2848    2847    2817
CTRIA3       760       1    2847    2848    2846
CTRIA3       761       1    2817    2845    2819
CTRIA3       762       1    2845    2847    2846
CTRIA3       763       1    2819    2843    2844
CTRIA3       764       1     415    2843    2845
CTRIA3       765       1    2844    2842    2841
CTRIA3       766       1     415    3323    3322
CTRIA3       767       1     416    2842    2843
CTRIA3       768       1    2839    2897    2837
CTRIA3       769       1     416    3322    3321
CTRIA3       770       1     417    2897    2842
CTRIA3       771       1     418    3321    3332
CTRIA3       772       1     418    2890    2897
CTRIA3       773       1    2893    2892     422
CTRIA3       774       1     421    3319    3318
CTRIA3       775       1    2893     422     423
CTRIA3       776       1    3318    3317    3316
CTRIA3       777       1     425    2760    2761
CTRIA3       778       1     425    3337    3315
CTRIA3       779       1    3314     425    3315
CTRIA3       780       1     426     427    3921
CTRIA3       781       1     426    2612    2613
CTRIA3       782       1     427    2613    2614
CTRIA3       783       1    3921     427    3920
CTRIA3       784       1     427    3345    3920
CTRIA3       785       1    2484    2614    2749
CTRIA3       786       1     430    2746    2750
CTRIA3       787       1    3917    2484     429
CTRIA3       788       1    3917     430    3916
CTRIA3       789       1     430    2751     431
CTRIA3       790       1     431    2903     432
CTRIA3       791       1    3913     432    3914
CTRIA3       792       1     432    2786     433
CTRIA3       793       1    2752    2786    2784
CTRIA3       794       1     432    3912    3914
CTRIA3       795       1     433    3911    3912
CTRIA3       796       1    2752    2782    2753
CTRIA3       797       1    2753    2781    2754
CTRIA3       798       1     434    3910    3911
CTRIA3       799       1     434    2752    2753
CTRIA3       800       1     435    3909    3910
CTRIA3       801       1     435    2753    2754
CTRIA3       802       1    2754    2788    2755
CTRIA3       803       1    2755    2900    2756
CTRIA3       804       1     436    3908    3909
CTRIA3       805       1     436    2754    2755
CTRIA3       806       1    3908     438    3907
CTRIA3       807       1     437    2755    2756
CTRIA3       808       1    2900    2901    2757
CTRIA3       809       1    2901    2902    2758
CTRIA3       810       1    3907     439    3906
CTRIA3       811       1     438    2756    2757
CTRIA3       812       1    3906     440    3905
CTRIA3       813       1     439    2757    2758
CTRIA3       814       1    2902    2763    2759
CTRIA3       815       1    2760    2759    2763
CTRIA3       816       1     440     441    3905
CTRIA3       817       1     440    2758    2759
CTRIA3       818       1     441    2759    2760
CTRIA3       819       1     443    3034    3035
CTRIA3       820       1     444    2585    2586
CTRIA3       821       1     444    3035    3036
CTRIA3       822       1     445    2582    2585
CTRIA3       823       1    2587    2585    2584
CTRIA3       824       1    2582    2583    2584
CTRIA3       825       1     445    3036    3037
CTRIA3       826       1     446    2581    2582
CTRIA3       827       1     446    3037    3172
CTRIA3       828       1    2583    2581    2580
CTRIA3       829       1     447    3172    3171
CTRIA3       830       1     448    2578     447
CTRIA3       831       1     449    3170     450
CTRIA3       832       1     448    2577    2578
CTRIA3       833       1     451     450    3169
CTRIA3       834       1     452    3169    3168
CTRIA3       835       1     451    2575    2576
CTRIA3       836       1     452    2574    2575
CTRIA3       837       1    3173    3296     453
CTRIA3       838       1     453    3289     454
CTRIA3       839       1     454    2572    2573
CTRIA3       840       1     454    3287     455
CTRIA3       841       1    3287    3286    3174
CTRIA3       842       1     455    2571    2572
CTRIA3       843       1     456    2570    2571
CTRIA3       844       1    3286    3293    3175
CTRIA3       845       1    3293    3292    3176
CTRIA3       846       1     456    3174    3175
CTRIA3       847       1     457    2569    2570
CTRIA3       848       1     457    3175    3176
CTRIA3       849       1     458    2568    2569
CTRIA3       850       1    3176    3295    3177
CTRIA3       851       1    3178    3177    3295
CTRIA3       852       1     458    3176    3177
CTRIA3       853       1     459    2567    2568
CTRIA3       854       1     460    2566    2567
CTRIA3       855       1    3177     460     459
CTRIA3       856       1     462    3357    3358
CTRIA3       857       1     463     462    3358
CTRIA3       858       1     462    3023    2920
CTRIA3       859       1     464    3356    3355
CTRIA3       860       1     463     464    3023
CTRIA3       861       1    3357     575     574
CTRIA3       862       1     465    3355    3354
CTRIA3       863       1     465    3015    3021
CTRIA3       864       1     466    2381    3015
CTRIA3       865       1     570     569    3353
CTRIA3       866       1     467     466    3353
CTRIA3       867       1    3021    3015    3013
CTRIA3       868       1    3016    2381    3014
CTRIA3       869       1    3011    3010    3012
CTRIA3       870       1     568    3352    3353
CTRIA3       871       1     468    3352    3351
CTRIA3       872       1     467     468    3009
CTRIA3       873       1     568     567    3352
CTRIA3       874       1     567    3351    3352
CTRIA3       875       1    3349    3348     471
CTRIA3       876       1     472    2946    2943
CTRIA3       877       1     471    3348     472
CTRIA3       878       1     564    3348    3349
CTRIA3       879       1     472    3362     473
CTRIA3       880       1     472     473    2945
CTRIA3       881       1    2943    2946    2944
CTRIA3       882       1     474     562    3363
CTRIA3       883       1     475    3346     476
CTRIA3       884       1     479     478    3343
CTRIA3       885       1     484     485    3835
CTRIA3       886       1    3837    3836    3835
CTRIA3       887       1     484    3835    3834
CTRIA3       888       1     483    2967    2968
CTRIA3       889       1     483    3834    3833
CTRIA3       890       1    3835    3836    3834
CTRIA3       891       1    3832    3834    3836
CTRIA3       892       1     485    2955     486
CTRIA3       893       1     486    3838    3837
CTRIA3       894       1    3008    3007    2953
CTRIA3       895       1    2953    2956    2954
CTRIA3       896       1     482     488    3007
CTRIA3       897       1     896    3688    3687
CTRIA3       898       1    2559     482    3364
CTRIA3       899       1    3839     488     878
CTRIA3       900       1    2955    2957    2954
CTRIA3       901       1     487    3839    3838
CTRIA3       902       1     492    3471     491
CTRIA3       903       1     491    3471     490
CTRIA3       904       1    2923     491     490
CTRIA3       905       1     493     492    2924
CTRIA3       906       1     492    2922    2924
CTRIA3       907       1     495    3832    3831
CTRIA3       908       1     495    3075    3076
CTRIA3       909       1     497    3826     498
CTRIA3       910       1     496     497    3074
CTRIA3       911       1     499    3088    3072
CTRIA3       912       1     500    3089    3088
CTRIA3       913       1    3088    3069    3071
CTRIA3       914       1    3089    3092    3069
CTRIA3       915       1     500    3823    3822
CTRIA3       916       1     501    3091    3089
CTRIA3       917       1     501    3822    3820
CTRIA3       918       1     502    3093    3091
CTRIA3       919       1    3092    3091    3090
CTRIA3       920       1    3093    3096    3090
CTRIA3       921       1     502    3820    3819
CTRIA3       922       1     503    3095    3093
CTRIA3       923       1     503    3819    3816
CTRIA3       924       1     504    3097    3095
CTRIA3       925       1    3096    3095    3094
CTRIA3       926       1    3095    3310    3094
CTRIA3       927       1     504    3816    3815
CTRIA3       928       1     505    3815    3812
CTRIA3       929       1    3097     505    3098
CTRIA3       930       1    3099    3098    3111
CTRIA3       931       1     505    3101    3098
CTRIA3       932       1    3098    3101    3107
CTRIA3       933       1     506    3811     507
CTRIA3       934       1     507    3344     508
CTRIA3       935       1    3101    3100    3104
CTRIA3       936       1     508    3102    3100
CTRIA3       937       1    3104    3102    3103
CTRIA3       938       1    3810    3899    3898
CTRIA3       939       1    3898    3809    3810
CTRIA3       940       1     509    3240    3102
CTRIA3       941       1     509    3239    3240
CTRIA3       942       1     509    3810    3809
CTRIA3       943       1    3242    3243    3238
CTRIA3       944       1    3243    3245    3236
CTRIA3       945       1     512    3243    3242
CTRIA3       946       1    3236    3244    3235
CTRIA3       947       1     514     640     639
CTRIA3       948       1     513    3245    3243
CTRIA3       949       1    3245     513     514
CTRIA3       950       1    3235    3246    3228
CTRIA3       951       1     515     639     638
CTRIA3       952       1     516    3246    3244
CTRIA3       953       1    3228    3247    3227
CTRIA3       954       1     516     638     637
CTRIA3       955       1     517    3247    3246
CTRIA3       956       1     517     637     636
CTRIA3       957       1     518    3273    3247
CTRIA3       958       1     635     519     518
CTRIA3       959       1    3272    3273    3270
CTRIA3       960       1    3273    3250    3270
CTRIA3       961       1     518     519    3273
CTRIA3       962       1    3250     520    3249
CTRIA3       963       1     519     634     633
CTRIA3       964       1     521    3249     520
CTRIA3       965       1     633    3773    3774
CTRIA3       966       1     521     632     522
CTRIA3       967       1     522    3264    3248
CTRIA3       968       1    3264    3267    3265
CTRIA3       969       1     632    3774    3775
CTRIA3       970       1     631     523     522
CTRIA3       971       1     666    3570    3475
CTRIA3       972       1     523     524    3267
CTRIA3       973       1    3268    3265    3267
CTRIA3       974       1     631    3775    3776
CTRIA3       975       1     631     524     523
CTRIA3       976       1     525     524     630
CTRIA3       977       1     526    3180    3268
CTRIA3       978       1     630    3777     629
CTRIA3       979       1     526    3474    3473
CTRIA3       980       1     527    3179    3180
CTRIA3       981       1    3777    3778     629
CTRIA3       982       1     628    3473    3474
CTRIA3       983       1     535    3337    3317
CTRIA3       984       1     991    3803    3797
CTRIA3       985       1    3801    3800    3803
CTRIA3       986       1    3804     534    3801
CTRIA3       987       1     990    3802    3803
CTRIA3       988       1    3804    3801    3803
CTRIA3       989       1    3319     537     536
CTRIA3       990       1    3798    3796     994
CTRIA3       991       1     537    3799    3798
CTRIA3       992       1     535     536    3800
CTRIA3       993       1     993    3798     994
CTRIA3       994       1     536    3797    3800
CTRIA3       995       1    3332    2552    3331
CTRIA3       996       1     537    3320     538
CTRIA3       997       1    3795    3799     538
CTRIA3       998       1    3330    3321    3322
CTRIA3       999       1     541    3793    3792
CTRIA3      1000       1     540     539    3332
CTRIA3      1001       1     540    3792    3794
CTRIA3      1002       1    3329    3333     544
CTRIA3      1003       1    1000    3790    3787
CTRIA3      1004       1     543    3790     542
CTRIA3      1005       1     999    3791    3790
CTRIA3      1006       1    3790    3793     542
CTRIA3      1007       1     411    3327    3328
CTRIA3      1008       1    3786    3788    3789
CTRIA3      1009       1     546    3789    3788
CTRIA3      1010       1     545    3328    3327
CTRIA3      1011       1    3324     412    3328
CTRIA3      1012       1     545    3788    3787
CTRIA3      1013       1     548    3785     547
CTRIA3      1014       1     548    3326    3325
CTRIA3      1015       1    3326     411     410
CTRIA3      1016       1    3785    3789     547
CTRIA3      1017       1     546    3327    3326
CTRIA3      1018       1     556    3340    3341
CTRIA3      1019       1    3340    3342    3343
CTRIA3      1020       1    2949    2947     479
CTRIA3      1021       1     555    3342    3340
CTRIA3      1022       1    3346    2328     476
CTRIA3      1023       1     476     477    2987
CTRIA3      1024       1    2987    2991    2986
CTRIA3      1025       1    2328    3346     559
CTRIA3      1026       1    3343     478    3341
CTRIA3      1027       1    2986    2991    2984
CTRIA3      1028       1    3345    3919    3920
CTRIA3      1029       1    3919    3345     428
CTRIA3      1030       1    2945     473     474
CTRIA3      1031       1     561    3363     562
CTRIA3      1032       1     565    3349    3350
CTRIA3      1033       1     565     564    3349
CTRIA3      1034       1     571     570    3354
CTRIA3      1035       1     572    3355    3356
CTRIA3      1036       1    3759    3736    3735
CTRIA3      1037       1      21    3361    3359
CTRIA3      1038       1      21     579    3735
CTRIA3      1039       1    3736     966    3735
CTRIA3      1040       1     578     577    3361
CTRIA3      1041       1     581    3738    3737
CTRIA3      1042       1     581    3433    3432
CTRIA3      1043       1     580    3737    3759
CTRIA3      1044       1     580    3434    3433
CTRIA3      1045       1    3433    3370    3371
CTRIA3      1046       1    3370    3369    3372
CTRIA3      1047       1    3434    3370    3433
CTRIA3      1048       1    3470    3369    3370
CTRIA3      1049       1     584    3431     585
CTRIA3      1050       1     582     583    3738
CTRIA3      1051       1     582    3432    3430
CTRIA3      1052       1    3376    3431    3430
CTRIA3      1053       1    3376    3375    3377
CTRIA3      1054       1    3430    3371    3376
CTRIA3      1055       1    3376    3372    3375
CTRIA3      1056       1     961    3741    3742
CTRIA3      1057       1     587    3742    3741
CTRIA3      1058       1    3429     587     586
CTRIA3      1059       1     962    3740    3741
CTRIA3      1060       1     586    3741    3740
CTRIA3      1061       1     591    3756    3744
CTRIA3      1062       1     598    3422    3423
CTRIA3      1063       1     598    3753    3750
CTRIA3      1064       1     597    3420    3422
CTRIA3      1065       1     602    3520     603
CTRIA3      1066       1     602    3409     601
CTRIA3      1067       1     601    3521    3520
CTRIA3      1068       1     601    3404    3407
CTRIA3      1069       1    3406    3407    3404
CTRIA3      1070       1    3479    3523    3524
CTRIA3      1071       1     606    3519    3478
CTRIA3      1072       1      27     599    3424
CTRIA3      1073       1     606    3424    3425
CTRIA3      1074       1    3523    3519    3518
CTRIA3      1075       1    2336    3516    3518
CTRIA3      1076       1     605    2336    3519
CTRIA3      1077       1     605    3425    3411
CTRIA3      1078       1     608    4055    4068
CTRIA3      1079       1     608    3406    3403
CTRIA3      1080       1     609    3403    3402
CTRIA3      1081       1    4054    4068    4055
CTRIA3      1082       1     611    4070    4069
CTRIA3      1083       1     610    3401    3400
CTRIA3      1084       1     611    4072    4070
CTRIA3      1085       1     611    3400    3399
CTRIA3      1086       1    4069    4087    4051
CTRIA3      1087       1    4087    4071    4086
CTRIA3      1088       1    4070    4072    4071
CTRIA3      1089       1    4076    4086    4071
CTRIA3      1090       1     612     613    4073
CTRIA3      1091       1     614     613    3394
CTRIA3      1092       1     615    4077    4075
CTRIA3      1093       1    3457     614    3394
CTRIA3      1094       1    4076    4075    4074
CTRIA3      1095       1    4077    4081    4074
CTRIA3      1096       1     616    4080    4077
CTRIA3      1097       1     615    3457    3458
CTRIA3      1098       1     616    4082    4080
CTRIA3      1099       1     616    3458    3387
CTRIA3      1100       1    4077    4080    4078
CTRIA3      1101       1    4080    4082    4078
CTRIA3      1102       1     618    3987     617
CTRIA3      1103       1     620    3983    3984
CTRIA3      1104       1    3984    3985    3986
CTRIA3      1105       1    3983    3982    3985
CTRIA3      1106       1     621    3980    3983
CTRIA3      1107       1     620    3459    3460
CTRIA3      1108       1     622    3979    3980
CTRIA3      1109       1     621    3460    3461
CTRIA3      1110       1    3982    3980    3981
CTRIA3      1111       1    3979    3978    3981
CTRIA3      1112       1     623    3976    3979
CTRIA3      1113       1     622    3461    3464
CTRIA3      1114       1     623    3464    3465
CTRIA3      1115       1    3979    3976    3977
CTRIA3      1116       1    3976    3975    3977
CTRIA3      1117       1    3977    3975    4145
CTRIA3      1118       1     624    3465    3468
CTRIA3      1119       1     625    3468    3469
CTRIA3      1120       1    3975     625    3974
CTRIA3      1121       1    3974     626    4149
CTRIA3      1122       1     985    3770     986
CTRIA3      1123       1     637    3770    3769
CTRIA3      1124       1     983    3772    3769
CTRIA3      1125       1     635    3772     634
CTRIA3      1126       1    3767    3771     639
CTRIA3      1127       1    3768    3770    3771
CTRIA3      1128       1     638    3771    3770
CTRIA3      1129       1     641    3765    3766
CTRIA3      1130       1     713    3616    3617
CTRIA3      1131       1     650     712     713
CTRIA3      1132       1    3551    2498    3550
CTRIA3      1133       1     712     711    3615
CTRIA3      1134       1     711    2498     649
CTRIA3      1135       1     827    3616    3615
CTRIA3      1136       1     648     649    3551
CTRIA3      1137       1     711    3614    3615
CTRIA3      1138       1     649     710     711
CTRIA3      1139       1     654    4432    4431
CTRIA3      1140       1     653     654    3513
CTRIA3      1141       1     652    4433    4432
CTRIA3      1142       1    4434    4435    4432
CTRIA3      1143       1    4433    4443    4434
CTRIA3      1144       1     657    4405    4406
CTRIA3      1145       1    4405     656    4404
CTRIA3      1146       1     656    3508    3509
CTRIA3      1147       1     655    3509    3510
CTRIA3      1148       1    4406    4400    4409
CTRIA3      1149       1    4405    4402    4400
CTRIA3      1150       1     658    4406    4408
CTRIA3      1151       1     657     658    3507
CTRIA3      1152       1    4408    4409    4407
CTRIA3      1153       1    3504     660    3503
CTRIA3      1154       1     659    4426    4425
CTRIA3      1155       1     659    3504    3506
CTRIA3      1156       1     659    4408    4426
CTRIA3      1157       1    4416    4425    4426
CTRIA3      1158       1    4408    4407    4426
CTRIA3      1159       1     662    4427    4304
CTRIA3      1160       1     661     662    3531
CTRIA3      1161       1     661    4424    4427
CTRIA3      1162       1     660    4425    4424
CTRIA3      1163       1    4304    4428    4305
CTRIA3      1164       1    4427    4415    4428
CTRIA3      1165       1    4416    4415    4424
CTRIA3      1166       1     665    3475    3537
CTRIA3      1167       1     663     664    3534
CTRIA3      1168       1    4303    4308    4302
CTRIA3      1169       1     665     664    4303
CTRIA3      1170       1    4305    4308    4303
CTRIA3      1171       1    3582    2478    3544
CTRIA3      1172       1    3582    3538    3581
CTRIA3      1173       1    4298     668    4299
CTRIA3      1174       1     668    4300    4299
CTRIA3      1175       1     667     668    3581
CTRIA3      1176       1     667    4301    4300
CTRIA3      1177       1     676    3485    3480
CTRIA3      1178       1    3485    3482    3480
CTRIA3      1179       1    3731    3732     675
CTRIA3      1180       1     675    3525    3485
CTRIA3      1181       1    3482    3484    3486
CTRIA3      1182       1    3485    3525    3483
CTRIA3      1183       1     943    3729    3727
CTRIA3      1184       1     680    3729    3728
CTRIA3      1185       1     680    3586    3585
CTRIA3      1186       1    3730    3728     945
CTRIA3      1187       1    3585    3586    3493
CTRIA3      1188       1     682     683    3724
CTRIA3      1189       1     683    3588    3567
CTRIA3      1190       1     681    3727    3729
CTRIA3      1191       1     682     681    3497
CTRIA3      1192       1     680     681    3729
CTRIA3      1193       1    3588    3497    3498
CTRIA3      1194       1    3494    3496    3497
CTRIA3      1195       1     686    3563    3561
CTRIA3      1196       1     685    3564    3563
CTRIA3      1197       1     685    3723    3725
CTRIA3      1198       1    3564     684    3566
CTRIA3      1199       1    3561    3563    3562
CTRIA3      1200       1    3571    3569    3562
CTRIA3      1201       1     939    3723    3721
CTRIA3      1202       1    3564    3566    3565
CTRIA3      1203       1     688     689    3717
CTRIA3      1204       1     689    3558    3557
CTRIA3      1205       1     687    3720    3722
CTRIA3      1206       1     688    3560    3558
CTRIA3      1207       1     690    3557    3556
CTRIA3      1208       1    3574    3576    3556
CTRIA3      1209       1     935    3717     934
CTRIA3      1210       1    3720    3719    3718
CTRIA3      1211       1    3558    3560    3559
CTRIA3      1212       1     692     693    3716
CTRIA3      1213       1     691    3715    3714
CTRIA3      1214       1     694     693    3554
CTRIA3      1215       1     753     931    3713
CTRIA3      1216       1     693    3713    3716
CTRIA3      1217       1    3555    3552    3554
CTRIA3      1218       1     692     691    3553
CTRIA3      1219       1     971    3764    3762
CTRIA3      1220       1    3765    3763     973
CTRIA3      1221       1     699    3871    3869
CTRIA3      1222       1    2373     699     700
CTRIA3      1223       1    3871     698    3902
CTRIA3      1224       1    3761    3764     701
CTRIA3      1225       1     698     701     702
CTRIA3      1226       1     708     707    3613
CTRIA3      1227       1     825    3614    3612
CTRIA3      1228       1    3614    3613    3612
CTRIA3      1229       1    3618    3611    3613
CTRIA3      1230       1     824     825    3612
CTRIA3      1231       1     824    3612    3613
CTRIA3      1232       1    2989     474    3684
CTRIA3      1233       1     716    3923    3922
CTRIA3      1234       1     734     716    3606
CTRIA3      1235       1    3923    3920    3922
CTRIA3      1236       1     716    3605    3606
CTRIA3      1237       1    3922    3919     717
CTRIA3      1238       1     718     719    3604
CTRIA3      1239       1     718     717    3919
CTRIA3      1240       1    3604    3603     749
CTRIA3      1241       1     720    3918    3915
CTRIA3      1242       1     748     749    3603
CTRIA3      1243       1     721    3915    3913
CTRIA3      1244       1     720    3602    3603
CTRIA3      1245       1     746    3602    3601
CTRIA3      1246       1     721    3601    3602
CTRIA3      1247       1     745    3601    3600
CTRIA3      1248       1    3924     722    3914
CTRIA3      1249       1     722    3600    3601
CTRIA3      1250       1     744    3600    3599
CTRIA3      1251       1    3925     723    3924
CTRIA3      1252       1     723     724    3599
CTRIA3      1253       1     743    3599    3607
CTRIA3      1254       1    3599    3598    3607
CTRIA3      1255       1    3932     724    3925
CTRIA3      1256       1     742    3607    3608
CTRIA3      1257       1    3607    3597    3608
CTRIA3      1258       1     726     725    3931
CTRIA3      1259       1     725    3597    3598
CTRIA3      1260       1     741    3608    3609
CTRIA3      1261       1    3608    3596    3609
CTRIA3      1262       1     740    3609    3610
CTRIA3      1263       1    3609    3595    3610
CTRIA3      1264       1     727    3596    3597
CTRIA3      1265       1     728    3595    3596
CTRIA3      1266       1     739    3610    3594
CTRIA3      1267       1     738    3593    3592
CTRIA3      1268       1     729    3594    3595
CTRIA3      1269       1     729    3593    3594
CTRIA3      1270       1     738    3592     737
CTRIA3      1271       1    3592    3591     737
CTRIA3      1272       1     730    3591    3592
CTRIA3      1273       1     736     737    3591
CTRIA3      1274       1     732     731    3926
CTRIA3      1275       1     731    3590    3591
CTRIA3      1276       1     752     734    3606
CTRIA3      1277       1    2989    3684    2985
CTRIA3      1278       1     751    3606    3605
CTRIA3      1279       1     758    3631    3630
CTRIA3      1280       1     757    3630    3632
CTRIA3      1281       1     761     762    3627
CTRIA3      1282       1     763    3655    3626
CTRIA3      1283       1    3655    3624    3625
CTRIA3      1284       1    3627    3626    3625
CTRIA3      1285       1     765    3621    3656
CTRIA3      1286       1    3621     818    3623
CTRIA3      1287       1     920    3712     818
CTRIA3      1288       1     764    3656    3655
CTRIA3      1289       1    3624    3656    3623
CTRIA3      1290       1     776    3646    3647
CTRIA3      1291       1     778    3642    3644
CTRIA3      1292       1    4604    4605    4597
CTRIA3      1293       1     777    3643    3646
CTRIA3      1294       1     780    3640    3641
CTRIA3      1295       1     779    3641    3642
CTRIA3      1296       1     783     784    3639
CTRIA3      1297       1     781    3638    3640
CTRIA3      1298       1     805     804    3637
CTRIA3      1299       1     785    3636    3637
CTRIA3      1300       1     804    3639    3637
CTRIA3      1301       1     794    4592    4590
CTRIA3      1302       1     793    4590    4589
CTRIA3      1303       1     793    3649    3650
CTRIA3      1304       1    4589    4590    4591
CTRIA3      1305       1     797    4596     796
CTRIA3      1306       1     797    3647    3646
CTRIA3      1307       1     795     794    3648
CTRIA3      1308       1     798    4597    4605
CTRIA3      1309       1     799    3643    3644
CTRIA3      1310       1    4596     798    4605
CTRIA3      1311       1     798    3646    3643
CTRIA3      1312       1    3644    3645     800
CTRIA3      1313       1     799     800    4597
CTRIA3      1314       1     811    3710     810
CTRIA3      1315       1     811    3630    3631
CTRIA3      1316       1     928     810    3710
CTRIA3      1317       1    3632     809     808
CTRIA3      1318       1     929     928    4341
CTRIA3      1319       1     813     925    3711
CTRIA3      1320       1     813    3628    3629
CTRIA3      1321       1     812    3711    3710
CTRIA3      1322       1     812    3631    3628
CTRIA3      1323       1     927     926    4339
CTRIA3      1324       1     927    3710    3711
CTRIA3      1325       1     815     816     922
CTRIA3      1326       1     817     818    3712
CTRIA3      1327       1     817    3624    3623
CTRIA3      1328       1    3620     821    3622
CTRIA3      1329       1     918    4556     919
CTRIA3      1330       1     820     918     919
CTRIA3      1331       1     766     767    3622
CTRIA3      1332       1     819     818    3621
CTRIA3      1333       1     823     916     822
CTRIA3      1334       1     823    3619    3618
CTRIA3      1335       1     917    4296    4580
CTRIA3      1336       1     917     822     916
CTRIA3      1337       1    4297    4581    4580
CTRIA3      1338       1     822    3620    3619
CTRIA3      1339       1     821     822     917
CTRIA3      1340       1    4580    4581    4556
CTRIA3      1341       1     828    3617    3616
CTRIA3      1342       1     827     828    3616
CTRIA3      1343       1     949    3734    3732
CTRIA3      1344       1    3479    3524     674
CTRIA3      1345       1     674    3732    3734
CTRIA3      1346       1     949     950    3734
CTRIA3      1347       1     830     950      51
CTRIA3      1348       1     834     835    3674
CTRIA3      1349       1     840    3679     839
CTRIA3      1350       1    3947    3949    3952
CTRIA3      1351       1     846     847    3667
CTRIA3      1352       1     846    3667    3666
CTRIA3      1353       1     844    3668    3669
CTRIA3      1354       1     870     869    3665
CTRIA3      1355       1     847    3665    3667
CTRIA3      1356       1     868     869    3943
CTRIA3      1357       1     869    3667    3665
CTRIA3      1358       1     851    3663    3662
CTRIA3      1359       1    3934     872     873
CTRIA3      1360       1    3662     872    3660
CTRIA3      1361       1     850     851    3662
CTRIA3      1362       1     849    3660    3661
CTRIA3      1363       1    3674    3673    3676
CTRIA3      1364       1    3675     834    3674
CTRIA3      1365       1    3672     859    3677
CTRIA3      1366       1     858    3954    3957
CTRIA3      1367       1    3673    3672    3677
CTRIA3      1368       1     858    3676    3677
CTRIA3      1369       1     860    3951    3953
CTRIA3      1370       1     861    3679    3680
CTRIA3      1371       1     860    3678    3679
CTRIA3      1372       1     859    3953    3954
CTRIA3      1373       1     843    3669    3683
CTRIA3      1374       1     864    3682    3683
CTRIA3      1375       1     841    3682    3681
CTRIA3      1376       1     862     863    3952
CTRIA3      1377       1     862    3680    3681
CTRIA3      1378       1     866    3946    3948
CTRIA3      1379       1     867    3668    3666
CTRIA3      1380       1     865     866    3948
CTRIA3      1381       1     865    3683    3669
CTRIA3      1382       1     865     864    3683
CTRIA3      1383       1    3936     871    3934
CTRIA3      1384       1     871    3660     872
CTRIA3      1385       1     871    3661    3660
CTRIA3      1386       1    3935    3941     870
CTRIA3      1387       1    1013    3939     875
CTRIA3      1388       1    3939    3940    3938
CTRIA3      1389       1    3664    3658    3663
CTRIA3      1390       1    3659    3663    3658
CTRIA3      1391       1    3939    3938    3937
CTRIA3      1392       1     876    1013     875
CTRIA3      1393       1     875    3664    3686
CTRIA3      1394       1     874    3939     873
CTRIA3      1395       1    3659     874     873
CTRIA3      1396       1     878    3687    3690
CTRIA3      1397       1     879    3689     880
CTRIA3      1398       1     910    3691    3689
CTRIA3      1399       1     881     880    3689
CTRIA3      1400       1     909    3692    3691
CTRIA3      1401       1     882    3851    3840
CTRIA3      1402       1    3691     882     881
CTRIA3      1403       1     908    3693    3692
CTRIA3      1404       1    3850     882     883
CTRIA3      1405       1     882    3692    3693
CTRIA3      1406       1     907    3694    3693
CTRIA3      1407       1     883    3693    3694
CTRIA3      1408       1     885    3854     884
CTRIA3      1409       1     886    3856    3855
CTRIA3      1410       1    3854    3891    3853
CTRIA3      1411       1    3856    3888    3890
CTRIA3      1412       1     887    3857    3856
CTRIA3      1413       1     887     886    3699
CTRIA3      1414       1     888    3860    3857
CTRIA3      1415       1     888    3699    3698
CTRIA3      1416       1    3859    3856    3857
CTRIA3      1417       1    3888    3859    3886
CTRIA3      1418       1    3858    3857    3860
CTRIA3      1419       1    3884    3859    3858
CTRIA3      1420       1     889    3861    3860
CTRIA3      1421       1     889    3698    3700
CTRIA3      1422       1     890    3864    3861
CTRIA3      1423       1     890    3700    3701
CTRIA3      1424       1    3858    3861    3863
CTRIA3      1425       1    3884    3863    3882
CTRIA3      1426       1    3864    3862    3863
CTRIA3      1427       1     891    3865    3864
CTRIA3      1428       1     891    3701    3705
CTRIA3      1429       1     892    3868    3865
CTRIA3      1430       1    3704     891    3705
CTRIA3      1431       1    3862    3865    3866
CTRIA3      1432       1    3865    3867    3866
CTRIA3      1433       1    3870    3868     893
CTRIA3      1434       1     894    3870     893
CTRIA3      1435       1    3706    3704     899
CTRIA3      1436       1     898     894     893
CTRIA3      1437       1    3701    3702    3705
CTRIA3      1438       1    3702     901     900
CTRIA3      1439       1     899    3705     900
CTRIA3      1440       1    3698    3697    3703
CTRIA3      1441       1    3700    3703    3702
CTRIA3      1442       1    3697     903     902
CTRIA3      1443       1     901    3703     902
CTRIA3      1444       1    3699    3696     904
CTRIA3      1445       1    3699     904    3697
CTRIA3      1446       1     907    3695    3694
CTRIA3      1447       1     886    3695     905
CTRIA3      1448       1    3839     879    3843
CTRIA3      1449       1     912    3690     913
CTRIA3      1450       1     880    3841    3843
CTRIA3      1451       1    3839    3843    3842
CTRIA3      1452       1    3841    3842    3843
CTRIA3      1453       1     921    4551    4550
CTRIA3      1454       1     921    3712     920
CTRIA3      1455       1    4551    4553    4552
CTRIA3      1456       1    4574    4551    4552
CTRIA3      1457       1     921    4550    4546
CTRIA3      1458       1    4550    4547    4546
CTRIA3      1459       1    4549    4548    4547
CTRIA3      1460       1     922    4546    4545
CTRIA3      1461       1    4547    4544    4545
CTRIA3      1462       1     924     923    4545
CTRIA3      1463       1    4545    4544    4336
CTRIA3      1464       1     932     933    3715
CTRIA3      1465       1     933    3714    3715
CTRIA3      1466       1    3722    3720    3721
CTRIA3      1467       1     936     937    3718
CTRIA3      1468       1     937    3720    3718
CTRIA3      1469       1    3725     941    3726
CTRIA3      1470       1     684     683    3567
CTRIA3      1471       1     942    3724    3726
CTRIA3      1472       1     942     943    3727
CTRIA3      1473       1     946     947    3731
CTRIA3      1474       1     953    3748    3751
CTRIA3      1475       1    3751    3749     597
CTRIA3      1476       1    3420    3453    3418
CTRIA3      1477       1     954    3747    3748
CTRIA3      1478       1    3749    3748    3747
CTRIA3      1479       1     596    3426    3453
CTRIA3      1480       1     954     955    3747
CTRIA3      1481       1    3745     595    3747
CTRIA3      1482       1     956    3755    3746
CTRIA3      1483       1     957    3756    3755
CTRIA3      1484       1     958    3757    3756
CTRIA3      1485       1     958     959    3757
CTRIA3      1486       1     963    3739    3740
CTRIA3      1487       1     584    3739     583
CTRIA3      1488       1     963     964    3739
CTRIA3      1489       1    3738    3739     964
CTRIA3      1490       1    3737    2495     965
CTRIA3      1491       1    3736    3737     965
CTRIA3      1492       1      39     968     715
CTRIA3      1493       1     968    3760     715
CTRIA3      1494       1     970    3762    3761
CTRIA3      1495       1     970     971    3762
CTRIA3      1496       1     977    3777    3776
CTRIA3      1497       1     980    3774     981
CTRIA3      1498       1     978    3776    3775
CTRIA3      1499       1     982    3807    3772
CTRIA3      1500       1    3772    3807    3773
CTRIA3      1501       1    3774    3773    3807
CTRIA3      1502       1     987    3768    3767
CTRIA3      1503       1     996    3795    3794
CTRIA3      1504       1     995    3796    3795
CTRIA3      1505       1    3791    3792    3793
CTRIA3      1506       1    1004    3785    3784
CTRIA3      1507       1    1003    3786    3785
CTRIA3      1508       1    1006    3783    1007
CTRIA3      1509       1    1005    3784    3782
CTRIA3      1510       1    1012    1013    3967
CTRIA3      1511       1    1013      53    3970
CTRIA3      1512       1    1015    3971    1016
CTRIA3      1513       1    1019    4442    4443
CTRIA3      1514       1    1020    4058    4061
CTRIA3      1515       1    4066    4059    4058
CTRIA3      1516       1    1021    1022    4441
CTRIA3      1517       1    1021    1020    4061
CTRIA3      1518       1    1023    4062    4064
CTRIA3      1519       1    4064    4063    4041
CTRIA3      1520       1    1024    4064    4065
CTRIA3      1521       1    4064    4039    4065
CTRIA3      1522       1    4039    4041    4040
CTRIA3      1523       1    1024    1025    4444
CTRIA3      1524       1    1024    4065    4034
CTRIA3      1525       1    4033    4034    4035
CTRIA3      1526       1    4065    4039    4034
CTRIA3      1527       1    4037    4035    4034
CTRIA3      1528       1    4038    1027    1026
CTRIA3      1529       1    4037    4036    4038
CTRIA3      1530       1    4447    4449    4453
CTRIA3      1531       1    4447    1027    4448
CTRIA3      1532       1    1028    4448    1027
CTRIA3      1533       1    4450    4451    4452
CTRIA3      1534       1    4449    4448    4450
CTRIA3      1535       1    4448    1029    4450
CTRIA3      1536       1    1029    1028    4032
CTRIA3      1537       1    4452    4515    4455
CTRIA3      1538       1    4451    4513    4515
CTRIA3      1539       1    1029    4513    4451
CTRIA3      1540       1    1030    4032    4024
CTRIA3      1541       1    4455    4515    4514
CTRIA3      1542       1    4512    4460    4514
CTRIA3      1543       1    1031    1032    4512
CTRIA3      1544       1    1033    4031    4030
CTRIA3      1545       1    1034    4030    4094
CTRIA3      1546       1    1033    4511    4510
CTRIA3      1547       1       2     136    4294
CTRIA3      1548       1    1281    1279    1280
CTRIA3      1549       1    1039    1279    1281
CTRIA3      1550       1    1276    1278    1279
CTRIA3      1551       1    1277    1275    1276
CTRIA3      1552       1    1278    1282    1283
CTRIA3      1553       1    1274    1282    1276
CTRIA3      1554       1    1283    1272    1336
CTRIA3      1555       1    1272    1282    1273
CTRIA3      1556       1    1274    1284    1273
CTRIA3      1557       1    1272    1271    1337
CTRIA3      1558       1    1270    1273    1285
CTRIA3      1559       1    1271    1269    1265
CTRIA3      1560       1    1267    1265    1266
CTRIA3      1561       1    1287    1289    1267
CTRIA3      1562       1    1292    1294    1290
CTRIA3      1563       1    1289    1330    1292
CTRIA3      1564       1    1331    1330    1288
CTRIA3      1565       1    1292    1330    1329
CTRIA3      1566       1    1295    1296    1297
CTRIA3      1567       1    1329    1327    1296
CTRIA3      1568       1    1328    1327    1329
CTRIA3      1569       1    1297    1296    1325
CTRIA3      1570       1    1327    1326    1324
CTRIA3      1571       1    1323    1325    1324
CTRIA3      1572       1    1332    1324    1326
CTRIA3      1573       1    1076    1047    1048
CTRIA3      1574       1    1079    1048    1051
CTRIA3      1575       1    1066    1052    1065
CTRIA3      1576       1    1051    1053    1052
CTRIA3      1577       1    1065    1052    1058
CTRIA3      1578       1    1053    1054    1056
CTRIA3      1579       1    1056    1351    1057
CTRIA3      1580       1    1057    1263    1338
CTRIA3      1581       1    1263    1264    1262
CTRIA3      1582       1    1261    1262    1264
CTRIA3      1583       1    1337    1265    1261
CTRIA3      1584       1    1262    1259    1257
CTRIA3      1585       1    1268    1259    1261
CTRIA3      1586       1    1258    1257    1259
CTRIA3      1587       1    1258    1259    1335
CTRIA3      1588       1    1268    1291    1335
CTRIA3      1589       1    1258    1308    1309
CTRIA3      1590       1    1294    1335    1290
CTRIA3      1591       1    1307    1305    1306
CTRIA3      1592       1    1308    1293    1307
CTRIA3      1593       1    1300    1299    1303
CTRIA3      1594       1    1307    1293    1300
CTRIA3      1595       1    1303    1301    1302
CTRIA3      1596       1    1302    1301    1333
CTRIA3      1597       1    1082    1069    1102
CTRIA3      1598       1    1070    1068    1069
CTRIA3      1599       1    1102    1069    1101
CTRIA3      1600       1    1068    1064    1067
CTRIA3      1601       1    1063    1061    1062
CTRIA3      1602       1    1065    1061    1063
CTRIA3      1603       1    1062    1060    1107
CTRIA3      1604       1    1061    1059    1060
CTRIA3      1605       1    1057    1059    1058
CTRIA3      1606       1    1060    1249    1251
CTRIA3      1607       1    1338    1249    1059
CTRIA3      1608       1    1251    1250    1248
CTRIA3      1609       1    1250    1249    1254
CTRIA3      1610       1    1338    1256    1254
CTRIA3      1611       1    1250    1253    1244
CTRIA3      1612       1    1254    1255    1253
CTRIA3      1613       1    1253    1240    1241
CTRIA3      1614       1    1239    1241    1238
CTRIA3      1615       1    1239    1311    1310
CTRIA3      1616       1    1304    1311    1306
CTRIA3      1617       1    1306    1305    1304
CTRIA3      1618       1    1313    1314    1312
CTRIA3      1619       1    1303    1313    1304
CTRIA3      1620       1    1315    1319    1316
CTRIA3      1621       1    1303    1315    1313
CTRIA3      1622       1    1317    1316    1319
CTRIA3      1623       1    1318    1319    1302
CTRIA3      1624       1    1102    1099    1081
CTRIA3      1625       1    1097    1099    1103
CTRIA3      1626       1    1097    1349    1096
CTRIA3      1627       1    1103    1104    1349
CTRIA3      1628       1    1101    1105    1104
CTRIA3      1629       1    1347    1348    1095
CTRIA3      1630       1    1104    1106    1347
CTRIA3      1631       1    1347    1113    1348
CTRIA3      1632       1    1110    1347    1108
CTRIA3      1633       1    1106    1107    1108
CTRIA3      1634       1    1113    1109    1112
CTRIA3      1635       1    1110    1111    1109
CTRIA3      1636       1    1108    1252    1111
CTRIA3      1637       1    1248    1346    1252
CTRIA3      1638       1    1248    1247    1346
CTRIA3      1639       1    1246    1245    1129
CTRIA3      1640       1    1243    1246    1242
CTRIA3      1641       1    1242    1241    1243
CTRIA3      1642       1    1245    1235    1339
CTRIA3      1643       1    1237    1235    1243
CTRIA3      1644       1    1234    1233    1340
CTRIA3      1645       1    1339    1235    1234
CTRIA3      1646       1    1236    1233    1234
CTRIA3      1647       1    1340    1232    1342
CTRIA3      1648       1    1233    1231    1232
CTRIA3      1649       1    1312    1314    1231
CTRIA3      1650       1    1342    1232    1140
CTRIA3      1651       1    1231    1230    1228
CTRIA3      1652       1    1228    1230    1227
CTRIA3      1653       1    1099    1100    1350
CTRIA3      1654       1    1113    1114    1348
CTRIA3      1655       1    1112    1115    1114
CTRIA3      1656       1    1123    1115    1125
CTRIA3      1657       1    1123    1124    1121
CTRIA3      1658       1    1125    1126    1124
CTRIA3      1659       1    1127    1128    1126
CTRIA3      1660       1    1343    1209    1122
CTRIA3      1661       1    1126    1130    1343
CTRIA3      1662       1    1133    1209    1343
CTRIA3      1663       1    1133    1343    1131
CTRIA3      1664       1    1208    1132    1210
CTRIA3      1665       1    1133    1134    1132
CTRIA3      1666       1    1131    1135    1134
CTRIA3      1667       1    1210    1132    1211
CTRIA3      1668       1    1136    1224    1211
CTRIA3      1669       1    1137    1136    1138
CTRIA3      1670       1    1141    1137    1138
CTRIA3      1671       1    1139    1138    1140
CTRIA3      1672       1    1085    1087    1086
CTRIA3      1673       1    1350    1100    1087
CTRIA3      1674       1    1086    1089    1197
CTRIA3      1675       1    1087    1088    1089
CTRIA3      1676       1    1098    1088    1100
CTRIA3      1677       1    1089    1088    1090
CTRIA3      1678       1    1092    1093    1345
CTRIA3      1679       1    1090    1094    1093
CTRIA3      1680       1    1096    1094    1090
CTRIA3      1681       1    1093    1116    1344
CTRIA3      1682       1    1114    1116    1094
CTRIA3      1683       1    1115    1118    1117
CTRIA3      1684       1    1170    1199    1198
CTRIA3      1685       1    1199    1118    1119
CTRIA3      1686       1    1164    1200    1163
CTRIA3      1687       1    1119    1121    1200
CTRIA3      1688       1    1208    1207    1209
CTRIA3      1689       1    1210    1226    1207
CTRIA3      1690       1    1210    1212    1226
CTRIA3      1691       1    1213    1215    1214
CTRIA3      1692       1    1213    1216    1215
CTRIA3      1693       1    1224    1219    1216
CTRIA3      1694       1    1217    1214    1215
CTRIA3      1695       1    1217    1215    1216
CTRIA3      1696       1    1218    1216    1219
CTRIA3      1697       1    1181    1184    1182
CTRIA3      1698       1    1184    1195    1183
CTRIA3      1699       1    1182    1179    1180
CTRIA3      1700       1    1183    1197    1179
CTRIA3      1701       1    1194    1178    1176
CTRIA3      1702       1    1176    1178    1177
CTRIA3      1703       1    1091    1092    1177
CTRIA3      1704       1    1176    1175    1193
CTRIA3      1705       1    1176    1174    1175
CTRIA3      1706       1    1177    1173    1174
CTRIA3      1707       1    1175    1172    1171
CTRIA3      1708       1    1170    1167    1169
CTRIA3      1709       1    1202    1163    1201
CTRIA3      1710       1    1202    1201    1206
CTRIA3      1711       1    1122    1209    1206
CTRIA3      1712       1    1203    1204    1225
CTRIA3      1713       1    1202    1205    1204
CTRIA3      1714       1    1207    1205    1206
CTRIA3      1715       1    1155    1225    1156
CTRIA3      1716       1    1153    1154    1152
CTRIA3      1717       1    1154    1156    1223
CTRIA3      1718       1    1151    1152    1150
CTRIA3      1719       1    1154    1149    1150
CTRIA3      1720       1    1223    1222    1149
CTRIA3      1721       1      73    1151    1150
CTRIA3      1722       1    1148    1150    1149
CTRIA3      1723       1    1148    1149    1222
CTRIA3      1724       1    1145    1221    1144
CTRIA3      1725       1      91    1145    1144
CTRIA3      1726       1      92      91    1379
CTRIA3      1727       1     142     141    1746
CTRIA3      1728       1     142    1360    1391
CTRIA3      1729       1     219    1760    1761
CTRIA3      1730       1    1382    1379    1378
CTRIA3      1731       1    1761    1760    1759
CTRIA3      1732       1     220     219    1761
CTRIA3      1733       1     220    1761    1759
CTRIA3      1734       1    1762     155    1760
CTRIA3      1735       1     154    1758    1759
CTRIA3      1736       1      84    1229    1227
CTRIA3      1737       1      84    1369      85
CTRIA3      1738       1    1366    1367    1386
CTRIA3      1739       1    1746    1744    1745
CTRIA3      1740       1     227    1751    1752
CTRIA3      1741       1     146    1750    1749
CTRIA3      1742       1     146     147    1387
CTRIA3      1743       1    1750     229    1749
CTRIA3      1744       1     182    1455    1457
CTRIA3      1745       1    2221    2223    2222
CTRIA3      1746       1    1794    1791    1792
CTRIA3      1747       1     332     331    2221
CTRIA3      1748       1    1537    1532    1529
CTRIA3      1749       1    1529    1532    1530
CTRIA3      1750       1    1778    1777    1776
CTRIA3      1751       1    1773    1775    1774
CTRIA3      1752       1    1773    1771    1772
CTRIA3      1753       1    1772    1770    1769
CTRIA3      1754       1     191     192    1777
CTRIA3      1755       1     192     191    1529
CTRIA3      1756       1     192    1775    1777
CTRIA3      1757       1     193    1774    1775
CTRIA3      1758       1    1893    1897    1895
CTRIA3      1759       1    1896    1893    1900
CTRIA3      1760       1    1809    1939    1810
CTRIA3      1761       1    1897    1898    1939
CTRIA3      1762       1    1896    1899    1898
CTRIA3      1763       1    1901    1903    1938
CTRIA3      1764       1    1939    1898    1901
CTRIA3      1765       1    1902    1903    1901
CTRIA3      1766       1    1938    1904    1937
CTRIA3      1767       1    1903    1905    1904
CTRIA3      1768       1    1935    1936    1905
CTRIA3      1769       1    1904    1907    1934
CTRIA3      1770       1    1905    1906    1907
CTRIA3      1771       1    1907    1906    1916
CTRIA3      1772       1    1908    1909    1910
CTRIA3      1773       1    1827    1831    2210
CTRIA3      1774       1    2162    2163    2164
CTRIA3      1775       1    1838    1839    2164
CTRIA3      1776       1    2161    2164    2165
CTRIA3      1777       1    2164    1840    2165
CTRIA3      1778       1    1839    1841    1840
CTRIA3      1779       1    2158    2165    2156
CTRIA3      1780       1    1840    1842    2156
CTRIA3      1781       1    2154    2156    2155
CTRIA3      1782       1    1843    2168    2155
CTRIA3      1783       1    2159    2154    2153
CTRIA3      1784       1    2154    2152    2153
CTRIA3      1785       1    2155    2151    2152
CTRIA3      1786       1    1891    1940    1900
CTRIA3      1787       1    1882    1900    1940
CTRIA3      1788       1    1899    1882    1902
CTRIA3      1789       1    1914    1926    1913
CTRIA3      1790       1    1909    1913    1912
CTRIA3      1791       1    1913    1933    1912
CTRIA3      1792       1    1926    1925    1933
CTRIA3      1793       1    1912    1933    1832
CTRIA3      1794       1    1829    1832    1830
CTRIA3      1795       1    1832    1835    1830
CTRIA3      1796       1    1831    1830    2210
CTRIA3      1797       1    1830    1837    2210
CTRIA3      1798       1    1835    1836    1837
CTRIA3      1799       1    1839    1837    1847
CTRIA3      1800       1    1844    1847    1846
CTRIA3      1801       1    1846    1848    2137
CTRIA3      1802       1    1844    1845    1842
CTRIA3      1803       1    1846    2140    1845
CTRIA3      1804       1    2140    2137    2139
CTRIA3      1805       1    2167    2168    1843
CTRIA3      1806       1    2140    2141    2167
CTRIA3      1807       1     699    2373    2142
CTRIA3      1808       1    2144    2146    2167
CTRIA3      1809       1    3871     699    2142
CTRIA3      1810       1    1890    1888    1884
CTRIA3      1811       1    1882    1940    1883
CTRIA3      1812       1    1884    2207    1883
CTRIA3      1813       1    1882    1883    1881
CTRIA3      1814       1    1877    1878    1881
CTRIA3      1815       1    1935    1880    1936
CTRIA3      1816       1    1881    1879    1880
CTRIA3      1817       1    1878    1876    1879
CTRIA3      1818       1    1918    1919    1920
CTRIA3      1819       1    1880    1879    1919
CTRIA3      1820       1    1921    1920    1919
CTRIA3      1821       1    1918    1920    1917
CTRIA3      1822       1    1920    1922    1917
CTRIA3      1823       1    1914    1915    1917
CTRIA3      1824       1    1917    1924    1914
CTRIA3      1825       1    1922    1923    1924
CTRIA3      1826       1    1924    1923    1929
CTRIA3      1827       1    1928    1930    1854
CTRIA3      1828       1    1928    1852    1853
CTRIA3      1829       1    1852    1854    1855
CTRIA3      1830       1    1853    1849    1851
CTRIA3      1831       1    1852    1859    1849
CTRIA3      1832       1    1851    1850    1848
CTRIA3      1833       1    1850    1849    2136
CTRIA3      1834       1    1859    2133    2136
CTRIA3      1835       1    1848    1850    2137
CTRIA3      1836       1    1850    2135    2137
CTRIA3      1837       1    2134    2136    2132
CTRIA3      1838       1    2139    2135    2138
CTRIA3      1839       1    2109    2111    2110
CTRIA3      1840       1    2111    2138    2113
CTRIA3      1841       1    2108    2109    2110
CTRIA3      1842       1    2108    2110    2112
CTRIA3      1843       1    1885    1886    1884
CTRIA3      1844       1    1887    1943    1885
CTRIA3      1845       1    1983    1886    1885
CTRIA3      1846       1    1884    1886    2207
CTRIA3      1847       1    1886    1984    2207
CTRIA3      1848       1    1983    1982    1984
CTRIA3      1849       1    2207    1875    1877
CTRIA3      1850       1    1984    2208    1875
CTRIA3      1851       1    1875    2208    1874
CTRIA3      1852       1    1872    2205    1870
CTRIA3      1853       1    1869    1872    1868
CTRIA3      1854       1    1869    1868    1867
CTRIA3      1855       1    1871    2209    1931
CTRIA3      1856       1    1869    1865    2209
CTRIA3      1857       1    1931    1862    1930
CTRIA3      1858       1    1862    2209    1863
CTRIA3      1859       1    1865    1864    1863
CTRIA3      1860       1    1930    1862    1854
CTRIA3      1861       1    1862    1861    1854
CTRIA3      1862       1    1855    1861    1858
CTRIA3      1863       1    1861    1860    1858
CTRIA3      1864       1    1859    1856    1857
CTRIA3      1865       1    1858    1860    1856
CTRIA3      1866       1    1859    1857    2133
CTRIA3      1867       1    2132    2115    2116
CTRIA3      1868       1    2117    2118    2120
CTRIA3      1869       1    2115    2117    2114
CTRIA3      1870       1    2113    2114    2105
CTRIA3      1871       1    2114    2106    2105
CTRIA3      1872       1    2123    2169    2106
CTRIA3      1873       1    2107    2112    2105
CTRIA3      1874       1    2104    2105    2106
CTRIA3      1875       1    2106    2169    2100
CTRIA3      1876       1    1981    1980    1979
CTRIA3      1877       1    1980    1946    1949
CTRIA3      1878       1    1981    1978    1982
CTRIA3      1879       1    1977    1988    1978
CTRIA3      1880       1    1978    1985    1986
CTRIA3      1881       1    1978    1987    1985
CTRIA3      1882       1    1987    1988    1989
CTRIA3      1883       1    1985    1987    1995
CTRIA3      1884       1    2205    1995    1996
CTRIA3      1885       1    1995    1994    1996
CTRIA3      1886       1    1992    1993    1994
CTRIA3      1887       1    1868    1870    1996
CTRIA3      1888       1    1996    1866    1868
CTRIA3      1889       1    2005    1994    2004
CTRIA3      1890       1    1865    1866    2006
CTRIA3      1891       1    2010    2013    2017
CTRIA3      1892       1    2010    2012    2013
CTRIA3      1893       1    2028    2023    2012
CTRIA3      1894       1    2015    2017    2014
CTRIA3      1895       1    2015    2014    2019
CTRIA3      1896       1    2013    2012    2014
CTRIA3      1897       1    2021    2019    2014
CTRIA3      1898       1    2015    2018    2118
CTRIA3      1899       1    2021    2020    2018
CTRIA3      1900       1    2120    2018    2122
CTRIA3      1901       1    2018    2124    2122
CTRIA3      1902       1    2122    2124    2121
CTRIA3      1903       1    2123    2121    2101
CTRIA3      1904       1    2100    2169    2101
CTRIA3      1905       1    1949    1976    1977
CTRIA3      1906       1    1976    1975    1974
CTRIA3      1907       1    1951    1954    1975
CTRIA3      1908       1    1972    1974    1975
CTRIA3      1909       1    1977    1976    1988
CTRIA3      1910       1    1976    1973    1988
CTRIA3      1911       1    1972    1971    1973
CTRIA3      1912       1    1989    1973    1991
CTRIA3      1913       1    1973    2204    1991
CTRIA3      1914       1    1991    2204    1990
CTRIA3      1915       1    1998    2046    1999
CTRIA3      1916       1    2000    2003    2004
CTRIA3      1917       1    2000    2001    2002
CTRIA3      1918       1    2000    2032    2001
CTRIA3      1919       1    2037    2034    2032
CTRIA3      1920       1    2002    2029    2007
CTRIA3      1921       1    2029    2031    2030
CTRIA3      1922       1    2001    2032    2031
CTRIA3      1923       1    2033    2030    2031
CTRIA3      1924       1    2028    2007    2029
CTRIA3      1925       1    2029    2030    2027
CTRIA3      1926       1    2033    2026    2027
CTRIA3      1927       1    2023    2027    2022
CTRIA3      1928       1    2027    2025    2022
CTRIA3      1929       1    2022    2025    2203
CTRIA3      1930       1    2021    2203    2128
CTRIA3      1931       1    2127    2129    2126
CTRIA3      1932       1    2129    2084    2087
CTRIA3      1933       1    2129    2131    2125
CTRIA3      1934       1    2087    2088    2131
CTRIA3      1935       1    2125    2096    2097
CTRIA3      1936       1    2096    2095    2094
CTRIA3      1937       1    2091    2094    2095
CTRIA3      1938       1    2097    2096    2098
CTRIA3      1939       1    2091    2092    2093
CTRIA3      1940       1    2206    1965    1964
CTRIA3      1941       1    1968    1967    1969
CTRIA3      1942       1    1964    1966    1967
CTRIA3      1943       1    2045    2047    1970
CTRIA3      1944       1    2045    2044    2046
CTRIA3      1945       1    2045    2043    2044
CTRIA3      1946       1    2049    2048    2043
CTRIA3      1947       1    2046    2044    2041
CTRIA3      1948       1    2042    2041    2040
CTRIA3      1949       1    2044    2043    2041
CTRIA3      1950       1    2039    2040    2041
CTRIA3      1951       1    2037    1999    2042
CTRIA3      1952       1    2042    2040    2036
CTRIA3      1953       1    2039    2038    2036
CTRIA3      1954       1    2034    2036    2035
CTRIA3      1955       1    2036    2071    2035
CTRIA3      1956       1    2035    2071    2072
CTRIA3      1957       1    2073    2069    2075
CTRIA3      1958       1    2076    2079    2024
CTRIA3      1959       1    2076    2077    2078
CTRIA3      1960       1    2074    2082    2077
CTRIA3      1961       1    2078    2085    2198
CTRIA3      1962       1    2085    2080    2083
CTRIA3      1963       1    2081    2083    2080
CTRIA3      1964       1    2084    2198    2085
CTRIA3      1965       1    2085    2083    2086
CTRIA3      1966       1    2081    2181    2086
CTRIA3      1967       1    2088    2086    2090
CTRIA3      1968       1    2086    2179    2090
CTRIA3      1969       1    2091    2089    2174
CTRIA3      1970       1    2090    2179    2089
CTRIA3      1971       1    2091    2174    2092
CTRIA3      1972       1    1962    1963    1964
CTRIA3      1973       1    1962    2054    1963
CTRIA3      1974       1    2057    2056    2054
CTRIA3      1975       1    1964    1963    2053
CTRIA3      1976       1    2050    2053    2052
CTRIA3      1977       1    1963    2054    2053
CTRIA3      1978       1    2054    2055    2053
CTRIA3      1979       1    2049    1966    2050
CTRIA3      1980       1    2050    2052    2051
CTRIA3      1981       1    2055    2060    2051
CTRIA3      1982       1    2048    2051    2202
CTRIA3      1983       1    2051    2062    2202
CTRIA3      1984       1    2202    2062    2201
CTRIA3      1985       1    2039    2201    2200
CTRIA3      1986       1    2199    2066    2070
CTRIA3      1987       1    2065    2066    2067
CTRIA3      1988       1    2066    2068    2069
CTRIA3      1989       1    2191    2068    2066
CTRIA3      1990       1    2193    2192    2191
CTRIA3      1991       1    2069    2068    2189
CTRIA3      1992       1    2190    2189    2188
CTRIA3      1993       1    2068    2191    2189
CTRIA3      1994       1    2187    2188    2189
CTRIA3      1995       1    2074    2075    2190
CTRIA3      1996       1    2190    2188    2186
CTRIA3      1997       1    2187    2186    2188
CTRIA3      1998       1    2082    2186    2185
CTRIA3      1999       1    2184    2186     293
CTRIA3      2000       1    2185    2184    2183
CTRIA3      2001       1    2180    2181    2081
CTRIA3      2002       1    2180    2178    2181
CTRIA3      2003       1    2173    2174    2089
CTRIA3      2004       1    2173    2171    2174
CTRIA3      2005       1     248    2217    2218
CTRIA3      2006       1     247    2216    2217
CTRIA3      2007       1    2588    2584    2919
CTRIA3      2008       1    2592    2671    2669
CTRIA3      2009       1    2669    2670    2668
CTRIA3      2010       1    2591    2669    2667
CTRIA3      2011       1    2668    2666    2667
CTRIA3      2012       1    2667    2665    2664
CTRIA3      2013       1    2664    2665    2663
CTRIA3      2014       1    2595    2596    2664
CTRIA3      2015       1    2663    2660    2662
CTRIA3      2016       1    2600    2662    2661
CTRIA3      2017       1    2660    2659    2661
CTRIA3      2018       1    2599    2661    2910
CTRIA3      2019       1    2659    2658    2910
CTRIA3      2020       1    2599    2910    2911
CTRIA3      2021       1    2910    2658    2911
CTRIA3      2022       1    2603    2605    2915
CTRIA3      2023       1    2609    2652    2651
CTRIA3      2024       1    2651    2648    2650
CTRIA3      2025       1    2608    2651    2653
CTRIA3      2026       1    2650    2627    2653
CTRIA3      2027       1     296    2611     297
CTRIA3      2028       1    2608    2621    2611
CTRIA3      2029       1     297    2611    2619
CTRIA3      2030       1    2620    2619    2618
CTRIA3      2031       1    2611    2621    2619
CTRIA3      2032       1    2619    2621    2617
CTRIA3      2033       1     299     298    2620
CTRIA3      2034       1    2620    2618    2616
CTRIA3      2035       1    2617    2615    2616
CTRIA3      2036       1    2612    2616    2613
CTRIA3      2037       1    2613    2616    2615
CTRIA3      2038       1    2675    2673    2674
CTRIA3      2039       1    2673    2680    2677
CTRIA3      2040       1    2673    2672    2670
CTRIA3      2041       1    2677    2676    2672
CTRIA3      2042       1    2668    2672    2909
CTRIA3      2043       1    2676    2702    2909
CTRIA3      2044       1    2909    2704    2908
CTRIA3      2045       1    2909    2701    2704
CTRIA3      2046       1    2704    2701    2703
CTRIA3      2047       1    2665    2666    2908
CTRIA3      2048       1    2908    2704    2706
CTRIA3      2049       1    2703    2705    2706
CTRIA3      2050       1    2660    2706    2708
CTRIA3      2051       1    2705    2707    2708
CTRIA3      2052       1    2659    2708    2657
CTRIA3      2053       1    2707    2907    2657
CTRIA3      2054       1    2659    2657    2656
CTRIA3      2055       1    2657    2907    2656
CTRIA3      2056       1    2655    2656    2646
CTRIA3      2057       1    2646    2645    2644
CTRIA3      2058       1    2646    2647    2648
CTRIA3      2059       1    2644    2643    2647
CTRIA3      2060       1    2621    2622    2623
CTRIA3      2061       1    2653    2627    2622
CTRIA3      2062       1    2622    2627    2625
CTRIA3      2063       1    2621    2623    2626
CTRIA3      2064       1    2625    2624    2626
CTRIA3      2065       1    2615    2626    2748
CTRIA3      2066       1    2624    2745    2748
CTRIA3      2067       1    2614    2748    2747
CTRIA3      2068       1    2748    2746    2747
CTRIA3      2069       1    2677    2679    2678
CTRIA3      2070       1    2678    2576    2682
CTRIA3      2071       1    2676    2678    2683
CTRIA3      2072       1    2682    2681    2683
CTRIA3      2073       1    2683    2696    2700
CTRIA3      2074       1    2700    2696    2697
CTRIA3      2075       1    2701    2702    2700
CTRIA3      2076       1    2697    2698    2699
CTRIA3      2077       1    2705    2699    2713
CTRIA3      2078       1    2698    2712    2713
CTRIA3      2079       1    2707    2713    2710
CTRIA3      2080       1    2712    2711    2710
CTRIA3      2081       1    2710    2913    2709
CTRIA3      2082       1    2710    2906    2913
CTRIA3      2083       1    2650    2647    2654
CTRIA3      2084       1    2643    2914    2654
CTRIA3      2085       1    2650    2654    2630
CTRIA3      2086       1    2627    2630    2629
CTRIA3      2087       1    2654    2914    2630
CTRIA3      2088       1    2630    2914    2631
CTRIA3      2089       1    2627    2629    2628
CTRIA3      2090       1    2631    2634    2628
CTRIA3      2091       1    2624    2628    2904
CTRIA3      2092       1    2634    2742    2904
CTRIA3      2093       1    2745    2904    2744
CTRIA3      2094       1    2742    2741    2744
CTRIA3      2095       1    2745    2744    2743
CTRIA3      2096       1    2744    2741    2743
CTRIA3      2097       1    2575    2685    2682
CTRIA3      2098       1    2574    2687    2685
CTRIA3      2099       1    2681    2685    2684
CTRIA3      2100       1    2687    2686    2684
CTRIA3      2101       1    2681    2684    2695
CTRIA3      2102       1    2696    2695    2694
CTRIA3      2103       1    2684    2686    2695
CTRIA3      2104       1    2695    2686    2691
CTRIA3      2105       1    2698    2694    2693
CTRIA3      2106       1    2691    2692    2693
CTRIA3      2107       1    2712    2693    2714
CTRIA3      2108       1    2692    2715    2714
CTRIA3      2109       1    2711    2714    2716
CTRIA3      2110       1    2714    2718    2716
CTRIA3      2111       1    2906    2719    2722
CTRIA3      2112       1    2719    2720    2721
CTRIA3      2113       1    2717    2724    2720
CTRIA3      2114       1    2644    2912    2642
CTRIA3      2115       1    2642    2721    2905
CTRIA3      2116       1    2643    2642    2641
CTRIA3      2117       1    2905    2640    2641
CTRIA3      2118       1    2643    2641    2637
CTRIA3      2119       1    2641    2639    2637
CTRIA3      2120       1    2637    2639    2636
CTRIA3      2121       1    2638    2637    2633
CTRIA3      2122       1    2636    2635    2633
CTRIA3      2123       1    2634    2633    2632
CTRIA3      2124       1    2635    2737    2632
CTRIA3      2125       1    2742    2632    2740
CTRIA3      2126       1    2737    2736    2740
CTRIA3      2127       1    2741    2739    2787
CTRIA3      2128       1    2739    2738    2785
CTRIA3      2129       1    2786    2787    2785
CTRIA3      2130       1    2573    2689    2687
CTRIA3      2131       1    2572    2867    2689
CTRIA3      2132       1    2687    2689    2688
CTRIA3      2133       1    2689    2864    2688
CTRIA3      2134       1    2688    2864    2865
CTRIA3      2135       1    2686    2688    2690
CTRIA3      2136       1    2865    2870    2690
CTRIA3      2137       1    2692    2690    2873
CTRIA3      2138       1    2870    2869    2873
CTRIA3      2139       1    2715    2873    2872
CTRIA3      2140       1    2869    2871    2872
CTRIA3      2141       1    2715    2872    2899
CTRIA3      2142       1    2872    2808    2899
CTRIA3      2143       1    2720    2725    2905
CTRIA3      2144       1    2724    2723    2725
CTRIA3      2145       1    2640    2725    2728
CTRIA3      2146       1    2725    2727    2728
CTRIA3      2147       1    2639    2728    2730
CTRIA3      2148       1    2727    2730    2728
CTRIA3      2149       1    2635    2730    2732
CTRIA3      2150       1    2729    2731    2732
CTRIA3      2151       1    2737    2732    2734
CTRIA3      2152       1    2731    2733    2734
CTRIA3      2153       1    2736    2734    2735
CTRIA3      2154       1    2734    2780    2735
CTRIA3      2155       1    2738    2735    2783
CTRIA3      2156       1    2780    2779    2778
CTRIA3      2157       1    2784    2785    2783
CTRIA3      2158       1    2782    2783    2778
CTRIA3      2159       1    2571    2866    2867
CTRIA3      2160       1    2571    2879    2866
CTRIA3      2161       1    2867    2866    2863
CTRIA3      2162       1    2864    2863    2862
CTRIA3      2163       1    2879    2858    2863
CTRIA3      2164       1    2862    2858    2859
CTRIA3      2165       1    2870    2862    2861
CTRIA3      2166       1    2862    2860    2861
CTRIA3      2167       1    2869    2861    2868
CTRIA3      2168       1    2861    2875    2868
CTRIA3      2169       1    2871    2868    2876
CTRIA3      2170       1    2868    2874    2876
CTRIA3      2171       1    2871    2876    2807
CTRIA3      2172       1    2874    2813    2807
CTRIA3      2173       1    2717    2806    2804
CTRIA3      2174       1    2804    2805    2803
CTRIA3      2175       1    2724    2804    2802
CTRIA3      2176       1    2803    2801    2802
CTRIA3      2177       1    2723    2802    2800
CTRIA3      2178       1    2801    2799    2800
CTRIA3      2179       1    2723    2800    2798
CTRIA3      2180       1    2726    2798    2796
CTRIA3      2181       1    2800    2797    2798
CTRIA3      2182       1    2798    2797    2795
CTRIA3      2183       1    2729    2796    2794
CTRIA3      2184       1    2795    2793    2794
CTRIA3      2185       1    2731    2794    2792
CTRIA3      2186       1    2793    2791    2792
CTRIA3      2187       1    2733    2792    2790
CTRIA3      2188       1    2791    2789    2790
CTRIA3      2189       1    2733    2790    2775
CTRIA3      2190       1    2790    2774    2775
CTRIA3      2191       1    2778    2776    2777
CTRIA3      2192       1    2777    2773    2772
CTRIA3      2193       1    2781    2778    2777
CTRIA3      2194       1    2788    2777    2772
CTRIA3      2195       1    2570    2880    2879
CTRIA3      2196       1    2569    2882    2880
CTRIA3      2197       1    2858    2880    2857
CTRIA3      2198       1    2857    2882    2855
CTRIA3      2199       1    2859    2857    2856
CTRIA3      2200       1    2855    2881    2854
CTRIA3      2201       1    2860    2856    2878
CTRIA3      2202       1    2856    2853    2878
CTRIA3      2203       1    2803    2809    2812
CTRIA3      2204       1    2809    2811    2810
CTRIA3      2205       1    2801    2812    2898
CTRIA3      2206       1    2812    2823    2898
CTRIA3      2207       1    2799    2898    2826
CTRIA3      2208       1    2898    2822    2826
CTRIA3      2209       1    2797    2826    2825
CTRIA3      2210       1    2795    2825    2827
CTRIA3      2211       1    2822    2824    2825
CTRIA3      2212       1    2795    2827    2829
CTRIA3      2213       1    2827    2828    2829
CTRIA3      2214       1    2793    2829    2831
CTRIA3      2215       1    2829    2830    2831
CTRIA3      2216       1    2791    2831    2833
CTRIA3      2217       1    2831    2832    2833
CTRIA3      2218       1    2774    2833    2769
CTRIA3      2219       1    2832    2768    2769
CTRIA3      2220       1    2773    2770    2771
CTRIA3      2221       1    2770    2768    2767
CTRIA3      2222       1    2901    2772    2771
CTRIA3      2223       1    2902    2771    2767
CTRIA3      2224       1    2568    2884    2882
CTRIA3      2225       1    2886    2884    2567
CTRIA3      2226       1    2882    2884    2883
CTRIA3      2227       1    2885    2883    2884
CTRIA3      2228       1    2881    2883    2888
CTRIA3      2229       1    2854    2888    2852
CTRIA3      2230       1    2885    2888    2883
CTRIA3      2231       1    2852    2888    2887
CTRIA3      2232       1    2851    2854    2852
CTRIA3      2233       1     407     408    2887
CTRIA3      2234       1    2851    2852    2887
CTRIA3      2235       1    2875    2878    2877
CTRIA3      2236       1    2889    2877    2878
CTRIA3      2237       1    2813    2877    2814
CTRIA3      2238       1    2816    2814    2877
CTRIA3      2239       1    2811    2814    2818
CTRIA3      2240       1    2818    2814    2816
CTRIA3      2241       1    2810    2818    2820
CTRIA3      2242       1    2819    2820    2818
CTRIA3      2243       1    2823    2820    2821
CTRIA3      2244       1    2844    2821    2820
CTRIA3      2245       1    2841    2840    2821
CTRIA3      2246       1    2839    2838    2840
CTRIA3      2247       1    2828    2838    2835
CTRIA3      2248       1    2836    2835    2838
CTRIA3      2249       1    2830    2835    2834
CTRIA3      2250       1    2835    2896    2834
CTRIA3      2251       1    2834    2765    2766
CTRIA3      2252       1    2834    2895    2765
CTRIA3      2253       1    2765    2767    2766
CTRIA3      2254       1    2764    2894    2762
CTRIA3      2255       1    2763    2767    2764
CTRIA3      2256       1    2761    2764    2762
CTRIA3      2257       1    3017    2937    3019
CTRIA3      2258       1    2937    2938    2936
CTRIA3      2259       1    3019    2937    2932
CTRIA3      2260       1    2937    2935    2933
CTRIA3      2261       1    2979    2981    2993
CTRIA3      2262       1    2993    2971    2972
CTRIA3      2263       1    2970    2972    2971
CTRIA3      2264       1     469     468    3351
CTRIA3      2265       1    2940    2941    3009
CTRIA3      2266       1     469    3351    3350
CTRIA3      2267       1    2942    2943    2940
CTRIA3      2268       1    2938    2940    3025
CTRIA3      2269       1     474    2989    2945
CTRIA3      2270       1    2987    2986    2985
CTRIA3      2271       1    2989    2985    2988
CTRIA3      2272       1    2988    2982    2983
CTRIA3      2273       1    3081    3073    3085
CTRIA3      2274       1    3085    3071    3070
CTRIA3      2275       1    3080    3085    3084
CTRIA3      2276       1    3070    3066    3084
CTRIA3      2277       1    3080    3084    3057
CTRIA3      2278       1    3086    3057    3056
CTRIA3      2279       1    3084    3066    3057
CTRIA3      2280       1    3057    3066    3058
CTRIA3      2281       1    3056    3053    3086
CTRIA3      2282       1    3058    3061    3055
CTRIA3      2283       1    3055    3303    3052
CTRIA3      2284       1    3061    3302    3303
CTRIA3      2285       1    3303    3144    3145
CTRIA3      2286       1    3303    3142    3144
CTRIA3      2287       1    3301    3299    3300
CTRIA3      2288       1    3149    3300    3299
CTRIA3      2289       1    3301    3300    3045
CTRIA3      2290       1    3149    3298    3045
CTRIA3      2291       1    3046    3045    3044
CTRIA3      2292       1    3298    3042    3044
CTRIA3      2293       1    3313    3044    3043
CTRIA3      2294       1    3044    3041    3043
CTRIA3      2295       1    3041    3040    3039
CTRIA3      2296       1    3313    3043    3033
CTRIA3      2297       1    3034    3033    3035
CTRIA3      2298       1    3043    3041    3033
CTRIA3      2299       1    3036    3041    3039
CTRIA3      2300       1    3069    3068    3070
CTRIA3      2301       1    3092    3067    3068
CTRIA3      2302       1    3070    3068    3065
CTRIA3      2303       1    3066    3065    3064
CTRIA3      2304       1    3068    3067    3065
CTRIA3      2305       1    3065    3067    3063
CTRIA3      2306       1    3058    3064    3060
CTRIA3      2307       1    3063    3062    3060
CTRIA3      2308       1    3061    3060    3059
CTRIA3      2309       1    3062    3309    3059
CTRIA3      2310       1    3302    3059    3305
CTRIA3      2311       1    3302    3305    3304
CTRIA3      2312       1    3305    3129    3304
CTRIA3      2313       1    3146    3143    3148
CTRIA3      2314       1    3142    3141    3140
CTRIA3      2315       1    3149    3148    3147
CTRIA3      2316       1    3140    3151    3147
CTRIA3      2317       1    3298    3147    3152
CTRIA3      2318       1    3151    3150    3152
CTRIA3      2319       1    3042    3152    3155
CTRIA3      2320       1    3152    3154    3155
CTRIA3      2321       1    3040    3155    3038
CTRIA3      2322       1    3154    3038    3155
CTRIA3      2323       1    3036    3039    3038
CTRIA3      2324       1    3037    3038    3158
CTRIA3      2325       1    3092    3121    3067
CTRIA3      2326       1    3090    3116    3120
CTRIA3      2327       1    3120    3116    3117
CTRIA3      2328       1    3121    3120    3119
CTRIA3      2329       1    3117    3118    3119
CTRIA3      2330       1    3062    3119    3123
CTRIA3      2331       1    3118    3122    3123
CTRIA3      2332       1    3309    3123    3125
CTRIA3      2333       1    3122    3124    3125
CTRIA3      2334       1    3127    3126    3131
CTRIA3      2335       1    3128    3132    3135
CTRIA3      2336       1    3131    3130    3132
CTRIA3      2337       1    3132    3133    3134
CTRIA3      2338       1    3130    3207    3133
CTRIA3      2339       1    3133    3308    3136
CTRIA3      2340       1    3207    3200    3308
CTRIA3      2341       1    3150    3137    3159
CTRIA3      2342       1    3136    3162    3160
CTRIA3      2343       1    3153    3159    3157
CTRIA3      2344       1    3161    3157    3159
CTRIA3      2345       1    3158    3157    3156
CTRIA3      2346       1    3161    3165    3156
CTRIA3      2347       1    3172    3158    3156
CTRIA3      2348       1    3171    3156    3165
CTRIA3      2349       1    3096    3094    3116
CTRIA3      2350       1    3116    3094    3115
CTRIA3      2351       1    3310    3115    3094
CTRIA3      2352       1    3118    3115    3114
CTRIA3      2353       1    3112    3113    3114
CTRIA3      2354       1    3122    3114    3278
CTRIA3      2355       1    3113    3277    3278
CTRIA3      2356       1    3124    3278    3213
CTRIA3      2357       1    3124    3213    3126
CTRIA3      2358       1    3126    3213    3212
CTRIA3      2359       1    3213    3215    3211
CTRIA3      2360       1    3130    3212    3210
CTRIA3      2361       1    3211    3209    3210
CTRIA3      2362       1    3207    3210    3206
CTRIA3      2363       1    3209    3208    3206
CTRIA3      2364       1    3206    3199    3201
CTRIA3      2365       1    3206    3198    3199
CTRIA3      2366       1    3199    3198    3197
CTRIA3      2367       1    3202    3203    3200
CTRIA3      2368       1    3197    3196    3202
CTRIA3      2369       1    3202    3204    3205
CTRIA3      2370       1    3196    3279    3204
CTRIA3      2371       1    3165    3164    3163
CTRIA3      2372       1    3163    3205    3166
CTRIA3      2373       1    3170    3163    3167
CTRIA3      2374       1    3166    3168    3167
CTRIA3      2375       1    3111    3110    3112
CTRIA3      2376       1    3107    3106    3110
CTRIA3      2377       1    3113    3110    3109
CTRIA3      2378       1    3106    3108    3109
CTRIA3      2379       1    3277    3109    3276
CTRIA3      2380       1    3108    3275    3276
CTRIA3      2381       1    3277    3276    3214
CTRIA3      2382       1    3276    3221    3214
CTRIA3      2383       1    3211    3216    3219
CTRIA3      2384       1    3219    3218    3217
CTRIA3      2385       1    3209    3219    3263
CTRIA3      2386       1    3217    3261    3263
CTRIA3      2387       1    3208    3263    3262
CTRIA3      2388       1    3261    3260    3262
CTRIA3      2389       1    3208    3262    3193
CTRIA3      2390       1    3198    3193    3194
CTRIA3      2391       1    3262    3192    3193
CTRIA3      2392       1    3193    3192    3191
CTRIA3      2393       1    3196    3194    3195
CTRIA3      2394       1    3191    3190    3195
CTRIA3      2395       1    3279    3195    3281
CTRIA3      2396       1    3190    3294    3281
CTRIA3      2397       1    3281    3280    3282
CTRIA3      2398       1    3294    3285    3280
CTRIA3      2399       1    3282    3284    3288
CTRIA3      2400       1    3285    3283    3284
CTRIA3      2401       1    3104    3105    3106
CTRIA3      2402       1    3104    3274    3105
CTRIA3      2403       1    3106    3105    3234
CTRIA3      2404       1    3105    3232    3234
CTRIA3      2405       1    3108    3234    3233
CTRIA3      2406       1    3234    3231    3233
CTRIA3      2407       1    3221    3233    3220
CTRIA3      2408       1    3231    3225    3220
CTRIA3      2409       1    3218    3222    3224
CTRIA3      2410       1    3222    3225    3223
CTRIA3      2411       1    3217    3224    3259
CTRIA3      2412       1    3224    3257    3259
CTRIA3      2413       1    3261    3259    3258
CTRIA3      2414       1    3259    3256    3258
CTRIA3      2415       1    3192    3258    3269
CTRIA3      2416       1    3191    3269    3189
CTRIA3      2417       1    3256    3253    3269
CTRIA3      2418       1    3191    3189    3188
CTRIA3      2419       1    3189    3186    3188
CTRIA3      2420       1    3190    3188    3187
CTRIA3      2421       1    3188    3185    3187
CTRIA3      2422       1    3294    3187    3291
CTRIA3      2423       1    3187    3184    3291
CTRIA3      2424       1    3283    3291    3290
CTRIA3      2425       1    3184    3292    3290
CTRIA3      2426       1    3103    3237    3274
CTRIA3      2427       1    3239    3241    3238
CTRIA3      2428       1    3238    3236    3237
CTRIA3      2429       1    3274    3237    3230
CTRIA3      2430       1    3235    3230    3237
CTRIA3      2431       1    3232    3230    3229
CTRIA3      2432       1    3228    3229    3230
CTRIA3      2433       1    3227    3226    3229
CTRIA3      2434       1    3272    3271    3226
CTRIA3      2435       1    3223    3271    3252
CTRIA3      2436       1    3250    3252    3271
CTRIA3      2437       1    3257    3252    3251
CTRIA3      2438       1    3249    3251    3252
CTRIA3      2439       1    3251    3255    3254
CTRIA3      2440       1    3248    3255    3251
CTRIA3      2441       1    3254    3255    3266
CTRIA3      2442       1    3264    3266    3255
CTRIA3      2443       1    3186    3266    3183
CTRIA3      2444       1    3268    3183    3266
CTRIA3      2445       1    3185    3183    3182
CTRIA3      2446       1    3180    3182    3183
CTRIA3      2447       1    3181    3184    3182
CTRIA3      2448       1    3179    3181    3182
CTRIA3      2449       1    2836    2891    2896
CTRIA3      2450       1     419    3332    3320
CTRIA3      2451       1     420    2891    2890
CTRIA3      2452       1    2892    2896    2891
CTRIA3      2453       1     421    2892    2891
CTRIA3      2454       1     420    3320    3319
CTRIA3      2455       1    2894    2893    2762
CTRIA3      2456       1     423    2761    2893
CTRIA3      2457       1    3323    3329     542
CTRIA3      2458       1     543     542    3329
CTRIA3      2459       1    3323     542    3330
CTRIA3      2460       1     541    3330     542
CTRIA3      2461       1     479    3343    3342
CTRIA3      2462       1     480    3342    3339
CTRIA3      2463       1    3384    3452    3451
CTRIA3      2464       1    3451    3437    3383
CTRIA3      2465       1    3384    3383    3382
CTRIA3      2466       1    3385    3386    3387
CTRIA3      2467       1    3391    3390    3392
CTRIA3      2468       1    3452    3390    3391
CTRIA3      2469       1    3392    3389    3393
CTRIA3      2470       1    3458    3393    3389
CTRIA3      2471       1    3390    3388    3389
CTRIA3      2472       1    3392    3395    3396
CTRIA3      2473       1    3399    3397    3395
CTRIA3      2474       1    3393    3395    3392
CTRIA3      2475       1    3457    3394    3393
CTRIA3      2476       1    3400    3401    3398
CTRIA3      2477       1    3412    3414    3405
CTRIA3      2478       1    3412    3415    3413
CTRIA3      2479       1    3414    3413    3456
CTRIA3      2480       1    3404    3409    3405
CTRIA3      2481       1    3405    3414    3403
CTRIA3      2482       1    3402    3456    3401
CTRIA3      2483       1    3465    3467    3466
CTRIA3      2484       1    3468    3466    3366
CTRIA3      2485       1    3375    3374    3379
CTRIA3      2486       1    3372    3373    3374
CTRIA3      2487       1    3462    3379    3374
CTRIA3      2488       1    3467    3374    3373
CTRIA3      2489       1    3413    3415    3416
CTRIA3      2490       1    3416    3454    3455
CTRIA3      2491       1    3455    3454    3450
CTRIA3      2492       1    3398    3456    3455
CTRIA3      2493       1    3397    3398    3455
CTRIA3      2494       1    3368    3372    3369
CTRIA3      2495       1    3369    3367    3368
CTRIA3      2496       1    3467    3373    3368
CTRIA3      2497       1    3367    3466    3368
CTRIA3      2498       1    3383    3436    3380
CTRIA3      2499       1    3380    3436    3378
CTRIA3      2500       1    3382    3380    3381
CTRIA3      2501       1    3380    3463    3381
CTRIA3      2502       1    3396    3450    3446
CTRIA3      2503       1    2336     603    3520
CTRIA3      2504       1     603     604    3408
CTRIA3      2505       1    3520    3521    3517
CTRIA3      2506       1    3427    3435    3438
CTRIA3      2507       1    3431    3435    3429
CTRIA3      2508       1    3437    3438    3435
CTRIA3      2509       1    3378    3436    3435
CTRIA3      2510       1    3391    3445    3441
CTRIA3      2511       1    3452    3441    3439
CTRIA3      2512       1     594    3745    3746
CTRIA3      2513       1     594    3746    3755
CTRIA3      2514       1     594    3443    3447
CTRIA3      2515       1    3447    3443    3444
CTRIA3      2516       1    3449    3447    3448
CTRIA3      2517       1    3446    3447    3444
CTRIA3      2518       1    3426     595    3449
CTRIA3      2519       1    3416    3417    3454
CTRIA3      2520       1    3448    3454    3417
CTRIA3      2521       1    3450    3454    3448
CTRIA3      2522       1    3412    3411    3410
CTRIA3      2523       1    3415    3419    3418
CTRIA3      2524       1     959    3758    3757
CTRIA3      2525       1     590    3758    3743
CTRIA3      2526       1     960    3742    3743
CTRIA3      2527       1     588    3428     589
CTRIA3      2528       1     588     589    3743
CTRIA3      2529       1    3440    3428    3439
CTRIA3      2530       1    3752    3753    3754
CTRIA3      2531       1     599    3423    3424
CTRIA3      2532       1    3423    3425    3424
CTRIA3      2533       1     952    3753    3752
CTRIA3      2534       1    3422    3419    3421
CTRIA3      2535       1     597    3750    3751
CTRIA3      2536       1    3425    3421    3410
CTRIA3      2537       1    3419    3410    3421
CTRIA3      2538       1    3515    3484    3526
CTRIA3      2539       1    3512    3515    3514
CTRIA3      2540       1    3515    3526    3516
CTRIA3      2541       1    3517    3514    3515
CTRIA3      2542       1    3527    3512    3511
CTRIA3      2543       1    3513    3510    3511
CTRIA3      2544       1    3501    3495    3530
CTRIA3      2545       1    3494    3492    3491
CTRIA3      2546       1    3528    3491    3529
CTRIA3      2547       1    3501    3530    3505
CTRIA3      2548       1    3506    3504    3505
CTRIA3      2549       1    3530    3528    3505
CTRIA3      2550       1    3507    3528    3529
CTRIA3      2551       1    3491    3492    3490
CTRIA3      2552       1    3490    3488    3487
CTRIA3      2553       1    3536    2511    3533
CTRIA3      2554       1    3584    3498    3533
CTRIA3      2555       1    3534    3533    3532
CTRIA3      2556       1    3502    3532    3533
CTRIA3      2557       1    3475    3570    3537
CTRIA3      2558       1    3534    3535    3536
CTRIA3      2559       1    3543    3542    3541
CTRIA3      2560       1    3543    3541    3539
CTRIA3      2561       1    3574    3573    3572
CTRIA3      2562       1    3540    3572    3583
CTRIA3      2563       1    3572    3573    3568
CTRIA3      2564       1    3535    3568    3569
CTRIA3      2565       1    3539    3541    3540
CTRIA3      2566       1    3583    3539    3540
CTRIA3      2567       1    3535    3537    3583
CTRIA3      2568       1    3550    3547    3549
CTRIA3      2569       1    3547    3546    3545
CTRIA3      2570       1    3546    3577    3575
CTRIA3      2571       1    3576    3546    3575
CTRIA3      2572       1    3549    3547    3548
CTRIA3      2573       1    3545    3548    3547
CTRIA3      2574       1    3543    3544    3545
CTRIA3      2575       1    3524    3523    3525
CTRIA3      2576       1    3484    3483    3526
CTRIA3      2577       1    3483    3516    3526
CTRIA3      2578       1    3586     679    3587
CTRIA3      2579       1     678    3587     679
CTRIA3      2580       1     677     678    3730
CTRIA3      2581       1    3480    3482    3481
CTRIA3      2582       1    3493    3490    3492
CTRIA3      2583       1    3488    3490    3489
CTRIA3      2584       1    3587    3481    3489
CTRIA3      2585       1    3486    3488    3489
CTRIA3      2586       1     687    3561    3560
CTRIA3      2587       1     686     687    3722
CTRIA3      2588       1    3574    3559    3573
CTRIA3      2589       1    3568    3573    3559
CTRIA3      2590       1    3562    3569    3568
CTRIA3      2591       1    3555    3553    3577
CTRIA3      2592       1    3577    3556    3575
CTRIA3      2593       1    3556    3576    3575
CTRIA3      2594       1     750     751    3605
CTRIA3      2595       1    3551    3550    3549
CTRIA3      2596       1    3549     648    3551
CTRIA3      2597       1    3627    3629    3628
CTRIA3      2598       1     759     760    3628
CTRIA3      2599       1     778     779    3642
CTRIA3      2600       1     922     816    3712
CTRIA3      2601       1    3641    2464    3645
CTRIA3      2602       1    4603     800    2464
CTRIA3      2603       1    3642    3641    3645
CTRIA3      2604       1    4603    4597     800
CTRIA3      2605       1     774     775    3648
CTRIA3      2606       1    3650     774    3648
CTRIA3      2607       1     772     773    3650
CTRIA3      2608       1    4596    4593     796
CTRIA3      2609       1    4605    4595    4596
CTRIA3      2610       1     848     849    3661
CTRIA3      2611       1    3670     841    3681
CTRIA3      2612       1    3679    3670    3680
CTRIA3      2613       1     838    3679    3678
CTRIA3      2614       1     837    3671    3672
CTRIA3      2615       1    3955    3957    3954
CTRIA3      2616       1     836    3672    3673
CTRIA3      2617       1    3955    3958    3957
CTRIA3      2618       1     815     814    3625
CTRIA3      2619       1    3625     814    3629
CTRIA3      2620       1     593    3755    3756
CTRIA3      2621       1     593     592    3443
CTRIA3      2622       1    3443     592    3442
CTRIA3      2623       1    3744    3757    3758
CTRIA3      2624       1     591    3442     592
CTRIA3      2625       1     590    3744    3758
CTRIA3      2626       1    3439    3442    3440
CTRIA3      2627       1     414    3324    3333
CTRIA3      2628       1     534    3315    3337
CTRIA3      2629       1     533    3314    3315
CTRIA3      2630       1    3845    3829    3830
CTRIA3      2631       1    3845    3844    3828
CTRIA3      2632       1    3829    3828    3827
CTRIA3      2633       1    3830    3829    3831
CTRIA3      2634       1    3831    3829    3827
CTRIA3      2635       1    3903    3844    3846
CTRIA3      2636       1    3825    3828    3903
CTRIA3      2637       1    3895    3846    3848
CTRIA3      2638       1    3896    3903    3895
CTRIA3      2639       1    3826    3825    3824
CTRIA3      2640       1    3894    3895    3893
CTRIA3      2641       1    3892    3893    3853
CTRIA3      2642       1    3823    3894    3822
CTRIA3      2643       1    3821    3894    3892
CTRIA3      2644       1    3821    3819    3820
CTRIA3      2645       1    3818    3816    3819
CTRIA3      2646       1    3817    3815    3816
CTRIA3      2647       1    3814    3812    3815
CTRIA3      2648       1    3812    3813    3880
CTRIA3      2649       1    3811    3880    3879
CTRIA3      2650       1    3891    3892    3853
CTRIA3      2651       1    3888    3887    3889
CTRIA3      2652       1    3818    3892    3889
CTRIA3      2653       1    3889    3817    3818
CTRIA3      2654       1    3886    3885    3887
CTRIA3      2655       1    3884    3883    3885
CTRIA3      2656       1    3887    3814    3817
CTRIA3      2657       1    3885    3813    3814
CTRIA3      2658       1    3881    3884    3882
CTRIA3      2659       1    3878    3882    3862
CTRIA3      2660       1    3813    3883    3881
CTRIA3      2661       1    3880    3881    3878
CTRIA3      2662       1    3866    3877    3878
CTRIA3      2663       1    3875    3867    3873
CTRIA3      2664       1    3879    3877    3876
CTRIA3      2665       1    3875    3897    3876
CTRIA3      2666       1    3870    3872    3873
CTRIA3      2667       1    3875    3872    3874
CTRIA3      2668       1    3869    3872    3870
CTRIA3      2669       1    3871    3874    3872
CTRIA3      2670       1    3900    3897    3875
CTRIA3      2671       1    3874     697    3901
CTRIA3      2672       1    3838    3842    3845
CTRIA3      2673       1    3842    3844    3845
CTRIA3      2674       1    3841    3840    3847
CTRIA3      2675       1    3849    3840    3851
CTRIA3      2676       1    3847    3846    3844
CTRIA3      2677       1    3846    3847    3849
CTRIA3      2678       1    3852    3851    3850
CTRIA3      2679       1    3854    3850     884
CTRIA3      2680       1    3848    3849    3852
CTRIA3      2681       1    3852    3853    3893
CTRIA3      2682       1    3908    3930     727
CTRIA3      2683       1     728     727    3930
CTRIA3      2684       1    3907    3929    3930
CTRIA3      2685       1    3906    3928    3929
CTRIA3      2686       1    3929     728    3930
CTRIA3      2687       1    3928     729    3929
CTRIA3      2688       1    3905    3927    3928
CTRIA3      2689       1    3347    3927     441
CTRIA3      2690       1    3927     730    3928
CTRIA3      2691       1    3926     731    3927
CTRIA3      2692       1    3925    3910    3932
CTRIA3      2693       1    3932    3909    3931
CTRIA3      2694       1    2614    2747    2749
CTRIA3      2695       1    2746    2749    2747
CTRIA3      2696       1    3917    3919    2484
CTRIA3      2697       1    3918    3916    3915
CTRIA3      2698       1    3924    3911    3925
CTRIA3      2699       1     317    2098    2093
CTRIA3      2700       1     319    3956    3965
CTRIA3      2701       1    2093    2092    2170
CTRIA3      2702       1    3950    3965    3953
CTRIA3      2703       1    3937    3936    3934
CTRIA3      2704       1     307    2148     308
CTRIA3      2705       1     307     308    3942
CTRIA3      2706       1    4145    4147    4144
CTRIA3      2707       1    4147    3974    4149
CTRIA3      2708       1    4144    4146    4148
CTRIA3      2709       1    4151    4146    4147
CTRIA3      2710       1    4148    4154    4279
CTRIA3      2711       1    4152    4154    4146
CTRIA3      2712       1    4154    4157    4160
CTRIA3      2713       1    4153    4157    4154
CTRIA3      2714       1    4164    4162    4163
CTRIA3      2715       1    4163    4159    4158
CTRIA3      2716       1    4163    4276    4237
CTRIA3      2717       1    4163    4275    4276
CTRIA3      2718       1    4276    4274    4236
CTRIA3      2719       1    4273    4274    4276
CTRIA3      2720       1    4236    4246    4239
CTRIA3      2721       1    4273    4246    4274
CTRIA3      2722       1    4245    4243    4246
CTRIA3      2723       1    4243    4242    4244
CTRIA3      2724       1    4248    4242    4243
CTRIA3      2725       1    4242    4261    4262
CTRIA3      2726       1    4267    4261    4242
CTRIA3      2727       1    4261    4260    4257
CTRIA3      2728       1    4265    4260    4261
CTRIA3      2729       1    4257    4264    4256
CTRIA3      2730       1    4265    4264    4260
CTRIA3      2731       1    4145    4144    4143
CTRIA3      2732       1    4143    4142    4137
CTRIA3      2733       1    4144    4142    4143
CTRIA3      2734       1    4136    4135    4134
CTRIA3      2735       1    4134    4137    4281
CTRIA3      2736       1    4134    4167    4168
CTRIA3      2737       1    4167    4281    4165
CTRIA3      2738       1    4164    4234    4166
CTRIA3      2739       1    4234    4233    4231
CTRIA3      2740       1    4164    4233    4234
CTRIA3      2741       1    4233    4238    4229
CTRIA3      2742       1    4237    4238    4233
CTRIA3      2743       1    4238    4241    4226
CTRIA3      2744       1    4240    4241    4238
CTRIA3      2745       1    4226    4241    4224
CTRIA3      2746       1    4224    4222    4223
CTRIA3      2747       1    4222    4241    4240
CTRIA3      2748       1    4222    4221    4219
CTRIA3      2749       1    4244    4221    4222
CTRIA3      2750       1    4221    4259    4218
CTRIA3      2751       1    4262    4259    4221
CTRIA3      2752       1    4259    4258    4269
CTRIA3      2753       1    4255    4258    4259
CTRIA3      2754       1    4141    4140    4139
CTRIA3      2755       1    3981    3978    4140
CTRIA3      2756       1    4138    4139    4140
CTRIA3      2757       1    4135    4141    4139
CTRIA3      2758       1    4138    4135    4139
CTRIA3      2759       1    4129    4128    4283
CTRIA3      2760       1    4128    4130    4127
CTRIA3      2761       1    4133    4130    4131
CTRIA3      2762       1    4130    4171    4126
CTRIA3      2763       1    4136    4171    4130
CTRIA3      2764       1    4171    4170    4175
CTRIA3      2765       1    4171    4169    4170
CTRIA3      2766       1    4175    4173    4174
CTRIA3      2767       1    4170    4169    4172
CTRIA3      2768       1    4173    4232    4230
CTRIA3      2769       1    4231    4230    4232
CTRIA3      2770       1    4230    4228    4178
CTRIA3      2771       1    4229    4228    4230
CTRIA3      2772       1    4228    4227    4277
CTRIA3      2773       1    4225    4227    4228
CTRIA3      2774       1    4224    4223    4225
CTRIA3      2775       1    4277    4216    4215
CTRIA3      2776       1    4227    4225    4216
CTRIA3      2777       1    4216    4219    4217
CTRIA3      2778       1    4217    4220    4210
CTRIA3      2779       1    4219    4220    4217
CTRIA3      2780       1    4209    4210    4220
CTRIA3      2781       1    4270    4220    4218
CTRIA3      2782       1    3985    4282    3988
CTRIA3      2783       1    3982    4141    4282
CTRIA3      2784       1    3988    4282    4132
CTRIA3      2785       1    4131    4129    4132
CTRIA3      2786       1    4141    4132    4282
CTRIA3      2787       1    4133    4131    4132
CTRIA3      2788       1    4001    3991    4284
CTRIA3      2789       1    4125    4284    3991
CTRIA3      2790       1    4128    4127    4125
CTRIA3      2791       1    4121    4124    4123
CTRIA3      2792       1    4284    4125    4124
CTRIA3      2793       1    4126    4123    4124
CTRIA3      2794       1    4121    4119    4120
CTRIA3      2795       1    4126    4122    4123
CTRIA3      2796       1    4122    4176    4118
CTRIA3      2797       1    4175    4176    4122
CTRIA3      2798       1    4176    4174    4177
CTRIA3      2799       1    4278    4177    4184
CTRIA3      2800       1    4184    4180    4183
CTRIA3      2801       1    4179    4180    4177
CTRIA3      2802       1    4180    4181    4182
CTRIA3      2803       1    4178    4181    4180
CTRIA3      2804       1    4181    4214    4186
CTRIA3      2805       1    4277    4214    4181
CTRIA3      2806       1    4186    4213    4205
CTRIA3      2807       1    4213    4212    4211
CTRIA3      2808       1    4214    4215    4212
CTRIA3      2809       1    4210    4211    4212
CTRIA3      2810       1    4205    4213    4203
CTRIA3      2811       1    4208    4213    4211
CTRIA3      2812       1    4208    4211    4210
CTRIA3      2813       1    4083    3989    3993
CTRIA3      2814       1    3986    3989    3990
CTRIA3      2815       1    3992    3993    3989
CTRIA3      2816       1    3988    3991    3989
CTRIA3      2817       1    3997    3999    4000
CTRIA3      2818       1    3992    3999    3996
CTRIA3      2819       1    3999    4002    4005
CTRIA3      2820       1    4001    4002    3999
CTRIA3      2821       1    4002    4003    4004
CTRIA3      2822       1    4120    4119    4003
CTRIA3      2823       1    4006    4003    4117
CTRIA3      2824       1    4117    4116    4115
CTRIA3      2825       1    4118    4116    4117
CTRIA3      2826       1    4116    4285    4114
CTRIA3      2827       1    4185    4285    4116
CTRIA3      2828       1    4190    4189    4188
CTRIA3      2829       1    4182    4188    4189
CTRIA3      2830       1    4187    4192    4191
CTRIA3      2831       1    4182    4187    4188
CTRIA3      2832       1    4187    4206    4195
CTRIA3      2833       1    4186    4206    4187
CTRIA3      2834       1    4201    4195    4206
CTRIA3      2835       1    4206    4205    4203
CTRIA3      2836       1    4207    4204    4203
CTRIA3      2837       1    4074    4084    4085
CTRIA3      2838       1    4074    3995    4084
CTRIA3      2839       1    4085    3998    4088
CTRIA3      2840       1    4084    3995    3994
CTRIA3      2841       1    4009    4008    4012
CTRIA3      2842       1    4005    4008    4011
CTRIA3      2843       1    4008    4007    4015
CTRIA3      2844       1    4004    4007    4008
CTRIA3      2845       1    4007    4113    4289
CTRIA3      2846       1    4006    4115    4113
CTRIA3      2847       1    4288    4113    4112
CTRIA3      2848       1    4112    4111    4110
CTRIA3      2849       1    4114    4286    4111
CTRIA3      2850       1    4111    4287    4105
CTRIA3      2851       1    4111    4194    4287
CTRIA3      2852       1    4198    4193    4196
CTRIA3      2853       1    4195    4196    4193
CTRIA3      2854       1    4199    4198    4196
CTRIA3      2855       1    4199    4196    4195
CTRIA3      2856       1    4051    4087    4049
CTRIA3      2857       1    4076    4085    4048
CTRIA3      2858       1    4048    4047    4046
CTRIA3      2859       1    4085    4047    4048
CTRIA3      2860       1    4047    4089    4045
CTRIA3      2861       1    4047    4091    4089
CTRIA3      2862       1    4045    4010    4092
CTRIA3      2863       1    4089    4091    4090
CTRIA3      2864       1    4009    4012    4014
CTRIA3      2865       1    4018    4013    4016
CTRIA3      2866       1    4015    4016    4013
CTRIA3      2867       1    4019    4020    4017
CTRIA3      2868       1    4015    4019    4016
CTRIA3      2869       1    4019    4290    4023
CTRIA3      2870       1    4289    4290    4019
CTRIA3      2871       1    4290    4109    4027
CTRIA3      2872       1    4288    4110    4109
CTRIA3      2873       1    4027    4108    4026
CTRIA3      2874       1    4108    4107    4106
CTRIA3      2875       1    4110    4107    4109
CTRIA3      2876       1    4026    4108    4102
CTRIA3      2877       1    4100    4101    4102
CTRIA3      2878       1    4105    4104    4100
CTRIA3      2879       1    4098    4101    4100
CTRIA3      2880       1    4100    4104    4197
CTRIA3      2881       1    4055     609    4056
CTRIA3      2882       1     610    3402    3401
CTRIA3      2883       1    4054    4053    4057
CTRIA3      2884       1    4069    4053    4056
CTRIA3      2885       1    4053    4052    4060
CTRIA3      2886       1    4051    4052    4053
CTRIA3      2887       1    4052    4044    4063
CTRIA3      2888       1    4046    4044    4050
CTRIA3      2889       1    4043    4063    4044
CTRIA3      2890       1    4045    4042    4043
CTRIA3      2891       1    4038    4093    1028
CTRIA3      2892       1    4022    4038    4017
CTRIA3      2893       1    4093    4022    4021
CTRIA3      2894       1    4017    4020    4022
CTRIA3      2895       1    4021    4025    4024
CTRIA3      2896       1    4023    4025    4021
CTRIA3      2897       1    4031    4025    4028
CTRIA3      2898       1    4027    4028    4025
CTRIA3      2899       1    4030    4028    4029
CTRIA3      2900       1    4103    4029    4028
CTRIA3      2901       1    4102    4101    4103
CTRIA3      2902       1    4030    4029    4096
CTRIA3      2903       1    4097    4095    4096
CTRIA3      2904       1    4029    4103    4096
CTRIA3      2905       1    4098    4103    4101
CTRIA3      2906       1    4435    4434    4436
CTRIA3      2907       1    4437    4439    4518
CTRIA3      2908       1    4436    4440    4439
CTRIA3      2909       1    4442    4440    4436
CTRIA3      2910       1    4439    4496    4494
CTRIA3      2911       1    4517    4440    4441
CTRIA3      2912       1    4496    4495    4493
CTRIA3      2913       1    4483    4482    4480
CTRIA3      2914       1    4482    4491    4480
CTRIA3      2915       1    4491    4493    4492
CTRIA3      2916       1    4483    4481    4485
CTRIA3      2917       1    4481    4480    4479
CTRIA3      2918       1    4492    4478    4479
CTRIA3      2919       1    4481    4476    4487
CTRIA3      2920       1    4477    4479    4478
CTRIA3      2921       1    4476    4475    4474
CTRIA3      2922       1    4457    4454    4456
CTRIA3      2923       1    4452    4454    4475
CTRIA3      2924       1    4457    4458    4471
CTRIA3      2925       1    4514    4460    4458
CTRIA3      2926       1    4461    4464    4506
CTRIA3      2927       1    4458    4459    4461
CTRIA3      2928       1    4460    4516    4459
CTRIA3      2929       1    4464    4461    4462
CTRIA3      2930       1    4461    4459    4462
CTRIA3      2931       1    4459    4508    4462
CTRIA3      2932       1    4409    4400    4399
CTRIA3      2933       1    4401    4398    4399
CTRIA3      2934       1    4402    4519    4401
CTRIA3      2935       1    4401    4519    4520
CTRIA3      2936       1    4396    4395    4393
CTRIA3      2937       1    4393    4395    4392
CTRIA3      2938       1    4483    4484    4392
CTRIA3      2939       1    4485    4486    4484
CTRIA3      2940       1    4489    4486    4488
CTRIA3      2941       1    4489    4490    4376
CTRIA3      2942       1    4473    4490    4488
CTRIA3      2943       1    4487    4474    4473
CTRIA3      2944       1    4490    4497    4499
CTRIA3      2945       1    4473    4472    4497
CTRIA3      2946       1    4469    4499    4497
CTRIA3      2947       1    4469    4497    4470
CTRIA3      2948       1    4472    4471    4470
CTRIA3      2949       1    4469    4468    4501
CTRIA3      2950       1    4466    4470    4506
CTRIA3      2951       1    4503    4501    4468
CTRIA3      2952       1    4465    4468    4466
CTRIA3      2953       1     123    1077    1074
CTRIA3      2954       1     122    4465    4463
CTRIA3      2955       1     122    1078    1077
CTRIA3      2956       1    1074    1077    1076
CTRIA3      2957       1    1078    1076    1077
CTRIA3      2958       1    4416    4411    4413
CTRIA3      2959       1    4413    4411    4429
CTRIA3      2960       1    4390    4429    4430
CTRIA3      2961       1    4391    4430    4397
CTRIA3      2962       1    4390    4389    4388
CTRIA3      2963       1    4391    4394    4389
CTRIA3      2964       1    4393    4394    4391
CTRIA3      2965       1    4387    4422    4386
CTRIA3      2966       1    4386    4388    4384
CTRIA3      2967       1    4387    4382    4524
CTRIA3      2968       1    4386    4385    4382
CTRIA3      2969       1    4385    4384    4522
CTRIA3      2970       1    4380    4383    4381
CTRIA3      2971       1    4385    4536    4380
CTRIA3      2972       1    4379    4383    4378
CTRIA3      2973       1    4379    4378    4377
CTRIA3      2974       1    4536    4376    4377
CTRIA3      2975       1    4531    4371    4530
CTRIA3      2976       1    4379    4373    4371
CTRIA3      2977       1    4375    4377    4376
CTRIA3      2978       1    4530    4371    4370
CTRIA3      2979       1    4372    4369    4370
CTRIA3      2980       1    4498    4500    4372
CTRIA3      2981       1    4502    4501    4503
CTRIA3      2982       1    4428    4415    4414
CTRIA3      2983       1    4585    4417    4313
CTRIA3      2984       1    4414    4418    4417
CTRIA3      2985       1    4413    4418    4414
CTRIA3      2986       1    4417    4420    4312
CTRIA3      2987       1    4418    4419    4420
CTRIA3      2988       1    4420    4422    4423
CTRIA3      2989       1    4315    4316    4319
CTRIA3      2990       1    4316    4318    4317
CTRIA3      2991       1    4318    4423    4525
CTRIA3      2992       1    4319    4317    4527
CTRIA3      2993       1    4320    4324    4323
CTRIA3      2994       1    4527    4526    4324
CTRIA3      2995       1    4381    4383    4526
CTRIA3      2996       1    4324    4529    4325
CTRIA3      2997       1    4526    4528    4529
CTRIA3      2998       1    4532    4534    4533
CTRIA3      2999       1    4530    4534    4532
CTRIA3      3000       1    4533    4535    4360
CTRIA3      3001       1    4534    4368    4535
CTRIA3      3002       1    4369    4367    4368
CTRIA3      3003       1    4358    4360    4535
CTRIA3      3004       1    4364    4535    4368
CTRIA3      3005       1    4365    4368    4367
CTRIA3      3006       1    4302    4309    4586
CTRIA3      3007       1    4308    4307    4309
CTRIA3      3008       1    4306    4308    4305
CTRIA3      3009       1    4309    4310    4578
CTRIA3      3010       1    4311    4314    4575
CTRIA3      3011       1    4575    4315    4576
CTRIA3      3012       1    4572    4567    4565
CTRIA3      3013       1    4572    4565    4576
CTRIA3      3014       1    4569    4570    4573
CTRIA3      3015       1    4572    4571    4570
CTRIA3      3016       1    4577    4322    4571
CTRIA3      3017       1    4323    4321    4322
CTRIA3      3018       1    4323    4328    4321
CTRIA3      3019       1    4328    4327    4329
CTRIA3      3020       1    4325    4326    4327
CTRIA3      3021       1    4326    4325    4583
CTRIA3      3022       1    4329    4353    4352
CTRIA3      3023       1    4327    4542    4353
CTRIA3      3024       1    4326    4540    4542
CTRIA3      3025       1    4353    4542    4357
CTRIA3      3026       1    4355    4354    4357
CTRIA3      3027       1    4357    4360    4358
CTRIA3      3028       1    4299    4561    4560
CTRIA3      3029       1    4300    4579    4561
CTRIA3      3030       1    4561    4579    4564
CTRIA3      3031       1    4558    4562    4557
CTRIA3      3032       1    4549    4568    4569
CTRIA3      3033       1    4549    4569    4573
CTRIA3      3034       1    4544    4573    4582
CTRIA3      3035       1    4336    4333    4337
CTRIA3      3036       1    4333    4332    4331
CTRIA3      3037       1    4337    4335    4338
CTRIA3      3038       1    4333    4334    4335
CTRIA3      3039       1    4333    4330    4334
CTRIA3      3040       1    4335    4351    4543
CTRIA3      3041       1    4334    4352    4351
CTRIA3      3042       1    4543    4351    4350
CTRIA3      3043       1    4347    4350    4348
CTRIA3      3044       1    4349    4354    4348
CTRIA3      3045       1    4340    4341    4347
CTRIA3      3046       1    4346    4347    4348
CTRIA3      3047       1    4344    4348    4354
CTRIA3      3048       1    4539    4343    4344
CTRIA3      3049       1     134    1184    1185
CTRIA3      3050       1    1184     133    1195
CTRIA3      3051       1     133    4343    4539
CTRIA3      3052       1    1191    1193    1171
CTRIA3      3053       1    1439    1445    1448
CTRIA3      3054       1    1447    1448    1445
CTRIA3      3055       1     113     114    1326
CTRIA3      3056       1     115    1326     114
CTRIA3      3057       1     118    4508    4509
CTRIA3      3058       1     119     118    1042
CTRIA3      3059       1    1082    1081     127
CTRIA3      3060       1    1371    1370    1372
CTRIA3      3061       1    1372     150     151
CTRIA3      3062       1     151     150    1754
CTRIA3      3063       1     165    1397    1398
CTRIA3      3064       1     164     165    4268
CTRIA3      3065       1    1399    1735    1732
CTRIA3      3066       1     174    4200    4197
CTRIA3      3067       1    1413    1416    1415
CTRIA3      3068       1     206     205    1819
CTRIA3      3069       1     206    1517    1516
CTRIA3      3070       1    1818    2211    1821
CTRIA3      3071       1    1910    1821    2211
CTRIA3      3072       1     207    1818    1820
CTRIA3      3073       1     207    1518    1517
CTRIA3      3074       1    1820    1818    1821
CTRIA3      3075       1    1911    1821    1910
CTRIA3      3076       1    1595    1523    1522
CTRIA3      3077       1     212    1522    1523
CTRIA3      3078       1    1524    1525    1522
CTRIA3      3079       1     213    1522     212
CTRIA3      3080       1     248    1788    1802
CTRIA3      3081       1     261    2402    2404
CTRIA3      3082       1    1894    1893    1895
CTRIA3      3083       1     269    2412    2413
CTRIA3      3084       1     275    2418    2419
CTRIA3      3085       1    2059    2060    2055
CTRIA3      3086       1     282    2590     283
CTRIA3      3087       1    2059    2061    2060
CTRIA3      3088       1     293    2186     292
CTRIA3      3089       1     293     292    2604
CTRIA3      3090       1    2152    2150    2160
CTRIA3      3091       1    3933     302    3940
CTRIA3      3092       1     303    3937    3938
CTRIA3      3093       1    3949     313     314
CTRIA3      3094       1     351    2242    2241
CTRIA3      3095       1    2935     352    2933
CTRIA3      3096       1    2241    2242    2243
CTRIA3      3097       1     357    2976    2975
CTRIA3      3098       1     363    2969     364
CTRIA3      3099       1    2963     364    2969
CTRIA3      3100       1     371    2271    2269
CTRIA3      3101       1     371     370    3078
CTRIA3      3102       1    3054     377     376
CTRIA3      3103       1    3053    3052    3054
CTRIA3      3104       1    3311     377    3054
CTRIA3      3105       1    3052    3311    3054
CTRIA3      3106       1    2427    2426    2438
CTRIA3      3107       1    2425    2438    2426
CTRIA3      3108       1    4159    4157    4156
CTRIA3      3109       1    4156    4157    4153
CTRIA3      3110       1    4155    4158    4156
CTRIA3      3111       1     394    4156     393
CTRIA3      3112       1    4252    4266    4251
CTRIA3      3113       1     402    4252    4251
CTRIA3      3114       1    2849    2848    2815
CTRIA3      3115       1     411    2848    2849
CTRIA3      3116       1     413     412    3324
CTRIA3      3117       1     412     413    2846
CTRIA3      3118       1     449    2576    2577
CTRIA3      3119       1    2579    2679    2680
CTRIA3      3120       1    2576     449     450
CTRIA3      3121       1     465     464    3355
CTRIA3      3122       1    3022    3013    3020
CTRIA3      3123       1    3013    3016    3020
CTRIA3      3124       1    2922    2921    3029
CTRIA3      3125       1     493    2924    2925
CTRIA3      3126       1     493    3469    3366
CTRIA3      3127       1    2922    3029    2927
CTRIA3      3128       1    2928    2926    2927
CTRIA3      3129       1    3076    3073    3087
CTRIA3      3130       1    3072    3073    3074
CTRIA3      3131       1     618    3386     619
CTRIA3      3132       1    3459     619    3386
CTRIA3      3133       1     655    4431    4403
CTRIA3      3134       1    4431    4438    4403
CTRIA3      3135       1    3531     663    3532
CTRIA3      3136       1    3502    3531    3532
CTRIA3      3137       1     666    4302    4301
CTRIA3      3138       1     670    4298    4297
CTRIA3      3139       1     669     670    3579
CTRIA3      3140       1     673    3734    3733
CTRIA3      3141       1     844    3669     843
CTRIA3      3142       1     852     853    3664
CTRIA3      3143       1     862     861    3680
CTRIA3      3144       1     868     867    3666
CTRIA3      3145       1     919    4556    4554
CTRIA3      3146       1    4555    4556    4558
CTRIA3      3147       1     920     919    4554
CTRIA3      3148       1    4553    4554    4555
CTRIA3      3149       1    4552    4555    4557
CTRIA3      3150       1     925    4338     926
CTRIA3      3151       1    4339    4338    4543
CTRIA3      3152       1    4058    4060    4061
CTRIA3      3153       1    4062    4061    4060
CTRIA3      3154       1    4446    4495    4445
CTRIA3      3155       1    4447    4446    4445
CTRIA3      3156       1    1026    4445    1025
CTRIA3      3157       1    1031    4024    4031
CTRIA3      3158       1    1040    1041    1042
CTRIA3      3159       1    1072    1075    1080
CTRIA3      3160       1    1129    1130    1128
CTRIA3      3161       1    1129    1341    1130
CTRIA3      3162       1    1136    1137    1219
CTRIA3      3163       1    1143    1218    1219
CTRIA3      3164       1    1165    1170    1164
CTRIA3      3165       1    1190    1194    1193
CTRIA3      3166       1    1188    1185    1181
CTRIA3      3167       1    1214    1222    1223
CTRIA3      3168       1    1161    1163    1203
CTRIA3      3169       1    1157    1203    1225
CTRIA3      3170       1    1204    1226    1156
CTRIA3      3171       1    1143    1142    1218
CTRIA3      3172       1      88    1371    1374
CTRIA3      3173       1    1107    1251    1252
CTRIA3      3174       1    1256    1257    1255
CTRIA3      3175       1    1295    1293    1294
CTRIA3      3176       1    1295    1300    1293
CTRIA3      3177       1    1297    1298    1299
CTRIA3      3178       1    1301    1321    1333
CTRIA3      3179       1    1322    1298    1325
CTRIA3      3180       1    1286    1269    1270
CTRIA3      3181       1    1286    1266    1269
CTRIA3      3182       1    1260    1240    1255
CTRIA3      3183       1    1239    1238    1311
CTRIA3      3184       1    1260    1238    1240
CTRIA3      3185       1    1316    1230    1314
CTRIA3      3186       1    1334    1230    1316
CTRIA3      3187       1    1340    1135    1341
CTRIA3      3188       1    1342    1136    1135
CTRIA3      3189       1    1344    1172    1173
CTRIA3      3190       1    1199    1170    1168
CTRIA3      3191       1    1344    1168    1172
CTRIA3      3192       1    1112    1109    1127
CTRIA3      3193       1    1247    1127    1346
CTRIA3      3194       1    1345    1173    1092
CTRIA3      3195       1    1195    1086    1196
CTRIA3      3196       1    1066    1064    1080
CTRIA3      3197       1    1067    1064    1063
CTRIA3      3198       1    1062    1106    1105
CTRIA3      3199       1    1283    1054    1055
CTRIA3      3200       1    1336    1351    1054
CTRIA3      3201       1    1263    1351    1264
CTRIA3      3202       1    1280    1055    1050
CTRIA3      3203       1    1046    1041    1281
CTRIA3      3204       1    1280    1050    1049
CTRIA3      3205       1    1367    1368    1387
CTRIA3      3206       1    1716    1418    1718
CTRIA3      3207       1    1417    1652    1718
CTRIA3      3208       1    1420    1419    1418
CTRIA3      3209       1    1440    1441    1442
CTRIA3      3210       1    1445    1444    1443
CTRIA3      3211       1    1697    1444    1694
CTRIA3      3212       1    1697    1694    1695
CTRIA3      3213       1    1443    1697    1696
CTRIA3      3214       1    1459    1463    1458
CTRIA3      3215       1    1463    1462    1460
CTRIA3      3216       1    1459    1458    1456
CTRIA3      3217       1    1458    1461    1456
CTRIA3      3218       1    1467    1471    1466
CTRIA3      3219       1    1471    1470    1468
CTRIA3      3220       1    1467    1465    1462
CTRIA3      3221       1    1466    1469    1464
CTRIA3      3222       1    1475    1474    1637
CTRIA3      3223       1    1474    1473    1477
CTRIA3      3224       1    1473    1480    1472
CTRIA3      3225       1    1671    1477    1473
CTRIA3      3226       1    1471    1473    1472
CTRIA3      3227       1    1631    1628    1655
CTRIA3      3228       1    1628    1656    1657
CTRIA3      3229       1    1479    1657    1481
CTRIA3      3230       1    1631    1655    1478
CTRIA3      3231       1    1476    1475    1478
CTRIA3      3232       1    1655    1479    1478
CTRIA3      3233       1    1480    1479    1481
CTRIA3      3234       1    1657    1656    1658
CTRIA3      3235       1    1658    1486    1483
CTRIA3      3236       1    1483    1485    1484
CTRIA3      3237       1    1480    1483    1482
CTRIA3      3238       1    1484    1668    1482
CTRIA3      3239       1    1490    1492    1491
CTRIA3      3240       1    1488    1487    1485
CTRIA3      3241       1    1491    1612    1487
CTRIA3      3242       1    1494    1607    1608
CTRIA3      3243       1    1500    1499    1497
CTRIA3      3244       1    1496    1497    1498
CTRIA3      3245       1    1607    1494    1493
CTRIA3      3246       1    1495    1492    1493
CTRIA3      3247       1    1498    1503    1495
CTRIA3      3248       1    1497    1499    1506
CTRIA3      3249       1    1502    1505    1504
CTRIA3      3250       1    1503    1502    1501
CTRIA3      3251       1    1504    1509    1501
CTRIA3      3252       1    1505    1511    1508
CTRIA3      3253       1    1510    1508    1511
CTRIA3      3254       1    1504    1508    1507
CTRIA3      3255       1    1514    1507    1508
CTRIA3      3256       1    1535    1534    1533
CTRIA3      3257       1    1533    1557    1531
CTRIA3      3258       1    1537    1535    1533
CTRIA3      3259       1    1541    1540    1544
CTRIA3      3260       1    1540    1539    1543
CTRIA3      3261       1    1536    1539    1542
CTRIA3      3262       1    1555    1543    1539
CTRIA3      3263       1    1538    1539    1535
CTRIA3      3264       1    1550    1547    1546
CTRIA3      3265       1    1545    1546    1547
CTRIA3      3266       1    1540    1543    1545
CTRIA3      3267       1    1550    1546    1548
CTRIA3      3268       1    1554    1549    1548
CTRIA3      3269       1    1546    1545    1548
CTRIA3      3270       1    1555    1545    1543
CTRIA3      3271       1    1560    1592    1563
CTRIA3      3272       1    1561    1560    1559
CTRIA3      3273       1    1560    1562    1558
CTRIA3      3274       1    1534    1559    1558
CTRIA3      3275       1    1567    1570    1566
CTRIA3      3276       1    1566    1569    1568
CTRIA3      3277       1    1567    1565    1562
CTRIA3      3278       1    1566    1588    1564
CTRIA3      3279       1    1564    1588    1589
CTRIA3      3280       1    1573    1576    1572
CTRIA3      3281       1    1572    1577    1571
CTRIA3      3282       1    1580    1574    1572
CTRIA3      3283       1    1570    1572    1571
CTRIA3      3284       1    1577    1576    1575
CTRIA3      3285       1    1584    1583    1582
CTRIA3      3286       1    1574    1582    1583
CTRIA3      3287       1    1585    1581    1586
CTRIA3      3288       1    1574    1581    1582
CTRIA3      3289       1    1581    1590    1591
CTRIA3      3290       1    1580    1590    1581
CTRIA3      3291       1    1592    1591    1590
CTRIA3      3292       1    1563    1590    1567
CTRIA3      3293       1    1565    1564    1594
CTRIA3      3294       1    1589    1596    1594
CTRIA3      3295       1    1557    1594    1593
CTRIA3      3296       1    1596    1595    1593
CTRIA3      3297       1    1528    1530    1597
CTRIA3      3298       1    1528    1597    1524
CTRIA3      3299       1    1531    1593    1598
CTRIA3      3300       1    1595    1598    1593
CTRIA3      3301       1    1531    1598    1597
CTRIA3      3302       1    1525    1597    1598
CTRIA3      3303       1    1526    1527    1524
CTRIA3      3304       1    1589    1600    1599
CTRIA3      3305       1    1520    1521    1601
CTRIA3      3306       1    1599    1600    1601
CTRIA3      3307       1    1523    1596    1599
CTRIA3      3308       1     211    1523    1599
CTRIA3      3309       1    1569    1603    1602
CTRIA3      3310       1    1519    1602    1603
CTRIA3      3311       1    1588    1602    1600
CTRIA3      3312       1    1601    1600    1602
CTRIA3      3313       1    1577    1578    1604
CTRIA3      3314       1    1604    1578    1579
CTRIA3      3315       1    1571    1604    1603
CTRIA3      3316       1    1518    1603    1604
CTRIA3      3317       1    1509    1605    1606
CTRIA3      3318       1    1515    1605    1507
CTRIA3      3319       1    1575    1606    1605
CTRIA3      3320       1    1578    1515    1579
CTRIA3      3321       1    1583    1612    1611
CTRIA3      3322       1    1584    1585    1610
CTRIA3      3323       1    1501    1613    1614
CTRIA3      3324       1    1509    1606    1613
CTRIA3      3325       1    1573    1609    1614
CTRIA3      3326       1    1575    1613    1606
CTRIA3      3327       1    1491    1495    1615
CTRIA3      3328       1    1503    1614    1615
CTRIA3      3329       1    1612    1615    1611
CTRIA3      3330       1    1611    1615    1614
CTRIA3      3331       1    1620    1617    1616
CTRIA3      3332       1    1608    1616    1617
CTRIA3      3333       1    1619    1620    1616
CTRIA3      3334       1    1616    1607    1493
CTRIA3      3335       1    1492    1490    1493
CTRIA3      3336       1    1622    1621    1624
CTRIA3      3337       1    1620    1621    1622
CTRIA3      3338       1    1624    1626    1627
CTRIA3      3339       1    1629    1638    1627
CTRIA3      3340       1    1628    1627    1626
CTRIA3      3341       1    1633    1630    1632
CTRIA3      3342       1    1634    1635    1633
CTRIA3      3343       1    1631    1634    1632
CTRIA3      3344       1    1633    1635    1636
CTRIA3      3345       1    1641    1640    1639
CTRIA3      3346       1    1639    1630    1654
CTRIA3      3347       1    1646    1652    1651
CTRIA3      3348       1    1647    1646    1645
CTRIA3      3349       1    1646    1651    1650
CTRIA3      3350       1    1650    1653    1644
CTRIA3      3351       1    1649    1647    1648
CTRIA3      3352       1    1640    1647    1645
CTRIA3      3353       1    1640    1645    1644
CTRIA3      3354       1    1625    1638    1643
CTRIA3      3355       1    1629    1630    1638
CTRIA3      3356       1    1644    1661    1659
CTRIA3      3357       1    1659    1661    1660
CTRIA3      3358       1    1643    1644    1659
CTRIA3      3359       1    1623    1625    1659
CTRIA3      3360       1    1664    1662    1663
CTRIA3      3361       1    1621    1666    1626
CTRIA3      3362       1    1619    1666    1621
CTRIA3      3363       1    1626    1666    1665
CTRIA3      3364       1    1486    1658    1665
CTRIA3      3365       1    1666    1489    1665
CTRIA3      3366       1    1484    1487    1667
CTRIA3      3367       1    1612    1610    1667
CTRIA3      3368       1    1585    1667    1610
CTRIA3      3369       1    1634    1673    1676
CTRIA3      3370       1    1670    1673    1634
CTRIA3      3371       1    1474    1477    1670
CTRIA3      3372       1    1676    1674    1675
CTRIA3      3373       1    1674    1669    1672
CTRIA3      3374       1    1673    1670    1669
CTRIA3      3375       1    1671    1672    1669
CTRIA3      3376       1    1678    1680    1685
CTRIA3      3377       1    1586    1591    1678
CTRIA3      3378       1    1678    1677    1679
CTRIA3      3379       1    1591    1677    1678
CTRIA3      3380       1    1685    1680    1682
CTRIA3      3381       1    1684    1681    1683
CTRIA3      3382       1    1679    1683    1681
CTRIA3      3383       1    1677    1687    1688
CTRIA3      3384       1    1592    1687    1677
CTRIA3      3385       1    1688    1687    1686
CTRIA3      3386       1    1542    1541    1686
CTRIA3      3387       1    1561    1686    1687
CTRIA3      3388       1    1536    1686    1561
CTRIA3      3389       1    1689    1690    1468
CTRIA3      3390       1    1679    1688    1689
CTRIA3      3391       1    1556    1690    1689
CTRIA3      3392       1    1547    1689    1688
CTRIA3      3393       1    1468    1470    1684
CTRIA3      3394       1    1668    1587    1685
CTRIA3      3395       1    1472    1482    1691
CTRIA3      3396       1    1482    1682    1691
CTRIA3      3397       1    1472    1691    1681
CTRIA3      3398       1    1682    1681    1691
CTRIA3      3399       1    1469    1468    1690
CTRIA3      3400       1    1465    1464    1692
CTRIA3      3401       1    1464    1556    1692
CTRIA3      3402       1    1694    1675    1674
CTRIA3      3403       1    1674    1672    1693
CTRIA3      3404       1    1671    1693    1672
CTRIA3      3405       1    1698    1693    1463
CTRIA3      3406       1    1463    1693    1467
CTRIA3      3407       1    1460    1462    1465
CTRIA3      3408       1    1699    1700    1460
CTRIA3      3409       1    1556    1699    1692
CTRIA3      3410       1    1552    1700    1699
CTRIA3      3411       1    1551    1699    1550
CTRIA3      3412       1    1461    1460    1700
CTRIA3      3413       1    1553    1457    1456
CTRIA3      3414       1    1552    1461    1700
CTRIA3      3415       1    1446    1696    1450
CTRIA3      3416       1    1696    1701    1450
CTRIA3      3417       1    1698    1459    1701
CTRIA3      3418       1    1453    1701    1454
CTRIA3      3419       1    1454    1701    1459
CTRIA3      3420       1    1704    1702    1703
CTRIA3      3421       1    1676    1703    1702
CTRIA3      3422       1    1704    1703    1444
CTRIA3      3423       1    1444    1703    1676
CTRIA3      3424       1    1707    1708    1706
CTRIA3      3425       1    1654    1706    1708
CTRIA3      3426       1    1436    1706    1705
CTRIA3      3427       1    1436    1705    1702
CTRIA3      3428       1    1636    1702    1705
CTRIA3      3429       1    1441    1435    1704
CTRIA3      3430       1    1711    1429    1710
CTRIA3      3431       1    1711    1710    1714
CTRIA3      3432       1    1710    1712    1713
CTRIA3      3433       1    1641    1714    1710
CTRIA3      3434       1    1709    1428    1711
CTRIA3      3435       1    1711    1714    1708
CTRIA3      3436       1    1641    1708    1714
CTRIA3      3437       1    1716    1718    1717
CTRIA3      3438       1    1652    1649    1717
CTRIA3      3439       1    1429    1717    1712
CTRIA3      3440       1    1713    1712    1717
CTRIA3      3441       1    1648    1642    1713
CTRIA3      3442       1    1426    1425    1716
CTRIA3      3443       1    1416    1720    1417
CTRIA3      3444       1    1412    1719    1720
CTRIA3      3445       1    1652    1720    1651
CTRIA3      3446       1    1720    1719    1721
CTRIA3      3447       1    1653    1650    1721
CTRIA3      3448       1    1412    1722    1719
CTRIA3      3449       1    1722    1723    1724
CTRIA3      3450       1    1411    1725    1723
CTRIA3      3451       1    1726    1724    1723
CTRIA3      3452       1    1721    1719    1722
CTRIA3      3453       1    1661    1722    1724
CTRIA3      3454       1    1661    1724    1726
CTRIA3      3455       1    1405    1729    1726
CTRIA3      3456       1    1404    1728    1729
CTRIA3      3457       1    1660    1726    1729
CTRIA3      3458       1    1729    1728    1663
CTRIA3      3459       1    1734    1730    1733
CTRIA3      3460       1    1400    1732    1731
CTRIA3      3461       1    1617    1734    1733
CTRIA3      3462       1    1617    1733    1731
CTRIA3      3463       1    1404    1734    1728
CTRIA3      3464       1    1401    1400    1730
CTRIA3      3465       1    1663    1728    1734
CTRIA3      3466       1    1400    1399    1732
CTRIA3      3467       1    1735    1737    1731
CTRIA3      3468       1    1396    1736    1737
CTRIA3      3469       1    1608    1731    1737
CTRIA3      3470       1    1500    1737    1736
CTRIA3      3471       1    1395    1739    1736
CTRIA3      3472       1    1394    1738    1739
CTRIA3      3473       1    1739    1740    1506
CTRIA3      3474       1    1505    1506    1740
CTRIA3      3475       1    1393    1742    1738
CTRIA3      3476       1    1393    1513    1742
CTRIA3      3477       1    1738    1742    1741
CTRIA3      3478       1    1511    1740    1741
CTRIA3      3479       1    1513    1741    1742
CTRIA3      3480       1    1512    1511    1741
CTRIA3      3481       1    1808    1895    1809
CTRIA3      3482       1    1807    1809    1810
CTRIA3      3483       1    1890    1889    1888
CTRIA3      3484       1    1948     269    1950
CTRIA3      3485       1    1948    1950    1949
CTRIA3      3486       1    1970    1971    1969
CTRIA3      3487       1    2005    2004    2003
CTRIA3      3488       1    2005    2003    2002
CTRIA3      3489       1    2009    2006    2008
CTRIA3      3490       1    2002    2007    2008
CTRIA3      3491       1    2061    2063    2062
CTRIA3      3492       1    2071    2199    2070
CTRIA3      3493       1    2125    2102    2121
CTRIA3      3494       1    2099    2101    2102
CTRIA3      3495       1    2099    2102    2097
CTRIA3      3496       1    2124    2127    2126
CTRIA3      3497       1    2134    2132    2116
CTRIA3      3498       1    2134    2116    2113
CTRIA3      3499       1    2109    2139    2111
CTRIA3      3500       1    2141    2109    2143
CTRIA3      3501       1    3941    3942    3943
CTRIA3      3502       1    2178    2177    2179
CTRIA3      3503       1     293     294    2184
CTRIA3      3504       1    2064    2067    2201
CTRIA3      3505       1    2199    2038    2200
CTRIA3      3506       1    2033    2072    2026
CTRIA3      3507       1    2025    2024    2079
CTRIA3      3508       1    2130    2203    2078
CTRIA3      3509       1    2127    2020    2128
CTRIA3      3510       1    1992    1990    1997
CTRIA3      3511       1    2004    1993    1997
CTRIA3      3512       1    2204    1970    2047
CTRIA3      3513       1    2206    1959    1965
CTRIA3      3514       1    1956    2206    1968
CTRIA3      3515       1    1972    1968    1969
CTRIA3      3516       1    1944    1981    1983
CTRIA3      3517       1    1983    1981    1982
CTRIA3      3518       1    2208    1982    1986
CTRIA3      3519       1    1876    1874    1873
CTRIA3      3520       1    1932    1921    1873
CTRIA3      3521       1    2011    1864    2009
CTRIA3      3522       1    1856    2016    1857
CTRIA3      3523       1    2119    1857    2016
CTRIA3      3524       1    1841    1844    1842
CTRIA3      3525       1    1836    1851    1848
CTRIA3      3526       1    1925    1929    1927
CTRIA3      3527       1    1833    1834    1927
CTRIA3      3528       1    1815    1937    1934
CTRIA3      3529       1     205    1817    1819
CTRIA3      3530       1    2211    1817    1934
CTRIA3      3531       1    1934    1908    2211
CTRIA3      3532       1    1812    1811    1938
CTRIA3      3533       1    1816    1938    1937
CTRIA3      3534       1    2226     255    2225
CTRIA3      3535       1    2272    2273    2271
CTRIA3      3536       1    2276    2273    2274
CTRIA3      3537       1    2277    2276    2274
CTRIA3      3538       1     374    2277    2274
CTRIA3      3539       1    2279    2283    2282
CTRIA3      3540       1    2281    2283    2279
CTRIA3      3541       1    2282    2284    2285
CTRIA3      3542       1    2289    2298    2300
CTRIA3      3543       1    2290    2289    2288
CTRIA3      3544       1    2289    2300    2305
CTRIA3      3545       1    2305    2286    2289
CTRIA3      3546       1    2291    2290    2292
CTRIA3      3547       1    2286    2285    2287
CTRIA3      3548       1    2295    2296    2294
CTRIA3      3549       1    2291    2293    2294
CTRIA3      3550       1    2295    2476    2514
CTRIA3      3551       1    2297    2307    2299
CTRIA3      3552       1    2298    2297    2299
CTRIA3      3553       1    2308    2304    2301
CTRIA3      3554       1    2298    2299    2301
CTRIA3      3555       1    2305    2301    2302
CTRIA3      3556       1    2308    2307    2309
CTRIA3      3557       1    2313    2312    2517
CTRIA3      3558       1    2312    2310    2314
CTRIA3      3559       1    2307    2311    2309
CTRIA3      3560       1    2316    2314    2310
CTRIA3      3561       1    2296    2310    2297
CTRIA3      3562       1    2315    2320    2312
CTRIA3      3563       1    2312    2314    2315
CTRIA3      3564       1    2318    2317    2323
CTRIA3      3565       1    2316    2317    2315
CTRIA3      3566       1    2323    2322    2321
CTRIA3      3567       1    2325    2326    2324
CTRIA3      3568       1    2326    2329    2327
CTRIA3      3569       1    2325    2330    2329
CTRIA3      3570       1    2332    2335    2502
CTRIA3      3571       1    2329    2331    2332
CTRIA3      3572       1    2331    2330    2505
CTRIA3      3573       1    2332    2331    2333
CTRIA3      3574       1    2337    2334    2338
CTRIA3      3575       1    2339    2341    2340
CTRIA3      3576       1    2353    2351    2354
CTRIA3      3577       1    2351    2347    2345
CTRIA3      3578       1    2352    2356    2355
CTRIA3      3579       1    2336     605     604
CTRIA3      3580       1    2345    2343    2356
CTRIA3      3581       1    2365    2368    2350
CTRIA3      3582       1    2351    2353    2348
CTRIA3      3583       1    2348    2491    2350
CTRIA3      3584       1    2386    2374    2371
CTRIA3      3585       1    2374    2376    2372
CTRIA3      3586       1     313    2349     312
CTRIA3      3587       1    2368    2369    2399
CTRIA3      3588       1    3761     701    2373
CTRIA3      3589       1    2371    2372    2369
CTRIA3      3590       1    2398    2399    2369
CTRIA3      3591       1    1364    2370      82
CTRIA3      3592       1    2379    2382    2384
CTRIA3      3593       1    3935    2380     305
CTRIA3      3594       1    2378    2377    2375
CTRIA3      3595       1     698    2373     701
CTRIA3      3596       1    2382    2388    2390
CTRIA3      3597       1     305    2380     304
CTRIA3      3598       1    2386    2387    2388
CTRIA3      3599       1    2383    2243    2385
CTRIA3      3600       1    2384    2383    2385
CTRIA3      3601       1    2393    2392    2391
CTRIA3      3602       1    2392    2390    2389
CTRIA3      3603       1    2388    2389    2390
CTRIA3      3604       1    2394    2393    2391
CTRIA3      3605       1    2394    2391    2389
CTRIA3      3606       1    2387    2389    2388
CTRIA3      3607       1    2366    2387    2386
CTRIA3      3608       1    2436    2448    2447
CTRIA3      3609       1    2441    2436    2439
CTRIA3      3610       1    2436    2447    2437
CTRIA3      3611       1    2437    2438    2436
CTRIA3      3612       1    2443    2441    2440
CTRIA3      3613       1    2438    2442    2439
CTRIA3      3614       1    2446    2445    2444
CTRIA3      3615       1    2445    2423    2449
CTRIA3      3616       1    2420    2449    2423
CTRIA3      3617       1    2442    2450    2451
CTRIA3      3618       1    2442    2449    2450
CTRIA3      3619       1    2418    2451    2450
CTRIA3      3620       1    2449    2419    2450
CTRIA3      3621       1    2457    2456    2455
CTRIA3      3622       1    2456    2453    2452
CTRIA3      3623       1    2451    2452    2453
CTRIA3      3624       1    2457    2455    2454
CTRIA3      3625       1    2417    2416    2454
CTRIA3      3626       1    2455    2452    2454
CTRIA3      3627       1    2454    2452    2451
CTRIA3      3628       1    2457    2460    2459
CTRIA3      3629       1    2414    2413    2460
CTRIA3      3630       1    2462    2461    2460
CTRIA3      3631       1    2470    2471    2468
CTRIA3      3632       1    2468    2474    2466
CTRIA3      3633       1    2467    2480    2477
CTRIA3      3634       1    2468    2465    2467
CTRIA3      3635       1    2465    2466    2463
CTRIA3      3636       1    2471    2470    2472
CTRIA3      3637       1    2473    2474    2472
CTRIA3      3638       1    2511    3571    3584
CTRIA3      3639       1    2478    3548    3544
CTRIA3      3640       1    2477    2480    2479
CTRIA3      3641       1    2467    2465    2482
CTRIA3      3642       1    2410    2483    2482
CTRIA3      3643       1    2411    2482    2462
CTRIA3      3644       1    2479    2483    2485
CTRIA3      3645       1    2408    2407    2485
CTRIA3      3646       1     429    2484    2749
CTRIA3      3647       1    2487    2486    2485
CTRIA3      3648       1    2404    2402    2342
CTRIA3      3649       1    2358    2353    2352
CTRIA3      3650       1    2492     395    2361
CTRIA3      3651       1    2367    2491    2492
CTRIA3      3652       1    2344    1758     154
CTRIA3      3653       1    2360     396    2492
CTRIA3      3654       1    2492    2491    2348
CTRIA3      3655       1    3949    2349     313
CTRIA3      3656       1    2493    2494    2490
CTRIA3      3657       1    1378    2344     154
CTRIA3      3658       1    2343    2493    2356
CTRIA3      3659       1    2489    2490    2494
CTRIA3      3660       1    2340    2496    2342
CTRIA3      3661       1    2341    2497    2496
CTRIA3      3662       1    2488    2487    2497
CTRIA3      3663       1    2405    2496    2497
CTRIA3      3664       1    2406    2497    2487
CTRIA3      3665       1    2368    2399    2501
CTRIA3      3666       1    2399    2500    2501
CTRIA3      3667       1    2502    2335    2500
CTRIA3      3668       1    2347    2350    2501
CTRIA3      3669       1    2501    2500    2499
CTRIA3      3670       1    2500    2337    2499
CTRIA3      3671       1    2346    2347    2499
CTRIA3      3672       1    2337    2339    2499
CTRIA3      3673       1    2340    2343    2346
CTRIA3      3674       1    2328    3341     478
CTRIA3      3675       1    2334    2337    2335
CTRIA3      3676       1    2334    2503    2338
CTRIA3      3677       1    2333    2504    2503
CTRIA3      3678       1    2481    2469    2504
CTRIA3      3679       1    2488    2338    2503
CTRIA3      3680       1    2503    2504    2486
CTRIA3      3681       1    2479    2504    2477
CTRIA3      3682       1    2505    2507    2506
CTRIA3      3683       1    2473    2506    2507
CTRIA3      3684       1    2481    2472    2470
CTRIA3      3685       1    2473    2472    2506
CTRIA3      3686       1    2327    2502    2398
CTRIA3      3687       1    2319    2321    2508
CTRIA3      3688       1    2384    2512    2377
CTRIA3      3689       1    2512    2513    2510
CTRIA3      3690       1    2510    2513    2508
CTRIA3      3691       1    2511    3584    3533
CTRIA3      3692       1    2375    2377    2510
CTRIA3      3693       1    2322    2509    2510
CTRIA3      3694       1    2324    2376    2509
CTRIA3      3695       1    2322    2324    2509
CTRIA3      3696       1    2327    2398    2397
CTRIA3      3697       1    2323    2516    2325
CTRIA3      3698       1    2516    2317    2515
CTRIA3      3699       1    2325    2516    2330
CTRIA3      3700       1    2507    2516    2515
CTRIA3      3701       1    2514    2507    2515
CTRIA3      3702       1    2287    2519    2522
CTRIA3      3703       1    2518    2519    2287
CTRIA3      3704       1    2519    2518    2520
CTRIA3      3705       1    2521    2523    2524
CTRIA3      3706       1    2524    2523    2525
CTRIA3      3707       1    2293    2528    2475
CTRIA3      3708       1    2293    2529    2528
CTRIA3      3709       1    2292    2522    2529
CTRIA3      3710       1    2527    2475    2526
CTRIA3      3711       1    2527    2526    2530
CTRIA3      3712       1    2528    2529    2526
CTRIA3      3713       1    2521    2530    2526
CTRIA3      3714       1    2474    2527    2466
CTRIA3      3715       1    2527    2531    2466
CTRIA3      3716       1    2521    2531    2530
CTRIA3      3717       1    2464    3640     801
CTRIA3      3718       1    2531    2524    2525
CTRIA3      3719       1    2518    2284    2532
CTRIA3      3720       1    2448    2533    2520
CTRIA3      3721       1    2523    2456    2525
CTRIA3      3722       1    2443    2456    2533
CTRIA3      3723       1    2458    2459    2525
CTRIA3      3724       1    2534    2532    2284
CTRIA3      3725       1    2433    2534    2283
CTRIA3      3726       1    2448    2532    2534
CTRIA3      3727       1    2437    2447    2534
CTRIA3      3728       1    2434    2435    2437
CTRIA3      3729       1    2286    2306    2535
CTRIA3      3730       1    2280    2279    2535
CTRIA3      3731       1    2282    2285    2286
CTRIA3      3732       1    2302    2303    2536
CTRIA3      3733       1    2536    2538    2537
CTRIA3      3734       1    2537    2540    2539
CTRIA3      3735       1    2306    2537    2535
CTRIA3      3736       1    2537    2539    2275
CTRIA3      3737       1    2275    2278    2280
CTRIA3      3738       1    2276    2275    2539
CTRIA3      3739       1    2267    2542    2543
CTRIA3      3740       1    2540    2543    2542
CTRIA3      3741       1    2264    2546    2547
CTRIA3      3742       1    2264    2544    2546
CTRIA3      3743       1    2541    2543    2544
CTRIA3      3744       1    2547    2546    2545
CTRIA3      3745       1    2538    2536    2545
CTRIA3      3746       1    2546    2544    2545
CTRIA3      3747       1    2544    2540    2545
CTRIA3      3748       1    2304    2549    2547
CTRIA3      3749       1    2261    2259    2549
CTRIA3      3750       1    2308    2550    2549
CTRIA3      3751       1    2259    2258    2548
CTRIA3      3752       1     831    3754     832
CTRIA3      3753       1    2552    3332     539
CTRIA3      3754       1    2256    2255    2553
CTRIA3      3755       1    2552    3794    3795
CTRIA3      3756       1    2313    2554    2553
CTRIA3      3757       1    2311    2553    2550
CTRIA3      3758       1    2252    2251    2558
CTRIA3      3759       1    2319    2556    2558
CTRIA3      3760       1    2320    2558    2554
CTRIA3      3761       1    2251    2250    2555
CTRIA3      3762       1    2248    2561    2385
CTRIA3      3763       1    2246    2556    2561
CTRIA3      3764       1    2512    2385    2560
CTRIA3      3765       1    2513    2512    2560
CTRIA3      3766       1    2559    3338    4374
CTRIA3      3767       1    2560    2561    2556
CTRIA3      3768       1    2239    2564    2565
CTRIA3      3769       1    2238    2562    2564
CTRIA3      3770       1    2563    2383    2562
CTRIA3      3771       1    2565    2564    2390
CTRIA3      3772       1    2564    2382    2390
CTRIA3      3773       1    2382    2562    2383
CTRIA3      3774       1    2235    2239    2565
CTRIA3      3775       1    2742    2740    2739
CTRIA3      3776       1    2740    2738    2739
CTRIA3      3777       1    2769    2770    2773
CTRIA3      3778       1    2775    2773    2776
CTRIA3      3779       1    2808    2809    2805
CTRIA3      3780       1    2813    2811    2809
CTRIA3      3781       1    2751    2750    2743
CTRIA3      3782       1    2903    2743    2741
CTRIA3      3783       1    2736    2735    2738
CTRIA3      3784       1    2899    2805    2806
CTRIA3      3785       1    2907    2912    2645
CTRIA3      3786       1    2722    2912    2913
CTRIA3      3787       1    2915    2911    2916
CTRIA3      3788       1    2911    2649    2916
CTRIA3      3789       1    2603    2652    2606
CTRIA3      3790       1    2652    2916    2649
CTRIA3      3791       1    2590    2589    2918
CTRIA3      3792       1    2919    2675    2674
CTRIA3      3793       1    2589    2671    2918
CTRIA3      3794       1    2674    2671    2919
CTRIA3      3795       1    2583    2580    2675
CTRIA3      3796       1    2580    2579    2680
CTRIA3      3797       1     348    2928    2929
CTRIA3      3798       1    3017    3019    3018
CTRIA3      3799       1    2931    2929    2930
CTRIA3      3800       1    3018    3019    2932
CTRIA3      3801       1    2948    2950    2947
CTRIA3      3802       1    3008    2953    2952
CTRIA3      3803       1    2953    2954    2952
CTRIA3      3804       1    2960    2951    2959
CTRIA3      3805       1    2948    2952    2951
CTRIA3      3806       1    2951    2957    2959
CTRIA3      3807       1    2959    2958    3006
CTRIA3      3808       1    2961    3006    2962
CTRIA3      3809       1    2964    2963    2962
CTRIA3      3810       1    2973    2975    2974
CTRIA3      3811       1    2981    2983    2982
CTRIA3      3812       1    2990    2981    2982
CTRIA3      3813       1    2979    2974    2980
CTRIA3      3814       1    2997    3001    2999
CTRIA3      3815       1    2995    2997    2996
CTRIA3      3816       1    2997    2999    2998
CTRIA3      3817       1    2980    2996    2997
CTRIA3      3818       1    3000    2995    2994
CTRIA3      3819       1    2974    2996    2980
CTRIA3      3820       1    3003    2990    3005
CTRIA3      3821       1    3002    3003    3004
CTRIA3      3822       1    2960    3003    3005
CTRIA3      3823       1    2961    3004    3003
CTRIA3      3824       1    2971    2992    3002
CTRIA3      3825       1    3002    3004    2969
CTRIA3      3826       1    3004    2961    2962
CTRIA3      3827       1    2966    2968    2967
CTRIA3      3828       1    2955    2958    2957
CTRIA3      3829       1    2991    2947    2950
CTRIA3      3830       1    2984    3005    2990
CTRIA3      3831       1    2950    2960    3005
CTRIA3      3832       1    2946    2945    2989
CTRIA3      3833       1    2944    2999    3001
CTRIA3      3834       1    2989    2988    2998
CTRIA3      3835       1    2988    2983    2998
CTRIA3      3836       1    3016    3014    3017
CTRIA3      3837       1    3010    3009    2941
CTRIA3      3838       1    3014    3012    2939
CTRIA3      3839       1    3012    2938    2939
CTRIA3      3840       1    3028    3026    3027
CTRIA3      3841       1    3000    3027    3026
CTRIA3      3842       1    3027    2978    3028
CTRIA3      3843       1    3027    3000    2994
CTRIA3      3844       1    2976    2977    2994
CTRIA3      3845       1    3025    3026    3028
CTRIA3      3846       1    3025    3001    3026
CTRIA3      3847       1    2934    2936    3028
CTRIA3      3848       1    2978    2935    2934
CTRIA3      3849       1    3032    3029    2921
CTRIA3      3850       1    3032    3031    3030
CTRIA3      3851       1    3022    3020    3031
CTRIA3      3852       1    3018    3030    3031
CTRIA3      3853       1    2927    3029    3032
CTRIA3      3854       1    3032    3030    2930
CTRIA3      3855       1    3018    2930    3030
CTRIA3      3856       1    2923    3024    2921
CTRIA3      3857       1    3309    3125    3127
CTRIA3      3858       1    3125    3126    3127
CTRIA3      3859       1    3140    3139    3138
CTRIA3      3860       1    3135    3138    3139
CTRIA3      3861       1    3151    3138    3137
CTRIA3      3862       1    3134    3137    3138
CTRIA3      3863       1    3145    3143    3146
CTRIA3      3864       1    3144    3142    3143
CTRIA3      3865       1    3170    3167    3169
CTRIA3      3866       1    3214    3218    3216
CTRIA3      3867       1    3220    3222    3218
CTRIA3      3868       1    3287    3288    3284
CTRIA3      3869       1    3287    3284    3283
CTRIA3      3870       1    3286    3283    3290
CTRIA3      3871       1    3293    3290    3292
CTRIA3      3872       1    3295    3292    3181
CTRIA3      3873       1    3179    3295    3181
CTRIA3      3874       1    3289    3296    3288
CTRIA3      3875       1    3204    3297    3166
CTRIA3      3876       1    3279    3282    3297
CTRIA3      3877       1    3297    3296    3173
CTRIA3      3878       1    3288    3296    3297
CTRIA3      3879       1    3136    3306    3162
CTRIA3      3880       1    3162    3306    3307
CTRIA3      3881       1    3308    3200    3306
CTRIA3      3882       1    3203    3307    3306
CTRIA3      3883       1    3161    3307    3164
CTRIA3      3884       1    3203    3164    3307
CTRIA3      3885       1    3304    3135    3139
CTRIA3      3886       1    3048    3311    3312
CTRIA3      3887       1    3312    3145    3146
CTRIA3      3888       1    3048    3312    3299
CTRIA3      3889       1    3146    3299    3312
CTRIA3      3890       1    3316    3317    3337
CTRIA3      3891       1    3451    3428    3438
CTRIA3      3892       1    3463    3464    3461
CTRIA3      3893       1    3462    3465    3464
CTRIA3      3894       1    3460    3459    3381
CTRIA3      3895       1    3381    3461    3460
CTRIA3      3896       1    3494    3493    3492
CTRIA3      3897       1    3498    3501    3499
CTRIA3      3898       1    3496    3494    3495
CTRIA3      3899       1    3501    3500    3499
CTRIA3      3900       1    3503    3502    3500
CTRIA3      3901       1    3521    3522    3513
CTRIA3      3902       1    3569    2511    3535
CTRIA3      3903       1    3550    3552    3555
CTRIA3      3904       1    3578    2478    3579
CTRIA3      3905       1    3576    3574    3542
CTRIA3      3906       1    3567    3588    3566
CTRIA3      3907       1    3571    3565    3584
CTRIA3      3908       1    3584    3588    3498
CTRIA3      3909       1    3486    3527    3487
CTRIA3      3910       1    3508    3507    3487
CTRIA3      3911       1    3511    3487    3527
CTRIA3      3912       1    3510    3509    3511
CTRIA3      3913       1    3671     838    3678
CTRIA3      3914       1    3899    3879    3876
CTRIA3      3915       1    3898    3876    3897
CTRIA3      3916       1    3959     857    3958
CTRIA3      3917       1    4083    3993    3995
CTRIA3      3918       1    3996    3998    3994
CTRIA3      3919       1    3992    3996    3994
CTRIA3      3920       1    4081    4079    4083
CTRIA3      3921       1    4059    4054    4057
CTRIA3      3922       1    4162    4165    4161
CTRIA3      3923       1    4159    4161    4160
CTRIA3      3924       1    4168    4166    4235
CTRIA3      3925       1    4167    4165    4166
CTRIA3      3926       1    4184    4183    4185
CTRIA3      3927       1    4254    4255    4256
CTRIA3      3928       1    4253    4256    4264
CTRIA3      3929       1    4253    4264    4263
CTRIA3      3930       1    4191    4192    4194
CTRIA3      3931       1    4173    4172    4232
CTRIA3      3932       1    4231    4232    4172
CTRIA3      3933       1    4153     391     392
CTRIA3      3934       1    4142    4280    4281
CTRIA3      3935       1    4148    4280    4142
CTRIA3      3936       1    4281    4280    4161
CTRIA3      3937       1    4160    4161    4280
CTRIA3      3938       1    4114    4190    4286
CTRIA3      3939       1    4285    4185    4189
CTRIA3      3940       1    4190    4191    4286
CTRIA3      3941       1    4105    4198    4104
CTRIA3      3942       1    4287    4194    4193
CTRIA3      3943       1    4198    4197    4104
CTRIA3      3944       1    4032    4021    4024
CTRIA3      3945       1    4018    4017    4036
CTRIA3      3946       1    4010    4009    4092
CTRIA3      3947       1    4037    4042    4291
CTRIA3      3948       1    4009    4042    4092
CTRIA3      3949       1    4037    4291    4013
CTRIA3      3950       1    4014    4013    4291
CTRIA3      3951       1    3997    4000    4091
CTRIA3      3952       1    4011    4010    4090
CTRIA3      3953       1    4005    4011    4090
CTRIA3      3954       1    3998    3997    4088
CTRIA3      3955       1    4082     617    3987
CTRIA3      3956       1    4079    4078    3990
CTRIA3      3957       1    4078    3986    3990
CTRIA3      3958       1    4313    4311    4310
CTRIA3      3959       1    4318    4314    4421
CTRIA3      3960       1    4421    4423    4318
CTRIA3      3961       1    4329    4330    4331
CTRIA3      3962       1    4500    4502    4367
CTRIA3      3963       1    4366    4365    4367
CTRIA3      3964       1    4410    4412    4411
CTRIA3      3965       1    4399    4398    4412
CTRIA3      3966       1    4397    4412    4398
CTRIA3      3967       1    4396    4397    4398
CTRIA3      3968       1    4506    4464    4466
CTRIA3      3969       1    4463    4465    4466
CTRIA3      3970       1    4512    1032    4510
CTRIA3      3971       1    4509    4508    4516
CTRIA3      3972       1    4457    4474    4454
CTRIA3      3973       1    4478    4453    4477
CTRIA3      3974       1    4452    4475    4477
CTRIA3      3975       1    4493    4446    4492
CTRIA3      3976       1    4492    4446    4478
CTRIA3      3977       1    4441    1023    4517
CTRIA3      3978       1    4444    4495    4517
CTRIA3      3979       1    4437    4519    4438
CTRIA3      3980       1    4518    4521    4520
CTRIA3      3981       1    4482    4395    4521
CTRIA3      3982       1    4491    4482    4521
CTRIA3      3983       1    4494    4493    4491
CTRIA3      3984       1    4390    4419    4429
CTRIA3      3985       1    4388    4422    4419
CTRIA3      3986       1    4389    4523    4384
CTRIA3      3987       1    4484    4523    4394
CTRIA3      3988       1    4522    4523    4486
CTRIA3      3989       1    4531    4528    4383
CTRIA3      3990       1    4376    4499    4375
CTRIA3      3991       1    4498    4372    4375
CTRIA3      3992       1    4366     127    4365
CTRIA3      3993       1    4363    4359    4358
CTRIA3      3994       1    4541    4344    4354
CTRIA3      3995       1    4341    4339    4543
CTRIA3      3996       1    4566    4564    4578
CTRIA3      3997       1    4578    4575    4566
CTRIA3      3998       1    4567    4562    4563
CTRIA3      3999       1    4565    4563    4566
CTRIA3      4000       1    4576    4565    4566
CTRIA3      4001       1    4529    4528    4532
CTRIA3      4002       1    4533    4540    4583
CTRIA3      4003       1    4570    4584    4582
CTRIA3      4004       1    4571    4321    4584
CTRIA3      4005       1    4332    4582    4584
CTRIA3      4006       1    4321    4328    4584
CTRIA3      4007       1    4577    4320    4322
CTRIA3      4008       1    4305    4585    4306
CTRIA3      4009       1    4313    4310    4306
CTRIA3      4010       1    4586    4579    4301
CTRIA3      4011       1    4586    4564    4579
CTRIA3      4012       1    4581    4298    4560
CTRIA3      4013       1    4340     930     929
CTRIA3      4014       1     135     930    4342
CTRIA3      4015       1    3709       1     915
CTRIA3      4016       1      59     915       1
CTRIA3      4017       1      59     135    1186
CTRIA3      4018       1    4606      74    4607
CTRIA3      4019       1    4606      73      74
CTRIA3      4020       1      73    1147      74
CTRIA3      4021       1    1145    1148    1221
CTRIA3      4022       1    1148    1145    1146
CTRIA3      4023       1      74      94       2
CTRIA3      4024       1      94     136       2
CTRIA3      4025       1    1147      93      94
CTRIA3      4026       1      93    1379    1380
CTRIA3      4027       1    1379      93      92
CTRIA3      4028       1    1146      92      93
CTRIA3      4029       1     157      75       3
CTRIA3      4030       1      75     157    1352
CTRIA3      4031       1      75     116       3
CTRIA3      4032       1      75    1332     116
CTRIA3      4033       1    4509     117     118
CTRIA3      4034       1    1037     118     117
CTRIA3      4035       1    1042     118    1037
CTRIA3      4036       1     117    1034       4
CTRIA3      4037       1       4    4094     178
CTRIA3      4038       1       4    1422      95
CTRIA3      4039       1       4     178    1422
CTRIA3      4040       1    1037       4      95
CTRIA3      4041       1    1037    1040    1042
CTRIA3      4042       1      96    1037      95
CTRIA3      4043       1      96    1040    1037
CTRIA3      4044       1      96    1421      97
CTRIA3      4045       1    1422    1421      96
CTRIA3      4046       1    4295     137     138
CTRIA3      4047       1       9    3972     216
CTRIA3      4048       1    1764       9     216
CTRIA3      4049       1    1763     217    1764
CTRIA3      4050       1    3971    3972    1016
CTRIA3      4051       1    3971     216    3972
CTRIA3      4052       1    1017     216    3971
CTRIA3      4053       1     156     216       5
CTRIA3      4054       1       5    4295     138
CTRIA3      4055       1    1384       5     138
CTRIA3      4056       1    1764     156    1763
CTRIA3      4057       1    1799     256       6
CTRIA3      4058       1     235     139       6
CTRIA3      4059       1    1743     139     235
CTRIA3      4060       1    2227       6     256
CTRIA3      4061       1     256    2226    2227
CTRIA3      4062       1     160    4252     159
CTRIA3      4063       1     160    4266    4252
CTRIA3      4064       1     159     403       7
CTRIA3      4065       1     403    2400       7
CTRIA3      4066       1     403    2401    2400
CTRIA3      4067       1     159    1392     160
CTRIA3      4068       1       7    2400     258
CTRIA3      4069       1    1805       7     258
CTRIA3      4070       1    1805     198       7
CTRIA3      4071       1     198     159       7
CTRIA3      4072       1    1527     196     195
CTRIA3      4073       1    1526     196    1527
CTRIA3      4074       1     197     215       8
CTRIA3      4075       1    1767     196     197
CTRIA3      4076       1    1770     196    1767
CTRIA3      4077       1     234     236      10
CTRIA3      4078       1    1743     236     234
CTRIA3      4079       1    2228      10     236
CTRIA3      4080       1     139     158       6
CTRIA3      4081       1    2227     236     235
CTRIA3      4082       1    2228     327     326
CTRIA3      4083       1     327    2227    2226
CTRIA3      4084       1    2213      16     346
CTRIA3      4085       1     237      16    2213
CTRIA3      4086       1     257      11     237
CTRIA3      4087       1     257    3968      11
CTRIA3      4088       1      86    2212      87
CTRIA3      4089       1      11      58      16
CTRIA3      4090       1      58    3967    3966
CTRIA3      4091       1    3967      11    3968
CTRIA3      4092       1    3967      58      11
CTRIA3      4093       1     277    2421     278
CTRIA3      4094       1    2058     277     278
CTRIA3      4095       1     278     385      12
CTRIA3      4096       1     443     385    3034
CTRIA3      4097       1     443     279      12
CTRIA3      4098       1     279     278      12
CTRIA3      4099       1    2057    1961    2058
CTRIA3      4100       1     279    2587     280
CTRIA3      4101       1     323    3961     322
CTRIA3      4102       1    2197     323     322
CTRIA3      4103       1    2612      13     301
CTRIA3      4104       1     323     301      13
CTRIA3      4105       1    1010     323      13
CTRIA3      4106       1    3921      13     426
CTRIA3      4107       1    3961    3959    3963
CTRIA3      4108       1    3959    3960    3962
CTRIA3      4109       1    3921    1011    1010
CTRIA3      4110       1    3960    1010    1011
CTRIA3      4111       1    3968     324     325
CTRIA3      4112       1    2159     325     324
CTRIA3      4113       1      14    2160     302
CTRIA3      4114       1     325    2160      14
CTRIA3      4115       1      14    3968     325
CTRIA3      4116       1    3968    1012    3967
CTRIA3      4117       1      14    3933    1012
CTRIA3      4118       1     345     346      15
CTRIA3      4119       1      17    2925     347
CTRIA3      4120       1      17    3469     493
CTRIA3      4121       1    3469      17     626
CTRIA3      4122       1    2926     348     347
CTRIA3      4123       1    2928     348    2926
CTRIA3      4124       1    2237     347     348
CTRIA3      4125       1     386     626      17
CTRIA3      4126       1    3973     626     386
CTRIA3      4127       1     386      17     347
CTRIA3      4128       1     347    2235    2236
CTRIA3      4129       1     494     369      18
CTRIA3      4130       1      18    2270     368
CTRIA3      4131       1     494    3832     495
CTRIA3      4132       1     495    3077     494
CTRIA3      4133       1     369    3078     370
CTRIA3      4134       1    2269     369     370
CTRIA3      4135       1     460     529      19
CTRIA3      4136       1     460    3178     529
CTRIA3      4137       1     532      19     529
CTRIA3      4138       1      19     532     404
CTRIA3      4139       1     404     460      19
CTRIA3      4140       1      20    3904     442
CTRIA3      4141       1     643      20     531
CTRIA3      4142       1     530     643     531
CTRIA3      4143       1     531    3314     530
CTRIA3      4144       1     643    3926    3904
CTRIA3      4145       1    3759     579     580
CTRIA3      4146       1     580    3365    3434
CTRIA3      4147       1      21    3359     461
CTRIA3      4148       1     489     579      21
CTRIA3      4149       1     461     489      21
CTRIA3      4150       1    3434    3471    3470
CTRIA3      4151       1    3471    3434    3365
CTRIA3      4152       1     490    3365     489
CTRIA3      4153       1     489    2920     490
CTRIA3      4154       1     481    3364     482
CTRIA3      4155       1     482    3008     481
CTRIA3      4156       1     488     482      22
CTRIA3      4157       1      22    3687     878
CTRIA3      4158       1    3809    3901    3808
CTRIA3      4159       1    3809    3900    3901
CTRIA3      4160       1     695    3901     696
CTRIA3      4161       1     511    3809    3808
CTRIA3      4162       1     511    3241     510
CTRIA3      4163       1     512     511      23
CTRIA3      4164       1      23    3808     695
CTRIA3      4165       1    3477      24     644
CTRIA3      4166       1    3477     530      24
CTRIA3      4167       1     530     533      24
CTRIA3      4168       1     527    3472     528
CTRIA3      4169       1     528    3179     527
CTRIA3      4170       1     528    3178    3179
CTRIA3      4171       1    3778     975    3779
CTRIA3      4172       1     628    3779     627
CTRIA3      4173       1     627    3473     628
CTRIA3      4174       1    3472     529     528
CTRIA3      4175       1     974    3779     975
CTRIA3      4176       1     627    3780      25
CTRIA3      4177       1     532     627      25
CTRIA3      4178       1    3339     554    3338
CTRIA3      4179       1    3339     555     554
CTRIA3      4180       1     896     554      54
CTRIA3      4181       1      54    3688     896
CTRIA3      4182       1    3361     575    3360
CTRIA3      4183       1    3361     576     575
CTRIA3      4184       1    3733     672     673
CTRIA3      4185       1    3478     673     672
CTRIA3      4186       1      27    3754     599
CTRIA3      4187       1     672     832      27
CTRIA3      4188       1    4433     652     651
CTRIA3      4189       1    3522     651     652
CTRIA3      4190       1     600     607      28
CTRIA3      4191       1    1018     651      28
CTRIA3      4192       1     607    1018      28
CTRIA3      4193       1     608    4067     607
CTRIA3      4194       1     607    3406     608
CTRIA3      4195       1    4443    1018    1019
CTRIA3      4196       1    4433    1018    4443
CTRIA3      4197       1    4067    1019    1018
CTRIA3      4198       1    4054    4067    4068
CTRIA3      4199       1    4059    4067    4054
CTRIA3      4200       1      29    3765     641
CTRIA3      4201       1      29     703    3765
CTRIA3      4202       1      23     641     512
CTRIA3      4203       1      29     695     703
CTRIA3      4204       1    3590      35     735
CTRIA3      4205       1    3926     733     732
CTRIA3      4206       1     733    3590     732
CTRIA3      4207       1     704     705      35
CTRIA3      4208       1      31    3589     704
CTRIA3      4209       1    3589      31     642
CTRIA3      4210       1      31    3476     642
CTRIA3      4211       1    3476      31     643
CTRIA3      4212       1     704     733      31
CTRIA3      4213       1     707     647     646
CTRIA3      4214       1     708     647     707
CTRIA3      4215       1     648     708     709
CTRIA3      4216       1    3578     647     648
CTRIA3      4217       1    3580     647    3578
CTRIA3      4218       1    3578    3579    3580
CTRIA3      4219       1      32    3580     671
CTRIA3      4220       1      32     823      37
CTRIA3      4221       1     823      32     916
CTRIA3      4222       1      37    3618     707
CTRIA3      4223       1      37     646      32
CTRIA3      4224       1     671     916      32
CTRIA3      4225       1    4296     916     671
CTRIA3      4226       1     670    4296     671
CTRIA3      4227       1    3580     670     671
CTRIA3      4228       1    3579     670    3580
CTRIA3      4229       1     754     753      33
CTRIA3      4230       1    3554      33     694
CTRIA3      4231       1    3554     650      33
CTRIA3      4232       1     713     754      33
CTRIA3      4233       1     699     895      34
CTRIA3      4234       1      34    3760     700
CTRIA3      4235       1      38     715     714
CTRIA3      4236       1     714     897      38
CTRIA3      4237       1     895     714      34
CTRIA3      4238       1     715    3760      34
CTRIA3      4239       1     715      34     714
CTRIA3      4240       1     856    3962     855
CTRIA3      4241       1     856    3959    3962
CTRIA3      4242       1     734     855      40
CTRIA3      4243       1    3962      40     855
CTRIA3      4244       1    3685      41     833
CTRIA3      4245       1      42     753     754
CTRIA3      4246       1     753      42      43
CTRIA3      4247       1      43     931     753
CTRIA3      4248       1     754     829      42
CTRIA3      4249       1    4602      50     915
CTRIA3      4250       1    4602     806      50
CTRIA3      4251       1    3635      50     806
CTRIA3      4252       1    3634      44     755
CTRIA3      4253       1    3634     787      44
CTRIA3      4254       1    3636     806     805
CTRIA3      4255       1    3635     786     787
CTRIA3      4256       1    3619    3611    3618
CTRIA3      4257       1      45    3611     769
CTRIA3      4258       1     768    3619    3620
CTRIA3      4259       1    3649     770     771
CTRIA3      4260       1    3651      46     770
CTRIA3      4261       1    3652      46    3651
CTRIA3      4262       1    3652     788      46
CTRIA3      4263       1     788    3652    3653
CTRIA3      4264       1    3971     789      48
CTRIA3      4265       1     789    3653      48
CTRIA3      4266       1      49    4293     790
CTRIA3      4267       1    3652     790    3653
CTRIA3      4268       1    4292    4294    4295
CTRIA3      4269       1    4293    4294    4292
CTRIA3      4270       1    4292      48     790
CTRIA3      4271       1    4292    1017      48
CTRIA3      4272       1    4589    4588     792
CTRIA3      4273       1     792    3651    3649
CTRIA3      4274       1    4606    4589      73
CTRIA3      4275       1    4606    4588    4589
CTRIA3      4276       1    4587     791    4588
CTRIA3      4277       1    4587      49     791
CTRIA3      4278       1    3654     791      49
CTRIA3      4279       1    3651    3654    3652
CTRIA3      4280       1    4587    1035    1036
CTRIA3      4281       1    4588    1035    4587
CTRIA3      4282       1    3633     808     807
CTRIA3      4283       1    3632    3633     756
CTRIA3      4284       1    3708     929    3709
CTRIA3      4285       1    3708      50     807
CTRIA3      4286       1    3634     807      50
CTRIA3      4287       1     755    3633    3634
CTRIA3      4288       1    3633     755     756
CTRIA3      4289       1     951     830      51
CTRIA3      4290       1    3752     830     951
CTRIA3      4291       1    1014     877      52
CTRIA3      4292       1    3966     877    1014
CTRIA3      4293       1     877     854      52
CTRIA3      4294       1    3657     854     877
CTRIA3      4295       1    3966    3970     877
CTRIA3      4296       1    3686     854    3657
CTRIA3      4297       1    3686     853     854
CTRIA3      4298       1    3657     876    3686
CTRIA3      4299       1    3657      53     876
CTRIA3      4300       1    3970      53     877
CTRIA3      4301       1      53    1013     876
CTRIA3      4302       1      55    3765     973
CTRIA3      4303       1     989    3765      55
CTRIA3      4304       1     988    3766     989
CTRIA3      4305       1      56    3780     974
CTRIA3      4306       1      56    3781    3780
CTRIA3      4307       1    3780     553      25
CTRIA3      4308       1    3781     553    3780
CTRIA3      4309       1    1007    3781    1008
CTRIA3      4310       1    3781    3783     552
CTRIA3      4311       1     644    3804    3805
CTRIA3      4312       1      57    3802     990
CTRIA3      4313       1      57    3806    3802
CTRIA3      4314       1    3806    3804    3802
CTRIA3      4315       1     705     706      36
CTRIA3      4316       1    3589      30     706
CTRIA3      4317       1     645    3477     644
CTRIA3      4318       1    3477     642    3476
CTRIA3      4319       1     642    3477     645
CTRIA3      4320       1    1009     706    3806
CTRIA3      4321       1    1009      36     706
CTRIA3      4322       1     645     706      30
CTRIA3      4323       1     645    3806     706
CTRIA3      4324       1    4601      59      60
CTRIA3      4325       1    4602      59    4601
CTRIA3      4326       1      59    1187      60
CTRIA3      4327       1    4601     805     806
CTRIA3      4328       1    4600      60      61
CTRIA3      4329       1      61    1188    1180
CTRIA3      4330       1    4600     804     805
CTRIA3      4331       1      62     804    4600
CTRIA3      4332       1    1189      61    1180
CTRIA3      4333       1    1189      62      61
CTRIA3      4334       1     804    4599     803
CTRIA3      4335       1    3639     804     803
CTRIA3      4336       1      62    1190      63
CTRIA3      4337       1     803    4598     802
CTRIA3      4338       1    3638     803     802
CTRIA3      4339       1    4599      64    4598
CTRIA3      4340       1      63    1191      64
CTRIA3      4341       1    4598     801     802
CTRIA3      4342       1    3640     802     801
CTRIA3      4343       1      65    4598      64
CTRIA3      4344       1    4598      65     801
CTRIA3      4345       1    1167    1192      65
CTRIA3      4346       1      67    4603      66
CTRIA3      4347       1    1192      67      66
CTRIA3      4348       1    1166    1162    1192
CTRIA3      4349       1    1165    1162    1166
CTRIA3      4350       1      68    4604      67
CTRIA3      4351       1    1160      67    1162
CTRIA3      4352       1    1160      68      67
CTRIA3      4353       1    1162    1161    1160
CTRIA3      4354       1    1161    1162    1163
CTRIA3      4355       1    4595      68      69
CTRIA3      4356       1    4605      68    4595
CTRIA3      4357       1      69    1159    1158
CTRIA3      4358       1    1161    1158    1159
CTRIA3      4359       1      69    4593    4595
CTRIA3      4360       1    1158      70      69
CTRIA3      4361       1    1157    1155    1158
CTRIA3      4362       1    4592      70      71
CTRIA3      4363       1    1153      70    1155
CTRIA3      4364       1    1153      71      70
CTRIA3      4365       1    4591      71      72
CTRIA3      4366       1      71    1151      72
CTRIA3      4367       1      77    1356    1357
CTRIA3      4368       1    1356      77      76
CTRIA3      4369       1    1323      76      77
CTRIA3      4370       1    1332      76    1323
CTRIA3      4371       1    1356    1354    1357
CTRIA3      4372       1    1356    1355    1354
CTRIA3      4373       1     234    1766    1743
CTRIA3      4374       1    1353     158     139
CTRIA3      4375       1    1353    1352     158
CTRIA3      4376       1    1359      79      78
CTRIA3      4377       1      79    1321      78
CTRIA3      4378       1      77    1358      78
CTRIA3      4379       1    1322      77      78
CTRIA3      4380       1    1354    1360    1358
CTRIA3      4381       1    1360    1354    1391
CTRIA3      4382       1    1364      81    1362
CTRIA3      4383       1    1364      82      81
CTRIA3      4384       1    1317      81      82
CTRIA3      4385       1      80    1362      81
CTRIA3      4386       1    1318      80      81
CTRIA3      4387       1    2370      83      82
CTRIA3      4388       1    2370    1388    1368
CTRIA3      4389       1    1362    1389    1363
CTRIA3      4390       1    1362    1390    1389
CTRIA3      4391       1    1227      83      84
CTRIA3      4392       1    2232     342    1365
CTRIA3      4393       1      83    1334      82
CTRIA3      4394       1    1367    2370    1368
CTRIA3      4395       1    1366    2370    1367
CTRIA3      4396       1    1143      87    1142
CTRIA3      4397       1      87    1143    1141
CTRIA3      4398       1      86    1229      85
CTRIA3      4399       1      86    1139    1229
CTRIA3      4400       1      87    1371      88
CTRIA3      4401       1    1369    1370    2212
CTRIA3      4402       1      86    1369    2212
CTRIA3      4403       1    1220    1221    1217
CTRIA3      4404       1    1220    1144    1221
CTRIA3      4405       1    1218    1220    1217
CTRIA3      4406       1    1142    1220    1218
CTRIA3      4407       1    1142      89    1220
CTRIA3      4408       1    1376      91      90
CTRIA3      4409       1      91    1376    1377
CTRIA3      4410       1      91    1377    1379
CTRIA3      4411       1    1144      90      91
CTRIA3      4412       1    1374      89      88
CTRIA3      4413       1      89    1374    1375
CTRIA3      4414       1    1038    1040      97
CTRIA3      4415       1    1421      98      97
CTRIA3      4416       1    1277    1039    1038
CTRIA3      4417       1      99    1038      98
CTRIA3      4418       1    1420      99      98
CTRIA3      4419       1    1275     100     101
CTRIA3      4420       1    1277     100    1275
CTRIA3      4421       1    1277      99     100
CTRIA3      4422       1    1426      99    1425
CTRIA3      4423       1    1426     100      99
CTRIA3      4424       1    1427     100    1426
CTRIA3      4425       1     102    1275     101
CTRIA3      4426       1     102    1274    1275
CTRIA3      4427       1    1429    1427    1715
CTRIA3      4428       1    1429     102    1427
CTRIA3      4429       1    1429    1430     103
CTRIA3      4430       1    1430     105     104
CTRIA3      4431       1    1285     105    1270
CTRIA3      4432       1    1285     104     105
CTRIA3      4433       1    1428    1431    1430
CTRIA3      4434       1    1709    1431    1428
CTRIA3      4435       1    1431     106     105
CTRIA3      4436       1    1286     105     106
CTRIA3      4437       1    1432    1431    1433
CTRIA3      4438       1    1433    1708    1707
CTRIA3      4439       1     106    1432     107
CTRIA3      4440       1     107    1286     106
CTRIA3      4441       1     107    1287    1286
CTRIA3      4442       1     107    1434     108
CTRIA3      4443       1    1707    1434    1432
CTRIA3      4444       1    1434     109     108
CTRIA3      4445       1    1288     108     109
CTRIA3      4446       1    1436    1437    1434
CTRIA3      4447       1    1437     110     109
CTRIA3      4448       1    1331     109     110
CTRIA3      4449       1    1441    1437    1435
CTRIA3      4450       1    1440    1437    1441
CTRIA3      4451       1    1439     110    1438
CTRIA3      4452       1    1439     111     110
CTRIA3      4453       1    1328     110     111
CTRIA3      4454       1     112    1328     111
CTRIA3      4455       1     112    1327    1328
CTRIA3      4456       1    1447     114     113
CTRIA3      4457       1    1446    1449    1447
CTRIA3      4458       1    1449     115     114
CTRIA3      4459       1    1452     115    1449
CTRIA3      4460       1    1451    1449    1450
CTRIA3      4461       1    4463     121     122
CTRIA3      4462       1    1045     122     121
CTRIA3      4463       1    4507     120     121
CTRIA3      4464       1    1043     121     120
CTRIA3      4465       1     120    4508     119
CTRIA3      4466       1     119    1043     120
CTRIA3      4467       1     119    1042    1043
CTRIA3      4468       1    1045    1046    1044
CTRIA3      4469       1    1046    1045    1043
CTRIA3      4470       1    1041    1043    1042
CTRIA3      4471       1     124    4467     123
CTRIA3      4472       1    1074     124     123
CTRIA3      4473       1    1075    1073    1074
CTRIA3      4474       1    4366     126     127
CTRIA3      4475       1    4505     125     126
CTRIA3      4476       1    4504     124     125
CTRIA3      4477       1    1073     125     124
CTRIA3      4478       1     126    1082     127
CTRIA3      4479       1    1071    1082     126
CTRIA3      4480       1    1071    1072    1070
CTRIA3      4481       1    1071    1073    1072
CTRIA3      4482       1    4362    4364     129
CTRIA3      4483       1    4364    4362    4363
CTRIA3      4484       1     128    4365     127
CTRIA3      4485       1    4364    4365     128
CTRIA3      4486       1    4362     129     130
CTRIA3      4487       1    1084     130     129
CTRIA3      4488       1    1083     129     128
CTRIA3      4489       1    1081     128     127
CTRIA3      4490       1    4362    4359    4363
CTRIA3      4491       1    4361     130     131
CTRIA3      4492       1    1084     131     130
CTRIA3      4493       1    1084    1085     131
CTRIA3      4494       1    4538    4541    4355
CTRIA3      4495       1    4355    4537    4538
CTRIA3      4496       1    4361    4356    4359
CTRIA3      4497       1    4538     132     133
CTRIA3      4498       1    1195     132    1085
CTRIA3      4499       1    1195     133     132
CTRIA3      4500       1    4537     131     132
CTRIA3      4501       1    4346    4342    4340
CTRIA3      4502       1    4345    4342    4346
CTRIA3      4503       1    4342     134     135
CTRIA3      4504       1    4343     134    4342
CTRIA3      4505       1    1185     135     134
CTRIA3      4506       1    4294     136     137
CTRIA3      4507       1    1380     137     136
CTRIA3      4508       1     137    1383    1384
CTRIA3      4509       1    1379    1381    1380
CTRIA3      4510       1    1762     156     155
CTRIA3      4511       1    1763     156    1762
CTRIA3      4512       1     156    1381     155
CTRIA3      4513       1    1766     141     140
CTRIA3      4514       1    1744     141    1766
CTRIA3      4515       1    1355     141    1391
CTRIA3      4516       1    1355     140     141
CTRIA3      4517       1     140    1743    1766
CTRIA3      4518       1     140    1353     139
CTRIA3      4519       1     144    1748    1765
CTRIA3      4520       1    1748     144     143
CTRIA3      4521       1    1390     143     144
CTRIA3      4522       1    1745     142    1746
CTRIA3      4523       1    1747     142    1745
CTRIA3      4524       1    1747     143     142
CTRIA3      4525       1     143    1360     142
CTRIA3      4526       1     145    1368    1388
CTRIA3      4527       1    1368     145     146
CTRIA3      4528       1    1765     145     144
CTRIA3      4529       1     145    1389     144
CTRIA3      4530       1    1753     149     148
CTRIA3      4531       1    1753     150     149
CTRIA3      4532       1     150    1385     149
CTRIA3      4533       1     149    1386     148
CTRIA3      4534       1    1753    1751     226
CTRIA3      4535       1    1751    1753     148
CTRIA3      4536       1    1751     148     147
CTRIA3      4537       1    1386     147     148
CTRIA3      4538       1     147    1386    1367
CTRIA3      4539       1    1757    1756     222
CTRIA3      4540       1    1757     153    1756
CTRIA3      4541       1     152    1373    1372
CTRIA3      4542       1    1372    1373    1371
CTRIA3      4543       1    1373     152     153
CTRIA3      4544       1    1756     223     222
CTRIA3      4545       1     152    1755    1756
CTRIA3      4546       1    1755     152     151
CTRIA3      4547       1    1377    1378    1379
CTRIA3      4548       1    1377    2344    1378
CTRIA3      4549       1    1375    2344    1377
CTRIA3      4550       1    2344    1757    1758
CTRIA3      4551       1    2344    1373     153
CTRIA3      4552       1     116     179       3
CTRIA3      4553       1    1452     179     116
CTRIA3      4554       1     179     157       3
CTRIA3      4555       1     179    1798     157
CTRIA3      4556       1     180    1797     179
CTRIA3      4557       1    1451     179    1452
CTRIA3      4558       1    1451     180     179
CTRIA3      4559       1    1798     158     157
CTRIA3      4560       1    1798    1799     158
CTRIA3      4561       1    1800    1798    1797
CTRIA3      4562       1    4254     161     162
CTRIA3      4563       1    4253     161    4254
CTRIA3      4564       1     160    4253    4263
CTRIA3      4565       1    1394     161    1393
CTRIA3      4566       1     160    1393     161
CTRIA3      4567       1    4268     163     164
CTRIA3      4568       1     163    1397     164
CTRIA3      4569       1    4255     163    4258
CTRIA3      4570       1    4255     162     163
CTRIA3      4571       1    1397    1395    1396
CTRIA3      4572       1    1395     162    1394
CTRIA3      4573       1     167    4270     166
CTRIA3      4574       1    4270     165     166
CTRIA3      4575       1    4270    4268     165
CTRIA3      4576       1    1398     166     165
CTRIA3      4577       1     169    4208     168
CTRIA3      4578       1     168    1403     169
CTRIA3      4579       1     168    4209     167
CTRIA3      4580       1     167    1402     168
CTRIA3      4581       1    1402    1404    1403
CTRIA3      4582       1    1399    1402     167
CTRIA3      4583       1    1400    1402    1399
CTRIA3      4584       1    4201     171     172
CTRIA3      4585       1    4202     171    4201
CTRIA3      4586       1    1407     172     171
CTRIA3      4587       1    1406     171     170
CTRIA3      4588       1     170    4202    4204
CTRIA3      4589       1    4204     169     170
CTRIA3      4590       1     169    1406     170
CTRIA3      4591       1    1405    1407    1406
CTRIA3      4592       1    1405    1408    1407
CTRIA3      4593       1    1405    1403    1404
CTRIA3      4594       1     174    4199     173
CTRIA3      4595       1     173    1413     174
CTRIA3      4596       1     173    4201     172
CTRIA3      4597       1     172    1410     173
CTRIA3      4598       1    1410    1412    1413
CTRIA3      4599       1    1408    1410    1409
CTRIA3      4600       1    1725    1410    1408
CTRIA3      4601       1     176    4099     175
CTRIA3      4602       1    1415     176     175
CTRIA3      4603       1    4095     177     178
CTRIA3      4604       1    1423     178     177
CTRIA3      4605       1    1422     178    1423
CTRIA3      4606       1     177    4098     176
CTRIA3      4607       1     176    1423     177
CTRIA3      4608       1    1423    1421    1422
CTRIA3      4609       1    1419    1424    1414
CTRIA3      4610       1    1795     180     181
CTRIA3      4611       1     180    1454     181
CTRIA3      4612       1    1794     181     182
CTRIA3      4613       1    1455     181    1454
CTRIA3      4614       1    1455     182     181
CTRIA3      4615       1    1796    1800    1797
CTRIA3      4616       1    1794    1796    1795
CTRIA3      4617       1    1794    1793    1796
CTRIA3      4618       1    1457     183     182
CTRIA3      4619       1    1790     183     184
CTRIA3      4620       1    1791     183    1790
CTRIA3      4621       1     183    1552     184
CTRIA3      4622       1    1787     184     185
CTRIA3      4623       1     184    1551     185
CTRIA3      4624       1     186    1787     185
CTRIA3      4625       1     186    1786    1787
CTRIA3      4626       1    1551     186     185
CTRIA3      4627       1    1549     186    1551
CTRIA3      4628       1    1787    1789    1790
CTRIA3      4629       1    1802    1787    1786
CTRIA3      4630       1    1788    1787    1802
CTRIA3      4631       1    1785     188    1784
CTRIA3      4632       1    1785     187     188
CTRIA3      4633       1     187    1554     188
CTRIA3      4634       1     187    1549    1554
CTRIA3      4635       1    1782     188     189
CTRIA3      4636       1     188    1555     189
CTRIA3      4637       1    1802    1785    1803
CTRIA3      4638       1    1785    1802    1786
CTRIA3      4639       1    1783    1803    1784
CTRIA3      4640       1    1781     189     190
CTRIA3      4641       1     189    1538     190
CTRIA3      4642       1    1778     190     191
CTRIA3      4643       1     190    1537     191
CTRIA3      4644       1    1779    1804    1783
CTRIA3      4645       1    1781    1783    1782
CTRIA3      4646       1    1780    1781    1778
CTRIA3      4647       1    1779    1781    1780
CTRIA3      4648       1     193    1528     194
CTRIA3      4649       1     194    1527     195
CTRIA3      4650       1     194    1774     193
CTRIA3      4651       1     195    1771     194
CTRIA3      4652       1     199    1392     198
CTRIA3      4653       1     198    1806     199
CTRIA3      4654       1     200    1513     199
CTRIA3      4655       1    1512    1513     200
CTRIA3      4656       1     199    1813     200
CTRIA3      4657       1    1807    1813    1806
CTRIA3      4658       1    1510     201     202
CTRIA3      4659       1    1510    1512     201
CTRIA3      4660       1    1813     201     200
CTRIA3      4661       1    1811    1813    1810
CTRIA3      4662       1    1811     201    1813
CTRIA3      4663       1    1812     201    1811
CTRIA3      4664       1     203    1510     202
CTRIA3      4665       1    1812    1814     202
CTRIA3      4666       1    1814     204     203
CTRIA3      4667       1     204    1514     203
CTRIA3      4668       1    1816    1815    1814
CTRIA3      4669       1    1817     204    1815
CTRIA3      4670       1    1817     205     204
CTRIA3      4671       1     205    1515     204
CTRIA3      4672       1    1516     205     206
CTRIA3      4673       1    1822     207    1820
CTRIA3      4674       1    1822     208     207
CTRIA3      4675       1     208    1518     207
CTRIA3      4676       1    1911    1822    1820
CTRIA3      4677       1    1828    1822    1911
CTRIA3      4678       1    1828    1826    1822
CTRIA3      4679       1     208    1824     209
CTRIA3      4680       1     209    1519     208
CTRIA3      4681       1    1826    1824    1823
CTRIA3      4682       1    1827    1826    1829
CTRIA3      4683       1    1521     209     210
CTRIA3      4684       1     210    1825    2163
CTRIA3      4685       1    1827    2163    1825
CTRIA3      4686       1    2163     211     210
CTRIA3      4687       1     211    2161     212
CTRIA3      4688       1    2161     213     212
CTRIA3      4689       1    2158     213    2161
CTRIA3      4690       1    1757     222     221
CTRIA3      4691       1    1754     224    1755
CTRIA3      4692       1    1754     225     224
CTRIA3      4693       1    1753     226     225
CTRIA3      4694       1    1752     228     227
CTRIA3      4695       1    1749     229     228
CTRIA3      4696       1     229    1765     230
CTRIA3      4697       1    1360    1390    1361
CTRIA3      4698       1    1747     230    1748
CTRIA3      4699       1    1747     231     230
CTRIA3      4700       1    1745     232     231
CTRIA3      4701       1    1745     233     232
CTRIA3      4702       1    1744     233    1745
CTRIA3      4703       1    1766     234     233
CTRIA3      4704       1    2233     344     343
CTRIA3      4705       1    2234     239     238
CTRIA3      4706       1     239    1768     238
CTRIA3      4707       1    2213    2234     237
CTRIA3      4708       1    3968     257    3969
CTRIA3      4709       1     238     257     237
CTRIA3      4710       1    2212    1370      87
CTRIA3      4711       1    1365     341     241
CTRIA3      4712       1    2232     241     240
CTRIA3      4713       1    1773     240     241
CTRIA3      4714       1     343    2232    2233
CTRIA3      4715       1     240    1769     239
CTRIA3      4716       1    2233     240     239
CTRIA3      4717       1     243    2230     244
CTRIA3      4718       1     243    2231    2230
CTRIA3      4719       1     243    1776     242
CTRIA3      4720       1     243    1780    1776
CTRIA3      4721       1     241    2231     242
CTRIA3      4722       1    1776     241     242
CTRIA3      4723       1    2215     246     245
CTRIA3      4724       1    1804     245     246
CTRIA3      4725       1    2214     244    2230
CTRIA3      4726       1    2214     245     244
CTRIA3      4727       1    1779     244     245
CTRIA3      4728       1    1802     247     248
CTRIA3      4729       1    2216     247     246
CTRIA3      4730       1    1803     246     247
CTRIA3      4731       1    2220     250     249
CTRIA3      4732       1    2229     250    2220
CTRIA3      4733       1    1801     249     250
CTRIA3      4734       1    2218     249     248
CTRIA3      4735       1     249    1788     248
CTRIA3      4736       1     252    2222     253
CTRIA3      4737       1     252    2221    2222
CTRIA3      4738       1     252    1792     251
CTRIA3      4739       1     252    1793    1792
CTRIA3      4740       1    1792     250     251
CTRIA3      4741       1    2229     251     250
CTRIA3      4742       1    2225     254    2224
CTRIA3      4743       1    2225     255     254
CTRIA3      4744       1    1800     254     255
CTRIA3      4745       1    1793     253     254
CTRIA3      4746       1    2222     254     253
CTRIA3      4747       1     214    2157     215
CTRIA3      4748       1    1526     214     215
CTRIA3      4749       1    1767    1769    1770
CTRIA3      4750       1     257    1767       8
CTRIA3      4751       1    3969     257       8
CTRIA3      4752       1    2489    2400    2401
CTRIA3      4753       1    2489     259     258
CTRIA3      4754       1    2403     260     259
CTRIA3      4755       1     259    1805     258
CTRIA3      4756       1    1894    1805     259
CTRIA3      4757       1    1894    1808    1805
CTRIA3      4758       1    2404     262     261
CTRIA3      4759       1    2404    2405     262
CTRIA3      4760       1    1892     262     263
CTRIA3      4761       1     263    2406     264
CTRIA3      4762       1    2405    2406     263
CTRIA3      4763       1     264    1892     263
CTRIA3      4764       1    1893     261     262
CTRIA3      4765       1    1892    1893     262
CTRIA3      4766       1    1889    1892     264
CTRIA3      4767       1    1890    1892    1889
CTRIA3      4768       1    2406     265     264
CTRIA3      4769       1    2407     266     265
CTRIA3      4770       1    1941     265     266
CTRIA3      4771       1     266    2409     267
CTRIA3      4772       1    1942     266     267
CTRIA3      4773       1    1889     265    1941
CTRIA3      4774       1    1941    1888    1889
CTRIA3      4775       1    1943    1941    1942
CTRIA3      4776       1    1944    1942    1945
CTRIA3      4777       1    2410     268     267
CTRIA3      4778       1    1945     268    1947
CTRIA3      4779       1    1945     267     268
CTRIA3      4780       1     268    2412     269
CTRIA3      4781       1    1948     268     269
CTRIA3      4782       1    1947    1944    1945
CTRIA3      4783       1    1946    1947    1948
CTRIA3      4784       1    2413     270     269
CTRIA3      4785       1    1950     270    1952
CTRIA3      4786       1    1950     269     270
CTRIA3      4787       1     270    2415     271
CTRIA3      4788       1     271    1952     270
CTRIA3      4789       1     271    1953    1952
CTRIA3      4790       1    1952    1949    1950
CTRIA3      4791       1    1954    1952    1953
CTRIA3      4792       1    2415     272     271
CTRIA3      4793       1    2416     273     272
CTRIA3      4794       1    1957     272     273
CTRIA3      4795       1    1953     272    1957
CTRIA3      4796       1     273    2418     274
CTRIA3      4797       1     274    1957     273
CTRIA3      4798       1    1957    1955    1953
CTRIA3      4799       1    1959    1957    1958
CTRIA3      4800       1    2206    1957    1959
CTRIA3      4801       1    2419     276     275
CTRIA3      4802       1    1960     275     276
CTRIA3      4803       1     276    2420     277
CTRIA3      4804       1     277    1960     276
CTRIA3      4805       1    1960    1959    1958
CTRIA3      4806       1    1962    1959    1960
CTRIA3      4807       1    1962    1961    2057
CTRIA3      4808       1     280    2056    2057
CTRIA3      4809       1     280    2588     281
CTRIA3      4810       1    2055     281     282
CTRIA3      4811       1    2056     281    2055
CTRIA3      4812       1    2589     281    2588
CTRIA3      4813       1    2590     281    2589
CTRIA3      4814       1     283    2592     284
CTRIA3      4815       1    2590    2592     283
CTRIA3      4816       1     284    2593     285
CTRIA3      4817       1     285    2059     284
CTRIA3      4818       1     285    2061    2059
CTRIA3      4819       1    2592    2593     284
CTRIA3      4820       1     285    2594     286
CTRIA3      4821       1    2064     285     286
CTRIA3      4822       1    2591    2594    2593
CTRIA3      4823       1     286    2597     287
CTRIA3      4824       1    2065     286     287
CTRIA3      4825       1    2595    2594    2596
CTRIA3      4826       1    2597    2594    2595
CTRIA3      4827       1     287    2597     288
CTRIA3      4828       1     288    2065     287
CTRIA3      4829       1     288    2193    2065
CTRIA3      4830       1     288    2598     289
CTRIA3      4831       1    2917    2598    2597
CTRIA3      4832       1    2598    2917    2600
CTRIA3      4833       1     289    2601     290
CTRIA3      4834       1    2193     290    2192
CTRIA3      4835       1    2193     289     290
CTRIA3      4836       1    2600    2601    2598
CTRIA3      4837       1     290    2602     291
CTRIA3      4838       1    2187     290     291
CTRIA3      4839       1    2599    2602    2601
CTRIA3      4840       1     291    2604     292
CTRIA3      4841       1    2603    2602    2605
CTRIA3      4842       1     293    2607     294
CTRIA3      4843       1    2604    2607     293
CTRIA3      4844       1    2606    2607    2604
CTRIA3      4845       1     294    2610     295
CTRIA3      4846       1    2609    2610    2607
CTRIA3      4847       1    2183    2182    2180
CTRIA3      4848       1    2182     296     297
CTRIA3      4849       1    2183     296    2182
CTRIA3      4850       1    2180    2176    2178
CTRIA3      4851       1    2176    2180    2182
CTRIA3      4852       1    2176     297     298
CTRIA3      4853       1    2176    2173    2177
CTRIA3      4854       1     299    2176     298
CTRIA3      4855       1    2195    2176     299
CTRIA3      4856       1    2173    2197    2172
CTRIA3      4857       1    2173    2194    2197
CTRIA3      4858       1     300    2612     301
CTRIA3      4859       1    2194     301    2196
CTRIA3      4860       1     301    2195     300
CTRIA3      4861       1    2151    2149    2150
CTRIA3      4862       1    3937    2380    3936
CTRIA3      4863       1     303    2380    3937
CTRIA3      4864       1     304    2150    2149
CTRIA3      4865       1    2150     304     303
CTRIA3      4866       1    2166    2145    2149
CTRIA3      4867       1    2146    2147    2145
CTRIA3      4868       1    2148    2144    2143
CTRIA3      4869       1    2148    2147    2144
CTRIA3      4870       1    2380     303     304
CTRIA3      4871       1    3935    3936    2380
CTRIA3      4872       1    2149     305     304
CTRIA3      4873       1    2145     306     305
CTRIA3      4874       1    3941     307    3942
CTRIA3      4875       1    3941     306     307
CTRIA3      4876       1     306    3941    3935
CTRIA3      4877       1    2147     307     306
CTRIA3      4878       1    2108    2148    2143
CTRIA3      4879       1     309    2148    2108
CTRIA3      4880       1    2108     310     309
CTRIA3      4881       1    2107     311     310
CTRIA3      4882       1     309    3942     308
CTRIA3      4883       1     309    3943    3942
CTRIA3      4884       1     310    3943     309
CTRIA3      4885       1    3944    3943     310
CTRIA3      4886       1     311    2104     312
CTRIA3      4887       1    2104     313     312
CTRIA3      4888       1     311    2349    3944
CTRIA3      4889       1    3944    2349    3946
CTRIA3      4890       1    2349     311     312
CTRIA3      4891       1    2349    3947    3948
CTRIA3      4892       1     314    2099     315
CTRIA3      4893       1    2099     316     315
CTRIA3      4894       1    2098     317     316
CTRIA3      4895       1     315    3949     314
CTRIA3      4896       1     315    3952    3949
CTRIA3      4897       1     316    3952     315
CTRIA3      4898       1    3952    3950    3951
CTRIA3      4899       1     320    3956     319
CTRIA3      4900       1    3964     320     321
CTRIA3      4901       1    2170     321     320
CTRIA3      4902       1    2170    2171     321
CTRIA3      4903       1    3963     321     322
CTRIA3      4904       1     321    2172     322
CTRIA3      4905       1    3958    3963    3959
CTRIA3      4906       1    3958    3964    3963
CTRIA3      4907       1    2226     328     327
CTRIA3      4908       1    2225     328    2226
CTRIA3      4909       1    2225     329     328
CTRIA3      4910       1    2224     330     329
CTRIA3      4911       1    2223     331     330
CTRIA3      4912       1    2229     334     333
CTRIA3      4913       1    1788    1801    1789
CTRIA3      4914       1    2220     335     334
CTRIA3      4915       1    2219    2220    2218
CTRIA3      4916       1    2219     336     335
CTRIA3      4917       1    2218     336    2219
CTRIA3      4918       1    2217     337     336
CTRIA3      4919       1    2216     338     337
CTRIA3      4920       1    2214     338    2215
CTRIA3      4921       1    2214     339     338
CTRIA3      4922       1    2230     340     339
CTRIA3      4923       1    2231     341     340
CTRIA3      4924       1    2929     349     348
CTRIA3      4925       1     349    2237     348
CTRIA3      4926       1    2931     350     349
CTRIA3      4927       1    2240     349     350
CTRIA3      4928       1    2932     351     350
CTRIA3      4929       1    2241     350     351
CTRIA3      4930       1    2240    2237     349
CTRIA3      4931       1    2237    2238    2239
CTRIA3      4932       1    2241    2563    2240
CTRIA3      4933       1    2935     353     352
CTRIA3      4934       1     353    2244     352
CTRIA3      4935       1    2248    2242    2244
CTRIA3      4936       1    2245    2244    2247
CTRIA3      4937       1    2244    2246    2248
CTRIA3      4938       1    2978     354     353
CTRIA3      4939       1    2977     354    2978
CTRIA3      4940       1    2247     353     354
CTRIA3      4941       1    2249     354     355
CTRIA3      4942       1     355    2976     356
CTRIA3      4943       1     355    2977    2976
CTRIA3      4944       1     356    2249     355
CTRIA3      4945       1    2245    2252    2557
CTRIA3      4946       1    2245    2249    2252
CTRIA3      4947       1    2251    2249    2250
CTRIA3      4948       1    2975     358     357
CTRIA3      4949       1    2253     357     358
CTRIA3      4950       1     358    2973     359
CTRIA3      4951       1     359    2253     358
CTRIA3      4952       1    2253    2555    2250
CTRIA3      4953       1    2255    2253    2254
CTRIA3      4954       1    2973     360     359
CTRIA3      4955       1    2254     359     360
CTRIA3      4956       1    2972     361     360
CTRIA3      4957       1    2257     360     361
CTRIA3      4958       1     361    2970     362
CTRIA3      4959       1     362    2257     361
CTRIA3      4960       1    2257    2551    2254
CTRIA3      4961       1    2258    2257    2260
CTRIA3      4962       1    2259    2257    2258
CTRIA3      4963       1    2262     363     364
CTRIA3      4964       1    2963     365     364
CTRIA3      4965       1     365    2262     364
CTRIA3      4966       1    2262    2258    2260
CTRIA3      4967       1    2264    2258    2262
CTRIA3      4968       1    2263    2264    2262
CTRIA3      4969       1     365    2965     366
CTRIA3      4970       1    2265     365     366
CTRIA3      4971       1    2266     365    2265
CTRIA3      4972       1    2965     367     366
CTRIA3      4973       1    2966     368     367
CTRIA3      4974       1    2270     367     368
CTRIA3      4975       1    2270    2265     367
CTRIA3      4976       1    2267    2266    2268
CTRIA3      4977       1    2267    2270    2269
CTRIA3      4978       1     371    3079     372
CTRIA3      4979       1    3078    3079     371
CTRIA3      4980       1     372    2271     371
CTRIA3      4981       1    3087    3079    3078
CTRIA3      4982       1     372    3082     373
CTRIA3      4983       1    2272     372     373
CTRIA3      4984       1    3081    3082    3079
CTRIA3      4985       1     373    3083     374
CTRIA3      4986       1    3080    3083    3082
CTRIA3      4987       1     374    3049     375
CTRIA3      4988       1     374    3050    3049
CTRIA3      4989       1    3050    3053    3051
CTRIA3      4990       1    2277    2281    2278
CTRIA3      4991       1    2277    2430    2431
CTRIA3      4992       1    2277     376    2430
CTRIA3      4993       1    2429    2281    2431
CTRIA3      4994       1    2281    2432    2433
CTRIA3      4995       1     378    2430     377
CTRIA3      4996       1     378    2429    2430
CTRIA3      4997       1    2434    2433    2432
CTRIA3      4998       1     378    3048     379
CTRIA3      4999       1    2428     378     379
CTRIA3      5000       1    2428    2435    2434
CTRIA3      5001       1     380    3048    3301
CTRIA3      5002       1    2427     379     380
CTRIA3      5003       1     381    3047     382
CTRIA3      5004       1     382    3046     383
CTRIA3      5005       1    2425     383    2424
CTRIA3      5006       1    2425     382     383
CTRIA3      5007       1    2422    2446    2424
CTRIA3      5008       1    2422    2445    2446
CTRIA3      5009       1     383    3313     384
CTRIA3      5010       1    2422     383     384
CTRIA3      5011       1    2420    2422    2421
CTRIA3      5012       1     384    3034     385
CTRIA3      5013       1    2421     384     385
CTRIA3      5014       1    3973     386     387
CTRIA3      5015       1    4150     387     388
CTRIA3      5016       1     387    2396     388
CTRIA3      5017       1     387    2236    2396
CTRIA3      5018       1    2235    2396    2236
CTRIA3      5019       1     389    4150     388
CTRIA3      5020       1    2396     389     388
CTRIA3      5021       1     389    2396    2395
CTRIA3      5022       1     390    4151     389
CTRIA3      5023       1     389    2393     390
CTRIA3      5024       1     391    4152     390
CTRIA3      5025       1     392    2362     393
CTRIA3      5026       1     392    2363    2362
CTRIA3      5027       1     392    2394    2363
CTRIA3      5028       1    2387    2363    2394
CTRIA3      5029       1    2366    2363    2387
CTRIA3      5030       1    2366    2364    2363
CTRIA3      5031       1    2362     394     393
CTRIA3      5032       1    2361     394    2362
CTRIA3      5033       1    2364    2361    2362
CTRIA3      5034       1    2365    2364    2366
CTRIA3      5035       1    4275    4272    4273
CTRIA3      5036       1     396    4155     395
CTRIA3      5037       1    4272    4245    4273
CTRIA3      5038       1    4272    4271    4245
CTRIA3      5039       1     397    4272     396
CTRIA3      5040       1    2360     397     396
CTRIA3      5041       1    4271    4248    4245
CTRIA3      5042       1    4271    4247    4248
CTRIA3      5043       1    4271     397     398
CTRIA3      5044       1    4247     398     399
CTRIA3      5045       1     398    2358     399
CTRIA3      5046       1     398    2359    2358
CTRIA3      5047       1    4249    4248    4247
CTRIA3      5048       1     400    4247     399
CTRIA3      5049       1    2358     400     399
CTRIA3      5050       1    4250    4267    4249
CTRIA3      5051       1     401    4249     400
CTRIA3      5052       1    2357     400    2355
CTRIA3      5053       1    2357     401     400
CTRIA3      5054       1    4266    4250    4251
CTRIA3      5055       1    4266    4265    4250
CTRIA3      5056       1     402    4250     401
CTRIA3      5057       1     404    3336     405
CTRIA3      5058       1     405    2566     404
CTRIA3      5059       1    3336     553     552
CTRIA3      5060       1     532     553    3336
CTRIA3      5061       1     405    3335     406
CTRIA3      5062       1     406    2886     405
CTRIA3      5063       1     552    3783     551
CTRIA3      5064       1     551    3336     552
CTRIA3      5065       1     406    3334     407
CTRIA3      5066       1     407    2885     406
CTRIA3      5067       1     551    3782     550
CTRIA3      5068       1     550    3335     551
CTRIA3      5069       1    3334     408     407
CTRIA3      5070       1    3334    3325     408
CTRIA3      5071       1     550    3784     549
CTRIA3      5072       1     549    3334     550
CTRIA3      5073       1    2853    2850    2889
CTRIA3      5074       1    2851     410    2850
CTRIA3      5075       1    2849    2889    2850
CTRIA3      5076       1     411    2850     410
CTRIA3      5077       1    2848    2817    2815
CTRIA3      5078       1    2845    2817    2847
CTRIA3      5079       1    3324     414     413
CTRIA3      5080       1    2845     413     414
CTRIA3      5081       1    2845    2846     413
CTRIA3      5082       1    2843    2819    2845
CTRIA3      5083       1     414    3323     415
CTRIA3      5084       1     415    2845     414
CTRIA3      5085       1    2842    2844    2843
CTRIA3      5086       1     415    3322     416
CTRIA3      5087       1     416    2843     415
CTRIA3      5088       1    2842    2839    2841
CTRIA3      5089       1    2842    2897    2839
CTRIA3      5090       1     416    3321     417
CTRIA3      5091       1     417    2842     416
CTRIA3      5092       1    2897    2836    2837
CTRIA3      5093       1    2897    2890    2836
CTRIA3      5094       1    3321     418     417
CTRIA3      5095       1    2897     417     418
CTRIA3      5096       1    3332     419     418
CTRIA3      5097       1    2890     418     419
CTRIA3      5098       1    2892    2894    2895
CTRIA3      5099       1    2892    2893    2894
CTRIA3      5100       1     421    3318     422
CTRIA3      5101       1     422    2892     421
CTRIA3      5102       1    3318     423     422
CTRIA3      5103       1    3318    3316     423
CTRIA3      5104       1     425    2761     424
CTRIA3      5105       1    3316     425     424
CTRIA3      5106       1    3337     425    3316
CTRIA3      5107       1     425     531      20
CTRIA3      5108       1     442     425      20
CTRIA3      5109       1     442    2760     425
CTRIA3      5110       1     425    3314     531
CTRIA3      5111       1     426    2613     427
CTRIA3      5112       1     427    2614     428
CTRIA3      5113       1    3921    3923    1011
CTRIA3      5114       1    3921    3920    3923
CTRIA3      5115       1    3345     427     428
CTRIA3      5116       1    2749     430     429
CTRIA3      5117       1    2746     430    2749
CTRIA3      5118       1     430    3917     429
CTRIA3      5119       1    2751     430    2750
CTRIA3      5120       1    2903     431    2751
CTRIA3      5121       1     431    3916     430
CTRIA3      5122       1    3916     431    3913
CTRIA3      5123       1     432    3913     431
CTRIA3      5124       1    2786     432    2903
CTRIA3      5125       1    2786    2752     433
CTRIA3      5126       1    3912     432     433
CTRIA3      5127       1    3911     433     434
CTRIA3      5128       1     433    2752     434
CTRIA3      5129       1    2782    2752    2784
CTRIA3      5130       1    2781    2753    2782
CTRIA3      5131       1    3910     434     435
CTRIA3      5132       1     434    2753     435
CTRIA3      5133       1    3909     435     436
CTRIA3      5134       1     435    2754     436
CTRIA3      5135       1    2788    2754    2781
CTRIA3      5136       1    2900    2755    2788
CTRIA3      5137       1    3908     436     437
CTRIA3      5138       1     436    2755     437
CTRIA3      5139       1     438    3908     437
CTRIA3      5140       1     437    2756     438
CTRIA3      5141       1    2900    2757    2756
CTRIA3      5142       1    2901    2758    2757
CTRIA3      5143       1     439    3907     438
CTRIA3      5144       1     438    2757     439
CTRIA3      5145       1     440    3906     439
CTRIA3      5146       1     439    2758     440
CTRIA3      5147       1    2902    2759    2758
CTRIA3      5148       1    2760    2763    2761
CTRIA3      5149       1     440    2759     441
CTRIA3      5150       1     441    2760     442
CTRIA3      5151       1     443    3035     444
CTRIA3      5152       1     444    2586     443
CTRIA3      5153       1     444    3036     445
CTRIA3      5154       1     445    2585     444
CTRIA3      5155       1    2585    2587    2586
CTRIA3      5156       1    2582    2584    2585
CTRIA3      5157       1     445    3037     446
CTRIA3      5158       1     446    2582     445
CTRIA3      5159       1     446    3172     447
CTRIA3      5160       1     447    2581     446
CTRIA3      5161       1    2581    2583    2582
CTRIA3      5162       1    2579    2581     447
CTRIA3      5163       1    2580    2581    2579
CTRIA3      5164       1     447    3171     448
CTRIA3      5165       1    3171     449     448
CTRIA3      5166       1    3170     449    3171
CTRIA3      5167       1    2577     448     449
CTRIA3      5168       1     447    2578    2579
CTRIA3      5169       1    3169     452     451
CTRIA3      5170       1     451    2576     450
CTRIA3      5171       1     452    2575     451
CTRIA3      5172       1    3173     452    3168
CTRIA3      5173       1    3173     453     452
CTRIA3      5174       1    3289     453    3296
CTRIA3      5175       1    2574     453    2573
CTRIA3      5176       1    2574     452     453
CTRIA3      5177       1     454    2573     453
CTRIA3      5178       1    3287     454    3289
CTRIA3      5179       1    3287    3174     455
CTRIA3      5180       1     455    2572     454
CTRIA3      5181       1     455    3174     456
CTRIA3      5182       1     456    2571     455
CTRIA3      5183       1    3286    3175    3174
CTRIA3      5184       1    3293    3176    3175
CTRIA3      5185       1     456    3175     457
CTRIA3      5186       1     457    2570     456
CTRIA3      5187       1     457    3176     458
CTRIA3      5188       1     458    2569     457
CTRIA3      5189       1    3295    3176    3292
CTRIA3      5190       1     458    3177     459
CTRIA3      5191       1     459    2568     458
CTRIA3      5192       1     460    2567     459
CTRIA3      5193       1     460    3177    3178
CTRIA3      5194       1    3360     461    3359
CTRIA3      5195       1    3360     462     461
CTRIA3      5196       1    3357     462    3360
CTRIA3      5197       1    2920     461     462
CTRIA3      5198       1    3023     462     463
CTRIA3      5199       1    3358     573    3356
CTRIA3      5200       1    3356     463    3358
CTRIA3      5201       1    3356     464     463
CTRIA3      5202       1    2923    3023    3024
CTRIA3      5203       1    3023    2923    2920
CTRIA3      5204       1     573    3358    3357
CTRIA3      5205       1    3357     574     573
CTRIA3      5206       1     465    3354     466
CTRIA3      5207       1    3015     465     466
CTRIA3      5208       1    3354    3353     466
CTRIA3      5209       1     570    3353    3354
CTRIA3      5210       1    3010     467    3009
CTRIA3      5211       1    3011     467    3010
CTRIA3      5212       1    3011     466     467
CTRIA3      5213       1    2381    3013    3015
CTRIA3      5214       1    2381    3016    3013
CTRIA3      5215       1    3014    2381    3012
CTRIA3      5216       1     568    3353     569
CTRIA3      5217       1    3352     467    3353
CTRIA3      5218       1    3352     468     467
CTRIA3      5219       1     566    3351     567
CTRIA3      5220       1    3351     566    3350
CTRIA3      5221       1     470    3349     471
CTRIA3      5222       1    3349     470    3350
CTRIA3      5223       1     471    2942     470
CTRIA3      5224       1     471    2943    2942
CTRIA3      5225       1     472    2943     471
CTRIA3      5226       1    3348     563    3362
CTRIA3      5227       1    3348     564     563
CTRIA3      5228       1    3362     472    3348
CTRIA3      5229       1     472    2945    2946
CTRIA3      5230       1    3363     475     474
CTRIA3      5231       1    3904    3927    3347
CTRIA3      5232       1    3904    3347     442
CTRIA3      5233       1    3899    3344    3811
CTRIA3      5234       1    3344    3899     508
CTRIA3      5235       1    3339     481     480
CTRIA3      5236       1    3008     480     481
CTRIA3      5237       1    2949     480    3008
CTRIA3      5238       1    2958     484    2968
CTRIA3      5239       1    2955     484    2958
CTRIA3      5240       1    2955     485     484
CTRIA3      5241       1    3837    3835     485
CTRIA3      5242       1     484    3834     483
CTRIA3      5243       1     483    2968     484
CTRIA3      5244       1     483    3833      18
CTRIA3      5245       1      18    2967     483
CTRIA3      5246       1    3834    3832    3833
CTRIA3      5247       1     486    3837     485
CTRIA3      5248       1    3339    3338    3364
CTRIA3      5249       1    3007    3008     482
CTRIA3      5250       1    2956    2953    3007
CTRIA3      5251       1    2559    3687      22
CTRIA3      5252       1    3338    2559    3364
CTRIA3      5253       1    4374    3338     896
CTRIA3      5254       1     488    3839     487
CTRIA3      5255       1    3007     487    2956
CTRIA3      5256       1    3007     488     487
CTRIA3      5257       1    2955    2956     486
CTRIA3      5258       1    2955    2954    2956
CTRIA3      5259       1     487    3838     486
CTRIA3      5260       1     486    2956     487
CTRIA3      5261       1    3471    3367    3470
CTRIA3      5262       1    3471     492    3367
CTRIA3      5263       1     491    2922     492
CTRIA3      5264       1     491    2921    2922
CTRIA3      5265       1     491    2923    2921
CTRIA3      5266       1    3366     492     493
CTRIA3      5267       1    3367     492    3366
CTRIA3      5268       1     495    3831     496
CTRIA3      5269       1    3075     496    3074
CTRIA3      5270       1    3075     495     496
CTRIA3      5271       1    3831     497     496
CTRIA3      5272       1    3826     497    3831
CTRIA3      5273       1     498    3824     499
CTRIA3      5274       1     499    3072     498
CTRIA3      5275       1    3823     499    3824
CTRIA3      5276       1    3823     500     499
CTRIA3      5277       1     500    3088     499
CTRIA3      5278       1    3088    3071    3072
CTRIA3      5279       1    3089    3069    3088
CTRIA3      5280       1     500    3822     501
CTRIA3      5281       1     501    3089     500
CTRIA3      5282       1     501    3820     502
CTRIA3      5283       1     502    3091     501
CTRIA3      5284       1    3091    3092    3089
CTRIA3      5285       1    3093    3090    3091
CTRIA3      5286       1     502    3819     503
CTRIA3      5287       1     503    3093     502
CTRIA3      5288       1     503    3816     504
CTRIA3      5289       1     504    3095     503
CTRIA3      5290       1    3095    3096    3093
CTRIA3      5291       1    3310    3097    3099
CTRIA3      5292       1    3310    3095    3097
CTRIA3      5293       1     504    3815     505
CTRIA3      5294       1     505    3097     504
CTRIA3      5295       1     505    3812     506
CTRIA3      5296       1    3097    3098    3099
CTRIA3      5297       1    3101     505     506
CTRIA3      5298       1    3098    3107    3111
CTRIA3      5299       1    3811     506    3812
CTRIA3      5300       1    3344     507    3811
CTRIA3      5301       1    3100     506     507
CTRIA3      5302       1    3101     506    3100
CTRIA3      5303       1    3101    3104    3107
CTRIA3      5304       1     508    3100     507
CTRIA3      5305       1    3102    3104    3100
CTRIA3      5306       1    3899    3810     508
CTRIA3      5307       1    3809    3898    3897
CTRIA3      5308       1     508    3810     509
CTRIA3      5309       1     509    3102     508
CTRIA3      5310       1    3240    3103    3102
CTRIA3      5311       1    3239     510    3241
CTRIA3      5312       1    3239     509     510
CTRIA3      5313       1     509    3809     510
CTRIA3      5314       1    3242    3238    3241
CTRIA3      5315       1    3243    3236    3238
CTRIA3      5316       1     512     640     513
CTRIA3      5317       1    3243     512     513
CTRIA3      5318       1    3244    3236    3245
CTRIA3      5319       1     640     514     513
CTRIA3      5320       1     639     515     514
CTRIA3      5321       1    3244     514     515
CTRIA3      5322       1    3245     514    3244
CTRIA3      5323       1    3246    3235    3244
CTRIA3      5324       1     515     638     516
CTRIA3      5325       1     516    3244     515
CTRIA3      5326       1    3247    3228    3246
CTRIA3      5327       1     516     637     517
CTRIA3      5328       1     517    3246     516
CTRIA3      5329       1    3247    3272    3227
CTRIA3      5330       1    3247    3273    3272
CTRIA3      5331       1     517     636     518
CTRIA3      5332       1     518    3247     517
CTRIA3      5333       1     635     518     636
CTRIA3      5334       1    3250    3273     519
CTRIA3      5335       1     519     635     634
CTRIA3      5336       1     520    3250     519
CTRIA3      5337       1     634    3773     633
CTRIA3      5338       1     519     633     520
CTRIA3      5339       1    3248     521     522
CTRIA3      5340       1    3249     521    3248
CTRIA3      5341       1     633    3774     632
CTRIA3      5342       1     520     632     521
CTRIA3      5343       1     632     520     633
CTRIA3      5344       1    3267     522     523
CTRIA3      5345       1    3264     522    3267
CTRIA3      5346       1     632    3775     631
CTRIA3      5347       1     631     522     632
CTRIA3      5348       1     665     666    3475
CTRIA3      5349       1    3268     524     525
CTRIA3      5350       1    3268    3267     524
CTRIA3      5351       1     631    3776     630
CTRIA3      5352       1     524     631     630
CTRIA3      5353       1     525    3474     526
CTRIA3      5354       1     526    3268     525
CTRIA3      5355       1    3777     630    3776
CTRIA3      5356       1    3474     630     629
CTRIA3      5357       1     525     630    3474
CTRIA3      5358       1     526    3473     527
CTRIA3      5359       1     527    3180     526
CTRIA3      5360       1    3778    3777     976
CTRIA3      5361       1     629    3778     628
CTRIA3      5362       1     628    3474     629
CTRIA3      5363       1    3801     535    3800
CTRIA3      5364       1    3801     534     535
CTRIA3      5365       1    3337     535     534
CTRIA3      5366       1     991    3797     992
CTRIA3      5367       1    3803    3800    3797
CTRIA3      5368       1     534    3804     533
CTRIA3      5369       1     990    3803     991
CTRIA3      5370       1    3804    3803    3802
CTRIA3      5371       1    3319     536    3318
CTRIA3      5372       1    3796    3798    3799
CTRIA3      5373       1     537    3798     536
CTRIA3      5374       1    3318     535    3317
CTRIA3      5375       1    3318     536     535
CTRIA3      5376       1    3797     993     992
CTRIA3      5377       1    3798     993    3797
CTRIA3      5378       1    3797     536    3798
CTRIA3      5379       1    3320    3331     538
CTRIA3      5380       1    3320    3332    3331
CTRIA3      5381       1    3794    2552     539
CTRIA3      5382       1    3795     538    2552
CTRIA3      5383       1    3331    2552     538
CTRIA3      5384       1    3320     537    3319
CTRIA3      5385       1    3799    3795    3796
CTRIA3      5386       1     538    3799     537
CTRIA3      5387       1    3321    3330     540
CTRIA3      5388       1     541    3792     540
CTRIA3      5389       1     540    3330     541
CTRIA3      5390       1     540    3332    3321
CTRIA3      5391       1     540    3794     539
CTRIA3      5392       1    1000    3787    1001
CTRIA3      5393       1    3787     543     544
CTRIA3      5394       1    3790     543    3787
CTRIA3      5395       1    3329     544     543
CTRIA3      5396       1     999    3790    1000
CTRIA3      5397       1    3793    3790    3791
CTRIA3      5398       1     411    3328     412
CTRIA3      5399       1    3788    3786    1002
CTRIA3      5400       1     546    3788     545
CTRIA3      5401       1     545    3327     546
CTRIA3      5402       1    3333    3328     544
CTRIA3      5403       1    3324    3328    3333
CTRIA3      5404       1    3788    1001    3787
CTRIA3      5405       1    3788    1002    1001
CTRIA3      5406       1     545    3787     544
CTRIA3      5407       1     544    3328     545
CTRIA3      5408       1    3325     410     409
CTRIA3      5409       1    3326     410    3325
CTRIA3      5410       1    3784     548     549
CTRIA3      5411       1    3785     548    3784
CTRIA3      5412       1    3325     549     548
CTRIA3      5413       1    3326     548     547
CTRIA3      5414       1     411    3326    3327
CTRIA3      5415       1    3789    3785    3786
CTRIA3      5416       1     547    3789     546
CTRIA3      5417       1     546    3326     547
CTRIA3      5418       1     556    3341     557
CTRIA3      5419       1    3340    3343    3341
CTRIA3      5420       1     555    3340     556
CTRIA3      5421       1    3342     555    3339
CTRIA3      5422       1    2328     477     476
CTRIA3      5423       1    2991     477     478
CTRIA3      5424       1    2991    2987     477
CTRIA3      5425       1     557    2328     558
CTRIA3      5426       1    3341    2328     557
CTRIA3      5427       1    2328     559     558
CTRIA3      5428       1    2947     478     479
CTRIA3      5429       1    2991     478    2947
CTRIA3      5430       1     559    3346     560
CTRIA3      5431       1     562    3362     563
CTRIA3      5432       1    3362     474     473
CTRIA3      5433       1     474    3362     562
CTRIA3      5434       1     560    3363     561
CTRIA3      5435       1    3363     560    3346
CTRIA3      5436       1     565    3350     566
CTRIA3      5437       1    3355     571    3354
CTRIA3      5438       1    3355     572     571
CTRIA3      5439       1    3356     573     572
CTRIA3      5440       1    3759    3735     579
CTRIA3      5441       1    3361      21     578
CTRIA3      5442       1      21    3735     578
CTRIA3      5443       1    3735     966     967
CTRIA3      5444       1     967     578    3735
CTRIA3      5445       1     967      26     577
CTRIA3      5446       1     578     967     577
CTRIA3      5447       1    3738     581     582
CTRIA3      5448       1     581    3432     582
CTRIA3      5449       1    3737     580     581
CTRIA3      5450       1     580    3433     581
CTRIA3      5451       1    3433    3371    3432
CTRIA3      5452       1    3370    3372    3371
CTRIA3      5453       1    3370    3434    3470
CTRIA3      5454       1    3430     584     583
CTRIA3      5455       1    3431     584    3430
CTRIA3      5456       1     582    3430     583
CTRIA3      5457       1    3431    3376    3377
CTRIA3      5458       1    3371    3430    3432
CTRIA3      5459       1    3372    3376    3371
CTRIA3      5460       1     961    3742     960
CTRIA3      5461       1     587    3741     586
CTRIA3      5462       1     587    3429    3427
CTRIA3      5463       1     962    3741     961
CTRIA3      5464       1     586    3740     585
CTRIA3      5465       1     585    3429     586
CTRIA3      5466       1    3744     590     591
CTRIA3      5467       1    3745     594     595
CTRIA3      5468       1     597    3749     596
CTRIA3      5469       1     596    3420     597
CTRIA3      5470       1    3749     595     596
CTRIA3      5471       1    3426     596     595
CTRIA3      5472       1     599    3753     598
CTRIA3      5473       1    3753     599    3754
CTRIA3      5474       1    3423     599     598
CTRIA3      5475       1    3750     597     598
CTRIA3      5476       1     597    3422     598
CTRIA3      5477       1    3520     602     601
CTRIA3      5478       1    3408     602     603
CTRIA3      5479       1    3409    3408    3411
CTRIA3      5480       1    3409     602    3408
CTRIA3      5481       1    3522     601     600
CTRIA3      5482       1    3521     601    3522
CTRIA3      5483       1     601    3407     600
CTRIA3      5484       1    3404     601    3409
CTRIA3      5485       1    3523    3478    3519
CTRIA3      5486       1    3523    3479    3478
CTRIA3      5487       1     606    3478      27
CTRIA3      5488       1      27    3424     606
CTRIA3      5489       1     832    3754      27
CTRIA3      5490       1     832    3733     831
CTRIA3      5491       1     605    3519     606
CTRIA3      5492       1     606    3425     605
CTRIA3      5493       1    2336    3518    3519
CTRIA3      5494       1     605    3408     604
CTRIA3      5495       1     605    3411    3408
CTRIA3      5496       1    4055     608     609
CTRIA3      5497       1     608    3403     609
CTRIA3      5498       1     611    4069     610
CTRIA3      5499       1     610    3400     611
CTRIA3      5500       1    4072     612    4073
CTRIA3      5501       1    4072     611     612
CTRIA3      5502       1     611    3399     612
CTRIA3      5503       1    4071    4069    4070
CTRIA3      5504       1    4087    4069    4071
CTRIA3      5505       1    4076    4072    4073
CTRIA3      5506       1    4076    4071    4072
CTRIA3      5507       1    3399     613     612
CTRIA3      5508       1    3394     613    3399
CTRIA3      5509       1    4075     613     614
CTRIA3      5510       1    4073     613    4075
CTRIA3      5511       1     615    4075     614
CTRIA3      5512       1     614    3457     615
CTRIA3      5513       1    4075    4076    4073
CTRIA3      5514       1    4077    4074    4075
CTRIA3      5515       1     616    4077     615
CTRIA3      5516       1     615    3458     616
CTRIA3      5517       1    4082     616     617
CTRIA3      5518       1     616    3387     617
CTRIA3      5519       1    4077    4079    4081
CTRIA3      5520       1    4077    4078    4079
CTRIA3      5521       1    3984     618     619
CTRIA3      5522       1    3987     618    3984
CTRIA3      5523       1     620    3984     619
CTRIA3      5524       1    3459     620     619
CTRIA3      5525       1    3984    3986    3987
CTRIA3      5526       1    3983    3985    3984
CTRIA3      5527       1     621    3983     620
CTRIA3      5528       1     620    3460     621
CTRIA3      5529       1     622    3980     621
CTRIA3      5530       1     621    3461     622
CTRIA3      5531       1    3980    3982    3983
CTRIA3      5532       1    3979    3981    3980
CTRIA3      5533       1     623    3979     622
CTRIA3      5534       1     622    3464     623
CTRIA3      5535       1     624    3976     623
CTRIA3      5536       1     623    3465     624
CTRIA3      5537       1    3979    3977    3978
CTRIA3      5538       1    3975    3976     624
CTRIA3      5539       1     624    3468     625
CTRIA3      5540       1     625    3469     626
CTRIA3      5541       1     625    3975     624
CTRIA3      5542       1    3974    4145    3975
CTRIA3      5543       1    4149     626    3973
CTRIA3      5544       1     626    3974     625
CTRIA3      5545       1     984    3770     985
CTRIA3      5546       1    3770     984    3769
CTRIA3      5547       1     637    3769     636
CTRIA3      5548       1     983    3769     984
CTRIA3      5549       1    3769     635     636
CTRIA3      5550       1    3772     635    3769
CTRIA3      5551       1    3771    3767    3768
CTRIA3      5552       1     639    3771     638
CTRIA3      5553       1    3770    3768     986
CTRIA3      5554       1     638    3770     637
CTRIA3      5555       1     641    3766     640
CTRIA3      5556       1     640     512     641
CTRIA3      5557       1     640    3767     639
CTRIA3      5558       1    3767     640    3766
CTRIA3      5559       1    3616     712    3615
CTRIA3      5560       1    3616     713     712
CTRIA3      5561       1    2498    3551     649
CTRIA3      5562       1    3550    2498    3552
CTRIA3      5563       1    2498     711     712
CTRIA3      5564       1     826    3615    3614
CTRIA3      5565       1    3615     826     827
CTRIA3      5566       1    3614     710     709
CTRIA3      5567       1    3614     711     710
CTRIA3      5568       1     710     648     709
CTRIA3      5569       1     710     649     648
CTRIA3      5570       1    4432     654     653
CTRIA3      5571       1     652    4432     653
CTRIA3      5572       1     653    3522     652
CTRIA3      5573       1     653    3513    3522
CTRIA3      5574       1    4435    4431    4432
CTRIA3      5575       1    4435    4438    4431
CTRIA3      5576       1    4434    4432    4433
CTRIA3      5577       1    4405     657     656
CTRIA3      5578       1     657    3508     656
CTRIA3      5579       1     657    3507    3508
CTRIA3      5580       1    4404     655    4403
CTRIA3      5581       1    4404     656     655
CTRIA3      5582       1    3509     655     656
CTRIA3      5583       1    4400    4406    4405
CTRIA3      5584       1    4402    4405    4404
CTRIA3      5585       1    4403    4402    4404
CTRIA3      5586       1    4438    4402    4403
CTRIA3      5587       1    4406     658     657
CTRIA3      5588       1    4407    4409    4410
CTRIA3      5589       1    4409    4408    4406
CTRIA3      5590       1     659    4425     660
CTRIA3      5591       1    3504     659     660
CTRIA3      5592       1    4408     659     658
CTRIA3      5593       1    3506     658     659
CTRIA3      5594       1    3507     658    3506
CTRIA3      5595       1    4416    4407    4410
CTRIA3      5596       1    4416    4426    4407
CTRIA3      5597       1    4427     662     661
CTRIA3      5598       1    4424     661     660
CTRIA3      5599       1    3502     661    3531
CTRIA3      5600       1    3503     661    3502
CTRIA3      5601       1    3503     660     661
CTRIA3      5602       1    4428    4304    4427
CTRIA3      5603       1    4415    4427    4424
CTRIA3      5604       1    4416    4424    4425
CTRIA3      5605       1    3537     664     665
CTRIA3      5606       1    3537    3534     664
CTRIA3      5607       1     665    4302     666
CTRIA3      5608       1    4303    4302     665
CTRIA3      5609       1     663    4303     664
CTRIA3      5610       1    4305    4303     663
CTRIA3      5611       1    2478    3582    3581
CTRIA3      5612       1    3538     666    3581
CTRIA3      5613       1     668    4298     669
CTRIA3      5614       1    3579     668     669
CTRIA3      5615       1     668    2478    3581
CTRIA3      5616       1    4300     668     667
CTRIA3      5617       1    4301     667     666
CTRIA3      5618       1     666     667    3581
CTRIA3      5619       1     677    3731     676
CTRIA3      5620       1    3731     677    3730
CTRIA3      5621       1     675     676    3731
CTRIA3      5622       1     676    3480     677
CTRIA3      5623       1    3485     676     675
CTRIA3      5624       1    3732     947     948
CTRIA3      5625       1    3732    3731     947
CTRIA3      5626       1     675    3732     674
CTRIA3      5627       1    3524     675     674
CTRIA3      5628       1    3525     675    3524
CTRIA3      5629       1    3483    3482    3485
CTRIA3      5630       1    3484    3482    3483
CTRIA3      5631       1     944    3729     943
CTRIA3      5632       1    3729     944    3728
CTRIA3      5633       1     680    3728     679
CTRIA3      5634       1    3586     680     679
CTRIA3      5635       1     945    3728     944
CTRIA3      5636       1    3728     678     679
CTRIA3      5637       1    3728    3730     678
CTRIA3      5638       1     682    3588     683
CTRIA3      5639       1    3588     682    3497
CTRIA3      5640       1    3727     682    3724
CTRIA3      5641       1    3727     681     682
CTRIA3      5642       1    3585     681     680
CTRIA3      5643       1    3585    3497     681
CTRIA3      5644       1    3496    3498    3497
CTRIA3      5645       1    3493    3497    3585
CTRIA3      5646       1    3494    3497    3493
CTRIA3      5647       1    3721     686    3722
CTRIA3      5648       1    3721     685     686
CTRIA3      5649       1    3563     686     685
CTRIA3      5650       1    3723     685    3721
CTRIA3      5651       1     685    3725     684
CTRIA3      5652       1    3566     684    3567
CTRIA3      5653       1     684    3564     685
CTRIA3      5654       1    3565    3563    3564
CTRIA3      5655       1    3565    3562    3563
CTRIA3      5656       1    3562    3565    3571
CTRIA3      5657       1    3723     939     940
CTRIA3      5658       1    3717     690    3714
CTRIA3      5659       1    3717     689     690
CTRIA3      5660       1    3557     690     689
CTRIA3      5661       1    3558     689     688
CTRIA3      5662       1    3719     688    3717
CTRIA3      5663       1    3719     687     688
CTRIA3      5664       1     687    3719    3720
CTRIA3      5665       1    3560     688     687
CTRIA3      5666       1    3714     934    3717
CTRIA3      5667       1    3559    3557    3558
CTRIA3      5668       1    3559    3556    3557
CTRIA3      5669       1    3556    3559    3574
CTRIA3      5670       1    3719     936    3718
CTRIA3      5671       1    3719     935     936
CTRIA3      5672       1    3717     935    3719
CTRIA3      5673       1    3716     691     692
CTRIA3      5674       1     694    3713     693
CTRIA3      5675       1    3713     694     753
CTRIA3      5676       1    3553     693     692
CTRIA3      5677       1    3555     693    3553
CTRIA3      5678       1    3555    3554     693
CTRIA3      5679       1    3713     932    3715
CTRIA3      5680       1    3713     931     932
CTRIA3      5681       1    3715    3716    3713
CTRIA3      5682       1    3715     691    3716
CTRIA3      5683       1    3764     972    3763
CTRIA3      5684       1    3764     971     972
CTRIA3      5685       1    3763     702    3764
CTRIA3      5686       1    3763     703     702
CTRIA3      5687       1     702     696     697
CTRIA3      5688       1     703     696     702
CTRIA3      5689       1     973    3763     972
CTRIA3      5690       1    3763    3765     703
CTRIA3      5691       1    3871    2142     698
CTRIA3      5692       1    3761     700    3760
CTRIA3      5693       1    3761    2373     700
CTRIA3      5694       1    2142    2373     698
CTRIA3      5695       1    3764    3761    3762
CTRIA3      5696       1     697    3902     698
CTRIA3      5697       1     701    3764     702
CTRIA3      5698       1     698     702     697
CTRIA3      5699       1     708    3613     709
CTRIA3      5700       1    3614     825     826
CTRIA3      5701       1    3613    3614     709
CTRIA3      5702       1    3618    3613     707
CTRIA3      5703       1     824    3611      45
CTRIA3      5704       1     824    3613    3611
CTRIA3      5705       1    3923      40    1011
CTRIA3      5706       1    3923     716      40
CTRIA3      5707       1     716     734      40
CTRIA3      5708       1    3922     717     716
CTRIA3      5709       1    3605     716     717
CTRIA3      5710       1    3919    3922    3920
CTRIA3      5711       1     718    3605     717
CTRIA3      5712       1     718    3604    3605
CTRIA3      5713       1     718    3918     719
CTRIA3      5714       1     718    3919    3918
CTRIA3      5715       1    3603    3604     719
CTRIA3      5716       1    3918     720     719
CTRIA3      5717       1    3603     719     720
CTRIA3      5718       1     748    3602     747
CTRIA3      5719       1     748    3603    3602
CTRIA3      5720       1    3915     721     720
CTRIA3      5721       1    3602     720     721
CTRIA3      5722       1    3602     746     747
CTRIA3      5723       1     721    3914     722
CTRIA3      5724       1    3914     721    3913
CTRIA3      5725       1    3601     721     722
CTRIA3      5726       1    3601     745     746
CTRIA3      5727       1     722    3924     723
CTRIA3      5728       1    3600     722     723
CTRIA3      5729       1    3600     744     745
CTRIA3      5730       1     723    3925     724
CTRIA3      5731       1     723    3599    3600
CTRIA3      5732       1    3599     743     744
CTRIA3      5733       1    3598    3599     724
CTRIA3      5734       1     724    3932     725
CTRIA3      5735       1    3607     742     743
CTRIA3      5736       1    3597    3607    3598
CTRIA3      5737       1    3932    3931     725
CTRIA3      5738       1    3598     724     725
CTRIA3      5739       1    3597     725     726
CTRIA3      5740       1    3608     741     742
CTRIA3      5741       1    3596    3608    3597
CTRIA3      5742       1    3609     740     741
CTRIA3      5743       1    3595    3609    3596
CTRIA3      5744       1    3931     727     726
CTRIA3      5745       1     727    3597     726
CTRIA3      5746       1     728    3596     727
CTRIA3      5747       1    3610     739     740
CTRIA3      5748       1    3594    3610    3595
CTRIA3      5749       1    3593     739    3594
CTRIA3      5750       1    3593     738     739
CTRIA3      5751       1     729    3595     728
CTRIA3      5752       1    3593     730    3592
CTRIA3      5753       1    3593     729     730
CTRIA3      5754       1    3591     730     731
CTRIA3      5755       1     736    3590     735
CTRIA3      5756       1     736    3591    3590
CTRIA3      5757       1    3590     731     732
CTRIA3      5758       1     734     752      41
CTRIA3      5759       1    3685     734      41
CTRIA3      5760       1    3606     751     752
CTRIA3      5761       1    3632     756     757
CTRIA3      5762       1    3631     758     759
CTRIA3      5763       1    3630     757     758
CTRIA3      5764       1     761    3628     760
CTRIA3      5765       1    3655     763     764
CTRIA3      5766       1    3655    3625    3626
CTRIA3      5767       1    3626     762     763
CTRIA3      5768       1    3626    3627     762
CTRIA3      5769       1    3621     765     766
CTRIA3      5770       1    3621    3623    3656
CTRIA3      5771       1    3656     764     765
CTRIA3      5772       1    3656    3624    3655
CTRIA3      5773       1    3620     767     768
CTRIA3      5774       1    3646     776     777
CTRIA3      5775       1    3647     775     776
CTRIA3      5776       1     778    3644    3643
CTRIA3      5777       1    3643     777     778
CTRIA3      5778       1    3640     780     781
CTRIA3      5779       1    3641     779     780
CTRIA3      5780       1     783    3638     782
CTRIA3      5781       1     783    3639    3638
CTRIA3      5782       1    3638     781     782
CTRIA3      5783       1     805    3637    3636
CTRIA3      5784       1    3636     785     786
CTRIA3      5785       1    3637    3639     784
CTRIA3      5786       1    3637     784     785
CTRIA3      5787       1     794    4590     793
CTRIA3      5788       1    3650     794     793
CTRIA3      5789       1    4590    4592    4591
CTRIA3      5790       1     793    4589     792
CTRIA3      5791       1    3649     793     792
CTRIA3      5792       1    4589    4591      73
CTRIA3      5793       1    3647     797     796
CTRIA3      5794       1    3647    3648     775
CTRIA3      5795       1     795    3647     796
CTRIA3      5796       1     795    3648    3647
CTRIA3      5797       1    4597     798     799
CTRIA3      5798       1    3643     799     798
CTRIA3      5799       1     798    4596     797
CTRIA3      5800       1    3646     798     797
CTRIA3      5801       1     800    3645    2464
CTRIA3      5802       1    3644     800     799
CTRIA3      5803       1    3630     811     810
CTRIA3      5804       1    4339     928     927
CTRIA3      5805       1     928    4339    4341
CTRIA3      5806       1     928    3710     927
CTRIA3      5807       1    3630     809    3632
CTRIA3      5808       1     928     809     810
CTRIA3      5809       1     929     809     928
CTRIA3      5810       1     929     808     809
CTRIA3      5811       1     809    3630     810
CTRIA3      5812       1     813    3711     812
CTRIA3      5813       1    3628     813     812
CTRIA3      5814       1    3711     925     926
CTRIA3      5815       1     925     813     924
CTRIA3      5816       1     812    3710     811
CTRIA3      5817       1    3631     812     811
CTRIA3      5818       1     927    3711     926
CTRIA3      5819       1     815     923     814
CTRIA3      5820       1     815     922     923
CTRIA3      5821       1     923     813     814
CTRIA3      5822       1     924     813     923
CTRIA3      5823       1    3629     814     813
CTRIA3      5824       1    3623     818     817
CTRIA3      5825       1    3712     816     817
CTRIA3      5826       1    3624     817     816
CTRIA3      5827       1    3620    3622     767
CTRIA3      5828       1    3622     821     820
CTRIA3      5829       1     918     820     821
CTRIA3      5830       1     766    3622    3621
CTRIA3      5831       1     819    3622     820
CTRIA3      5832       1     819    3621    3622
CTRIA3      5833       1     919     819     820
CTRIA3      5834       1     920     819     919
CTRIA3      5835       1     920     818     819
CTRIA3      5836       1    3619     823     822
CTRIA3      5837       1    4296     917     916
CTRIA3      5838       1    4297    4580    4296
CTRIA3      5839       1    3620     822     821
CTRIA3      5840       1    4580     918     917
CTRIA3      5841       1    4556     918    4580
CTRIA3      5842       1     821     917     918
CTRIA3      5843       1    3617     828     829
CTRIA3      5844       1     949    3732     948
CTRIA3      5845       1    3734     673     674
CTRIA3      5846       1    3733     830     831
CTRIA3      5847       1     950    3733    3734
CTRIA3      5848       1     950     830    3733
CTRIA3      5849       1    3674     836    3673
CTRIA3      5850       1    3674     835     836
CTRIA3      5851       1     834    3685     833
CTRIA3      5852       1     834    3675    3685
CTRIA3      5853       1     838    3671     837
CTRIA3      5854       1     841    3670     840
CTRIA3      5855       1     846    3668     845
CTRIA3      5856       1     846    3666    3668
CTRIA3      5857       1    3668     844     845
CTRIA3      5858       1    3661    3665     848
CTRIA3      5859       1    3661     870    3665
CTRIA3      5860       1    3941     869     870
CTRIA3      5861       1     869    3941    3943
CTRIA3      5862       1    3665     847     848
CTRIA3      5863       1    3667     868    3666
CTRIA3      5864       1    3667     869     868
CTRIA3      5865       1    3663     852    3664
CTRIA3      5866       1    3663     851     852
CTRIA3      5867       1    3659    3662    3663
CTRIA3      5868       1     872    3662    3659
CTRIA3      5869       1    3660     850    3662
CTRIA3      5870       1    3660     849     850
CTRIA3      5871       1     872    3659     873
CTRIA3      5872       1     857    3674    3676
CTRIA3      5873       1    3674     857     856
CTRIA3      5874       1    3675    3674     856
CTRIA3      5875       1    3685    3675     734
CTRIA3      5876       1     859    3671    3678
CTRIA3      5877       1     859    3672    3671
CTRIA3      5878       1    3954     858     859
CTRIA3      5879       1    3677     859     858
CTRIA3      5880       1    3673    3677    3676
CTRIA3      5881       1    3958     858    3957
CTRIA3      5882       1    3958     857     858
CTRIA3      5883       1    3676     858     857
CTRIA3      5884       1    3951     860     861
CTRIA3      5885       1    3679     861     860
CTRIA3      5886       1     860    3953     859
CTRIA3      5887       1    3678     860     859
CTRIA3      5888       1     843    3682     842
CTRIA3      5889       1     843    3683    3682
CTRIA3      5890       1    3947     863     864
CTRIA3      5891       1     863    3947    3952
CTRIA3      5892       1    3682     864     863
CTRIA3      5893       1    3682     841     842
CTRIA3      5894       1     863    3681    3682
CTRIA3      5895       1    3681     863     862
CTRIA3      5896       1    3945     866     867
CTRIA3      5897       1     866    3945    3946
CTRIA3      5898       1    3668     867     866
CTRIA3      5899       1     866    3669    3668
CTRIA3      5900       1    3669     866     865
CTRIA3      5901       1     865    3947     864
CTRIA3      5902       1     865    3948    3947
CTRIA3      5903       1     871    3936    3935
CTRIA3      5904       1    3934     871     872
CTRIA3      5905       1     871    3935     870
CTRIA3      5906       1    3661     871     870
CTRIA3      5907       1    3933    3939    1013
CTRIA3      5908       1    3939    3933    3940
CTRIA3      5909       1    3664     875    3658
CTRIA3      5910       1    3939    3934     873
CTRIA3      5911       1    3939    3937    3934
CTRIA3      5912       1    3686     876     875
CTRIA3      5913       1     875    3939     874
CTRIA3      5914       1    3658     875     874
CTRIA3      5915       1     874    3659    3658
CTRIA3      5916       1    3690     879     878
CTRIA3      5917       1     910    3689     911
CTRIA3      5918       1    3841     881    3840
CTRIA3      5919       1    3841     880     881
CTRIA3      5920       1     881    3689    3691
CTRIA3      5921       1     909    3691     910
CTRIA3      5922       1     882    3840     881
CTRIA3      5923       1     882    3691    3692
CTRIA3      5924       1     908    3692     909
CTRIA3      5925       1     882    3850    3851
CTRIA3      5926       1     882    3693     883
CTRIA3      5927       1     907    3693     908
CTRIA3      5928       1     884    3850     883
CTRIA3      5929       1     883    3694     884
CTRIA3      5930       1    3854     885    3855
CTRIA3      5931       1     886    3855     885
CTRIA3      5932       1    3891    3855    3890
CTRIA3      5933       1    3891    3854    3855
CTRIA3      5934       1    3856    3890    3855
CTRIA3      5935       1     887    3856     886
CTRIA3      5936       1     888    3857     887
CTRIA3      5937       1    3699     888     887
CTRIA3      5938       1    3856    3859    3888
CTRIA3      5939       1    3857    3858    3859
CTRIA3      5940       1    3859    3884    3886
CTRIA3      5941       1     889    3860     888
CTRIA3      5942       1    3698     889     888
CTRIA3      5943       1     890    3861     889
CTRIA3      5944       1    3700     890     889
CTRIA3      5945       1    3861    3858    3860
CTRIA3      5946       1    3863    3884    3858
CTRIA3      5947       1    3864    3863    3861
CTRIA3      5948       1    3862    3882    3863
CTRIA3      5949       1     891    3864     890
CTRIA3      5950       1    3701     891     890
CTRIA3      5951       1     892    3865     891
CTRIA3      5952       1     891    3704     892
CTRIA3      5953       1    3865    3862    3864
CTRIA3      5954       1    3867    3868    3873
CTRIA3      5955       1    3867    3865    3868
CTRIA3      5956       1     893    3868     892
CTRIA3      5957       1    3706     892    3704
CTRIA3      5958       1    3706     893     892
CTRIA3      5959       1    3868    3870    3873
CTRIA3      5960       1    3869     894     895
CTRIA3      5961       1    3870     894    3869
CTRIA3      5962       1     894    3707     895
CTRIA3      5963       1    3706     898     893
CTRIA3      5964       1    3706     899     898
CTRIA3      5965       1    3707     898     897
CTRIA3      5966       1    3707     894     898
CTRIA3      5967       1    3702     900    3705
CTRIA3      5968       1    3705     899    3704
CTRIA3      5969       1    3698    3703    3700
CTRIA3      5970       1    3700    3702    3701
CTRIA3      5971       1    3697     902    3703
CTRIA3      5972       1    3703     901    3702
CTRIA3      5973       1    3696     886     905
CTRIA3      5974       1    3696    3699     886
CTRIA3      5975       1    3699    3697    3698
CTRIA3      5976       1    3696     905     904
CTRIA3      5977       1     904     903    3697
CTRIA3      5978       1    3695     907     906
CTRIA3      5979       1    3694     885     884
CTRIA3      5980       1    3695     885    3694
CTRIA3      5981       1     906     905    3695
CTRIA3      5982       1    3695     886     885
CTRIA3      5983       1    3688    3690    3687
CTRIA3      5984       1    3690    3688     913
CTRIA3      5985       1     879    3839     878
CTRIA3      5986       1    3689     912     911
CTRIA3      5987       1    3690     912    3689
CTRIA3      5988       1     880    3843     879
CTRIA3      5989       1    3689     879    3690
CTRIA3      5990       1    3839    3842    3838
CTRIA3      5991       1    4553     921     920
CTRIA3      5992       1    4551     921    4553
CTRIA3      5993       1    4551    4549    4550
CTRIA3      5994       1    4551    4568    4549
CTRIA3      5995       1    4551    4574    4568
CTRIA3      5996       1     921    4546     922
CTRIA3      5997       1    3712     921     922
CTRIA3      5998       1    4549    4547    4550
CTRIA3      5999       1     922    4545     923
CTRIA3      6000       1    4547    4545    4546
CTRIA3      6001       1    4548    4544    4547
CTRIA3      6002       1     924    4336    4337
CTRIA3      6003       1    4545    4336     924
CTRIA3      6004       1    3714     933     934
CTRIA3      6005       1    3720     938    3721
CTRIA3      6006       1    3720     937     938
CTRIA3      6007       1    3721     938     939
CTRIA3      6008       1     684    3726     683
CTRIA3      6009       1    3726     684    3725
CTRIA3      6010       1    3726    3724     683
CTRIA3      6011       1    3724     942    3727
CTRIA3      6012       1     941    3723     940
CTRIA3      6013       1     941    3725    3723
CTRIA3      6014       1    3726     941     942
CTRIA3      6015       1    3730     946    3731
CTRIA3      6016       1    3730     945     946
CTRIA3      6017       1     953    3751     952
CTRIA3      6018       1    3749    3751    3748
CTRIA3      6019       1    3453    3420     596
CTRIA3      6020       1     954    3748     953
CTRIA3      6021       1    3749    3747     595
CTRIA3      6022       1    3745     955    3746
CTRIA3      6023       1    3745    3747     955
CTRIA3      6024       1     956    3746     955
CTRIA3      6025       1     957    3755     956
CTRIA3      6026       1     958    3756     957
CTRIA3      6027       1     963    3740     962
CTRIA3      6028       1    3740     584     585
CTRIA3      6029       1    3739     584    3740
CTRIA3      6030       1    3739    3738     583
CTRIA3      6031       1    2495    3737    3738
CTRIA3      6032       1    3737    3736    3759
CTRIA3      6033       1    2495    3738     964
CTRIA3      6034       1     965     966    3736
CTRIA3      6035       1     969    3760     968
CTRIA3      6036       1    3760     969    3761
CTRIA3      6037       1     970    3761     969
CTRIA3      6038       1     977    3776     978
CTRIA3      6039       1     976    3777     977
CTRIA3      6040       1    3775     980     979
CTRIA3      6041       1    3774     980    3775
CTRIA3      6042       1     978    3775     979
CTRIA3      6043       1     982    3772     983
CTRIA3      6044       1    3772    3773     634
CTRIA3      6045       1     981    3807     982
CTRIA3      6046       1    3774    3807     981
CTRIA3      6047       1     987    3767     988
CTRIA3      6048       1     986    3768     987
CTRIA3      6049       1     994    3796     995
CTRIA3      6050       1     996    3794     997
CTRIA3      6051       1     995    3795     996
CTRIA3      6052       1     998    3791     999
CTRIA3      6053       1    3792    3791     998
CTRIA3      6054       1    3792     997    3794
CTRIA3      6055       1    3792     998     997
CTRIA3      6056       1    1002    3786    1003
CTRIA3      6057       1    1004    3784    1005
CTRIA3      6058       1    1003    3785    1004
CTRIA3      6059       1    3783    1006    3782
CTRIA3      6060       1    1005    3782    1006
CTRIA3      6061       1    3933    1013    1012
CTRIA3      6062       1    3967    1013    3970
CTRIA3      6063       1    1015     789    3971
CTRIA3      6064       1    4442    1019    1020
CTRIA3      6065       1    4058    1019    4066
CTRIA3      6066       1    4058    1020    1019
CTRIA3      6067       1    1021    4442    1020
CTRIA3      6068       1    1021    4441    4442
CTRIA3      6069       1    4441    1022    1023
CTRIA3      6070       1    4062    1023    1022
CTRIA3      6071       1    4063    4064    4062
CTRIA3      6072       1    4444    1023    1024
CTRIA3      6073       1    4064    1024    1023
CTRIA3      6074       1    4039    4064    4041
CTRIA3      6075       1    1024    4033    1025
CTRIA3      6076       1    1024    4034    4033
CTRIA3      6077       1    4037    4039    4040
CTRIA3      6078       1    4037    4034    4039
CTRIA3      6079       1    4033    1026    1025
CTRIA3      6080       1    4038    4033    4035
CTRIA3      6081       1    4038    1026    4033
CTRIA3      6082       1    4037    4038    4035
CTRIA3      6083       1    4447    4453    4478
CTRIA3      6084       1    4447    4448    4449
CTRIA3      6085       1    4450    4453    4449
CTRIA3      6086       1    4450    4452    4453
CTRIA3      6087       1    4450    1029    4451
CTRIA3      6088       1    1029    4448    1028
CTRIA3      6089       1    4515    4452    4451
CTRIA3      6090       1    4513    1029    1030
CTRIA3      6091       1    4032    1030    1029
CTRIA3      6092       1    4515    4512    4514
CTRIA3      6093       1    4512    4515    4513
CTRIA3      6094       1    1031    4513    1030
CTRIA3      6095       1    1031    4512    4513
CTRIA3      6096       1    1030    4024    1031
CTRIA3      6097       1    1033    4510    1032
CTRIA3      6098       1    4031    1033    1032
CTRIA3      6099       1    4510    4511    4509
CTRIA3      6100       1    4030    1034    1033
CTRIA3      6101       1    4511    1033    1034
CTRIA3      6102       1       2    4294    1035
CTRIA3      6103       1    4607       2    1035
CTRIA3      6104       1    1039    1041    1040
CTRIA3      6105       1    1039    1281    1041
CTRIA3      6106       1    1279    1039    1277
CTRIA3      6107       1    1278    1280    1279
CTRIA3      6108       1    1278    1055    1280
CTRIA3      6109       1    1276    1279    1277
CTRIA3      6110       1    1278    1283    1055
CTRIA3      6111       1    1282    1278    1276
CTRIA3      6112       1    1274    1276    1275
CTRIA3      6113       1    1272    1283    1282
CTRIA3      6114       1    1274    1273    1282
CTRIA3      6115       1    1337    1336    1272
CTRIA3      6116       1    1271    1272    1273
CTRIA3      6117       1    1285    1273    1284
CTRIA3      6118       1    1273    1270    1271
CTRIA3      6119       1    1271    1265    1337
CTRIA3      6120       1    1269    1271    1270
CTRIA3      6121       1    1266    1265    1269
CTRIA3      6122       1    1265    1267    1268
CTRIA3      6123       1    1267    1289    1291
CTRIA3      6124       1    1289    1287    1288
CTRIA3      6125       1    1289    1290    1291
CTRIA3      6126       1    1292    1290    1289
CTRIA3      6127       1    1330    1289    1288
CTRIA3      6128       1    1292    1295    1294
CTRIA3      6129       1    1329    1295    1292
CTRIA3      6130       1    1328    1330    1331
CTRIA3      6131       1    1328    1329    1330
CTRIA3      6132       1    1296    1295    1329
CTRIA3      6133       1    1327     112     113
CTRIA3      6134       1    1324    1296    1327
CTRIA3      6135       1    1324    1325    1296
CTRIA3      6136       1    1326    1327     113
CTRIA3      6137       1    1323    1324    1332
CTRIA3      6138       1    1075    1079    1080
CTRIA3      6139       1    1079    1075    1076
CTRIA3      6140       1    1076    1048    1079
CTRIA3      6141       1    1047    1049    1048
CTRIA3      6142       1    1079    1066    1080
CTRIA3      6143       1    1051    1066    1079
CTRIA3      6144       1    1050    1048    1049
CTRIA3      6145       1    1050    1051    1048
CTRIA3      6146       1    1052    1066    1051
CTRIA3      6147       1    1050    1053    1051
CTRIA3      6148       1    1055    1053    1050
CTRIA3      6149       1    1056    1052    1053
CTRIA3      6150       1    1056    1058    1052
CTRIA3      6151       1    1054    1053    1055
CTRIA3      6152       1    1056    1057    1058
CTRIA3      6153       1    1351    1056    1054
CTRIA3      6154       1    1263    1057    1351
CTRIA3      6155       1    1263    1262    1256
CTRIA3      6156       1    1261    1264    1337
CTRIA3      6157       1    1262    1257    1256
CTRIA3      6158       1    1259    1262    1261
CTRIA3      6159       1    1268    1261    1265
CTRIA3      6160       1    1257    1258    1260
CTRIA3      6161       1    1268    1335    1259
CTRIA3      6162       1    1309    1260    1258
CTRIA3      6163       1    1308    1258    1335
CTRIA3      6164       1    1290    1335    1291
CTRIA3      6165       1    1335    1294    1308
CTRIA3      6166       1    1308    1306    1309
CTRIA3      6167       1    1307    1306    1308
CTRIA3      6168       1    1293    1308    1294
CTRIA3      6169       1    1300    1305    1307
CTRIA3      6170       1    1300    1303    1305
CTRIA3      6171       1    1301    1303    1299
CTRIA3      6172       1    1069    1082    1070
CTRIA3      6173       1    1072    1068    1070
CTRIA3      6174       1    1080    1068    1072
CTRIA3      6175       1    1067    1069    1068
CTRIA3      6176       1    1067    1101    1069
CTRIA3      6177       1    1064    1068    1080
CTRIA3      6178       1    1065    1064    1066
CTRIA3      6179       1    1065    1063    1064
CTRIA3      6180       1    1061    1065    1058
CTRIA3      6181       1    1060    1062    1061
CTRIA3      6182       1    1059    1061    1058
CTRIA3      6183       1    1060    1251    1107
CTRIA3      6184       1    1249    1060    1059
CTRIA3      6185       1    1338    1059    1057
CTRIA3      6186       1    1250    1251    1249
CTRIA3      6187       1    1338    1254    1249
CTRIA3      6188       1    1244    1248    1250
CTRIA3      6189       1    1253    1250    1254
CTRIA3      6190       1    1255    1254    1256
CTRIA3      6191       1    1253    1242    1244
CTRIA3      6192       1    1253    1241    1242
CTRIA3      6193       1    1240    1253    1255
CTRIA3      6194       1    1238    1241    1240
CTRIA3      6195       1    1241    1239    1237
CTRIA3      6196       1    1239    1310    1236
CTRIA3      6197       1    1306    1311    1309
CTRIA3      6198       1    1311    1304    1310
CTRIA3      6199       1    1310    1312    1236
CTRIA3      6200       1    1313    1312    1310
CTRIA3      6201       1    1313    1310    1304
CTRIA3      6202       1    1303    1304    1305
CTRIA3      6203       1    1315    1314    1313
CTRIA3      6204       1    1315    1316    1314
CTRIA3      6205       1    1315    1302    1319
CTRIA3      6206       1    1315    1303    1302
CTRIA3      6207       1    1316    1317    1334
CTRIA3      6208       1    1319    1318    1317
CTRIA3      6209       1    1318    1333    1320
CTRIA3      6210       1    1318    1302    1333
CTRIA3      6211       1    1102    1081    1082
CTRIA3      6212       1    1103    1102    1101
CTRIA3      6213       1    1099    1102    1103
CTRIA3      6214       1    1349    1097    1103
CTRIA3      6215       1    1104    1103    1101
CTRIA3      6216       1    1349    1095    1096
CTRIA3      6217       1    1347    1095    1349
CTRIA3      6218       1    1347    1349    1104
CTRIA3      6219       1    1106    1104    1105
CTRIA3      6220       1    1113    1347    1110
CTRIA3      6221       1    1106    1108    1347
CTRIA3      6222       1    1109    1113    1110
CTRIA3      6223       1    1111    1110    1108
CTRIA3      6224       1    1252    1108    1107
CTRIA3      6225       1    1248    1252    1251
CTRIA3      6226       1    1247    1244    1246
CTRIA3      6227       1    1247    1248    1244
CTRIA3      6228       1    1242    1246    1244
CTRIA3      6229       1    1246    1243    1245
CTRIA3      6230       1    1339    1129    1245
CTRIA3      6231       1    1339    1341    1129
CTRIA3      6232       1    1235    1245    1243
CTRIA3      6233       1    1237    1243    1241
CTRIA3      6234       1    1339    1340    1341
CTRIA3      6235       1    1234    1340    1339
CTRIA3      6236       1    1235    1236    1234
CTRIA3      6237       1    1236    1235    1237
CTRIA3      6238       1    1232    1340    1233
CTRIA3      6239       1    1312    1233    1236
CTRIA3      6240       1    1312    1231    1233
CTRIA3      6241       1    1228    1232    1231
CTRIA3      6242       1    1228    1140    1232
CTRIA3      6243       1    1230    1231    1314
CTRIA3      6244       1    1228    1229    1140
CTRIA3      6245       1    1227    1229    1228
CTRIA3      6246       1    1083    1350    1084
CTRIA3      6247       1    1099    1350    1083
CTRIA3      6248       1    1099    1083    1081
CTRIA3      6249       1    1097    1100    1099
CTRIA3      6250       1    1100    1097    1098
CTRIA3      6251       1    1096    1098    1097
CTRIA3      6252       1    1112    1114    1113
CTRIA3      6253       1    1112    1125    1115
CTRIA3      6254       1    1127    1125    1112
CTRIA3      6255       1    1124    1123    1125
CTRIA3      6256       1    1126    1125    1127
CTRIA3      6257       1    1124    1122    1121
CTRIA3      6258       1    1343    1122    1124
CTRIA3      6259       1    1343    1124    1126
CTRIA3      6260       1    1130    1126    1128
CTRIA3      6261       1    1209    1133    1208
CTRIA3      6262       1    1130    1131    1343
CTRIA3      6263       1    1341    1131    1130
CTRIA3      6264       1    1132    1208    1133
CTRIA3      6265       1    1134    1133    1131
CTRIA3      6266       1    1135    1131    1341
CTRIA3      6267       1    1132    1136    1211
CTRIA3      6268       1    1136    1132    1134
CTRIA3      6269       1    1136    1134    1135
CTRIA3      6270       1    1138    1342    1140
CTRIA3      6271       1    1136    1342    1138
CTRIA3      6272       1    1137    1141    1143
CTRIA3      6273       1    1138    1139    1141
CTRIA3      6274       1    1140    1229    1139
CTRIA3      6275       1    1350    1085    1084
CTRIA3      6276       1    1350    1087    1085
CTRIA3      6277       1    1089    1086    1087
CTRIA3      6278       1    1088    1087    1100
CTRIA3      6279       1    1089    1091    1197
CTRIA3      6280       1    1090    1091    1089
CTRIA3      6281       1    1090    1092    1091
CTRIA3      6282       1    1096    1088    1098
CTRIA3      6283       1    1096    1090    1088
CTRIA3      6284       1    1093    1092    1090
CTRIA3      6285       1    1094    1095    1348
CTRIA3      6286       1    1094    1096    1095
CTRIA3      6287       1    1344    1345    1093
CTRIA3      6288       1    1116    1093    1094
CTRIA3      6289       1    1114    1094    1348
CTRIA3      6290       1    1116    1117    1344
CTRIA3      6291       1    1115    1117    1116
CTRIA3      6292       1    1115    1116    1114
CTRIA3      6293       1    1170    1198    1164
CTRIA3      6294       1    1199    1119    1198
CTRIA3      6295       1    1118    1120    1119
CTRIA3      6296       1    1200    1164    1198
CTRIA3      6297       1    1200    1198    1119
CTRIA3      6298       1    1121    1119    1120
CTRIA3      6299       1    1210    1207    1208
CTRIA3      6300       1    1213    1211    1224
CTRIA3      6301       1    1212    1211    1213
CTRIA3      6302       1    1212    1210    1211
CTRIA3      6303       1    1216    1213    1224
CTRIA3      6304       1    1214    1217    1221
CTRIA3      6305       1    1216    1218    1217
CTRIA3      6306       1    1184    1181    1185
CTRIA3      6307       1    1184    1183    1182
CTRIA3      6308       1    1195    1196    1183
CTRIA3      6309       1    1182    1180    1181
CTRIA3      6310       1    1179    1182    1183
CTRIA3      6311       1    1197    1183    1196
CTRIA3      6312       1    1178    1180    1179
CTRIA3      6313       1    1178    1189    1180
CTRIA3      6314       1    1178    1194    1189
CTRIA3      6315       1    1197    1178    1179
CTRIA3      6316       1    1091    1178    1197
CTRIA3      6317       1    1091    1177    1178
CTRIA3      6318       1    1176    1193    1194
CTRIA3      6319       1    1174    1176    1177
CTRIA3      6320       1    1173    1177    1092
CTRIA3      6321       1    1175    1171    1193
CTRIA3      6322       1    1172    1175    1174
CTRIA3      6323       1    1172    1174    1173
CTRIA3      6324       1    1172    1169    1171
CTRIA3      6325       1    1168    1169    1172
CTRIA3      6326       1    1170    1169    1168
CTRIA3      6327       1    1201    1163    1200
CTRIA3      6328       1    1163    1202    1203
CTRIA3      6329       1    1121    1201    1200
CTRIA3      6330       1    1122    1201    1121
CTRIA3      6331       1    1122    1206    1201
CTRIA3      6332       1    1204    1203    1202
CTRIA3      6333       1    1205    1202    1206
CTRIA3      6334       1    1207    1206    1209
CTRIA3      6335       1    1225    1155    1157
CTRIA3      6336       1    1156    1153    1155
CTRIA3      6337       1    1154    1153    1156
CTRIA3      6338       1    1154    1150    1152
CTRIA3      6339       1    1223    1149    1154
CTRIA3      6340       1      73    1150    1148
CTRIA3      6341       1    1148    1222    1221
CTRIA3      6342       1    1145      91      92
CTRIA3      6343       1     142    1391     141
CTRIA3      6344       1    1760     218    1762
CTRIA3      6345       1    1760     219     218
CTRIA3      6346       1     221    1758    1757
CTRIA3      6347       1    1758     221     220
CTRIA3      6348       1     220    1759    1758
CTRIA3      6349       1    1759     155     154
CTRIA3      6350       1    1760     155    1759
CTRIA3      6351       1    1378     155    1382
CTRIA3      6352       1    1378     154     155
CTRIA3      6353       1    1229      84      85
CTRIA3      6354       1    1386    1369    1366
CTRIA3      6355       1    1366    1369      84
CTRIA3      6356       1    1369    1386    1385
CTRIA3      6357       1     147    1752    1751
CTRIA3      6358       1    1752     147     146
CTRIA3      6359       1     146    1749    1752
CTRIA3      6360       1    1791    1794     182
CTRIA3      6361       1    2223    2221     331
CTRIA3      6362       1    1794    1792    1793
CTRIA3      6363       1     332    2229     333
CTRIA3      6364       1     332    2221    2229
CTRIA3      6365       1    1792    1789    1801
CTRIA3      6366       1    1792    1791    1789
CTRIA3      6367       1     191    1777    1778
CTRIA3      6368       1    1537    1529     191
CTRIA3      6369       1    1778    1776    1780
CTRIA3      6370       1    1775    1776    1777
CTRIA3      6371       1    1775    1773    1776
CTRIA3      6372       1    1771    1773    1774
CTRIA3      6373       1    1770    1772    1771
CTRIA3      6374       1    1775     192     193
CTRIA3      6375       1    1529     193     192
CTRIA3      6376       1    1530     193    1529
CTRIA3      6377       1    1895    1897    1809
CTRIA3      6378       1    1897    1893    1896
CTRIA3      6379       1    1939    1809    1897
CTRIA3      6380       1    1898    1897    1896
CTRIA3      6381       1    1899    1896    1900
CTRIA3      6382       1    1939    1811    1810
CTRIA3      6383       1    1901    1811    1939
CTRIA3      6384       1    1901    1938    1811
CTRIA3      6385       1    1898    1902    1901
CTRIA3      6386       1    1902    1898    1899
CTRIA3      6387       1    1904    1938    1903
CTRIA3      6388       1    1935    1903    1902
CTRIA3      6389       1    1935    1905    1903
CTRIA3      6390       1    1934    1937    1904
CTRIA3      6391       1    1907    1904    1905
CTRIA3      6392       1    1906    1905    1936
CTRIA3      6393       1    1907    1908    1934
CTRIA3      6394       1    1908    1907    1916
CTRIA3      6395       1    1909    1908    1916
CTRIA3      6396       1    1911    1910    1909
CTRIA3      6397       1    1829    1831    1827
CTRIA3      6398       1    1827    2210    2163
CTRIA3      6399       1    1838    2163    2210
CTRIA3      6400       1    1838    2164    2163
CTRIA3      6401       1    2164    2161    2162
CTRIA3      6402       1    1840    2164    1839
CTRIA3      6403       1    2165    2158    2161
CTRIA3      6404       1    2156    2165    1840
CTRIA3      6405       1    1842    1840    1841
CTRIA3      6406       1    2154     215    2157
CTRIA3      6407       1    2157    2156    2154
CTRIA3      6408       1    2158    2156    2157
CTRIA3      6409       1    1843    2156    1842
CTRIA3      6410       1    1843    2155    2156
CTRIA3      6411       1    2154    2159       8
CTRIA3      6412       1    2152    2154    2155
CTRIA3      6413       1    2151    2155    2168
CTRIA3      6414       1    1891    1900    1893
CTRIA3      6415       1    1940    1891    1890
CTRIA3      6416       1    1900    1882    1899
CTRIA3      6417       1    1936    1918    1906
CTRIA3      6418       1    1906    1915    1916
CTRIA3      6419       1    1915    1906    1918
CTRIA3      6420       1    1916    1913    1909
CTRIA3      6421       1    1915    1913    1916
CTRIA3      6422       1    1914    1913    1915
CTRIA3      6423       1    1909    1912    1911
CTRIA3      6424       1    1933    1913    1926
CTRIA3      6425       1    1912    1828    1911
CTRIA3      6426       1    1912    1829    1828
CTRIA3      6427       1    1832    1829    1912
CTRIA3      6428       1    1834    1933    1925
CTRIA3      6429       1    1834    1832    1933
CTRIA3      6430       1    1829    1830    1831
CTRIA3      6431       1    1834    1835    1832
CTRIA3      6432       1    1833    1835    1834
CTRIA3      6433       1    1837    1830    1835
CTRIA3      6434       1    1836    1835    1833
CTRIA3      6435       1    1837    1838    2210
CTRIA3      6436       1    1837    1839    1838
CTRIA3      6437       1    1847    1837    1836
CTRIA3      6438       1    1848    1846    1847
CTRIA3      6439       1    1845    1844    1846
CTRIA3      6440       1    2140    1846    2137
CTRIA3      6441       1    1845    1843    1842
CTRIA3      6442       1    2167    1843    1845
CTRIA3      6443       1    2167    1845    2140
CTRIA3      6444       1    2141    2140    2139
CTRIA3      6445       1    2146    2168    2167
CTRIA3      6446       1    2168    2146    2166
CTRIA3      6447       1    2144    2141    2143
CTRIA3      6448       1    2167    2141    2144
CTRIA3      6449       1    1890    1884    1940
CTRIA3      6450       1    4374    3687    2559
CTRIA3      6451       1    1884    1883    1940
CTRIA3      6452       1    1882    1881    1902
CTRIA3      6453       1    1877    1883    2207
CTRIA3      6454       1    1877    1881    1883
CTRIA3      6455       1    1881    1935    1902
CTRIA3      6456       1    1880    1935    1881
CTRIA3      6457       1    1879    1881    1878
CTRIA3      6458       1    1919    1936    1880
CTRIA3      6459       1    1919    1918    1936
CTRIA3      6460       1    1876    1919    1879
CTRIA3      6461       1    1921    1919    1876
CTRIA3      6462       1    1918    1917    1915
CTRIA3      6463       1    1921    1922    1920
CTRIA3      6464       1    1932    1922    1921
CTRIA3      6465       1    1914    1924    1926
CTRIA3      6466       1    1924    1917    1922
CTRIA3      6467       1    1923    1922    1932
CTRIA3      6468       1    1924    1925    1926
CTRIA3      6469       1    1929    1925    1924
CTRIA3      6470       1    1929    1928    1927
CTRIA3      6471       1    1930    1928    1929
CTRIA3      6472       1    1853    1927    1928
CTRIA3      6473       1    1853    1833    1927
CTRIA3      6474       1    1852    1928    1854
CTRIA3      6475       1    1853    1851    1833
CTRIA3      6476       1    1849    1853    1852
CTRIA3      6477       1    1859    1852    1855
CTRIA3      6478       1    1850    1851    1849
CTRIA3      6479       1    1859    2136    1849
CTRIA3      6480       1    2135    1850    2136
CTRIA3      6481       1    2132    2136    2133
CTRIA3      6482       1    2136    2134    2135
CTRIA3      6483       1    2135    2139    2137
CTRIA3      6484       1    2138    2135    2134
CTRIA3      6485       1    2111    2112    2110
CTRIA3      6486       1    2111    2113    2112
CTRIA3      6487       1    2109    2108    2143
CTRIA3      6488       1    2108    2112    2107
CTRIA3      6489       1    1885    1888    1887
CTRIA3      6490       1    1885    1884    1888
CTRIA3      6491       1    1943    1983    1885
CTRIA3      6492       1    1983    1943    1944
CTRIA3      6493       1    1983    1984    1886
CTRIA3      6494       1    1877    1875    1878
CTRIA3      6495       1    1875    2207    1984
CTRIA3      6496       1    2208    1984    1982
CTRIA3      6497       1    1875    1876    1878
CTRIA3      6498       1    1874    1876    1875
CTRIA3      6499       1    1874    1872    1873
CTRIA3      6500       1    2205    1872    1874
CTRIA3      6501       1    1871    1873    1872
CTRIA3      6502       1    1871    1932    1873
CTRIA3      6503       1    1868    1872    1870
CTRIA3      6504       1    1872    1869    1871
CTRIA3      6505       1    1871    1931    1932
CTRIA3      6506       1    2209    1871    1869
CTRIA3      6507       1    1865    1869    1867
CTRIA3      6508       1    1862    1931    2209
CTRIA3      6509       1    1865    1863    2209
CTRIA3      6510       1    1861    1862    1863
CTRIA3      6511       1    1864    1861    1863
CTRIA3      6512       1    2011    1861    1864
CTRIA3      6513       1    1861    1855    1854
CTRIA3      6514       1    1860    1861    2011
CTRIA3      6515       1    1856    1855    1858
CTRIA3      6516       1    1856    1859    1855
CTRIA3      6517       1    2119    2132    2133
CTRIA3      6518       1    2115    2132    2119
CTRIA3      6519       1    2119    2117    2115
CTRIA3      6520       1    2119    2118    2117
CTRIA3      6521       1    2115    2113    2116
CTRIA3      6522       1    2114    2113    2115
CTRIA3      6523       1    2123    2117    2120
CTRIA3      6524       1    2123    2114    2117
CTRIA3      6525       1    2113    2105    2112
CTRIA3      6526       1    2123    2106    2114
CTRIA3      6527       1    2105    2104    2107
CTRIA3      6528       1    2104    2100    2103
CTRIA3      6529       1    2106    2100    2104
CTRIA3      6530       1    1980    1977    1979
CTRIA3      6531       1    1980    1949    1977
CTRIA3      6532       1    1978    1981    1979
CTRIA3      6533       1    1977    1978    1979
CTRIA3      6534       1    1978    1986    1982
CTRIA3      6535       1    1987    1978    1988
CTRIA3      6536       1    1985    2205    1986
CTRIA3      6537       1    1995    2205    1985
CTRIA3      6538       1    1992    1987    1989
CTRIA3      6539       1    1992    1995    1987
CTRIA3      6540       1    2205    1996    1870
CTRIA3      6541       1    1992    1994    1995
CTRIA3      6542       1    1868    1866    1867
CTRIA3      6543       1    1866    1996    1994
CTRIA3      6544       1    2004    1994    1993
CTRIA3      6545       1    1994    2005    1866
CTRIA3      6546       1    1866    1865    1867
CTRIA3      6547       1    2006    1866    2005
CTRIA3      6548       1    1865    2009    1864
CTRIA3      6549       1    1865    2006    2009
CTRIA3      6550       1    2010    2009    2008
CTRIA3      6551       1    2010    2011    2009
CTRIA3      6552       1    2007    2010    2008
CTRIA3      6553       1    2028    2010    2007
CTRIA3      6554       1    2010    2017    2011
CTRIA3      6555       1    2012    2010    2028
CTRIA3      6556       1    2014    2017    2013
CTRIA3      6557       1    2017    2015    2016
CTRIA3      6558       1    2012    2021    2014
CTRIA3      6559       1    2021    2012    2023
CTRIA3      6560       1    2118    2016    2015
CTRIA3      6561       1    2018    2015    2019
CTRIA3      6562       1    2021    2018    2019
CTRIA3      6563       1    2018    2120    2118
CTRIA3      6564       1    2127    2018    2020
CTRIA3      6565       1    2124    2018    2127
CTRIA3      6566       1    2122    2123    2120
CTRIA3      6567       1    2121    2123    2122
CTRIA3      6568       1    2123    2101    2169
CTRIA3      6569       1    1975    1949    1951
CTRIA3      6570       1    1976    1949    1975
CTRIA3      6571       1    1954    1972    1975
CTRIA3      6572       1    1972    1954    1955
CTRIA3      6573       1    1973    1976    1974
CTRIA3      6574       1    1972    1973    1974
CTRIA3      6575       1    1973    1989    1988
CTRIA3      6576       1    1970    1973    1971
CTRIA3      6577       1    2204    1973    1970
CTRIA3      6578       1    1991    1992    1989
CTRIA3      6579       1    1990    1992    1991
CTRIA3      6580       1    1990    1998    1997
CTRIA3      6581       1    2046    1998    1990
CTRIA3      6582       1    1997    2000    2004
CTRIA3      6583       1    2000    1997    1998
CTRIA3      6584       1    1999    2000    1998
CTRIA3      6585       1    2037    2000    1999
CTRIA3      6586       1    2000    2002    2003
CTRIA3      6587       1    2032    2000    2037
CTRIA3      6588       1    2031    2002    2001
CTRIA3      6589       1    2029    2002    2031
CTRIA3      6590       1    2034    2031    2032
CTRIA3      6591       1    2033    2031    2034
CTRIA3      6592       1    2029    2027    2028
CTRIA3      6593       1    2033    2027    2030
CTRIA3      6594       1    2027    2023    2028
CTRIA3      6595       1    2024    2027    2026
CTRIA3      6596       1    2025    2027    2024
CTRIA3      6597       1    2022    2021    2023
CTRIA3      6598       1    2203    2021    2022
CTRIA3      6599       1    2021    2128    2020
CTRIA3      6600       1    2130    2127    2128
CTRIA3      6601       1    2129    2127    2130
CTRIA3      6602       1    2084    2130    2198
CTRIA3      6603       1    2084    2129    2130
CTRIA3      6604       1    2129    2125    2126
CTRIA3      6605       1    2131    2129    2087
CTRIA3      6606       1    2095    2125    2131
CTRIA3      6607       1    2096    2125    2095
CTRIA3      6608       1    2088    2095    2131
CTRIA3      6609       1    2091    2095    2088
CTRIA3      6610       1    2093    2096    2094
CTRIA3      6611       1    2093    2098    2096
CTRIA3      6612       1    2091    2093    2094
CTRIA3      6613       1    2206    1964    1968
CTRIA3      6614       1    1964    1967    1968
CTRIA3      6615       1    1967    1970    1969
CTRIA3      6616       1    2045    1970    1967
CTRIA3      6617       1    1966    2045    1967
CTRIA3      6618       1    2049    2045    1966
CTRIA3      6619       1    2045    2046    2047
CTRIA3      6620       1    2043    2045    2049
CTRIA3      6621       1    2046    2042    1999
CTRIA3      6622       1    2046    2041    2042
CTRIA3      6623       1    2048    2041    2043
CTRIA3      6624       1    2039    2041    2048
CTRIA3      6625       1    2042    2036    2037
CTRIA3      6626       1    2039    2036    2040
CTRIA3      6627       1    2036    2034    2037
CTRIA3      6628       1    2199    2036    2038
CTRIA3      6629       1    2071    2036    2199
CTRIA3      6630       1    2035    2033    2034
CTRIA3      6631       1    2072    2033    2035
CTRIA3      6632       1    2072    2073    2026
CTRIA3      6633       1    2069    2073    2072
CTRIA3      6634       1    2073    2024    2026
CTRIA3      6635       1    2076    2024    2073
CTRIA3      6636       1    2075    2076    2073
CTRIA3      6637       1    2074    2076    2075
CTRIA3      6638       1    2076    2078    2079
CTRIA3      6639       1    2077    2076    2074
CTRIA3      6640       1    2080    2078    2077
CTRIA3      6641       1    2085    2078    2080
CTRIA3      6642       1    2082    2080    2077
CTRIA3      6643       1    2081    2080    2082
CTRIA3      6644       1    2084    2086    2087
CTRIA3      6645       1    2085    2086    2084
CTRIA3      6646       1    2081    2086    2083
CTRIA3      6647       1    2086    2088    2087
CTRIA3      6648       1    2178    2086    2181
CTRIA3      6649       1    2179    2086    2178
CTRIA3      6650       1    2089    2088    2090
CTRIA3      6651       1    2089    2091    2088
CTRIA3      6652       1    1962    1964    1965
CTRIA3      6653       1    2054    1962    2057
CTRIA3      6654       1    1964    2050    1966
CTRIA3      6655       1    1964    2053    2050
CTRIA3      6656       1    2053    2055    2052
CTRIA3      6657       1    2055    2054    2056
CTRIA3      6658       1    2050    2051    2049
CTRIA3      6659       1    2055    2051    2052
CTRIA3      6660       1    2051    2048    2049
CTRIA3      6661       1    2061    2051    2060
CTRIA3      6662       1    2062    2051    2061
CTRIA3      6663       1    2202    2039    2048
CTRIA3      6664       1    2201    2039    2202
CTRIA3      6665       1    2039    2200    2038
CTRIA3      6666       1    2200    2066    2199
CTRIA3      6667       1    2066    2200    2067
CTRIA3      6668       1    2066    2065    2193
CTRIA3      6669       1    2066    2069    2070
CTRIA3      6670       1    2191    2066    2193
CTRIA3      6671       1    2069    2190    2075
CTRIA3      6672       1    2069    2189    2190
CTRIA3      6673       1    2187    2191    2192
CTRIA3      6674       1    2187    2189    2191
CTRIA3      6675       1    2190    2186    2074
CTRIA3      6676       1    2186    2187     292
CTRIA3      6677       1    2186    2082    2074
CTRIA3      6678       1    2186    2184    2185
CTRIA3      6679       1    2185    2081    2082
CTRIA3      6680       1    2183    2081    2185
CTRIA3      6681       1    2180    2081    2183
CTRIA3      6682       1    2173    2179    2177
CTRIA3      6683       1    2173    2089    2179
CTRIA3      6684       1    2174    2171    2092
CTRIA3      6685       1    2171    2173    2172
CTRIA3      6686       1    2217     248     247
CTRIA3      6687       1    2584    2588    2587
CTRIA3      6688       1    2675    2584    2583
CTRIA3      6689       1    2919    2584    2675
CTRIA3      6690       1    2588    2919    2589
CTRIA3      6691       1    2671    2592    2918
CTRIA3      6692       1    2670    2669    2671
CTRIA3      6693       1    2669    2591    2592
CTRIA3      6694       1    2668    2667    2669
CTRIA3      6695       1    2596    2667    2664
CTRIA3      6696       1    2667    2596    2591
CTRIA3      6697       1    2665    2667    2666
CTRIA3      6698       1    2595    2662    2917
CTRIA3      6699       1    2664    2662    2595
CTRIA3      6700       1    2663    2662    2664
CTRIA3      6701       1    2662    2600    2917
CTRIA3      6702       1    2660    2661    2662
CTRIA3      6703       1    2661    2599    2600
CTRIA3      6704       1    2659    2910    2661
CTRIA3      6705       1    2599    2915    2605
CTRIA3      6706       1    2599    2911    2915
CTRIA3      6707       1    2652    2609    2606
CTRIA3      6708       1    2648    2651    2652
CTRIA3      6709       1    2651    2608    2609
CTRIA3      6710       1    2650    2653    2651
CTRIA3      6711       1    2610     296     295
CTRIA3      6712       1    2611     296    2610
CTRIA3      6713       1    2608    2611    2610
CTRIA3      6714       1     297    2620     298
CTRIA3      6715       1     297    2619    2620
CTRIA3      6716       1    2619    2617    2618
CTRIA3      6717       1     299    2616     300
CTRIA3      6718       1    2620    2616     299
CTRIA3      6719       1    2617    2616    2618
CTRIA3      6720       1    2616    2612     300
CTRIA3      6721       1    2613    2615    2614
CTRIA3      6722       1    2673    2675    2580
CTRIA3      6723       1    2680    2673    2580
CTRIA3      6724       1    2673    2670    2674
CTRIA3      6725       1    2677    2672    2673
CTRIA3      6726       1    2672    2668    2670
CTRIA3      6727       1    2676    2909    2672
CTRIA3      6728       1    2668    2908    2666
CTRIA3      6729       1    2909    2908    2668
CTRIA3      6730       1    2701    2909    2702
CTRIA3      6731       1    2665    2706    2663
CTRIA3      6732       1    2908    2706    2665
CTRIA3      6733       1    2703    2706    2704
CTRIA3      6734       1    2706    2660    2663
CTRIA3      6735       1    2705    2708    2706
CTRIA3      6736       1    2708    2659    2660
CTRIA3      6737       1    2707    2657    2708
CTRIA3      6738       1    2659    2655    2658
CTRIA3      6739       1    2659    2656    2655
CTRIA3      6740       1    2655    2649    2658
CTRIA3      6741       1    2655    2646    2649
CTRIA3      6742       1    2645    2646    2656
CTRIA3      6743       1    2646    2648    2649
CTRIA3      6744       1    2644    2647    2646
CTRIA3      6745       1    2622    2608    2653
CTRIA3      6746       1    2621    2608    2622
CTRIA3      6747       1    2622    2625    2623
CTRIA3      6748       1    2621    2626    2617
CTRIA3      6749       1    2625    2626    2623
CTRIA3      6750       1    2626    2615    2617
CTRIA3      6751       1    2624    2748    2626
CTRIA3      6752       1    2748    2614    2615
CTRIA3      6753       1    2746    2745    2750
CTRIA3      6754       1    2746    2748    2745
CTRIA3      6755       1    2679    2677    2680
CTRIA3      6756       1    2576    2678    2679
CTRIA3      6757       1    2678    2676    2677
CTRIA3      6758       1    2682    2683    2678
CTRIA3      6759       1    2683    2702    2676
CTRIA3      6760       1    2683    2700    2702
CTRIA3      6761       1    2696    2683    2681
CTRIA3      6762       1    2701    2699    2703
CTRIA3      6763       1    2700    2699    2701
CTRIA3      6764       1    2697    2699    2700
CTRIA3      6765       1    2699    2705    2703
CTRIA3      6766       1    2698    2713    2699
CTRIA3      6767       1    2713    2707    2705
CTRIA3      6768       1    2712    2710    2713
CTRIA3      6769       1    2707    2709    2907
CTRIA3      6770       1    2710    2709    2707
CTRIA3      6771       1    2906    2710    2711
CTRIA3      6772       1    2647    2650    2648
CTRIA3      6773       1    2643    2654    2647
CTRIA3      6774       1    2650    2630    2627
CTRIA3      6775       1    2630    2631    2629
CTRIA3      6776       1    2627    2628    2625
CTRIA3      6777       1    2631    2628    2629
CTRIA3      6778       1    2628    2624    2625
CTRIA3      6779       1    2634    2904    2628
CTRIA3      6780       1    2904    2745    2624
CTRIA3      6781       1    2742    2744    2904
CTRIA3      6782       1    2745    2743    2750
CTRIA3      6783       1    2575    2682    2576
CTRIA3      6784       1    2574    2685    2575
CTRIA3      6785       1    2685    2681    2682
CTRIA3      6786       1    2687    2684    2685
CTRIA3      6787       1    2681    2695    2696
CTRIA3      6788       1    2696    2694    2697
CTRIA3      6789       1    2695    2691    2694
CTRIA3      6790       1    2694    2698    2697
CTRIA3      6791       1    2691    2693    2694
CTRIA3      6792       1    2693    2712    2698
CTRIA3      6793       1    2692    2714    2693
CTRIA3      6794       1    2714    2711    2712
CTRIA3      6795       1    2718    2714    2715
CTRIA3      6796       1    2719    2906    2716
CTRIA3      6797       1    2716    2717    2719
CTRIA3      6798       1    2718    2717    2716
CTRIA3      6799       1    2719    2721    2722
CTRIA3      6800       1    2717    2720    2719
CTRIA3      6801       1    2912    2644    2645
CTRIA3      6802       1    2721    2642    2912
CTRIA3      6803       1    2642    2643    2644
CTRIA3      6804       1    2905    2641    2642
CTRIA3      6805       1    2643    2638    2914
CTRIA3      6806       1    2643    2637    2638
CTRIA3      6807       1    2639    2641    2640
CTRIA3      6808       1    2638    2631    2914
CTRIA3      6809       1    2638    2633    2631
CTRIA3      6810       1    2636    2633    2637
CTRIA3      6811       1    2633    2634    2631
CTRIA3      6812       1    2635    2632    2633
CTRIA3      6813       1    2632    2742    2634
CTRIA3      6814       1    2737    2740    2632
CTRIA3      6815       1    2739    2785    2787
CTRIA3      6816       1    2903    2787    2786
CTRIA3      6817       1    2903    2741    2787
CTRIA3      6818       1    2786    2785    2784
CTRIA3      6819       1    2573    2687    2574
CTRIA3      6820       1    2572    2689    2573
CTRIA3      6821       1    2687    2688    2686
CTRIA3      6822       1    2864    2689    2867
CTRIA3      6823       1    2686    2690    2691
CTRIA3      6824       1    2865    2690    2688
CTRIA3      6825       1    2690    2692    2691
CTRIA3      6826       1    2870    2873    2690
CTRIA3      6827       1    2873    2715    2692
CTRIA3      6828       1    2869    2872    2873
CTRIA3      6829       1    2715    2899    2718
CTRIA3      6830       1    2808    2872    2871
CTRIA3      6831       1    2720    2905    2721
CTRIA3      6832       1    2724    2725    2720
CTRIA3      6833       1    2725    2640    2905
CTRIA3      6834       1    2727    2723    2726
CTRIA3      6835       1    2727    2725    2723
CTRIA3      6836       1    2640    2728    2639
CTRIA3      6837       1    2639    2730    2636
CTRIA3      6838       1    2729    2727    2726
CTRIA3      6839       1    2730    2727    2729
CTRIA3      6840       1    2730    2635    2636
CTRIA3      6841       1    2729    2732    2730
CTRIA3      6842       1    2732    2737    2635
CTRIA3      6843       1    2731    2734    2732
CTRIA3      6844       1    2734    2736    2737
CTRIA3      6845       1    2780    2733    2779
CTRIA3      6846       1    2780    2734    2733
CTRIA3      6847       1    2738    2783    2785
CTRIA3      6848       1    2780    2783    2735
CTRIA3      6849       1    2780    2778    2783
CTRIA3      6850       1    2784    2783    2782
CTRIA3      6851       1    2782    2778    2781
CTRIA3      6852       1    2571    2867    2572
CTRIA3      6853       1    2879    2571    2570
CTRIA3      6854       1    2867    2863    2864
CTRIA3      6855       1    2864    2862    2865
CTRIA3      6856       1    2879    2863    2866
CTRIA3      6857       1    2858    2862    2863
CTRIA3      6858       1    2862    2870    2865
CTRIA3      6859       1    2860    2862    2859
CTRIA3      6860       1    2861    2869    2870
CTRIA3      6861       1    2875    2861    2860
CTRIA3      6862       1    2868    2871    2869
CTRIA3      6863       1    2874    2868    2875
CTRIA3      6864       1    2871    2807    2808
CTRIA3      6865       1    2874    2807    2876
CTRIA3      6866       1    2806    2717    2718
CTRIA3      6867       1    2805    2804    2806
CTRIA3      6868       1    2804    2724    2717
CTRIA3      6869       1    2803    2802    2804
CTRIA3      6870       1    2802    2723    2724
CTRIA3      6871       1    2801    2800    2802
CTRIA3      6872       1    2723    2798    2726
CTRIA3      6873       1    2797    2800    2799
CTRIA3      6874       1    2798    2795    2796
CTRIA3      6875       1    2796    2729    2726
CTRIA3      6876       1    2795    2794    2796
CTRIA3      6877       1    2794    2731    2729
CTRIA3      6878       1    2793    2792    2794
CTRIA3      6879       1    2792    2733    2731
CTRIA3      6880       1    2791    2790    2792
CTRIA3      6881       1    2733    2775    2779
CTRIA3      6882       1    2774    2790    2789
CTRIA3      6883       1    2776    2778    2779
CTRIA3      6884       1    2773    2777    2776
CTRIA3      6885       1    2781    2777    2788
CTRIA3      6886       1    2788    2772    2900
CTRIA3      6887       1    2880    2570    2569
CTRIA3      6888       1    2882    2569    2568
CTRIA3      6889       1    2880    2858    2879
CTRIA3      6890       1    2857    2859    2858
CTRIA3      6891       1    2855    2882    2881
CTRIA3      6892       1    2882    2857    2880
CTRIA3      6893       1    2859    2856    2860
CTRIA3      6894       1    2855    2856    2857
CTRIA3      6895       1    2855    2854    2856
CTRIA3      6896       1    2860    2878    2875
CTRIA3      6897       1    2853    2856    2854
CTRIA3      6898       1    2809    2803    2805
CTRIA3      6899       1    2809    2810    2812
CTRIA3      6900       1    2812    2801    2803
CTRIA3      6901       1    2823    2812    2810
CTRIA3      6902       1    2898    2799    2801
CTRIA3      6903       1    2822    2898    2823
CTRIA3      6904       1    2826    2797    2799
CTRIA3      6905       1    2825    2795    2797
CTRIA3      6906       1    2822    2825    2826
CTRIA3      6907       1    2824    2827    2825
CTRIA3      6908       1    2795    2829    2793
CTRIA3      6909       1    2828    2827    2824
CTRIA3      6910       1    2793    2831    2791
CTRIA3      6911       1    2830    2829    2828
CTRIA3      6912       1    2791    2833    2789
CTRIA3      6913       1    2832    2831    2830
CTRIA3      6914       1    2833    2774    2789
CTRIA3      6915       1    2832    2769    2833
CTRIA3      6916       1    2773    2771    2772
CTRIA3      6917       1    2770    2767    2771
CTRIA3      6918       1    2772    2901    2900
CTRIA3      6919       1    2771    2902    2901
CTRIA3      6920       1    2884    2568    2567
CTRIA3      6921       1    2886    2567    2566
CTRIA3      6922       1    2882    2883    2881
CTRIA3      6923       1    2885    2884    2886
CTRIA3      6924       1    2888    2854    2881
CTRIA3      6925       1    2887    2885     407
CTRIA3      6926       1    2888    2885    2887
CTRIA3      6927       1    2854    2851    2853
CTRIA3      6928       1    2851     408     409
CTRIA3      6929       1    2851    2887     408
CTRIA3      6930       1    2875    2877    2874
CTRIA3      6931       1    2889    2878    2853
CTRIA3      6932       1    2877    2813    2874
CTRIA3      6933       1    2816    2889    2815
CTRIA3      6934       1    2816    2877    2889
CTRIA3      6935       1    2811    2818    2810
CTRIA3      6936       1    2818    2815    2817
CTRIA3      6937       1    2818    2816    2815
CTRIA3      6938       1    2810    2820    2823
CTRIA3      6939       1    2819    2818    2817
CTRIA3      6940       1    2823    2821    2822
CTRIA3      6941       1    2844    2820    2819
CTRIA3      6942       1    2821    2824    2822
CTRIA3      6943       1    2821    2840    2824
CTRIA3      6944       1    2841    2821    2844
CTRIA3      6945       1    2840    2828    2824
CTRIA3      6946       1    2840    2838    2828
CTRIA3      6947       1    2840    2841    2839
CTRIA3      6948       1    2838    2839    2837
CTRIA3      6949       1    2828    2835    2830
CTRIA3      6950       1    2836    2838    2837
CTRIA3      6951       1    2830    2834    2832
CTRIA3      6952       1    2896    2835    2836
CTRIA3      6953       1    2832    2766    2768
CTRIA3      6954       1    2834    2766    2832
CTRIA3      6955       1    2895    2834    2896
CTRIA3      6956       1    2766    2767    2768
CTRIA3      6957       1    2767    2765    2764
CTRIA3      6958       1    2894    2764    2765
CTRIA3      6959       1    2767    2763    2902
CTRIA3      6960       1    2764    2761    2763
CTRIA3      6961       1    2937    3014    2939
CTRIA3      6962       1    2937    3017    3014
CTRIA3      6963       1    2939    2938    2937
CTRIA3      6964       1    2933    2932    2937
CTRIA3      6965       1    2934    2937    2936
CTRIA3      6966       1    2935    2937    2934
CTRIA3      6967       1    2981    2992    2993
CTRIA3      6968       1    2990    2992    2981
CTRIA3      6969       1    2979    2973    2974
CTRIA3      6970       1    2993    2973    2979
CTRIA3      6971       1    2993    2972    2973
CTRIA3      6972       1    2971    2993    2992
CTRIA3      6973       1    2940     468     469
CTRIA3      6974       1    2940    3009     468
CTRIA3      6975       1    2942     469     470
CTRIA3      6976       1    2940     469    2942
CTRIA3      6977       1     469    3350     470
CTRIA3      6978       1    2938    2941    2940
CTRIA3      6979       1    2944    3025    2943
CTRIA3      6980       1    3025    2944    3001
CTRIA3      6981       1    3025    2940    2943
CTRIA3      6982       1    3684     475    2985
CTRIA3      6983       1    3684     474     475
CTRIA3      6984       1    2987     475     476
CTRIA3      6985       1    2985     475    2987
CTRIA3      6986       1    3346     475    3363
CTRIA3      6987       1    2982    2988    2985
CTRIA3      6988       1    2984    2982    2986
CTRIA3      6989       1    2982    2984    2990
CTRIA3      6990       1    2982    2985    2986
CTRIA3      6991       1    3073    3081    3087
CTRIA3      6992       1    3071    3085    3073
CTRIA3      6993       1    3085    3080    3081
CTRIA3      6994       1    3070    3084    3085
CTRIA3      6995       1    3080    3057    3086
CTRIA3      6996       1    3057    3058    3056
CTRIA3      6997       1    3053    3056    3055
CTRIA3      6998       1    3058    3055    3056
CTRIA3      6999       1    3055    3052    3053
CTRIA3      7000       1    3061    3303    3055
CTRIA3      7001       1    3303    3145    3052
CTRIA3      7002       1    3142    3302    3141
CTRIA3      7003       1    3142    3303    3302
CTRIA3      7004       1    3149    3299    3146
CTRIA3      7005       1    3301    3045    3047
CTRIA3      7006       1    3149    3045    3300
CTRIA3      7007       1    3045    3046    3047
CTRIA3      7008       1    3298    3044    3045
CTRIA3      7009       1    3044    3313    3046
CTRIA3      7010       1    3040    3044    3042
CTRIA3      7011       1    3041    3044    3040
CTRIA3      7012       1    3313    3033    3034
CTRIA3      7013       1    3033    3036    3035
CTRIA3      7014       1    3041    3036    3033
CTRIA3      7015       1    3069    3070    3071
CTRIA3      7016       1    3092    3068    3069
CTRIA3      7017       1    3070    3065    3066
CTRIA3      7018       1    3065    3063    3064
CTRIA3      7019       1    3064    3058    3066
CTRIA3      7020       1    3063    3060    3064
CTRIA3      7021       1    3060    3061    3058
CTRIA3      7022       1    3062    3059    3060
CTRIA3      7023       1    3059    3302    3061
CTRIA3      7024       1    3309    3305    3059
CTRIA3      7025       1    3309    3129    3305
CTRIA3      7026       1    3302    3304    3141
CTRIA3      7027       1    3143    3140    3148
CTRIA3      7028       1    3142    3140    3143
CTRIA3      7029       1    3148    3149    3146
CTRIA3      7030       1    3140    3147    3148
CTRIA3      7031       1    3147    3298    3149
CTRIA3      7032       1    3151    3152    3147
CTRIA3      7033       1    3152    3042    3298
CTRIA3      7034       1    3153    3152    3150
CTRIA3      7035       1    3154    3152    3153
CTRIA3      7036       1    3042    3155    3040
CTRIA3      7037       1    3040    3038    3039
CTRIA3      7038       1    3158    3154    3153
CTRIA3      7039       1    3038    3154    3158
CTRIA3      7040       1    3036    3038    3037
CTRIA3      7041       1    3037    3158    3172
CTRIA3      7042       1    3120    3092    3090
CTRIA3      7043       1    3121    3092    3120
CTRIA3      7044       1    3116    3090    3096
CTRIA3      7045       1    3121    3063    3067
CTRIA3      7046       1    3121    3119    3063
CTRIA3      7047       1    3117    3119    3120
CTRIA3      7048       1    3119    3062    3063
CTRIA3      7049       1    3118    3123    3119
CTRIA3      7050       1    3123    3309    3062
CTRIA3      7051       1    3122    3125    3123
CTRIA3      7052       1    3128    3129    3127
CTRIA3      7053       1    3127    3131    3128
CTRIA3      7054       1    3128    3135    3129
CTRIA3      7055       1    3131    3132    3128
CTRIA3      7056       1    3132    3134    3135
CTRIA3      7057       1    3130    3133    3132
CTRIA3      7058       1    3133    3136    3134
CTRIA3      7059       1    3207    3308    3133
CTRIA3      7060       1    3137    3150    3151
CTRIA3      7061       1    3137    3160    3159
CTRIA3      7062       1    3136    3160    3137
CTRIA3      7063       1    3150    3159    3153
CTRIA3      7064       1    3161    3160    3162
CTRIA3      7065       1    3161    3159    3160
CTRIA3      7066       1    3157    3158    3153
CTRIA3      7067       1    3161    3156    3157
CTRIA3      7068       1    3172    3156    3171
CTRIA3      7069       1    3171    3165    3170
CTRIA3      7070       1    3116    3115    3117
CTRIA3      7071       1    3112    3310    3099
CTRIA3      7072       1    3115    3310    3112
CTRIA3      7073       1    3115    3118    3117
CTRIA3      7074       1    3112    3114    3115
CTRIA3      7075       1    3114    3122    3118
CTRIA3      7076       1    3113    3278    3114
CTRIA3      7077       1    3278    3124    3122
CTRIA3      7078       1    3215    3278    3277
CTRIA3      7079       1    3213    3278    3215
CTRIA3      7080       1    3126    3212    3131
CTRIA3      7081       1    3213    3211    3212
CTRIA3      7082       1    3212    3130    3131
CTRIA3      7083       1    3211    3210    3212
CTRIA3      7084       1    3210    3207    3130
CTRIA3      7085       1    3209    3206    3210
CTRIA3      7086       1    3207    3201    3200
CTRIA3      7087       1    3206    3201    3207
CTRIA3      7088       1    3198    3206    3208
CTRIA3      7089       1    3202    3201    3199
CTRIA3      7090       1    3202    3200    3201
CTRIA3      7091       1    3197    3202    3199
CTRIA3      7092       1    3202    3205    3203
CTRIA3      7093       1    3196    3204    3202
CTRIA3      7094       1    3164    3165    3161
CTRIA3      7095       1    3205    3163    3164
CTRIA3      7096       1    3163    3170    3165
CTRIA3      7097       1    3166    3167    3163
CTRIA3      7098       1    3111    3112    3099
CTRIA3      7099       1    3107    3110    3111
CTRIA3      7100       1    3110    3113    3112
CTRIA3      7101       1    3106    3109    3110
CTRIA3      7102       1    3109    3277    3113
CTRIA3      7103       1    3108    3276    3109
CTRIA3      7104       1    3277    3214    3215
CTRIA3      7105       1    3221    3276    3275
CTRIA3      7106       1    3216    3211    3215
CTRIA3      7107       1    3218    3219    3216
CTRIA3      7108       1    3219    3209    3211
CTRIA3      7109       1    3217    3263    3219
CTRIA3      7110       1    3263    3208    3209
CTRIA3      7111       1    3261    3262    3263
CTRIA3      7112       1    3208    3193    3198
CTRIA3      7113       1    3198    3194    3197
CTRIA3      7114       1    3192    3262    3260
CTRIA3      7115       1    3193    3191    3194
CTRIA3      7116       1    3194    3196    3197
CTRIA3      7117       1    3191    3195    3194
CTRIA3      7118       1    3195    3279    3196
CTRIA3      7119       1    3190    3281    3195
CTRIA3      7120       1    3281    3282    3279
CTRIA3      7121       1    3294    3280    3281
CTRIA3      7122       1    3284    3282    3280
CTRIA3      7123       1    3285    3284    3280
CTRIA3      7124       1    3104    3106    3107
CTRIA3      7125       1    3274    3104    3103
CTRIA3      7126       1    3106    3234    3108
CTRIA3      7127       1    3232    3105    3274
CTRIA3      7128       1    3108    3233    3275
CTRIA3      7129       1    3231    3234    3232
CTRIA3      7130       1    3233    3221    3275
CTRIA3      7131       1    3231    3220    3233
CTRIA3      7132       1    3218    3224    3217
CTRIA3      7133       1    3222    3223    3224
CTRIA3      7134       1    3217    3259    3261
CTRIA3      7135       1    3257    3224    3223
CTRIA3      7136       1    3261    3258    3260
CTRIA3      7137       1    3256    3259    3257
CTRIA3      7138       1    3258    3192    3260
CTRIA3      7139       1    3269    3191    3192
CTRIA3      7140       1    3256    3269    3258
CTRIA3      7141       1    3253    3189    3269
CTRIA3      7142       1    3191    3188    3190
CTRIA3      7143       1    3186    3189    3253
CTRIA3      7144       1    3190    3187    3294
CTRIA3      7145       1    3185    3188    3186
CTRIA3      7146       1    3294    3291    3285
CTRIA3      7147       1    3184    3187    3185
CTRIA3      7148       1    3291    3283    3285
CTRIA3      7149       1    3184    3290    3291
CTRIA3      7150       1    3237    3103    3240
CTRIA3      7151       1    3239    3237    3240
CTRIA3      7152       1    3238    3237    3239
CTRIA3      7153       1    3274    3230    3232
CTRIA3      7154       1    3235    3237    3236
CTRIA3      7155       1    3232    3229    3231
CTRIA3      7156       1    3228    3230    3235
CTRIA3      7157       1    3229    3225    3231
CTRIA3      7158       1    3229    3226    3225
CTRIA3      7159       1    3227    3229    3228
CTRIA3      7160       1    3226    3223    3225
CTRIA3      7161       1    3226    3271    3223
CTRIA3      7162       1    3271    3272    3270
CTRIA3      7163       1    3223    3252    3257
CTRIA3      7164       1    3250    3271    3270
CTRIA3      7165       1    3257    3251    3256
CTRIA3      7166       1    3249    3252    3250
CTRIA3      7167       1    3256    3254    3253
CTRIA3      7168       1    3251    3254    3256
CTRIA3      7169       1    3248    3251    3249
CTRIA3      7170       1    3254    3186    3253
CTRIA3      7171       1    3254    3266    3186
CTRIA3      7172       1    3255    3248    3264
CTRIA3      7173       1    3266    3264    3265
CTRIA3      7174       1    3186    3183    3185
CTRIA3      7175       1    3268    3266    3265
CTRIA3      7176       1    3185    3182    3184
CTRIA3      7177       1    3180    3183    3268
CTRIA3      7178       1    3184    3181    3292
CTRIA3      7179       1    3179    3182    3180
CTRIA3      7180       1    2891    2836    2890
CTRIA3      7181       1     419    3320     420
CTRIA3      7182       1     420    2890     419
CTRIA3      7183       1    2896    2892    2895
CTRIA3      7184       1     421    2891     420
CTRIA3      7185       1     420    3319     421
CTRIA3      7186       1    2893    2761    2762
CTRIA3      7187       1    2761     423     424
CTRIA3      7188       1    3316     424     423
CTRIA3      7189       1    3333    3323     414
CTRIA3      7190       1    3329    3323    3333
CTRIA3      7191       1    3323    3330    3322
CTRIA3      7192       1     542    3793     541
CTRIA3      7193       1     479    3342     480
CTRIA3      7194       1    2949     479     480
CTRIA3      7195       1    3452    3384    3388
CTRIA3      7196       1    3385    3388    3384
CTRIA3      7197       1    3451    3383    3384
CTRIA3      7198       1    3384    3382    3385
CTRIA3      7199       1    3385    3387    3388
CTRIA3      7200       1    3382    3386    3385
CTRIA3      7201       1    3382    3459    3386
CTRIA3      7202       1    3391    3392    3445
CTRIA3      7203       1    3390    3452    3388
CTRIA3      7204       1    3389    3392    3390
CTRIA3      7205       1    3393    3458    3457
CTRIA3      7206       1    3389    3387    3458
CTRIA3      7207       1    3387    3389    3388
CTRIA3      7208       1    3395    3397    3396
CTRIA3      7209       1    3392    3396    3445
CTRIA3      7210       1    3399    3395    3394
CTRIA3      7211       1    3395    3393    3394
CTRIA3      7212       1    3398    3399    3400
CTRIA3      7213       1    3397    3399    3398
CTRIA3      7214       1    3412    3409    3411
CTRIA3      7215       1    3412    3405    3409
CTRIA3      7216       1    3412    3413    3414
CTRIA3      7217       1    3404    3403    3406
CTRIA3      7218       1    3403    3404    3405
CTRIA3      7219       1    3456    3403    3414
CTRIA3      7220       1    3456    3402    3403
CTRIA3      7221       1    3465    3466    3468
CTRIA3      7222       1    3468    3366    3469
CTRIA3      7223       1    3375    3379    3377
CTRIA3      7224       1    3372    3374    3375
CTRIA3      7225       1    3379    3462    3463
CTRIA3      7226       1    3374    3467    3462
CTRIA3      7227       1    3413    3455    3456
CTRIA3      7228       1    3455    3413    3416
CTRIA3      7229       1    3455    3450    3397
CTRIA3      7230       1    3456    3398    3401
CTRIA3      7231       1    3372    3368    3373
CTRIA3      7232       1    3367    3369    3470
CTRIA3      7233       1    3467    3368    3466
CTRIA3      7234       1    3466    3367    3366
CTRIA3      7235       1    3437    3436    3383
CTRIA3      7236       1    3383    3380    3382
CTRIA3      7237       1    3379    3378    3377
CTRIA3      7238       1    3380    3378    3379
CTRIA3      7239       1    3382    3381    3459
CTRIA3      7240       1    3463    3380    3379
CTRIA3      7241       1    3450    3396    3397
CTRIA3      7242       1    3446    3445    3396
CTRIA3      7243       1    3517    2336    3520
CTRIA3      7244       1     603    2336     604
CTRIA3      7245       1    3435    3427    3429
CTRIA3      7246       1    3431    3429     585
CTRIA3      7247       1    3437    3435    3436
CTRIA3      7248       1    3378    3431    3377
CTRIA3      7249       1    3378    3435    3431
CTRIA3      7250       1    3441    3452    3391
CTRIA3      7251       1     594    3449     595
CTRIA3      7252       1     594    3447    3449
CTRIA3      7253       1     594    3755     593
CTRIA3      7254       1    3443     594     593
CTRIA3      7255       1    3448    3446    3450
CTRIA3      7256       1    3447    3446    3448
CTRIA3      7257       1    3446    3444    3445
CTRIA3      7258       1    3417    3418    3453
CTRIA3      7259       1    3453    3449    3417
CTRIA3      7260       1    3449    3453    3426
CTRIA3      7261       1    3417    3415    3418
CTRIA3      7262       1    3417    3416    3415
CTRIA3      7263       1    3448    3417    3449
CTRIA3      7264       1    3419    3412    3410
CTRIA3      7265       1    3419    3415    3412
CTRIA3      7266       1    3758     959    3743
CTRIA3      7267       1     590    3743     589
CTRIA3      7268       1     589    3440     590
CTRIA3      7269       1     589    3428    3440
CTRIA3      7270       1     960    3743     959
CTRIA3      7271       1    3427     588     587
CTRIA3      7272       1    3428     588    3427
CTRIA3      7273       1     588    3742     587
CTRIA3      7274       1     588    3743    3742
CTRIA3      7275       1    3752    3754     831
CTRIA3      7276       1    3421    3423    3422
CTRIA3      7277       1    3425    3423    3421
CTRIA3      7278       1    3750     952    3751
CTRIA3      7279       1    3753     952    3750
CTRIA3      7280       1    3419    3420    3418
CTRIA3      7281       1    3419    3422    3420
CTRIA3      7282       1    3425    3410    3411
CTRIA3      7283       1    3484    3527    3486
CTRIA3      7284       1    3484    3512    3527
CTRIA3      7285       1    3484    3515    3512
CTRIA3      7286       1    3517    3515    3516
CTRIA3      7287       1    3513    3512    3514
CTRIA3      7288       1    3513    3511    3512
CTRIA3      7289       1    3521    3514    3517
CTRIA3      7290       1    3513    3514    3521
CTRIA3      7291       1    3495    3528    3530
CTRIA3      7292       1    3494    3528    3495
CTRIA3      7293       1    3494    3491    3528
CTRIA3      7294       1    3500    3504    3503
CTRIA3      7295       1    3501    3504    3500
CTRIA3      7296       1    3501    3505    3504
CTRIA3      7297       1    3505    3507    3506
CTRIA3      7298       1    3528    3507    3505
CTRIA3      7299       1    3491    3487    3529
CTRIA3      7300       1    3490    3487    3491
CTRIA3      7301       1    3488    3486    3487
CTRIA3      7302       1    3529    3487    3507
CTRIA3      7303       1    2511    3569    3571
CTRIA3      7304       1    3535    2511    3536
CTRIA3      7305       1    3498    3499    3533
CTRIA3      7306       1    3534    3536    3533
CTRIA3      7307       1    3500    3533    3499
CTRIA3      7308       1    3502    3533    3500
CTRIA3      7309       1    3535    3534    3537
CTRIA3      7310       1    3544    3538    3582
CTRIA3      7311       1    3544    3539    3538
CTRIA3      7312       1    3539    3544    3543
CTRIA3      7313       1    3542    3540    3541
CTRIA3      7314       1    3542    3572    3540
CTRIA3      7315       1    3572    3542    3574
CTRIA3      7316       1    3572    3535    3583
CTRIA3      7317       1    3539    3537    3570
CTRIA3      7318       1    3535    3572    3568
CTRIA3      7319       1    3539    3570    3538
CTRIA3      7320       1    3539    3583    3537
CTRIA3      7321       1    3546    3555    3577
CTRIA3      7322       1    3547    3555    3546
CTRIA3      7323       1    3547    3550    3555
CTRIA3      7324       1    3545    3542    3543
CTRIA3      7325       1    3542    3545    3546
CTRIA3      7326       1    3546    3576    3542
CTRIA3      7327       1    3548    2478    3578
CTRIA3      7328       1    3548    3545    3544
CTRIA3      7329       1    3516    3523    3518
CTRIA3      7330       1    3516    3525    3523
CTRIA3      7331       1    3516    3483    3525
CTRIA3      7332       1    3481     677    3480
CTRIA3      7333       1     677    3587     678
CTRIA3      7334       1    3587     677    3481
CTRIA3      7335       1    3489    3586    3587
CTRIA3      7336       1    3490    3586    3489
CTRIA3      7337       1    3490    3493    3586
CTRIA3      7338       1    3486    3481    3482
CTRIA3      7339       1    3486    3489    3481
CTRIA3      7340       1    3561     687     686
CTRIA3      7341       1    3562    3560    3561
CTRIA3      7342       1    3562    3559    3560
CTRIA3      7343       1    3559    3562    3568
CTRIA3      7344       1    3714     690     691
CTRIA3      7345       1    3556     691     690
CTRIA3      7346       1    3556    3553     691
CTRIA3      7347       1    3556    3577    3553
CTRIA3      7348       1     750    3605    3604
CTRIA3      7349       1    3604     749     750
CTRIA3      7350       1     648    3548    3578
CTRIA3      7351       1     648    3549    3548
CTRIA3      7352       1    3628     761    3627
CTRIA3      7353       1     759    3628    3631
CTRIA3      7354       1    2464    3641    3640
CTRIA3      7355       1      65    2464     801
CTRIA3      7356       1    4603    2464      65
CTRIA3      7357       1    3642    3645    3644
CTRIA3      7358       1    4597    4603    4604
CTRIA3      7359       1     929    4341    4340
CTRIA3      7360       1     774    3650     773
CTRIA3      7361       1    3650    3648     794
CTRIA3      7362       1     772    3649     771
CTRIA3      7363       1     772    3650    3649
CTRIA3      7364       1    4593    4596    4595
CTRIA3      7365       1    4593     795     796
CTRIA3      7366       1    4592     795    4593
CTRIA3      7367       1    4592     794     795
CTRIA3      7368       1    3680    3670    3681
CTRIA3      7369       1    3670    3679     840
CTRIA3      7370       1    3679     838     839
CTRIA3      7371       1    3955    3954    3956
CTRIA3      7372       1    3672     836     837
CTRIA3      7373       1     815    3624     816
CTRIA3      7374       1     815    3625    3624
CTRIA3      7375       1    3625    3629    3627
CTRIA3      7376       1     593    3756     592
CTRIA3      7377       1    3443    3442    3444
CTRIA3      7378       1    3756     591     592
CTRIA3      7379       1    3757    3744    3756
CTRIA3      7380       1    3440     591     590
CTRIA3      7381       1     591    3440    3442
CTRIA3      7382       1    3441    3444    3442
CTRIA3      7383       1    3444    3441    3445
CTRIA3      7384       1    3442    3439    3441
CTRIA3      7385       1     533    3315     534
CTRIA3      7386       1    3837    3830    3836
CTRIA3      7387       1    3845    3830    3837
CTRIA3      7388       1    3845    3828    3829
CTRIA3      7389       1    3830    3832    3836
CTRIA3      7390       1    3830    3831    3832
CTRIA3      7391       1    3831    3827    3826
CTRIA3      7392       1    3844    3903    3828
CTRIA3      7393       1    3828    3825    3827
CTRIA3      7394       1    3846    3895    3903
CTRIA3      7395       1    3903    3896    3825
CTRIA3      7396       1    3825    3826    3827
CTRIA3      7397       1    3896    3824    3825
CTRIA3      7398       1    3896    3823    3824
CTRIA3      7399       1    3893    3895    3848
CTRIA3      7400       1    3895    3894    3896
CTRIA3      7401       1    3893    3892    3894
CTRIA3      7402       1    3894    3823    3896
CTRIA3      7403       1    3894    3821    3822
CTRIA3      7404       1    3819    3821    3818
CTRIA3      7405       1    3816    3818    3817
CTRIA3      7406       1    3815    3817    3814
CTRIA3      7407       1    3812    3814    3813
CTRIA3      7408       1    3812    3880    3811
CTRIA3      7409       1    3811    3879    3899
CTRIA3      7410       1    3901     697     696
CTRIA3      7411       1    3889    3891    3890
CTRIA3      7412       1    3892    3891    3889
CTRIA3      7413       1    3888    3889    3890
CTRIA3      7414       1    3892    3818    3821
CTRIA3      7415       1    3817    3889    3887
CTRIA3      7416       1    3886    3887    3888
CTRIA3      7417       1    3884    3885    3886
CTRIA3      7418       1    3814    3887    3885
CTRIA3      7419       1    3813    3885    3883
CTRIA3      7420       1    3884    3881    3883
CTRIA3      7421       1    3882    3878    3881
CTRIA3      7422       1    3813    3881    3880
CTRIA3      7423       1    3880    3878    3879
CTRIA3      7424       1    3866    3878    3862
CTRIA3      7425       1    3867    3877    3866
CTRIA3      7426       1    3867    3875    3877
CTRIA3      7427       1    3877    3879    3878
CTRIA3      7428       1    3875    3876    3877
CTRIA3      7429       1    3872    3875    3873
CTRIA3      7430       1    3872    3869    3871
CTRIA3      7431       1    3874    3871    3902
CTRIA3      7432       1    3900    3874    3901
CTRIA3      7433       1    3900    3875    3874
CTRIA3      7434       1     697    3874    3902
CTRIA3      7435       1    3838    3845    3837
CTRIA3      7436       1    3844    3842    3841
CTRIA3      7437       1    3840    3849    3847
CTRIA3      7438       1    3847    3844    3841
CTRIA3      7439       1    3846    3849    3848
CTRIA3      7440       1    3851    3852    3849
CTRIA3      7441       1    3850    3854    3852
CTRIA3      7442       1    3848    3852    3893
CTRIA3      7443       1    3853    3852    3854
CTRIA3      7444       1    3908    3931    3909
CTRIA3      7445       1    3931    3908     727
CTRIA3      7446       1    3930    3908    3907
CTRIA3      7447       1    3929    3907    3906
CTRIA3      7448       1    3928    3906    3905
CTRIA3      7449       1     728    3929     729
CTRIA3      7450       1     729    3928     730
CTRIA3      7451       1    3927    3905     441
CTRIA3      7452       1    3347     441     442
CTRIA3      7453       1     730    3927     731
CTRIA3      7454       1    3926    3927    3904
CTRIA3      7455       1    3910    3925    3911
CTRIA3      7456       1    3909    3932    3910
CTRIA3      7457       1    2614    2484     428
CTRIA3      7458       1    2484    3919     428
CTRIA3      7459       1    3919    3917    3918
CTRIA3      7460       1    3916    3918    3917
CTRIA3      7461       1    3924    3914    3912
CTRIA3      7462       1    3911    3924    3912
CTRIA3      7463       1    3965     317     318
CTRIA3      7464       1     317    2093     318
CTRIA3      7465       1     319    3965     318
CTRIA3      7466       1    2093     319     318
CTRIA3      7467       1    2093    2170     319
CTRIA3      7468       1    3953    3951    3950
CTRIA3      7469       1    3965    3950     317
CTRIA3      7470       1    3954    3965    3956
CTRIA3      7471       1    3953    3965    3954
CTRIA3      7472       1    4147    4145    3974
CTRIA3      7473       1    4150    4149    3973
CTRIA3      7474       1    4147    4149    4150
CTRIA3      7475       1    4146    4144    4147
CTRIA3      7476       1    4151    4147    4150
CTRIA3      7477       1    4154    4148    4146
CTRIA3      7478       1    4152    4146    4151
CTRIA3      7479       1    4154    4160    4279
CTRIA3      7480       1    4153    4152     391
CTRIA3      7481       1    4153    4154    4152
CTRIA3      7482       1    4162    4164    4165
CTRIA3      7483       1    4159    4163    4162
CTRIA3      7484       1    4163    4237    4164
CTRIA3      7485       1    4275    4163    4158
CTRIA3      7486       1    4276    4236    4237
CTRIA3      7487       1    4273    4276    4275
CTRIA3      7488       1    4246    4236    4274
CTRIA3      7489       1    4243    4239    4246
CTRIA3      7490       1    4246    4273    4245
CTRIA3      7491       1    4243    4244    4239
CTRIA3      7492       1    4248    4243    4245
CTRIA3      7493       1    4242    4262    4244
CTRIA3      7494       1    4267    4242    4248
CTRIA3      7495       1    4261    4257    4262
CTRIA3      7496       1    4265    4261    4267
CTRIA3      7497       1    4264    4257    4260
CTRIA3      7498       1    4264    4265    4263
CTRIA3      7499       1    4143    3978    3977
CTRIA3      7500       1    4138    3978    4143
CTRIA3      7501       1    4145    4143    3977
CTRIA3      7502       1    4143    4137    4138
CTRIA3      7503       1    4142    4144    4148
CTRIA3      7504       1    4135    4136    4133
CTRIA3      7505       1    4137    4134    4135
CTRIA3      7506       1    4134    4168    4136
CTRIA3      7507       1    4281    4167    4134
CTRIA3      7508       1    4234    4235    4166
CTRIA3      7509       1    4164    4166    4165
CTRIA3      7510       1    4234    4231    4235
CTRIA3      7511       1    4233    4164    4237
CTRIA3      7512       1    4233    4229    4231
CTRIA3      7513       1    4238    4237    4236
CTRIA3      7514       1    4238    4226    4229
CTRIA3      7515       1    4240    4236    4239
CTRIA3      7516       1    4240    4238    4236
CTRIA3      7517       1    4222    4224    4241
CTRIA3      7518       1    4244    4240    4239
CTRIA3      7519       1    4222    4240    4244
CTRIA3      7520       1    4222    4219    4223
CTRIA3      7521       1    4221    4244    4262
CTRIA3      7522       1    4221    4218    4219
CTRIA3      7523       1    4259    4262    4257
CTRIA3      7524       1    4259    4269    4218
CTRIA3      7525       1    4256    4259    4257
CTRIA3      7526       1    4255    4259    4256
CTRIA3      7527       1    4140    3982    3981
CTRIA3      7528       1    4141    3982    4140
CTRIA3      7529       1    4138    4140    3978
CTRIA3      7530       1    4141    4135    4133
CTRIA3      7531       1    4135    4138    4137
CTRIA3      7532       1    4130    4129    4131
CTRIA3      7533       1    4130    4128    4129
CTRIA3      7534       1    4130    4133    4136
CTRIA3      7535       1    4130    4126    4127
CTRIA3      7536       1    4171    4136    4168
CTRIA3      7537       1    4171    4175    4126
CTRIA3      7538       1    4169    4168    4235
CTRIA3      7539       1    4169    4171    4168
CTRIA3      7540       1    4172    4175    4170
CTRIA3      7541       1    4173    4175    4172
CTRIA3      7542       1    4173    4179    4174
CTRIA3      7543       1    4173    4230    4179
CTRIA3      7544       1    4230    4231    4229
CTRIA3      7545       1    4230    4178    4179
CTRIA3      7546       1    4228    4229    4226
CTRIA3      7547       1    4228    4277    4178
CTRIA3      7548       1    4224    4228    4226
CTRIA3      7549       1    4225    4228    4224
CTRIA3      7550       1    4216    4277    4227
CTRIA3      7551       1    4217    4215    4216
CTRIA3      7552       1    4219    4225    4223
CTRIA3      7553       1    4219    4216    4225
CTRIA3      7554       1    4217    4210    4215
CTRIA3      7555       1    4220    4219    4218
CTRIA3      7556       1    4209    4220    4270
CTRIA3      7557       1    4270    4218    4269
CTRIA3      7558       1    3985    3988    3986
CTRIA3      7559       1    3982    4282    3985
CTRIA3      7560       1    3988    4129    4283
CTRIA3      7561       1    3988    4132    4129
CTRIA3      7562       1    4133    4132    4141
CTRIA3      7563       1    3991    4001    3992
CTRIA3      7564       1    4128    3991    4283
CTRIA3      7565       1    4125    3991    4128
CTRIA3      7566       1    4124    4001    4284
CTRIA3      7567       1    4121    4001    4124
CTRIA3      7568       1    4126    4125    4127
CTRIA3      7569       1    4126    4124    4125
CTRIA3      7570       1    4122    4121    4123
CTRIA3      7571       1    4119    4121    4122
CTRIA3      7572       1    4122    4126    4175
CTRIA3      7573       1    4122    4118    4119
CTRIA3      7574       1    4176    4175    4174
CTRIA3      7575       1    4176    4278    4118
CTRIA3      7576       1    4176    4177    4278
CTRIA3      7577       1    4179    4177    4174
CTRIA3      7578       1    4180    4184    4177
CTRIA3      7579       1    4180    4179    4178
CTRIA3      7580       1    4180    4182    4183
CTRIA3      7581       1    4181    4178    4277
CTRIA3      7582       1    4181    4186    4182
CTRIA3      7583       1    4214    4277    4215
CTRIA3      7584       1    4212    4186    4214
CTRIA3      7585       1    4213    4186    4212
CTRIA3      7586       1    4210    4212    4215
CTRIA3      7587       1    4203    4208    4207
CTRIA3      7588       1    4213    4208    4203
CTRIA3      7589       1    4208    4210    4209
CTRIA3      7590       1    3989    4079    3990
CTRIA3      7591       1    3989    4083    4079
CTRIA3      7592       1    3989    3986    3988
CTRIA3      7593       1    3992    3989    3991
CTRIA3      7594       1    3991    3988    4283
CTRIA3      7595       1    3999    3998    3996
CTRIA3      7596       1    3999    3997    3998
CTRIA3      7597       1    3999    3992    4001
CTRIA3      7598       1    3999    4005    4000
CTRIA3      7599       1    4001    4120    4002
CTRIA3      7600       1    4002    4004    4005
CTRIA3      7601       1    4120    4001    4121
CTRIA3      7602       1    4003    4002    4120
CTRIA3      7603       1    4006    4004    4003
CTRIA3      7604       1    4117    4119    4118
CTRIA3      7605       1    4117    4003    4119
CTRIA3      7606       1    4117    4115    4006
CTRIA3      7607       1    4116    4118    4278
CTRIA3      7608       1    4116    4114    4115
CTRIA3      7609       1    4184    4116    4278
CTRIA3      7610       1    4116    4184    4185
CTRIA3      7611       1    4182    4185    4183
CTRIA3      7612       1    4182    4189    4185
CTRIA3      7613       1    4187    4190    4188
CTRIA3      7614       1    4187    4191    4190
CTRIA3      7615       1    4187    4182    4186
CTRIA3      7616       1    4187    4195    4192
CTRIA3      7617       1    4206    4186    4205
CTRIA3      7618       1    4201    4206    4202
CTRIA3      7619       1    4206    4204    4202
CTRIA3      7620       1    4206    4203    4204
CTRIA3      7621       1    4074    4085    4076
CTRIA3      7622       1    4083    4074    4081
CTRIA3      7623       1    3995    4074    4083
CTRIA3      7624       1    3994    4085    4084
CTRIA3      7625       1    3998    4085    3994
CTRIA3      7626       1    4008    4010    4011
CTRIA3      7627       1    4008    4009    4010
CTRIA3      7628       1    4008    4005    4004
CTRIA3      7629       1    4008    4015    4012
CTRIA3      7630       1    4007    4004    4006
CTRIA3      7631       1    4007    4289    4015
CTRIA3      7632       1    4113    4007    4006
CTRIA3      7633       1    4288    4289    4113
CTRIA3      7634       1    4112    4115    4114
CTRIA3      7635       1    4113    4115    4112
CTRIA3      7636       1    4112    4110    4288
CTRIA3      7637       1    4114    4111    4112
CTRIA3      7638       1    4111    4105    4110
CTRIA3      7639       1    4191    4111    4286
CTRIA3      7640       1    4194    4111    4191
CTRIA3      7641       1    4195    4194    4192
CTRIA3      7642       1    4195    4193    4194
CTRIA3      7643       1    4198    4199    4197
CTRIA3      7644       1    4199    4195    4201
CTRIA3      7645       1    4048    4087    4086
CTRIA3      7646       1    4048    4049    4087
CTRIA3      7647       1    4076    4048    4086
CTRIA3      7648       1    4048    4050    4049
CTRIA3      7649       1    4047    4085    4088
CTRIA3      7650       1    4047    4045    4046
CTRIA3      7651       1    3997    4047    4088
CTRIA3      7652       1    4091    4047    3997
CTRIA3      7653       1    4090    4045    4089
CTRIA3      7654       1    4010    4045    4090
CTRIA3      7655       1    4015    4014    4012
CTRIA3      7656       1    4015    4013    4014
CTRIA3      7657       1    4019    4018    4016
CTRIA3      7658       1    4019    4017    4018
CTRIA3      7659       1    4019    4015    4289
CTRIA3      7660       1    4019    4023    4020
CTRIA3      7661       1    4290    4289    4288
CTRIA3      7662       1    4290    4027    4023
CTRIA3      7663       1    4109    4290    4288
CTRIA3      7664       1    4107    4027    4109
CTRIA3      7665       1    4108    4027    4107
CTRIA3      7666       1    4107    4105    4106
CTRIA3      7667       1    4107    4110    4105
CTRIA3      7668       1    4100    4108    4106
CTRIA3      7669       1    4100    4102    4108
CTRIA3      7670       1    4105    4100    4106
CTRIA3      7671       1    4098    4100    4099
CTRIA3      7672       1    4100    4200    4099
CTRIA3      7673       1    4100    4197    4200
CTRIA3      7674       1    4056     610    4069
CTRIA3      7675       1    4056     609     610
CTRIA3      7676       1    3402     610     609
CTRIA3      7677       1    4053    4055    4056
CTRIA3      7678       1    4053    4054    4055
CTRIA3      7679       1    4053    4069    4051
CTRIA3      7680       1    4053    4060    4057
CTRIA3      7681       1    4052    4049    4050
CTRIA3      7682       1    4052    4051    4049
CTRIA3      7683       1    4052    4063    4060
CTRIA3      7684       1    4044    4052    4050
CTRIA3      7685       1    4050    4048    4046
CTRIA3      7686       1    4063    4043    4041
CTRIA3      7687       1    4043    4046    4045
CTRIA3      7688       1    4044    4046    4043
CTRIA3      7689       1    4041    4042    4040
CTRIA3      7690       1    4041    4043    4042
CTRIA3      7691       1    4042    4045    4092
CTRIA3      7692       1    4038    1028    1027
CTRIA3      7693       1    4017    4038    4036
CTRIA3      7694       1    4038    4022    4093
CTRIA3      7695       1    4093    4032    1028
CTRIA3      7696       1    4021    4032    4093
CTRIA3      7697       1    4023    4022    4020
CTRIA3      7698       1    4023    4021    4022
CTRIA3      7699       1    4025    4023    4027
CTRIA3      7700       1    4025    4031    4024
CTRIA3      7701       1    4028    4027    4026
CTRIA3      7702       1    4028    4030    4031
CTRIA3      7703       1    4102    4028    4026
CTRIA3      7704       1    4103    4028    4102
CTRIA3      7705       1    4030    4095    4094
CTRIA3      7706       1    4030    4096    4095
CTRIA3      7707       1    4096    4098    4097
CTRIA3      7708       1    4103    4098    4096
CTRIA3      7709       1    4435    4437    4438
CTRIA3      7710       1    4436    4437    4435
CTRIA3      7711       1    4442    4434    4443
CTRIA3      7712       1    4442    4436    4434
CTRIA3      7713       1    4439    4437    4436
CTRIA3      7714       1    4440    4442    4441
CTRIA3      7715       1    4494    4518    4439
CTRIA3      7716       1    4496    4439    4440
CTRIA3      7717       1    4440    4517    4496
CTRIA3      7718       1    4496    4493    4494
CTRIA3      7719       1    4495    4496    4517
CTRIA3      7720       1    4482    4483    4392
CTRIA3      7721       1    4491    4492    4480
CTRIA3      7722       1    4481    4483    4480
CTRIA3      7723       1    4492    4479    4480
CTRIA3      7724       1    4487    4485    4481
CTRIA3      7725       1    4476    4481    4479
CTRIA3      7726       1    4479    4477    4476
CTRIA3      7727       1    4476    4474    4487
CTRIA3      7728       1    4475    4476    4477
CTRIA3      7729       1    4456    4452    4455
CTRIA3      7730       1    4454    4452    4456
CTRIA3      7731       1    4458    4457    4456
CTRIA3      7732       1    4514    4456    4455
CTRIA3      7733       1    4514    4458    4456
CTRIA3      7734       1    4458    4506    4471
CTRIA3      7735       1    4461    4506    4458
CTRIA3      7736       1    4459    4458    4460
CTRIA3      7737       1    4463    4462    4507
CTRIA3      7738       1    4464    4462    4463
CTRIA3      7739       1    4462    4508    4507
CTRIA3      7740       1    4508    4459    4516
CTRIA3      7741       1    4400    4401    4399
CTRIA3      7742       1    4401    4400    4402
CTRIA3      7743       1    4519    4402    4438
CTRIA3      7744       1    4401    4396    4398
CTRIA3      7745       1    4520    4396    4401
CTRIA3      7746       1    4395    4396    4520
CTRIA3      7747       1    4485    4484    4483
CTRIA3      7748       1    4488    4485    4487
CTRIA3      7749       1    4486    4485    4488
CTRIA3      7750       1    4490    4489    4488
CTRIA3      7751       1    4473    4488    4487
CTRIA3      7752       1     896    3687    4374
CTRIA3      7753       1    4490    4499    4376
CTRIA3      7754       1    4497    4490    4473
CTRIA3      7755       1    4472    4473    4474
CTRIA3      7756       1    4499    4469    4498
CTRIA3      7757       1     482    2559      22
CTRIA3      7758       1    4472    4470    4497
CTRIA3      7759       1    4501    4498    4469
CTRIA3      7760       1    4468    4469    4470
CTRIA3      7761       1    4506    4470    4471
CTRIA3      7762       1    4470    4466    4468
CTRIA3      7763       1    4503    4467    4504
CTRIA3      7764       1    4503    4468    4467
CTRIA3      7765       1    4468    4465    4467
CTRIA3      7766       1    4465     122     123
CTRIA3      7767       1     122    1077     123
CTRIA3      7768       1    1074    1076    1075
CTRIA3      7769       1    1076    1044    1047
CTRIA3      7770       1    1076    1078    1044
CTRIA3      7771       1    4411    4416    4410
CTRIA3      7772       1    4390    4430    4391
CTRIA3      7773       1    4393    4397    4396
CTRIA3      7774       1    4393    4391    4397
CTRIA3      7775       1    4389    4390    4391
CTRIA3      7776       1    4394    4393    4392
CTRIA3      7777       1    4388    4386    4422
CTRIA3      7778       1    4382    4387    4386
CTRIA3      7779       1    4385    4386    4384
CTRIA3      7780       1    4382    4381    4524
CTRIA3      7781       1    4380    4381    4382
CTRIA3      7782       1    4380    4382    4385
CTRIA3      7783       1    4536    4385    4522
CTRIA3      7784       1    4378    4383    4380
CTRIA3      7785       1    4383    4379    4531
CTRIA3      7786       1    4536    4378    4380
CTRIA3      7787       1    4536    4377    4378
CTRIA3      7788       1    4371    4531    4379
CTRIA3      7789       1    4373    4379    4377
CTRIA3      7790       1    4377    4375    4373
CTRIA3      7791       1    4371    4372    4370
CTRIA3      7792       1    4372    4371    4373
CTRIA3      7793       1    4372    4373    4375
CTRIA3      7794       1    4500    4501    4502
CTRIA3      7795       1    4500    4498    4501
CTRIA3      7796       1    4502    4505    4366
CTRIA3      7797       1    4505    4503    4504
CTRIA3      7798       1    4502    4503    4505
CTRIA3      7799       1    4428    4585    4305
CTRIA3      7800       1    4414    4585    4428
CTRIA3      7801       1    4413    4415    4416
CTRIA3      7802       1    4413    4414    4415
CTRIA3      7803       1    4417    4585    4414
CTRIA3      7804       1    4418    4413    4429
CTRIA3      7805       1    4312    4313    4417
CTRIA3      7806       1    4420    4417    4418
CTRIA3      7807       1    4419    4418    4429
CTRIA3      7808       1    4420    4421    4312
CTRIA3      7809       1    4420    4423    4421
CTRIA3      7810       1    4422    4420    4419
CTRIA3      7811       1    4315    4319    4577
CTRIA3      7812       1    4316    4317    4319
CTRIA3      7813       1    4318    4525    4317
CTRIA3      7814       1    4319    4320    4577
CTRIA3      7815       1    4527    4320    4319
CTRIA3      7816       1    4525    4527    4317
CTRIA3      7817       1    4524    4527    4525
CTRIA3      7818       1    4324    4320    4527
CTRIA3      7819       1    4381    4527    4524
CTRIA3      7820       1    4381    4526    4527
CTRIA3      7821       1    4325    4323    4324
CTRIA3      7822       1    4529    4324    4526
CTRIA3      7823       1    4528    4526    4383
CTRIA3      7824       1    4530    4528    4531
CTRIA3      7825       1    4530    4532    4528
CTRIA3      7826       1    4534    4370    4369
CTRIA3      7827       1    4534    4530    4370
CTRIA3      7828       1    4535    4533    4534
CTRIA3      7829       1    4368    4534    4369
CTRIA3      7830       1    4363    4535    4364
CTRIA3      7831       1    4358    4535    4363
CTRIA3      7832       1    4368    4365    4364
CTRIA3      7833       1    4309    4302    4308
CTRIA3      7834       1    4308    4306    4307
CTRIA3      7835       1    4578    4586    4309
CTRIA3      7836       1    4310    4309    4307
CTRIA3      7837       1    4310    4307    4306
CTRIA3      7838       1    4310    4575    4578
CTRIA3      7839       1    4311    4575    4310
CTRIA3      7840       1    4315    4575    4314
CTRIA3      7841       1    4567    4568    4574
CTRIA3      7842       1    4572    4568    4567
CTRIA3      7843       1    4572    4569    4568
CTRIA3      7844       1    4572    4576    4577
CTRIA3      7845       1    4570    4569    4572
CTRIA3      7846       1    4577    4571    4572
CTRIA3      7847       1    4323    4322    4320
CTRIA3      7848       1    4328    4323    4325
CTRIA3      7849       1    4325    4327    4328
CTRIA3      7850       1    4353    4329    4327
CTRIA3      7851       1    4542    4327    4326
CTRIA3      7852       1    4540    4326    4583
CTRIA3      7853       1    4353    4349    4352
CTRIA3      7854       1    4353    4354    4349
CTRIA3      7855       1    4354    4353    4357
CTRIA3      7856       1    4542    4360    4357
CTRIA3      7857       1    4360    4542    4540
CTRIA3      7858       1    4354    4355    4541
CTRIA3      7859       1    4357    4356    4355
CTRIA3      7860       1    4356    4358    4359
CTRIA3      7861       1    4357    4358    4356
CTRIA3      7862       1    4560    4298    4299
CTRIA3      7863       1    4561    4299    4300
CTRIA3      7864       1    4579    4300    4301
CTRIA3      7865       1    4561    4559    4560
CTRIA3      7866       1    4564    4559    4561
CTRIA3      7867       1    4564    4558    4559
CTRIA3      7868       1    4562    4558    4564
CTRIA3      7869       1    4574    4557    4562
CTRIA3      7870       1    4549    4573    4548
CTRIA3      7871       1    4573    4544    4548
CTRIA3      7872       1    4582    4336    4544
CTRIA3      7873       1    4336    4582    4332
CTRIA3      7874       1    4333    4336    4332
CTRIA3      7875       1    4333    4335    4337
CTRIA3      7876       1    4330    4333    4331
CTRIA3      7877       1    4335    4543    4338
CTRIA3      7878       1    4334    4351    4335
CTRIA3      7879       1    4352    4334    4330
CTRIA3      7880       1    4341    4350    4347
CTRIA3      7881       1    4543    4350    4341
CTRIA3      7882       1    4351    4349    4350
CTRIA3      7883       1    4349    4351    4352
CTRIA3      7884       1    4349    4348    4350
CTRIA3      7885       1    4340    4347    4346
CTRIA3      7886       1    4346    4348    4345
CTRIA3      7887       1    4348    4344    4345
CTRIA3      7888       1    4539    4344    4541
CTRIA3      7889       1     133    1184     134
CTRIA3      7890       1    4343     133     134
CTRIA3      7891       1    1193    1191    1190
CTRIA3      7892       1    1169    1191    1171
CTRIA3      7893       1    1191    1167      65
CTRIA3      7894       1    1167    1191    1169
CTRIA3      7895       1      79    1361      80
CTRIA3      7896       1    1320      79      80
CTRIA3      7897       1    1445    1440    1442
CTRIA3      7898       1    1445    1439    1440
CTRIA3      7899       1     112    1447     113
CTRIA3      7900       1    1448    1447     112
CTRIA3      7901       1    1447    1445    1446
CTRIA3      7902       1    1332     115     116
CTRIA3      7903       1    1326     115    1332
CTRIA3      7904       1    4508     118     119
CTRIA3      7905       1     150    1370    1369
CTRIA3      7906       1     150    1372    1370
CTRIA3      7907       1    1397     165     164
CTRIA3      7908       1    1735    1399    1398
CTRIA3      7909       1    1735    1397    1396
CTRIA3      7910       1    1735    1398    1397
CTRIA3      7911       1    4200     174     175
CTRIA3      7912       1    1413     175     174
CTRIA3      7913       1    1415     175    1413
CTRIA3      7914       1    1416    1414    1415
CTRIA3      7915       1    1416    1413    1412
CTRIA3      7916       1     206    1819    1818
CTRIA3      7917       1    2211    1818    1819
CTRIA3      7918       1    1910    2211    1908
CTRIA3      7919       1    1818     207     206
CTRIA3      7920       1     207    1517     206
CTRIA3      7921       1    1821    1911    1820
CTRIA3      7922       1    1595    1522    1525
CTRIA3      7923       1     212    1523     211
CTRIA3      7924       1    1524    1522    1526
CTRIA3      7925       1    1526     213     214
CTRIA3      7926       1    1522     213    1526
CTRIA3      7927       1     256    1800     255
CTRIA3      7928       1     256    1799    1800
CTRIA3      7929       1    2402     261     260
CTRIA3      7930       1     260    1893    1894
CTRIA3      7931       1    1893     260     261
CTRIA3      7932       1    2418     275     274
CTRIA3      7933       1    1958     274     275
CTRIA3      7934       1     283    2055     282
CTRIA3      7935       1    2059    2055     283
CTRIA3      7936       1    2153    2160    2159
CTRIA3      7937       1    2152    2160    2153
CTRIA3      7938       1    2150    2152    2151
CTRIA3      7939       1    3940     303    3938
CTRIA3      7940       1    3940     302     303
CTRIA3      7941       1    2160     303     302
CTRIA3      7942       1    2150     303    2160
CTRIA3      7943       1    2103     314     313
CTRIA3      7944       1    2237    2239    2235
CTRIA3      7945       1    2933     351    2932
CTRIA3      7946       1    2933     352     351
CTRIA3      7947       1    2242     351     352
CTRIA3      7948       1    2976     357     356
CTRIA3      7949       1    2250     356     357
CTRIA3      7950       1    2970     363     362
CTRIA3      7951       1    2969     363    2970
CTRIA3      7952       1    2260     362     363
CTRIA3      7953       1     371    2269     370
CTRIA3      7954       1    3049     376     375
CTRIA3      7955       1    3054    3049    3051
CTRIA3      7956       1    3054     376    3049
CTRIA3      7957       1    3053    3054    3051
CTRIA3      7958       1     377    3311     378
CTRIA3      7959       1    3311    3052    3145
CTRIA3      7960       1    2427    2438    2435
CTRIA3      7961       1     380    3301     381
CTRIA3      7962       1     381    2427     380
CTRIA3      7963       1    2426    2427     381
CTRIA3      7964       1    2438    2446    2444
CTRIA3      7965       1    2438    2425    2446
CTRIA3      7966       1    4159    4156    4158
CTRIA3      7967       1    4156     392     393
CTRIA3      7968       1    4156    4153     392
CTRIA3      7969       1    4158    4155    4275
CTRIA3      7970       1    4155     394     395
CTRIA3      7971       1    4156     394    4155
CTRIA3      7972       1    4252     402     403
CTRIA3      7973       1    2846     411     412
CTRIA3      7974       1    2848     411    2846
CTRIA3      7975       1    2679    2579    2578
CTRIA3      7976       1    2577    2679    2578
CTRIA3      7977       1    2577    2576    2679
CTRIA3      7978       1    3021     464     465
CTRIA3      7979       1    3023     464    3021
CTRIA3      7980       1    3023    3022    3024
CTRIA3      7981       1    3013    3023    3021
CTRIA3      7982       1    3013    3022    3023
CTRIA3      7983       1    2924    2926    2925
CTRIA3      7984       1    2922    2926    2924
CTRIA3      7985       1    2922    2927    2926
CTRIA3      7986       1    3072     497     498
CTRIA3      7987       1    3074     497    3072
CTRIA3      7988       1    3073    3075    3074
CTRIA3      7989       1    3073    3076    3075
CTRIA3      7990       1    3073    3072    3071
CTRIA3      7991       1    3387     618     617
CTRIA3      7992       1    3386     618    3387
CTRIA3      7993       1    4431     655     654
CTRIA3      7994       1    3510     654     655
CTRIA3      7995       1    3513     654    3510
CTRIA3      7996       1    4304     663     662
CTRIA3      7997       1     663    3531     662
CTRIA3      7998       1    3532     663    3534
CTRIA3      7999       1    4305     663    4304
CTRIA3      8000       1    4298     670     669
CTRIA3      8001       1    3479     674     673
CTRIA3      8002       1     862    3951     861
CTRIA3      8003       1    3952    3951     862
CTRIA3      8004       1     868    3945     867
CTRIA3      8005       1    3943    3945     868
CTRIA3      8006       1     913    3688     914
CTRIA3      8007       1    4556    4555    4554
CTRIA3      8008       1    4555    4558    4557
CTRIA3      8009       1     920    4554    4553
CTRIA3      8010       1    4553    4555    4552
CTRIA3      8011       1    4552    4557    4574
CTRIA3      8012       1    4337     925     924
CTRIA3      8013       1    4338     925    4337
CTRIA3      8014       1    4338    4339     926
CTRIA3      8015       1    4060    4059    4057
CTRIA3      8016       1    4060    4058    4059
CTRIA3      8017       1    1021    4062    1022
CTRIA3      8018       1    4061    4062    1021
CTRIA3      8019       1    4062    4060    4063
CTRIA3      8020       1    4445    4444    1025
CTRIA3      8021       1    4495    4444    4445
CTRIA3      8022       1    4446    4447    4478
CTRIA3      8023       1    4447    1026    1027
CTRIA3      8024       1    4445    1026    4447
CTRIA3      8025       1    1031    4031    1032
CTRIA3      8026       1    1129    1128    1246
CTRIA3      8027       1    1136    1219    1224
CTRIA3      8028       1    1143    1219    1137
CTRIA3      8029       1    1170    1165    1167
CTRIA3      8030       1    1164    1163    1165
CTRIA3      8031       1    1185    1188    1186
CTRIA3      8032       1    1181    1180    1188
CTRIA3      8033       1    1214    1223    1213
CTRIA3      8034       1    1221    1222    1214
CTRIA3      8035       1    1203    1157    1161
CTRIA3      8036       1    1156    1225    1204
CTRIA3      8037       1    1226    1204    1205
CTRIA3      8038       1    1226    1205    1207
CTRIA3      8039       1    1223    1212    1213
CTRIA3      8040       1    1156    1212    1223
CTRIA3      8041       1    1156    1226    1212
CTRIA3      8042       1    1300    1297    1299
CTRIA3      8043       1    1300    1295    1297
CTRIA3      8044       1    1299    1298    1301
CTRIA3      8045       1    1298    1297    1325
CTRIA3      8046       1    1333    1321    1320
CTRIA3      8047       1    1321    1301    1298
CTRIA3      8048       1    1298    1322    1321
CTRIA3      8049       1    1325    1323    1322
CTRIA3      8050       1    1284    1274     103
CTRIA3      8051       1    1291    1268    1267
CTRIA3      8052       1    1266    1287    1267
CTRIA3      8053       1    1266    1286    1287
CTRIA3      8054       1    1256    1338    1263
CTRIA3      8055       1    1260    1255    1257
CTRIA3      8056       1    1311    1260    1309
CTRIA3      8057       1    1238    1260    1311
CTRIA3      8058       1    1236    1237    1239
CTRIA3      8059       1    1230    1334    1227
CTRIA3      8060       1    1342    1135    1340
CTRIA3      8061       1    1344    1173    1345
CTRIA3      8062       1    1199    1117    1118
CTRIA3      8063       1    1168    1117    1199
CTRIA3      8064       1    1168    1344    1117
CTRIA3      8065       1    1118    1123    1120
CTRIA3      8066       1    1118    1115    1123
CTRIA3      8067       1    1121    1120    1123
CTRIA3      8068       1    1127    1111    1346
CTRIA3      8069       1    1111    1127    1109
CTRIA3      8070       1    1346    1111    1252
CTRIA3      8071       1    1128    1247    1246
CTRIA3      8072       1    1127    1247    1128
CTRIA3      8073       1    1086    1195    1085
CTRIA3      8074       1    1197    1196    1086
CTRIA3      8075       1    1067    1105    1101
CTRIA3      8076       1    1063    1105    1067
CTRIA3      8077       1    1062    1105    1063
CTRIA3      8078       1    1107    1106    1062
CTRIA3      8079       1    1336    1054    1283
CTRIA3      8080       1    1264    1336    1337
CTRIA3      8081       1    1351    1336    1264
CTRIA3      8082       1    1046    1049    1047
CTRIA3      8083       1    1281    1049    1046
CTRIA3      8084       1    1280    1049    1281
CTRIA3      8085       1    1414    1417    1418
CTRIA3      8086       1    1417    1718    1418
CTRIA3      8087       1    1419    1420    1421
CTRIA3      8088       1    1418    1419    1414
CTRIA3      8089       1    1420    1716    1425
CTRIA3      8090       1    1420    1418    1716
CTRIA3      8091       1    1444    1445    1442
CTRIA3      8092       1    1694    1444    1675
CTRIA3      8093       1    1444    1697    1443
CTRIA3      8094       1    1443    1446    1445
CTRIA3      8095       1    1696    1446    1443
CTRIA3      8096       1    1698    1697    1695
CTRIA3      8097       1    1698    1696    1697
CTRIA3      8098       1    1463    1459    1698
CTRIA3      8099       1    1463    1461    1458
CTRIA3      8100       1    1463    1460    1461
CTRIA3      8101       1    1459    1457    1455
CTRIA3      8102       1    1459    1456    1457
CTRIA3      8103       1    1471    1467    1671
CTRIA3      8104       1    1471    1469    1466
CTRIA3      8105       1    1471    1468    1469
CTRIA3      8106       1    1464    1467    1466
CTRIA3      8107       1    1465    1467    1464
CTRIA3      8108       1    1473    1475    1476
CTRIA3      8109       1    1473    1474    1475
CTRIA3      8110       1    1480    1473    1476
CTRIA3      8111       1    1671    1473    1471
CTRIA3      8112       1    1471    1472    1470
CTRIA3      8113       1    1628    1631    1629
CTRIA3      8114       1    1628    1479    1655
CTRIA3      8115       1    1628    1657    1479
CTRIA3      8116       1    1631    1475    1637
CTRIA3      8117       1    1631    1478    1475
CTRIA3      8118       1    1478    1480    1476
CTRIA3      8119       1    1479    1480    1478
CTRIA3      8120       1    1657    1483    1481
CTRIA3      8121       1    1658    1483    1657
CTRIA3      8122       1    1485    1483    1486
CTRIA3      8123       1    1483    1480    1481
CTRIA3      8124       1    1484    1482    1483
CTRIA3      8125       1    1619    1618    1489
CTRIA3      8126       1    1488    1489    1618
CTRIA3      8127       1    1490    1488    1618
CTRIA3      8128       1    1490    1491    1488
CTRIA3      8129       1    1488    1485    1489
CTRIA3      8130       1    1491    1487    1488
CTRIA3      8131       1    1494    1500    1496
CTRIA3      8132       1    1494    1608    1500
CTRIA3      8133       1    1500    1497    1496
CTRIA3      8134       1    1495    1494    1496
CTRIA3      8135       1    1495    1493    1494
CTRIA3      8136       1    1498    1495    1496
CTRIA3      8137       1    1497    1502    1498
CTRIA3      8138       1    1506    1502    1497
CTRIA3      8139       1    1505    1502    1506
CTRIA3      8140       1    1502    1503    1498
CTRIA3      8141       1    1504    1501    1502
CTRIA3      8142       1    1505    1508    1504
CTRIA3      8143       1    1510    1511    1512
CTRIA3      8144       1    1504    1507    1509
CTRIA3      8145       1    1514    1508    1510
CTRIA3      8146       1    1534    1535    1536
CTRIA3      8147       1    1557    1533    1534
CTRIA3      8148       1    1537    1533    1532
CTRIA3      8149       1    1532    1531    1530
CTRIA3      8150       1    1531    1532    1533
CTRIA3      8151       1    1539    1541    1542
CTRIA3      8152       1    1539    1540    1541
CTRIA3      8153       1    1539    1536    1535
CTRIA3      8154       1    1555    1539    1538
CTRIA3      8155       1    1538    1535    1537
CTRIA3      8156       1    1547    1550    1556
CTRIA3      8157       1    1540    1547    1544
CTRIA3      8158       1    1545    1547    1540
CTRIA3      8159       1    1550    1548    1549
CTRIA3      8160       1    1548    1555    1554
CTRIA3      8161       1    1555    1548    1545
CTRIA3      8162       1    1592    1560    1561
CTRIA3      8163       1    1563    1562    1560
CTRIA3      8164       1    1560    1558    1559
CTRIA3      8165       1    1536    1559    1534
CTRIA3      8166       1    1536    1561    1559
CTRIA3      8167       1    1534    1558    1557
CTRIA3      8168       1    1570    1567    1580
CTRIA3      8169       1    1569    1566    1570
CTRIA3      8170       1    1564    1567    1566
CTRIA3      8171       1    1567    1564    1565
CTRIA3      8172       1    1588    1566    1568
CTRIA3      8173       1    1573    1574    1609
CTRIA3      8174       1    1573    1572    1574
CTRIA3      8175       1    1577    1572    1576
CTRIA3      8176       1    1580    1572    1570
CTRIA3      8177       1    1570    1571    1569
CTRIA3      8178       1    1578    1577    1575
CTRIA3      8179       1    1574    1583    1609
CTRIA3      8180       1    1581    1584    1582
CTRIA3      8181       1    1581    1585    1584
CTRIA3      8182       1    1581    1574    1580
CTRIA3      8183       1    1586    1587    1585
CTRIA3      8184       1    1581    1591    1586
CTRIA3      8185       1    1590    1580    1567
CTRIA3      8186       1    1592    1590    1563
CTRIA3      8187       1    1563    1567    1562
CTRIA3      8188       1    1565    1558    1562
CTRIA3      8189       1    1565    1594    1558
CTRIA3      8190       1    1589    1594    1564
CTRIA3      8191       1    1594    1557    1558
CTRIA3      8192       1    1596    1593    1594
CTRIA3      8193       1    1528    1524    1527
CTRIA3      8194       1    1593    1531    1557
CTRIA3      8195       1    1598    1595    1525
CTRIA3      8196       1    1531    1597    1530
CTRIA3      8197       1    1597    1525    1524
CTRIA3      8198       1    1589    1599    1596
CTRIA3      8199       1    1599    1521     210
CTRIA3      8200       1    1599    1601    1521
CTRIA3      8201       1    1596    1523    1595
CTRIA3      8202       1     211    1599     210
CTRIA3      8203       1    1569    1602    1568
CTRIA3      8204       1    1519    1603    1518
CTRIA3      8205       1    1602    1588    1568
CTRIA3      8206       1    1600    1589    1588
CTRIA3      8207       1    1601    1519    1520
CTRIA3      8208       1    1601    1602    1519
CTRIA3      8209       1    1577    1604    1571
CTRIA3      8210       1    1517    1579    1516
CTRIA3      8211       1    1604    1579    1517
CTRIA3      8212       1    1571    1603    1569
CTRIA3      8213       1    1518    1604    1517
CTRIA3      8214       1    1605    1509    1507
CTRIA3      8215       1    1515    1507    1514
CTRIA3      8216       1    1575    1605    1578
CTRIA3      8217       1    1579    1515    1516
CTRIA3      8218       1    1515    1578    1605
CTRIA3      8219       1    1612    1584    1610
CTRIA3      8220       1    1612    1583    1584
CTRIA3      8221       1    1611    1609    1583
CTRIA3      8222       1    1501    1614    1503
CTRIA3      8223       1    1509    1613    1501
CTRIA3      8224       1    1573    1613    1576
CTRIA3      8225       1    1573    1614    1613
CTRIA3      8226       1    1613    1575    1576
CTRIA3      8227       1    1495    1491    1492
CTRIA3      8228       1    1503    1615    1495
CTRIA3      8229       1    1615    1612    1491
CTRIA3      8230       1    1611    1614    1609
CTRIA3      8231       1    1617    1620    1664
CTRIA3      8232       1    1616    1608    1607
CTRIA3      8233       1    1619    1616    1618
CTRIA3      8234       1    1616    1490    1618
CTRIA3      8235       1    1616    1493    1490
CTRIA3      8236       1    1622    1623    1662
CTRIA3      8237       1    1622    1664    1620
CTRIA3      8238       1    1622    1662    1664
CTRIA3      8239       1    1622    1624    1623
CTRIA3      8240       1    1621    1620    1619
CTRIA3      8241       1    1624    1625    1623
CTRIA3      8242       1    1627    1638    1625
CTRIA3      8243       1    1624    1627    1625
CTRIA3      8244       1    1629    1627    1628
CTRIA3      8245       1    1628    1626    1656
CTRIA3      8246       1    1632    1629    1631
CTRIA3      8247       1    1630    1629    1632
CTRIA3      8248       1    1634    1633    1632
CTRIA3      8249       1    1634    1631    1637
CTRIA3      8250       1    1640    1641    1642
CTRIA3      8251       1    1643    1639    1640
CTRIA3      8252       1    1638    1639    1643
CTRIA3      8253       1    1639    1654    1641
CTRIA3      8254       1    1630    1639    1638
CTRIA3      8255       1    1652    1647    1649
CTRIA3      8256       1    1652    1646    1647
CTRIA3      8257       1    1646    1644    1645
CTRIA3      8258       1    1650    1644    1646
CTRIA3      8259       1    1648    1640    1642
CTRIA3      8260       1    1647    1640    1648
CTRIA3      8261       1    1640    1644    1643
CTRIA3      8262       1    1654    1630    1633
CTRIA3      8263       1    1661    1644    1653
CTRIA3      8264       1    1659    1660    1623
CTRIA3      8265       1    1643    1659    1625
CTRIA3      8266       1    1660    1662    1623
CTRIA3      8267       1    1621    1626    1624
CTRIA3      8268       1    1666    1619    1489
CTRIA3      8269       1    1626    1658    1656
CTRIA3      8270       1    1626    1665    1658
CTRIA3      8271       1    1665    1485    1486
CTRIA3      8272       1    1489    1485    1665
CTRIA3      8273       1    1487    1484    1485
CTRIA3      8274       1    1612    1667    1487
CTRIA3      8275       1    1484    1587    1668
CTRIA3      8276       1    1667    1587    1484
CTRIA3      8277       1    1667    1585    1587
CTRIA3      8278       1    1634    1676    1635
CTRIA3      8279       1    1474    1634    1637
CTRIA3      8280       1    1670    1634    1474
CTRIA3      8281       1    1669    1676    1673
CTRIA3      8282       1    1674    1676    1669
CTRIA3      8283       1    1671    1670    1477
CTRIA3      8284       1    1671    1669    1670
CTRIA3      8285       1    1678    1685    1587
CTRIA3      8286       1    1586    1678    1587
CTRIA3      8287       1    1678    1679    1680
CTRIA3      8288       1    1677    1591    1592
CTRIA3      8289       1    1679    1682    1680
CTRIA3      8290       1    1679    1681    1682
CTRIA3      8291       1    1677    1688    1679
CTRIA3      8292       1    1687    1592    1561
CTRIA3      8293       1    1688    1541    1544
CTRIA3      8294       1    1688    1686    1541
CTRIA3      8295       1    1686    1536    1542
CTRIA3      8296       1    1689    1684    1683
CTRIA3      8297       1    1689    1468    1684
CTRIA3      8298       1    1679    1689    1683
CTRIA3      8299       1    1556    1689    1547
CTRIA3      8300       1    1547    1688    1544
CTRIA3      8301       1    1482    1472    1480
CTRIA3      8302       1    1685    1482    1668
CTRIA3      8303       1    1682    1482    1685
CTRIA3      8304       1    1472    1684    1470
CTRIA3      8305       1    1472    1681    1684
CTRIA3      8306       1    1556    1469    1690
CTRIA3      8307       1    1556    1464    1469
CTRIA3      8308       1    1694    1693    1695
CTRIA3      8309       1    1674    1693    1694
CTRIA3      8310       1    1693    1671    1467
CTRIA3      8311       1    1693    1698    1695
CTRIA3      8312       1    1463    1467    1462
CTRIA3      8313       1    1699    1465    1692
CTRIA3      8314       1    1699    1460    1465
CTRIA3      8315       1    1699    1556    1550
CTRIA3      8316       1    1552    1699    1551
CTRIA3      8317       1    1551    1550    1549
CTRIA3      8318       1    1456    1552    1553
CTRIA3      8319       1    1461    1552    1456
CTRIA3      8320       1    1698    1701    1696
CTRIA3      8321       1    1701    1453    1450
CTRIA3      8322       1    1454    1459    1455
CTRIA3      8323       1    1676    1636    1635
CTRIA3      8324       1    1676    1702    1636
CTRIA3      8325       1    1441    1444    1442
CTRIA3      8326       1    1704    1444    1441
CTRIA3      8327       1    1444    1676    1675
CTRIA3      8328       1    1708    1433    1709
CTRIA3      8329       1    1706    1654    1633
CTRIA3      8330       1    1706    1436    1707
CTRIA3      8331       1    1706    1636    1705
CTRIA3      8332       1    1706    1633    1636
CTRIA3      8333       1    1436    1704    1435
CTRIA3      8334       1    1436    1702    1704
CTRIA3      8335       1    1710    1429    1712
CTRIA3      8336       1    1429    1711    1428
CTRIA3      8337       1    1641    1713    1642
CTRIA3      8338       1    1641    1710    1713
CTRIA3      8339       1    1711    1708    1709
CTRIA3      8340       1    1708    1641    1654
CTRIA3      8341       1    1426    1717    1715
CTRIA3      8342       1    1716    1717    1426
CTRIA3      8343       1    1652    1717    1718
CTRIA3      8344       1    1717    1429    1715
CTRIA3      8345       1    1648    1717    1649
CTRIA3      8346       1    1713    1717    1648
CTRIA3      8347       1    1416    1417    1414
CTRIA3      8348       1    1412    1720    1416
CTRIA3      8349       1    1720    1652    1417
CTRIA3      8350       1    1720    1650    1651
CTRIA3      8351       1    1720    1721    1650
CTRIA3      8352       1    1723    1412    1411
CTRIA3      8353       1    1722    1412    1723
CTRIA3      8354       1    1726    1725    1727
CTRIA3      8355       1    1726    1723    1725
CTRIA3      8356       1    1721    1661    1653
CTRIA3      8357       1    1722    1661    1721
CTRIA3      8358       1    1661    1726    1660
CTRIA3      8359       1    1405    1726    1727
CTRIA3      8360       1    1404    1729    1405
CTRIA3      8361       1    1660    1729    1662
CTRIA3      8362       1    1729    1663    1662
CTRIA3      8363       1    1730    1731    1733
CTRIA3      8364       1    1400    1731    1730
CTRIA3      8365       1    1663    1617    1664
CTRIA3      8366       1    1617    1663    1734
CTRIA3      8367       1    1617    1731    1608
CTRIA3      8368       1    1730    1404    1401
CTRIA3      8369       1    1734    1404    1730
CTRIA3      8370       1    1735    1731    1732
CTRIA3      8371       1    1396    1737    1735
CTRIA3      8372       1    1608    1737    1500
CTRIA3      8373       1    1500    1736    1499
CTRIA3      8374       1    1395    1736    1396
CTRIA3      8375       1    1394    1739    1395
CTRIA3      8376       1    1499    1739    1506
CTRIA3      8377       1    1739    1499    1736
CTRIA3      8378       1    1740    1739    1738
CTRIA3      8379       1    1393    1738    1394
CTRIA3      8380       1    1513    1393    1392
CTRIA3      8381       1    1738    1741    1740
CTRIA3      8382       1    1740    1511    1505
CTRIA3      8383       1    1741    1513    1512
CTRIA3      8384       1    1808    1809    1807
CTRIA3      8385       1    1932    1931    1923
CTRIA3      8386       1    1930    1923    1931
CTRIA3      8387       1    1930    1929    1923
CTRIA3      8388       1    1948    1949    1946
CTRIA3      8389       1    2005    2002    2006
CTRIA3      8390       1    2002    2008    2006
CTRIA3      8391       1    2069    2071    2070
CTRIA3      8392       1    2069    2072    2071
CTRIA3      8393       1    2121    2102    2101
CTRIA3      8394       1    2102    2125    2097
CTRIA3      8395       1    2100    2099    2103
CTRIA3      8396       1    2101    2099    2100
CTRIA3      8397       1    2099    2097    2098
CTRIA3      8398       1    2125    2124    2126
CTRIA3      8399       1    2125    2121    2124
CTRIA3      8400       1    2134    2113    2138
CTRIA3      8401       1    2111    2139    2138
CTRIA3      8402       1    2139    2109    2141
CTRIA3      8403       1     295    2184     294
CTRIA3      8404       1     295    2183    2184
CTRIA3      8405       1    2064    2062    2063
CTRIA3      8406       1    2064    2201    2062
CTRIA3      8407       1    2201    2067    2200
CTRIA3      8408       1    2067    2064    2065
CTRIA3      8409       1    2078    2025    2079
CTRIA3      8410       1    2078    2203    2025
CTRIA3      8411       1    2203    2130    2128
CTRIA3      8412       1    2130    2078    2198
CTRIA3      8413       1    1992    1997    1993
CTRIA3      8414       1    2046    2204    2047
CTRIA3      8415       1    2046    1990    2204
CTRIA3      8416       1    1956    1972    1955
CTRIA3      8417       1    1968    1972    1956
CTRIA3      8418       1    1972    1969    1971
CTRIA3      8419       1    1980    1944    1946
CTRIA3      8420       1    1981    1944    1980
CTRIA3      8421       1    2205    2208    1986
CTRIA3      8422       1    2205    1874    2208
CTRIA3      8423       1    1876    1873    1921
CTRIA3      8424       1    2011    2017    1860
CTRIA3      8425       1    1860    2016    1856
CTRIA3      8426       1    2016    1860    2017
CTRIA3      8427       1    1857    2119    2133
CTRIA3      8428       1    2119    2016    2118
CTRIA3      8429       1    2168    2166    2151
CTRIA3      8430       1    1839    1844    1841
CTRIA3      8431       1    1839    1847    1844
CTRIA3      8432       1    1833    1851    1836
CTRIA3      8433       1    1836    1848    1847
CTRIA3      8434       1    1925    1927    1834
CTRIA3      8435       1    1937    1815    1816
CTRIA3      8436       1    1934    1817    1815
CTRIA3      8437       1    1817    2211    1819
CTRIA3      8438       1    1938    1816    1812
CTRIA3      8439       1    2272    2271     372
CTRIA3      8440       1    2274    2272     374
CTRIA3      8441       1    2273    2272    2274
CTRIA3      8442       1    2275    2277    2278
CTRIA3      8443       1    2276    2277    2275
CTRIA3      8444       1    2277     374     375
CTRIA3      8445       1    2281    2280    2278
CTRIA3      8446       1    2281    2279    2280
CTRIA3      8447       1    2283    2281    2433
CTRIA3      8448       1    2298    2290    2291
CTRIA3      8449       1    2298    2289    2290
CTRIA3      8450       1    2289    2286    2288
CTRIA3      8451       1    2286    2305    2306
CTRIA3      8452       1    2287    2290    2288
CTRIA3      8453       1    2287    2292    2290
CTRIA3      8454       1    2286    2287    2288
CTRIA3      8455       1    2294    2298    2291
CTRIA3      8456       1    2296    2298    2294
CTRIA3      8457       1    2293    2295    2294
CTRIA3      8458       1    2293    2476    2295
CTRIA3      8459       1    2293    2291    2292
CTRIA3      8460       1    2316    2295    2514
CTRIA3      8461       1    2316    2296    2295
CTRIA3      8462       1    2297    2298    2296
CTRIA3      8463       1    2307    2301    2299
CTRIA3      8464       1    2308    2301    2307
CTRIA3      8465       1    2303    2301    2304
CTRIA3      8466       1    2302    2301    2303
CTRIA3      8467       1    2298    2301    2300
CTRIA3      8468       1    2301    2305    2300
CTRIA3      8469       1    2302    2306    2305
CTRIA3      8470       1    2313    2310    2312
CTRIA3      8471       1    2310    2313    2311
CTRIA3      8472       1    2297    2311    2307
CTRIA3      8473       1    2311    2297    2310
CTRIA3      8474       1    2316    2310    2296
CTRIA3      8475       1    2318    2319    2320
CTRIA3      8476       1    2318    2321    2319
CTRIA3      8477       1    2312    2320    2517
CTRIA3      8478       1    2320    2315    2318
CTRIA3      8479       1    2318    2323    2321
CTRIA3      8480       1    2317    2318    2315
CTRIA3      8481       1    2316    2315    2314
CTRIA3      8482       1    2322    2325    2324
CTRIA3      8483       1    2325    2322    2323
CTRIA3      8484       1     478     477    2328
CTRIA3      8485       1    2325    2329    2326
CTRIA3      8486       1    2327    2332    2502
CTRIA3      8487       1    2332    2327    2329
CTRIA3      8488       1    2331    2329    2330
CTRIA3      8489       1    2332    2334    2335
CTRIA3      8490       1    2333    2334    2332
CTRIA3      8491       1    2481    2331    2505
CTRIA3      8492       1    2481    2333    2331
CTRIA3      8493       1    3552    2498     650
CTRIA3      8494       1    2337    2338    2339
CTRIA3      8495       1    2338    2341    2339
CTRIA3      8496       1    2488    2341    2338
CTRIA3      8497       1    2342    2343    2340
CTRIA3      8498       1    2353    2354    2352
CTRIA3      8499       1    2351    2345    2354
CTRIA3      8500       1    2347    2346    2345
CTRIA3      8501       1    2356    2352    2354
CTRIA3      8502       1    2356    2354    2345
CTRIA3      8503       1    2343    2345    2346
CTRIA3      8504       1    2365    2350    2491
CTRIA3      8505       1    2348    2347    2351
CTRIA3      8506       1    2348    2350    2347
CTRIA3      8507       1    2366    2368    2365
CTRIA3      8508       1    2386    2371    2366
CTRIA3      8509       1    2374    2372    2371
CTRIA3      8510       1    2376    2397    2372
CTRIA3      8511       1    2371    2368    2366
CTRIA3      8512       1    2369    2368    2371
CTRIA3      8513       1    2372    2398    2369
CTRIA3      8514       1    2398    2372    2397
CTRIA3      8515       1    2379    2377    2378
CTRIA3      8516       1    2379    2384    2377
CTRIA3      8517       1    2378    2374    2386
CTRIA3      8518       1    2374    2375    2376
CTRIA3      8519       1    2378    2375    2374
CTRIA3      8520       1    2388    2379    2378
CTRIA3      8521       1    2388    2382    2379
CTRIA3      8522       1    2386    2388    2378
CTRIA3      8523       1    2383    2384    2382
CTRIA3      8524       1    2392    2389    2391
CTRIA3      8525       1    2393    2394     391
CTRIA3      8526       1    2389    2387    2394
CTRIA3      8527       1    2448    2441    2443
CTRIA3      8528       1    2448    2436    2441
CTRIA3      8529       1    2436    2438    2439
CTRIA3      8530       1    2438    2437    2435
CTRIA3      8531       1    2442    2441    2439
CTRIA3      8532       1    2442    2440    2441
CTRIA3      8533       1    2442    2438    2444
CTRIA3      8534       1    2449    2420    2419
CTRIA3      8535       1    2442    2453    2440
CTRIA3      8536       1    2445    2442    2444
CTRIA3      8537       1    2449    2442    2445
CTRIA3      8538       1    2418    2450    2419
CTRIA3      8539       1    2456    2457    2458
CTRIA3      8540       1    2456    2452    2455
CTRIA3      8541       1    2453    2442    2451
CTRIA3      8542       1    2457    2416    2415
CTRIA3      8543       1    2457    2454    2416
CTRIA3      8544       1    2454    2418    2417
CTRIA3      8545       1    2454    2451    2418
CTRIA3      8546       1    2457    2459    2458
CTRIA3      8547       1    2414    2457    2415
CTRIA3      8548       1    2460    2457    2414
CTRIA3      8549       1    2461    2462    2463
CTRIA3      8550       1    2460    2461    2459
CTRIA3      8551       1    2462    2413    2412
CTRIA3      8552       1    2462    2460    2413
CTRIA3      8553       1    2470    2468    2469
CTRIA3      8554       1    2474    2468    2471
CTRIA3      8555       1    2468    2477    2469
CTRIA3      8556       1    2467    2477    2468
CTRIA3      8557       1    2478     668    3579
CTRIA3      8558       1    2465    2468    2466
CTRIA3      8559       1    2476    2475    2473
CTRIA3      8560       1    2472    2474    2471
CTRIA3      8561       1    2474    2473    2475
CTRIA3      8562       1    2469    2481    2470
CTRIA3      8563       1    2467    2483    2480
CTRIA3      8564       1    2482    2483    2467
CTRIA3      8565       1    2462    2465    2463
CTRIA3      8566       1    2462    2482    2465
CTRIA3      8567       1    2483    2410    2409
CTRIA3      8568       1    2482    2411    2410
CTRIA3      8569       1    2411    2462    2412
CTRIA3      8570       1    2483    2479    2480
CTRIA3      8571       1    2408    2483    2409
CTRIA3      8572       1    2485    2483    2408
CTRIA3      8573       1    2486    2487    2488
CTRIA3      8574       1    2485    2486    2479
CTRIA3      8575       1    2487    2407    2406
CTRIA3      8576       1    2487    2485    2407
CTRIA3      8577       1     402    2490    2401
CTRIA3      8578       1    2353    2358    2359
CTRIA3      8579       1    2352    2355    2358
CTRIA3      8580       1     395    2492     396
CTRIA3      8581       1    2367    2492    2361
CTRIA3      8582       1    2491    2367    2365
CTRIA3      8583       1    2360    2353    2359
CTRIA3      8584       1    2360    2348    2353
CTRIA3      8585       1    2492    2348    2360
CTRIA3      8586       1    2355    2493    2357
CTRIA3      8587       1    2493    2355    2356
CTRIA3      8588       1    2493    2490    2357
CTRIA3      8589       1    2493    2342    2494
CTRIA3      8590       1    2493    2343    2342
CTRIA3      8591       1    2490    2489    2401
CTRIA3      8592       1    2494    2403    2489
CTRIA3      8593       1    2494    2402    2403
CTRIA3      8594       1    2494    2342    2402
CTRIA3      8595       1    2496    2340    2341
CTRIA3      8596       1    2497    2341    2488
CTRIA3      8597       1    2404    2496    2405
CTRIA3      8598       1    2342    2496    2404
CTRIA3      8599       1    2497    2406    2405
CTRIA3      8600       1    2368    2501    2350
CTRIA3      8601       1    1363    2370    1364
CTRIA3      8602       1    2398    2500    2399
CTRIA3      8603       1    2502    2500    2398
CTRIA3      8604       1    2501    2499    2347
CTRIA3      8605       1    2337    2500    2335
CTRIA3      8606       1    2336    3517    3516
CTRIA3      8607       1    2346    2499    2339
CTRIA3      8608       1    2340    2346    2339
CTRIA3      8609       1    2498     712     650
CTRIA3      8610       1    2503    2334    2333
CTRIA3      8611       1    2481    2504    2333
CTRIA3      8612       1    2503    2486    2488
CTRIA3      8613       1    2477    2504    2469
CTRIA3      8614       1    2504    2479    2486
CTRIA3      8615       1    2507    2505    2330
CTRIA3      8616       1    2473    2507    2476
CTRIA3      8617       1    2472    2505    2506
CTRIA3      8618       1    2472    2481    2505
CTRIA3      8619       1    2381     466    3011
CTRIA3      8620       1    2512    2510    2377
CTRIA3      8621       1    2510    2508    2321
CTRIA3      8622       1    2375    2509    2376
CTRIA3      8623       1    2375    2510    2509
CTRIA3      8624       1    2322    2510    2321
CTRIA3      8625       1    2397    2324    2326
CTRIA3      8626       1    2376    2324    2397
CTRIA3      8627       1    2327    2397    2326
CTRIA3      8628       1    2516    2323    2317
CTRIA3      8629       1    2515    2316    2514
CTRIA3      8630       1    2317    2316    2515
CTRIA3      8631       1    2516    2507    2330
CTRIA3      8632       1    2507    2514    2476
CTRIA3      8633       1    2287    2522    2292
CTRIA3      8634       1    2284    2287    2285
CTRIA3      8635       1    2518    2287    2284
CTRIA3      8636       1    2519    2521    2522
CTRIA3      8637       1    2520    2521    2519
CTRIA3      8638       1    2523    2521    2520
CTRIA3      8639       1    2293    2475    2476
CTRIA3      8640       1    2529    2293    2292
CTRIA3      8641       1    2526    2475    2528
CTRIA3      8642       1    2475    2527    2474
CTRIA3      8643       1    2521    2529    2522
CTRIA3      8644       1    2521    2526    2529
CTRIA3      8645       1    2531    2527    2530
CTRIA3      8646       1    2531    2521    2524
CTRIA3      8647       1    2463    2531    2461
CTRIA3      8648       1    2466    2531    2463
CTRIA3      8649       1    2531    2459    2461
CTRIA3      8650       1    2531    2525    2459
CTRIA3      8651       1    2448    2518    2532
CTRIA3      8652       1    2448    2520    2518
CTRIA3      8653       1    2520    2533    2523
CTRIA3      8654       1    2533    2448    2443
CTRIA3      8655       1    2525    2456    2458
CTRIA3      8656       1    2456    2523    2533
CTRIA3      8657       1    2456    2440    2453
CTRIA3      8658       1    2456    2443    2440
CTRIA3      8659       1    2282    2534    2284
CTRIA3      8660       1    2534    2282    2283
CTRIA3      8661       1    2534    2433    2434
CTRIA3      8662       1    2448    2534    2447
CTRIA3      8663       1    2437    2534    2434
CTRIA3      8664       1    2286    2535    2279
CTRIA3      8665       1    2282    2286    2279
CTRIA3      8666       1    2536    2537    2302
CTRIA3      8667       1    2540    2537    2538
CTRIA3      8668       1    2537    2306    2302
CTRIA3      8669       1    2537    2280    2535
CTRIA3      8670       1    2537    2275    2280
CTRIA3      8671       1    2540    2276    2539
CTRIA3      8672       1    2540    2273    2276
CTRIA3      8673       1    2267    2543    2541
CTRIA3      8674       1    2269    2542    2267
CTRIA3      8675       1    2542    2269    2271
CTRIA3      8676       1    2540    2542    2273
CTRIA3      8677       1    2273    2542    2271
CTRIA3      8678       1    2264    2547    2548
CTRIA3      8679       1    2544    2264    2541
CTRIA3      8680       1    2547    2536    2303
CTRIA3      8681       1    2547    2545    2536
CTRIA3      8682       1    2545    2540    2538
CTRIA3      8683       1    2540    2544    2543
CTRIA3      8684       1    2547    2259    2548
CTRIA3      8685       1    2547    2549    2259
CTRIA3      8686       1    2549    2304    2308
CTRIA3      8687       1    2304    2547    2303
CTRIA3      8688       1    2261    2550    2551
CTRIA3      8689       1    2549    2550    2261
CTRIA3      8690       1    2550    2308    2309
CTRIA3      8691       1    2256    2554    2555
CTRIA3      8692       1    2553    2554    2256
CTRIA3      8693       1    2550    2255    2551
CTRIA3      8694       1    2550    2553    2255
CTRIA3      8695       1    2554    2313    2517
CTRIA3      8696       1    2553    2311    2313
CTRIA3      8697       1    2311    2550    2309
CTRIA3      8698       1    2252    2556    2557
CTRIA3      8699       1    2558    2556    2252
CTRIA3      8700       1    2556    2319    2508
CTRIA3      8701       1    2554    2251    2555
CTRIA3      8702       1    2554    2558    2251
CTRIA3      8703       1    2558    2320    2319
CTRIA3      8704       1    2320    2554    2517
CTRIA3      8705       1    2248    2385    2243
CTRIA3      8706       1    2561    2248    2246
CTRIA3      8707       1    2556    2246    2557
CTRIA3      8708       1    2560    2385    2561
CTRIA3      8709       1    2385    2512    2384
CTRIA3      8710       1    2560    2508    2513
CTRIA3      8711       1    2560    2556    2508
CTRIA3      8712       1    2564    2239    2238
CTRIA3      8713       1    2562    2238    2563
CTRIA3      8714       1    2383    2563    2243
CTRIA3      8715       1    2382    2564    2562
CTRIA3      8716       1    2381    3011    3012
CTRIA3      8717       1    2235    2565    2396
CTRIA3      8718       1    2565    2395    2396
CTRIA3      8719       1    2390    2395    2565
CTRIA3      8720       1    2390    2392    2395
CTRIA3      8721       1    2606    2604    2603
CTRIA3      8722       1    2742    2739    2741
CTRIA3      8723       1    2738    2740    2736
CTRIA3      8724       1    2769    2773    2774
CTRIA3      8725       1    2768    2770    2769
CTRIA3      8726       1    2776    2779    2775
CTRIA3      8727       1    2773    2775    2774
CTRIA3      8728       1    2809    2808    2807
CTRIA3      8729       1    2813    2809    2807
CTRIA3      8730       1    2814    2811    2813
CTRIA3      8731       1    2765    2895    2894
CTRIA3      8732       1    2743    2903    2751
CTRIA3      8733       1    2806    2718    2899
CTRIA3      8734       1    2805    2899    2808
CTRIA3      8735       1    2711    2716    2906
CTRIA3      8736       1    2645    2656    2907
CTRIA3      8737       1    2722    2913    2906
CTRIA3      8738       1    2912    2709    2913
CTRIA3      8739       1    2912    2907    2709
CTRIA3      8740       1    2912    2722    2721
CTRIA3      8741       1    2649    2911    2658
CTRIA3      8742       1    2652    2915    2916
CTRIA3      8743       1    2652    2603    2915
CTRIA3      8744       1    2652    2649    2648
CTRIA3      8745       1    2671    2589    2919
CTRIA3      8746       1    2671    2674    2670
CTRIA3      8747       1    2930    2932    2931
CTRIA3      8748       1    3018    2932    2930
CTRIA3      8749       1    2948    2947    2949
CTRIA3      8750       1    3008    2948    2949
CTRIA3      8751       1    3008    2952    2948
CTRIA3      8752       1    2951    2950    2948
CTRIA3      8753       1    2960    2950    2951
CTRIA3      8754       1    2957    2952    2954
CTRIA3      8755       1    2957    2951    2952
CTRIA3      8756       1    2961    2959    3006
CTRIA3      8757       1    2961    2960    2959
CTRIA3      8758       1    2958    2959    2957
CTRIA3      8759       1    2983    2979    2980
CTRIA3      8760       1    2983    2981    2979
CTRIA3      8761       1    3001    2995    3000
CTRIA3      8762       1    3001    2997    2995
CTRIA3      8763       1    2980    2998    2983
CTRIA3      8764       1    2980    2997    2998
CTRIA3      8765       1    2995    2976    2994
CTRIA3      8766       1    2996    2976    2995
CTRIA3      8767       1    2996    2975    2976
CTRIA3      8768       1    2996    2974    2975
CTRIA3      8769       1    2990    3002    2992
CTRIA3      8770       1    2990    3003    3002
CTRIA3      8771       1    2961    3003    2960
CTRIA3      8772       1    2971    2969    2970
CTRIA3      8773       1    2969    2971    3002
CTRIA3      8774       1    3004    2963    2969
CTRIA3      8775       1    3004    2962    2963
CTRIA3      8776       1    2968    3006    2958
CTRIA3      8777       1    2962    2965    2964
CTRIA3      8778       1    3006    2965    2962
CTRIA3      8779       1    2968    2965    3006
CTRIA3      8780       1    2968    2966    2965
CTRIA3      8781       1    3005    2984    2991
CTRIA3      8782       1    2950    3005    2991
CTRIA3      8783       1    2999    2944    2946
CTRIA3      8784       1    2989    2999    2946
CTRIA3      8785       1    2989    2998    2999
CTRIA3      8786       1    2938    3010    2941
CTRIA3      8787       1    2938    3012    3010
CTRIA3      8788       1    3000    3026    3001
CTRIA3      8789       1    3028    2978    2934
CTRIA3      8790       1    2978    3027    2977
CTRIA3      8791       1    3027    2994    2977
CTRIA3      8792       1    3025    2936    2938
CTRIA3      8793       1    3025    3028    2936
CTRIA3      8794       1    3031    3024    3022
CTRIA3      8795       1    3031    2921    3024
CTRIA3      8796       1    2921    3031    3032
CTRIA3      8797       1    3017    3020    3016
CTRIA3      8798       1    3017    3031    3020
CTRIA3      8799       1    3031    3017    3018
CTRIA3      8800       1    2927    2929    2928
CTRIA3      8801       1    2927    2930    2929
CTRIA3      8802       1    2930    2927    3032
CTRIA3      8803       1    3087    3078    3076
CTRIA3      8804       1    3309    3127    3129
CTRIA3      8805       1    3126    3125    3124
CTRIA3      8806       1    3139    3140    3141
CTRIA3      8807       1    3138    3135    3134
CTRIA3      8808       1    3138    3151    3140
CTRIA3      8809       1    3137    3134    3136
CTRIA3      8810       1    3143    3145    3144
CTRIA3      8811       1    3170    3169     450
CTRIA3      8812       1    3167    3168    3169
CTRIA3      8813       1    3216    3215    3214
CTRIA3      8814       1    3218    3214    3221
CTRIA3      8815       1    3220    3218    3221
CTRIA3      8816       1    3225    3222    3220
CTRIA3      8817       1    3226    3227    3272
CTRIA3      8818       1    3288    3287    3289
CTRIA3      8819       1    3287    3283    3286
CTRIA3      8820       1    3286    3290    3293
CTRIA3      8821       1    3295    3179    3178
CTRIA3      8822       1    3204    3166    3205
CTRIA3      8823       1    3279    3297    3204
CTRIA3      8824       1    3166    3173    3168
CTRIA3      8825       1    3297    3173    3166
CTRIA3      8826       1    3288    3297    3282
CTRIA3      8827       1    3306    3136    3308
CTRIA3      8828       1    3203    3306    3200
CTRIA3      8829       1    3307    3161    3162
CTRIA3      8830       1    3164    3203    3205
CTRIA3      8831       1    3139    3141    3304
CTRIA3      8832       1    3135    3304    3129
CTRIA3      8833       1    3311    3048     378
CTRIA3      8834       1    3145    3312    3311
CTRIA3      8835       1    3048    3299    3301
CTRIA3      8836       1    3438    3428    3427
CTRIA3      8837       1    3439    3451    3452
CTRIA3      8838       1    3428    3451    3439
CTRIA3      8839       1    3451    3438    3437
CTRIA3      8840       1    3464    3463    3462
CTRIA3      8841       1    3465    3462    3467
CTRIA3      8842       1    3461    3381    3463
CTRIA3      8843       1    3495    3498    3496
CTRIA3      8844       1    3501    3498    3495
CTRIA3      8845       1     666    3538    3570
CTRIA3      8846       1    3588    3565    3566
CTRIA3      8847       1    3565    3588    3584
CTRIA3      8848       1    3487    3509    3508
CTRIA3      8849       1    3487    3511    3509
CTRIA3      8850       1    3822    3821    3820
CTRIA3      8851       1    3824     498    3826
CTRIA3      8852       1    3899    3876    3898
CTRIA3      8853       1    3913    3915    3916
CTRIA3      8854       1    3992    3995    3993
CTRIA3      8855       1    3992    3994    3995
CTRIA3      8856       1    4161    4159    4162
CTRIA3      8857       1    4166    4168    4167
CTRIA3      8858       1    4269    4258    4268
CTRIA3      8859       1    4256    4253    4254
CTRIA3      8860       1    4231    4169    4235
CTRIA3      8861       1    4231    4172    4169
CTRIA3      8862       1    4157    4159    4160
CTRIA3      8863       1    4142    4281    4137
CTRIA3      8864       1    4280    4148    4279
CTRIA3      8865       1    4281    4161    4165
CTRIA3      8866       1    4160    4280    4279
CTRIA3      8867       1    4189    4114    4285
CTRIA3      8868       1    4190    4114    4189
CTRIA3      8869       1    4193    4105    4287
CTRIA3      8870       1    4198    4105    4193
CTRIA3      8871       1    4042    4037    4040
CTRIA3      8872       1    4042    4014    4291
CTRIA3      8873       1    4042    4009    4014
CTRIA3      8874       1    4037    4018    4036
CTRIA3      8875       1    4037    4013    4018
CTRIA3      8876       1    4005    4091    4000
CTRIA3      8877       1    4005    4090    4091
CTRIA3      8878       1    3986    4082    3987
CTRIA3      8879       1    3986    4078    4082
CTRIA3      8880       1    4311    4312    4314
CTRIA3      8881       1    4311    4313    4312
CTRIA3      8882       1    4314    4316    4315
CTRIA3      8883       1    4421    4314    4312
CTRIA3      8884       1    4314    4318    4316
CTRIA3      8885       1    4329    4331    4328
CTRIA3      8886       1    4352    4330    4329
CTRIA3      8887       1    4500    4369    4372
CTRIA3      8888       1    4500    4367    4369
CTRIA3      8889       1    4366    4367    4502
CTRIA3      8890       1    4409    4412    4410
CTRIA3      8891       1    4399    4412    4409
CTRIA3      8892       1    4430    4411    4412
CTRIA3      8893       1    4430    4429    4411
CTRIA3      8894       1    4412    4397    4430
CTRIA3      8895       1    4463    4466    4464
CTRIA3      8896       1    4512    4516    4460
CTRIA3      8897       1    4510    4516    4512
CTRIA3      8898       1    4509    4516    4510
CTRIA3      8899       1    4454    4474    4475
CTRIA3      8900       1    4474    4457    4472
CTRIA3      8901       1    4471    4472    4457
CTRIA3      8902       1    4452    4477    4453
CTRIA3      8903       1    4446    4493    4495
CTRIA3      8904       1    4444    4517    1023
CTRIA3      8905       1    4518    4519    4437
CTRIA3      8906       1    4518    4520    4519
CTRIA3      8907       1    4520    4521    4395
CTRIA3      8908       1    4521    4518    4494
CTRIA3      8909       1    4395    4482    4392
CTRIA3      8910       1    4491    4521    4494
CTRIA3      8911       1    4388    4419    4390
CTRIA3      8912       1    4384    4388    4389
CTRIA3      8913       1    4523    4389    4394
CTRIA3      8914       1    4484    4394    4392
CTRIA3      8915       1    4523    4522    4384
CTRIA3      8916       1    4486    4523    4484
CTRIA3      8917       1    4423    4387    4525
CTRIA3      8918       1    4423    4422    4387
CTRIA3      8919       1    4524    4525    4387
CTRIA3      8920       1    4522    4489    4536
CTRIA3      8921       1    4522    4486    4489
CTRIA3      8922       1    4376    4536    4489
CTRIA3      8923       1    4498    4375    4499
CTRIA3      8924       1    4360    4540    4533
CTRIA3      8925       1    4564    4563    4562
CTRIA3      8926       1    4564    4566    4563
CTRIA3      8927       1    4562    4567    4574
CTRIA3      8928       1    4563    4565    4567
CTRIA3      8929       1    4576    4566    4575
CTRIA3      8930       1    4529    4583    4325
CTRIA3      8931       1    4532    4583    4529
CTRIA3      8932       1    4533    4583    4532
CTRIA3      8933       1    4582    4573    4570
CTRIA3      8934       1    4584    4570    4571
CTRIA3      8935       1    4321    4571    4322
CTRIA3      8936       1    4331    4584    4328
CTRIA3      8937       1    4584    4331    4332
CTRIA3      8938       1    4577    4576    4315
CTRIA3      8939       1    4313    4306    4585
CTRIA3      8940       1    4586    4301    4302
CTRIA3      8941       1    4564    4586    4578
CTRIA3      8942       1    4298    4581    4297
CTRIA3      8943       1    4559    4581    4560
CTRIA3      8944       1    4559    4556    4581
CTRIA3      8945       1    4558    4556    4559
$..
ENDDATA
