$..
$----------------------------------------
$..
$..          BULK DATA CARDS
$..
BEGIN BULK
$..
$----------------------------------------
$..
$..          NODES
$..
GRID*                  1                  6315.110160305   290.671952278       1
*      1 -3253.997491074
GRID*                  2                  6323.418749828    33.402343259       2
*      2 -3255.209829427
GRID*                  3                  6323.966955924    -0.217496062       3
*      3 -3252.363198461
GRID*                  4                  6322.118838757     1.914572160       4
*      4 -3261.956881176
GRID*                  5                  6313.488869928   324.228816986       5
*      5 -3250.834300152
GRID*                  6                  6308.168621720   354.474693805       6
*      6 -3267.110441980
GRID*                  7                  6309.860675695   356.639287122       7
*      7 -3257.495272241
GRID*                  8                  5556.472807065   314.586475386       8
*      8 -4578.764426142
GRID*                  9                  5546.491598885   313.973714659       9
*      9 -4578.767177055
GRID*                 10                  5548.237364758   285.538103277      10
*     10 -4578.901150512
GRID*                 11                  5557.409852085     1.518705029      11
*     11 -4580.239543778
GRID*                 12                  5567.409485186     1.604365816      12
*     12 -4580.239249262
GRID*                 13                  5557.166460071    30.006717442      13
*     13 -4580.105343896
GRID*                 14                  5549.832619817   257.093747852      14
*     14 -4579.035234740
GRID*                 15                  6316.945976687   291.790910426      15
*     15 -3244.173346825
GRID*                 16                  6325.325930772    32.311725951      16
*     16 -3245.396098520
GRID*                 17                  5549.833031359   256.951802131      17
*     17 -4548.910223546
GRID*                 18                  5549.833506284   256.787994759      18
*     18 -4514.145533883
GRID*                 19                  5549.833909378   256.648962933      19
*     19 -4484.638935799
GRID*                 20                  5549.834316054   256.508695327      20
*     20 -4454.870069415
GRID*                 21                  5549.834724881   256.367686047      21
*     21 -4424.943798012
GRID*                 22                  5549.835135239   256.226148723      22
*     22 -4394.905460439
GRID*                 23                  5549.835546059   256.084451944      23
*     23 -4364.833281804
GRID*                 24                  5549.835957323   255.942602109      24
*     24 -4334.728620271
GRID*                 25                  5549.836368294   255.800853078      25
*     25 -4304.645352389
GRID*                 26                  5549.836779248   255.659110353      26
*     26 -4274.563422626
GRID*                 27                  5549.837190531   255.517253703      27
*     27 -4244.457314750
GRID*                 28                  5549.837607319   255.373498740      28
*     28 -4213.948329755
GRID*                 29                  5549.838020261   255.231070035      29
*     29 -4183.720815133
GRID*                 30                  5549.838432776   255.088788594      30
*     30 -4153.524554226
GRID*                 31                  5549.838844554   254.946761594      31
*     31 -4123.382293222
GRID*                 32                  5549.839255991   254.804852014      32
*     32 -4093.264952008
GRID*                 33                  5549.839666312   254.663327114      33
*     33 -4063.229251200
GRID*                 34                  5549.840076602   254.521813199      34
*     34 -4033.195881730
GRID*                 35                  5549.840485935   254.380629558      35
*     35 -4003.232605960
GRID*                 36                  5549.840893256   254.240139611      36
*     36 -3973.416552149
GRID*                 37                  5549.841299529   254.100011091      37
*     37 -3943.677203838
GRID*                 38                  5549.841706116   253.959774510      38
*     38 -3913.914921743
GRID*                 39                  5549.842113528   253.819253081      39
*     39 -3884.092186601
GRID*                 40                  5550.326517411   253.704565957      40
*     40 -3854.263880880
GRID*                 41                  5552.176559926   253.662551163      41
*     41 -3824.372869452
GRID*                 42                  5555.436163808   253.695362255      42
*     42 -3794.378136495
GRID*                 43                  5560.106065183   253.803967588      43
*     43 -3764.476817112
GRID*                 44                  5566.181104781   253.988569300      44
*     44 -3734.770299506
GRID*                 45                  5573.633135625   254.248363513      45
*     45 -3705.407132131
GRID*                 46                  5582.466397856   254.583530115      46
*     46 -3676.377412044
GRID*                 47                  5592.665439381   254.993589018      47
*     47 -3647.754460801
GRID*                 48                  5604.189733824   255.476937082      48
*     48 -3619.657583208
GRID*                 49                  5616.956644123   256.029971744      49
*     49 -3592.259260949
GRID*                 50                  5631.000594507   256.654093813      50
*     50 -3565.466441637
GRID*                 51                  5646.284209240   257.347664633      51
*     51 -3539.355171463
GRID*                 52                  5662.794181617   258.110111291      52
*     52 -3513.954750965
GRID*                 53                  5680.484429615   258.939340527      53
*     53 -3489.343472248
GRID*                 54                  5699.283785221   259.832004864      54
*     54 -3465.617910875
GRID*                 55                  5719.149891317   260.786056121      55
*     55 -3442.823691751
GRID*                 56                  5740.074562792   261.801096065      56
*     56 -3420.969113365
GRID*                 57                  5761.987048662   262.873696365      57
*     57 -3400.128866157
GRID*                 58                  5784.851774195   264.002110709      58
*     58 -3380.335732633
GRID*                 59                  5808.629967564   265.184434745      59
*     59 -3361.625208025
GRID*                 60                  5833.251787516   266.417200546      60
*     60 -3344.053266015
GRID*                 61                  5858.648201675   267.696940067      61
*     61 -3327.666683677
GRID*                 62                  5884.800379033   269.022703621      62
*     62 -3312.477446044
GRID*                 63                  5911.630567857   270.390556383      63
*     63 -3298.532140364
GRID*                 64                  5939.103659602   271.798715653      64
*     64 -3285.850542395
GRID*                 65                  5967.252206732   273.248902253      65
*     65 -3274.428727082
GRID*                 66                  5995.809349001   274.727374691      66
*     66 -3264.376441198
GRID*                 67                  6024.718590541   276.231140837      67
*     67 -3255.699311827
GRID*                 68                  6053.962867648   277.759268611      68
*     68 -3248.393022033
GRID*                 69                  6083.359673730   279.302154341      69
*     69 -3242.488953503
GRID*                 70                  6113.678672037   280.900372178      70
*     70 -3237.870408706
GRID*                 71                  6143.288706495   282.467868102      71
*     71 -3234.770964493
GRID*                 72                  6172.945326308   284.044321387      72
*     72 -3233.044057257
GRID*                 73                  6201.798413877   285.584246570      73
*     73 -3232.676408042
GRID*                 74                  6231.942634657   287.199585923      74
*     74 -3233.672597523
GRID*                 75                  6261.923014384   288.812769340      75
*     75 -3236.068921974
GRID*                 76                  6291.268736695   290.398272127      76
*     76 -3239.787215527
GRID*                 77                  6300.147662796    32.009716966      77
*     77 -3241.085230209
GRID*                 78                  6270.561837112    31.660945240      78
*     78 -3237.315376418
GRID*                 79                  6240.959003385    31.318466731      79
*     79 -3234.921466032
GRID*                 80                  6210.618145942    30.974115189      80
*     80 -3233.882386744
GRID*                 81                  6180.774947918    30.641962719      81
*     81 -3234.250601397
GRID*                 82                  6150.187289726    30.308278097      82
*     82 -3236.061271996
GRID*                 83                  6118.735270974    29.972354503      83
*     83 -3239.449081781
GRID*                 84                  6088.895561890    29.660495298      84
*     84 -3244.115693919
GRID*                 85                  6056.229677059    29.326918861      85
*     85 -3250.883771431
GRID*                 86                  6027.067774451    29.036239878      86
*     86 -3258.435943759
GRID*                 87                  5998.291878926    28.756238373      87
*     87 -3267.337596362
GRID*                 88                  5969.960987804    28.487487754      88
*     88 -3277.570338295
GRID*                 89                  5942.133387459    28.230542769      89
*     89 -3289.113507015
GRID*                 90                  5914.874484532    27.986008601      90
*     90 -3301.940237288
GRID*                 91                  5888.246052674    27.754437667      91
*     91 -3316.021091506
GRID*                 92                  5862.302548647    27.536301996      92
*     92 -3331.326944956
GRID*                 93                  5838.162796253    27.340523067      93
*     93 -3347.094649164
GRID*                 94                  5813.845622604    27.150972637      94
*     94 -3364.605439934
GRID*                 95                  5790.224840617    26.974987480      95
*     95 -3383.341602147
GRID*                 96                  5766.469928015    26.807055030      96
*     96 -3404.105201204
GRID*                 97                  5744.759784237    26.662567565      97
*     97 -3424.989339769
GRID*                 98                  5724.043173768    26.533869072      98
*     98 -3446.865248018
GRID*                 99                  5704.370644050    26.421273697      99
*     99 -3469.679577305
GRID*                100                  5685.783644398    26.325015458     100
*    100 -3493.383575964
GRID*                101                  5668.320222337    26.245290683     101
*    101 -3517.928570751
GRID*                102                  5652.016653221    26.182268201     102
*    102 -3543.264260629
GRID*                103                  5636.911864586    26.136100233     103
*    103 -3569.330522003
GRID*                104                  5623.039308801    26.106885553     104
*    104 -3596.068889571
GRID*                105                  5610.427215301    26.094681031     105
*    105 -3623.424405656
GRID*                106                  5599.101672565    26.099514791     106
*    106 -3651.341095338
GRID*                107                  5589.088386964    26.121380458     107
*    107 -3679.756569514
GRID*                108                  5580.410946883    26.160223595     108
*    108 -3708.603268682
GRID*                109                  5573.086819268    26.215959582     109
*    109 -3737.821761291
GRID*                110                  5567.131127703    26.288475270     110
*    110 -3767.352126361
GRID*                111                  5562.556981683    26.377621585     111
*    111 -3797.131600365
GRID*                112                  5559.375499302    26.483181109     112
*    112 -3827.087643832
GRID*                113                  5557.617749999    26.601997366     113
*    113 -3856.476612985
GRID*                114                  5557.175952179    26.732775568     114
*    114 -3885.279636517
GRID*                115                  5557.175545382    26.873084515     115
*    115 -3915.057276638
GRID*                116                  5557.175133998    27.014975909     116
*    116 -3945.170758204
GRID*                117                  5557.174712953    27.160199478     117
*    117 -3975.991424369
GRID*                118                  5557.174301353    27.302165027     118
*    118 -4006.120643611
GRID*                119                  5557.173888569    27.444539130     119
*    119 -4036.336570073
GRID*                120                  5557.173477618    27.586281196     120
*    120 -4066.418359975
GRID*                121                  5557.173067743    27.727652017     121
*    121 -4096.421360780
GRID*                122                  5557.172657414    27.869179347     122
*    122 -4126.457577267
GRID*                123                  5557.172247828    28.010450408     123
*    123 -4156.439406105
GRID*                124                  5557.171831927    28.153899709     124
*    124 -4186.883520847
GRID*                125                  5557.171422937    28.294965387     125
*    125 -4216.821761510
GRID*                126                  5557.171012468    28.436541074     126
*    126 -4246.868240848
GRID*                127                  5557.170601363    28.578336208     127
*    127 -4276.961293173
GRID*                128                  5557.170192399    28.719392635     128
*    128 -4306.897570351
GRID*                129                  5557.169783068    28.860575933     129
*    129 -4336.860773470
GRID*                130                  5557.169368856    29.003442584     130
*    130 -4367.181232959
GRID*                131                  5557.168960396    29.144325273     131
*    131 -4397.080637861
GRID*                132                  5557.168548212    29.286492369     132
*    132 -4427.252631312
GRID*                133                  5557.168134109    29.429321542     133
*    133 -4457.565136912
GRID*                134                  5557.167720410    29.572011225     134
*    134 -4487.848038647
GRID*                135                  5557.167308746    29.713999196     135
*    135 -4517.982016565
GRID*                136                  5557.166856913    29.869841900     136
*    136 -4551.056371999
GRID*                137                  5567.044384810    40.141559265     137
*    137 -4580.057748315
GRID*                138                  5566.576935866    69.744701952     138
*    138 -4579.918254987
GRID*                139                  5565.942206002    99.546178694     139
*    139 -4579.777824844
GRID*                140                  5565.151413578   129.053634384     140
*    140 -4579.638777965
GRID*                141                  5564.205598267   158.373407418     141
*    141 -4579.500613310
GRID*                142                  5563.092845260   187.873965051     142
*    142 -4579.361594537
GRID*                143                  5561.808900300   217.581019986     143
*    143 -4579.221600430
GRID*                144                  5560.400963912   246.508474312     144
*    144 -4579.085278027
GRID*                145                  5558.856664181   274.775268836     145
*    145 -4578.951695870
GRID*                146                  5556.473126845   314.484617524     146
*    146 -4557.236341996
GRID*                147                  5556.473607821   314.334980735     147
*    147 -4525.650164929
GRID*                148                  5556.474071131   314.191807248     148
*    148 -4495.440124907
GRID*                149                  5556.474524134   314.051991357     149
*    149 -4465.940647018
GRID*                150                  5556.474980711   313.911139334     150
*    150 -4436.223629397
GRID*                151                  5556.475442602   313.768583182     151
*    151 -4406.146645683
GRID*                152                  5556.475909633   313.624463777     152
*    152 -4375.740258740
GRID*                153                  5556.476373141   313.481382710     153
*    153 -4345.552715177
GRID*                154                  5556.476835244   313.338720674     154
*    154 -4315.453622723
GRID*                155                  5556.477291609   313.197808102     155
*    155 -4285.723631076
GRID*                156                  5556.477744026   313.058082708     156
*    156 -4256.243997660
GRID*                157                  5556.478199494   312.917387464     157
*    157 -4226.559650814
GRID*                158                  5556.478659781   312.775153775     158
*    158 -4196.550388116
GRID*                159                  5556.479120924   312.632578826     159
*    159 -4166.468463940
GRID*                160                  5556.479581466   312.490054708     160
*    160 -4136.395897924
GRID*                161                  5556.480041211   312.347562881     161
*    161 -4106.327855059
GRID*                162                  5556.480501575   312.204953295     162
*    162 -4076.236057357
GRID*                163                  5556.480972762   312.062044552     163
*    163 -4046.118175222
GRID*                164                  5556.481519134   311.918006406     164
*    164 -4016.029068354
GRID*                165                  5556.482447382   311.767700599     165
*    165 -3985.977352800
GRID*                166                  5556.484393670   311.600090412     166
*    166 -3955.984768506
GRID*                167                  5556.486799593   311.524727461     167
*    167 -3926.099883006
GRID*                168                  5557.316172323   311.441029568     168
*    168 -3896.505708070
GRID*                169                  5559.542991713   311.419358436     169
*    169 -3867.062866582
GRID*                170                  5563.141167277   311.465351016     170
*    170 -3837.897621258
GRID*                171                  5568.153680332   311.301452882     171
*    171 -3808.761175085
GRID*                172                  5574.520656067   310.803396213     172
*    172 -3779.863283038
GRID*                173                  5582.181138236   310.286875154     173
*    173 -3751.020080221
GRID*                174                  5590.289972352   310.301768930     174
*    174 -3721.917806844
GRID*                175                  5598.643630800   310.727861293     175
*    175 -3693.140825154
GRID*                176                  5608.147323423   311.199883081     176
*    176 -3665.050267546
GRID*                177                  5619.003472083   311.767639942     177
*    177 -3637.379492973
GRID*                178                  5631.146428354   312.422318961     178
*    178 -3610.298482856
GRID*                179                  5644.481412066   313.157470809     179
*    179 -3583.980337480
GRID*                180                  5659.028799634   313.974053816     180
*    180 -3558.352475908
GRID*                181                  5674.697593210   314.866897874     181
*    181 -3533.551781425
GRID*                182                  5691.563618959   315.840309060     182
*    182 -3509.451807984
GRID*                183                  5709.596248864   316.892614875     183
*    183 -3486.116137200
GRID*                184                  5728.790560155   318.023631303     184
*    184 -3463.573993450
GRID*                185                  5748.955184507   319.222078508     185
*    185 -3442.050959507
GRID*                186                  5770.178313852   320.493178336     186
*    186 -3421.450389347
GRID*                187                  5792.229421096   321.823083177     187
*    187 -3401.988485841
GRID*                188                  5815.169194704   323.215373524     188
*    188 -3383.595730979
GRID*                189                  5838.815134500   324.658886196     189
*    189 -3366.403045970
GRID*                190                  5863.457419102   326.171385260     190
*    190 -3350.207398304
GRID*                191                  5888.827077902   327.736457210     191
*    191 -3335.206180473
GRID*                192                  5915.036153098   329.361025379     192
*    192 -3321.346834402
GRID*                193                  5941.781552059   331.026438633     193
*    193 -3308.795781220
GRID*                194                  5969.275785855   332.745925779     194
*    194 -3297.460911294
GRID*                195                  5997.363546978   334.509656395     195
*    195 -3287.428448041
GRID*                196                  6025.697082437   336.296311160     196
*    196 -3278.813458984
GRID*                197                  6054.486368240   338.117842678     197
*    197 -3271.542363401
GRID*                198                  6083.891670210   339.986850060     198
*    198 -3265.603720552
GRID*                199                  6113.711106171   341.887474082     199
*    199 -3261.072788599
GRID*                200                  6143.241201757   343.779023969     200
*    200 -3258.034171886
GRID*                201                  6173.129197354   345.696818171     201
*    201 -3256.404096017
GRID*                202                  6203.495354542   347.653340418     202
*    202 -3256.225753697
GRID*                203                  6234.885579461   349.687021417     203
*    203 -3257.607420976
GRID*                204                  6266.680681626   351.748854107     204
*    204 -3260.637721473
GRID*                205                  6280.093915802   354.709496439     205
*    205 -3252.554817593
GRID*                206                  6250.123702002   352.773419687     206
*    206 -3249.045693221
GRID*                207                  6218.908174841   350.764134790     207
*    207 -3246.926452723
GRID*                208                  6187.585930104   348.755334556     208
*    208 -3246.360714751
GRID*                209                  6157.335890902   346.822269315     209
*    209 -3247.293286053
GRID*                210                  6127.300480901   344.909727508     210
*    210 -3249.663953529
GRID*                211                  6097.449828169   343.015746505     211
*    211 -3253.462015767
GRID*                212                  6066.730574403   341.073860340     212
*    212 -3258.899774728
GRID*                213                  6037.458820486   339.230452570     213
*    213 -3265.561526457
GRID*                214                  6008.532616472   337.415716897     214
*    214 -3273.611083054
GRID*                215                  5979.943336675   335.629141554     215
*    215 -3283.057020976
GRID*                216                  5951.510686968   333.859614581     216
*    216 -3293.991813666
GRID*                217                  5923.969299682   332.152850344     217
*    217 -3306.131615108
GRID*                218                  5897.092720583   330.494656146     218
*    218 -3319.542500653
GRID*                219                  5870.898503542   328.886083846     219
*    219 -3334.209085381
GRID*                220                  5845.433465259   327.329999219     220
*    220 -3350.103201358
GRID*                221                  5820.997191500   325.844586468     221
*    221 -3367.011871402
GRID*                222                  5797.381772462   324.417083196     222
*    222 -3385.052615807
GRID*                223                  5774.523077990   323.043677178     223
*    223 -3404.288075805
GRID*                224                  5752.532262618   321.731153537     224
*    224 -3424.647357352
GRID*                225                  5731.509499829   320.485545440     225
*    225 -3446.049240773
GRID*                226                  5711.516193324   319.310510451     226
*    226 -3468.435321200
GRID*                227                  5692.603112228   318.209040446     227
*    227 -3491.750469549
GRID*                228                  5674.810602728   317.183492415     228
*    228 -3515.946495153
GRID*                229                  5658.445639415   316.251290500     229
*    229 -3540.548723724
GRID*                230                  5642.986066185   315.382713245     230
*    230 -3566.346862891
GRID*                231                  5628.908922091   314.604700855     231
*    231 -3592.574214539
GRID*                232                  5615.935505524   313.901877707     232
*    232 -3619.755890391
GRID*                233                  5604.262618275   313.285189958     233
*    233 -3647.539942204
GRID*                234                  5593.859499109   312.753200663     234
*    234 -3676.039517493
GRID*                235                  5584.936948591   312.316512602     235
*    235 -3704.639539800
GRID*                236                  5576.732648010   311.928588146     236
*    236 -3733.825447523
GRID*                237                  5568.539192144   311.541785710     237
*    237 -3763.101957880
GRID*                238                  5561.407409736   311.221817839     238
*    238 -3792.131694512
GRID*                239                  5555.620376220   310.990289785     239
*    239 -3821.651747610
GRID*                240                  5551.245764951   310.850163990     240
*    240 -3851.371049987
GRID*                241                  5548.302025531   310.801397185     241
*    241 -3881.029751767
GRID*                242                  5546.751372196   310.843102476     242
*    242 -3910.953160864
GRID*                243                  5546.500304188   310.968525559     243
*    243 -3940.978726134
GRID*                244                  5546.499906556   311.109777547     244
*    244 -3970.956351524
GRID*                245                  5546.499492033   311.251327159     245
*    245 -4000.997351007
GRID*                246                  5546.499081070   311.392985343     246
*    246 -4031.061341867
GRID*                247                  5546.498669667   311.534884333     247
*    247 -4061.176435637
GRID*                248                  5546.498258321   311.676773175     248
*    248 -4091.289375094
GRID*                249                  5546.497847464   311.818482367     249
*    249 -4121.364188120
GRID*                250                  5546.497436566   311.960206529     250
*    250 -4151.442178094
GRID*                251                  5546.497025477   312.101995690     251
*    251 -4181.533962851
GRID*                252                  5546.496614859   312.243622873     252
*    252 -4211.591371127
GRID*                253                  5546.496207904   312.383986705     253
*    253 -4241.380659594
GRID*                254                  5546.495800675   312.524444275     254
*    254 -4271.189842060
GRID*                255                  5546.495396985   312.663683063     255
*    255 -4300.740363270
GRID*                256                  5546.494987094   312.805057483     256
*    256 -4330.744127982
GRID*                257                  5546.494575930   312.946875051     257
*    257 -4360.841941419
GRID*                258                  5546.494162993   313.089300324     258
*    258 -4391.068727801
GRID*                259                  5546.493750831   313.231458961     259
*    259 -4421.238925967
GRID*                260                  5546.493343550   313.371940984     260
*    260 -4451.053297759
GRID*                261                  5546.492939231   313.511383884     261
*    261 -4480.647138082
GRID*                262                  5546.492536177   313.650418335     262
*    262 -4510.154292622
GRID*                263                  5546.492121237   313.793520176     263
*    263 -4540.524666890
GRID*                264                  6284.024616810   322.474917568     264
*    264 -3245.913741592
GRID*                265                  6254.362180018   320.715980427     265
*    265 -3242.379321175
GRID*                266                  6224.566887942   318.955736610     266
*    266 -3240.238792145
GRID*                267                  6194.426370217   317.181850861     267
*    267 -3239.496524223
GRID*                268                  6164.381737592   315.420304003     268
*    268 -3240.176063454
GRID*                269                  6134.533019865   313.676890256     269
*    269 -3242.258939429
GRID*                270                  6104.906786501   311.953038493     270
*    270 -3245.727393394
GRID*                271                  6074.357386331   310.182464613     271
*    271 -3250.790235103
GRID*                272                  6045.087596300   308.492917625     272
*    272 -3257.090294450
GRID*                273                  6016.090897849   306.825926976     273
*    273 -3264.773397184
GRID*                274                  5987.427459040   305.184964422     274
*    274 -3273.832176698
GRID*                275                  5959.020460302   303.565766745     275
*    275 -3284.311524206
GRID*                276                  5931.343065694   301.995283492     276
*    276 -3296.036423868
GRID*                277                  5904.256776642   300.465561382     277
*    277 -3309.047625045
GRID*                278                  5877.763002321   298.976776935     278
*    278 -3323.347922967
GRID*                279                  5851.967553605   297.534879445     279
*    279 -3338.884975335
GRID*                280                  5826.992898109   296.146608480     280
*    280 -3355.579144948
GRID*                281                  5802.858593240   294.813004864     281
*    281 -3373.407805651
GRID*                282                  5779.574689829   293.534671538     282
*    282 -3392.361604151
GRID*                283                  5757.161047683   292.312734353     283
*    283 -3412.431246145
GRID*                284                  5735.702888272   291.151836345     284
*    284 -3433.547784618
GRID*                285                  5715.253758953   290.054893853     285
*    285 -3455.661351509
GRID*                286                  5695.861207295   289.024490085     286
*    286 -3478.722703660
GRID*                287                  5677.573388088   288.063175788     287
*    287 -3502.675927518
GRID*                288                  5660.475110333   287.175381232     288
*    288 -3527.401295941
GRID*                289                  5644.544693277   286.359945365     289
*    289 -3552.923374382
GRID*                290                  5629.840640613   285.619866730     290
*    290 -3579.148479367
GRID*                291                  5616.360151935   284.955030920     291
*    291 -3606.086418114
GRID*                292                  5604.140243089   284.367257204     292
*    292 -3633.680387123
GRID*                293                  5593.180575299   283.856808766     293
*    293 -3661.968025770
GRID*                294                  5583.609559155   283.429702516     294
*    294 -3690.623930042
GRID*                295                  5575.385265108   283.083955113     295
*    295 -3719.758970002
GRID*                296                  5568.556078192   282.821568092     296
*    296 -3749.205407003
GRID*                297                  5563.141149717   282.643088856     297
*    297 -3778.830774269
GRID*                298                  5558.869924380   282.532085961     298
*    298 -3808.514867924
GRID*                299                  5554.703939753   282.427154658     299
*    299 -3838.171006995
GRID*                300                  5551.173503631   282.359161239     300
*    300 -3867.746915697
GRID*                301                  5549.020136742   282.372601603     301
*    301 -3897.437937469
GRID*                302                  5548.248668257   282.467469766     302
*    302 -3927.183378504
GRID*                303                  5548.245824619   282.607260987     303
*    303 -3956.882341876
GRID*                304                  5548.245423264   282.748341825     304
*    304 -3986.823037315
GRID*                305                  5548.245018130   282.888100069     305
*    305 -4016.483959574
GRID*                306                  5548.244616683   283.026633082     306
*    306 -4045.892104222
GRID*                307                  5548.244211287   283.166368046     307
*    307 -4075.555059911
GRID*                308                  5548.243803287   283.307992796     308
*    308 -4105.608419721
GRID*                309                  5548.243391503   283.449641515     309
*    309 -4135.661778743
GRID*                310                  5548.242981393   283.591262223     310
*    310 -4165.715142991
GRID*                311                  5548.242568092   283.732858765     311
*    311 -4195.768535692
GRID*                312                  5548.242162263   283.874418150     312
*    312 -4225.821922690
GRID*                313                  5548.241753063   284.016000271     313
*    313 -4255.875277928
GRID*                314                  5548.241341128   284.157622814     314
*    314 -4285.928675200
GRID*                315                  5548.240928781   284.299274615     315
*    315 -4315.982052853
GRID*                316                  5548.240516073   284.440910911     316
*    316 -4346.035324561
GRID*                317                  5548.240105759   284.582515537     317
*    317 -4376.087788248
GRID*                318                  5548.239694531   284.724082158     318
*    318 -4406.132890313
GRID*                319                  5548.239287918   284.865320480     319
*    319 -4436.111729014
GRID*                320                  5548.238884499   285.003763668     320
*    320 -4465.494463272
GRID*                321                  5548.238485234   285.143457726     321
*    321 -4495.142611307
GRID*                322                  5548.238113127   285.269875598     322
*    322 -4521.968257611
GRID*                323                  5548.237740747   285.397146206     323
*    323 -4548.975565945
GRID*                324                  5557.410063498     1.432803220     324
*    324 -4562.022909850
GRID*                325                  5557.410483560     1.293793531     325
*    325 -4532.512939865
GRID*                326                  5557.410894523     1.150281364     326
*    326 -4502.054458266
GRID*                327                  5557.411307055     1.007212350     327
*    327 -4471.690419074
GRID*                328                  5557.411725540     0.863544574     328
*    328 -4441.200887479
GRID*                329                  5557.412138769     0.719891729     329
*    329 -4410.718223818
GRID*                330                  5557.412558497     0.576350735     330
*    330 -4380.254279932
GRID*                331                  5557.412972613     0.432781139     331
*    331 -4349.785508466
GRID*                332                  5557.413388981     0.289746020     332
*    332 -4319.423077452
GRID*                333                  5557.413800285     0.147361286     333
*    333 -4289.195847227
GRID*                334                  5557.414216794     0.003954856     334
*    334 -4258.757068233
GRID*                335                  5557.414621243    -0.135598311     335
*    335 -4229.144840964
GRID*                336                  5557.415029272    -0.276751413     336
*    336 -4199.198515271
GRID*                337                  5557.415442850    -0.418133573     337
*    337 -4169.196144375
GRID*                338                  5557.415842313    -0.556561920     338
*    338 -4139.815612957
GRID*                339                  5557.416252496    -0.698491733     339
*    339 -4109.685384368
GRID*                340                  5557.416657343    -0.838553043     340
*    340 -4079.955883931
GRID*                341                  5557.417069507    -0.979915697     341
*    341 -4049.961078936
GRID*                342                  5557.417480628    -1.121619925     342
*    342 -4019.895373429
GRID*                343                  5557.417900703    -1.266612321     343
*    343 -3989.124203982
GRID*                344                  5557.418321390    -1.414669374     344
*    344 -3957.701504135
GRID*                345                  5557.424324575    -1.556684500     345
*    345 -3927.556003909
GRID*                346                  5558.237421868    -1.691592333     346
*    346 -3897.906629307
GRID*                347                  5560.392472068    -1.816711258     347
*    347 -3868.655887935
GRID*                348                  5563.974882574    -1.935840190     348
*    348 -3838.890602798
GRID*                349                  5568.122855497    -2.050265659     349
*    349 -3809.413092442
GRID*                350                  5572.470556632    -2.166299031     350
*    350 -3779.348635272
GRID*                351                  5577.884208723    -2.272848655     351
*    351 -3749.967256554
GRID*                352                  5584.709199635    -2.370547307     352
*    352 -3720.696173179
GRID*                353                  5593.170249973    -2.460962733     353
*    353 -3690.911694253
GRID*                354                  5602.772514186    -2.538788829     354
*    354 -3662.370595734
GRID*                355                  5614.022599877    -2.608209601     355
*    355 -3633.559602487
GRID*                356                  5626.286080748    -2.665331387     356
*    356 -3606.096341394
GRID*                357                  5639.811358012    -2.711936860     357
*    357 -3579.269789028
GRID*                358                  5654.588950801    -2.748100370     358
*    358 -3553.095784864
GRID*                359                  5670.583903397    -2.773711723     359
*    359 -3527.639247481
GRID*                360                  5688.696788777    -2.789198835     360
*    360 -3501.681868057
GRID*                361                  5707.988098283    -2.792889400     361
*    361 -3476.755308513
GRID*                362                  5727.417998620    -2.785535537     362
*    362 -3453.997691548
GRID*                363                  5747.891172397    -2.767643839     363
*    363 -3432.173918138
GRID*                364                  5769.364143918    -2.739219826     364
*    364 -3411.330488451
GRID*                365                  5791.787223188    -2.700331497     365
*    365 -3391.515636899
GRID*                366                  5815.112792086    -2.651098844     366
*    366 -3372.771294189
GRID*                367                  5839.290718656    -2.591617722     367
*    367 -3355.137876989
GRID*                368                  5863.354527803    -2.524645994     368
*    368 -3339.227924976
GRID*                369                  5889.986319796    -2.442302390     369
*    369 -3323.358681648
GRID*                370                  5916.394420398    -2.352880857     370
*    370 -3309.281699527
GRID*                371                  5943.432247585    -2.253906041     371
*    371 -3296.455530608
GRID*                372                  5971.039570096    -2.145517919     372
*    372 -3284.908658403
GRID*                373                  5999.157598600    -2.027967853     373
*    373 -3274.665666727
GRID*                374                  6027.724424571    -1.901524747     374
*    374 -3265.749205378
GRID*                375                  6056.675860135    -1.766440254     375
*    375 -3258.179241667
GRID*                376                  6085.948673175    -1.623038238     376
*    376 -3251.972154053
GRID*                377                  6114.067055563    -1.479053759     377
*    377 -3247.340143952
GRID*                378                  6143.146342838    -1.323825824     378
*    378 -3243.890249909
GRID*                379                  6173.276047355    -1.156284226     379
*    379 -3241.730243921
GRID*                380                  6203.346458453    -0.982391112     380
*    380 -3240.995574105
GRID*                381                  6234.138218754    -0.797423856     381
*    381 -3241.709394166
GRID*                382                  6264.739079453    -0.606700511     382
*    382 -3243.893470441
GRID*                383                  6294.559093186    -0.414041544     383
*    383 -3247.450566909
GRID*                384                  6280.854958183     1.672327902     384
*    384 -3255.474108899
GRID*                385                  6249.134309329     1.492366871     385
*    385 -3252.376799433
GRID*                386                  6218.697430251     1.326080012     386
*    386 -3250.920021085
GRID*                387                  6188.594267984     1.167909092     387
*    387 -3250.928374008
GRID*                388                  6158.912525605     1.018248863     388
*    388 -3252.347615229
GRID*                389                  6129.951459921     0.878225119     389
*    389 -3255.091928166
GRID*                390                  6101.563557081     0.746745818     390
*    390 -3259.102368365
GRID*                391                  6073.200354248     0.621053891     391
*    391 -3264.440510904
GRID*                392                  6044.631535385     0.500408767     392
*    392 -3271.197912101
GRID*                393                  6016.325309684     0.387415144     393
*    393 -3279.305416565
GRID*                394                  5988.400985209     0.282570142     394
*    394 -3288.737390367
GRID*                395                  5960.922373537     0.186070956     395
*    395 -3299.476603252
GRID*                396                  5933.961692868     0.098297666     396
*    396 -3311.498209345
GRID*                397                  5907.638477357     0.019593407     397
*    397 -3324.746332799
GRID*                398                  5881.683240380    -0.050881352     398
*    398 -3339.378416649
GRID*                399                  5856.760928920    -0.111181990     399
*    399 -3355.015745770
GRID*                400                  5832.811564352    -0.161488667     400
*    400 -3371.642887129
GRID*                401                  5809.397183571    -0.202834235     401
*    401 -3389.569655519
GRID*                402                  5786.884284302    -0.234567968     402
*    402 -3408.540564999
GRID*                403                  5765.239163802    -0.256734985     403
*    403 -3428.585094520
GRID*                404                  5744.612161605    -0.269081422     404
*    404 -3449.562005667
GRID*                405                  5724.934753239    -0.271562859     405
*    405 -3471.540915346
GRID*                406                  5705.843331241    -0.263286092     406
*    406 -3495.016811235
GRID*                407                  5687.515477716    -0.243528249     407
*    407 -3519.934680740
GRID*                408                  5670.752958621    -0.213118776     408
*    408 -3545.213344745
GRID*                409                  5655.491051018    -0.172646105     409
*    409 -3570.801589131
GRID*                410                  5641.551447275    -0.122440098     410
*    410 -3596.894505035
GRID*                411                  5628.766597548    -0.061448990     411
*    411 -3623.805376552
GRID*                412                  5617.225056767     0.011093733     412
*    412 -3651.401690870
GRID*                413                  5606.969949198     0.094922371     413
*    413 -3679.623622142
GRID*                414                  5598.075261199     0.188806768     414
*    414 -3708.289372351
GRID*                415                  5590.564788327     0.293283018     415
*    415 -3737.309060827
GRID*                416                  5584.509988576     0.405395591     416
*    416 -3766.293424765
GRID*                417                  5579.802264406     0.508622721     417
*    417 -3795.677212425
GRID*                418                  5575.673461222     0.503666769     418
*    418 -3825.245040774
GRID*                419                  5571.767956510     0.042964293     419
*    419 -3854.816854983
GRID*                420                  5569.067741119    -0.634657049     420
*    420 -3883.857541855
GRID*                421                  5567.653558462    -1.209959915     421
*    421 -3912.749411245
GRID*                422                  5567.417366474    -1.329897451     422
*    422 -3942.096490479
GRID*                423                  5567.417000719    -1.191341537     423
*    423 -3973.403528683
GRID*                424                  5567.416614015    -1.047765603     424
*    424 -4004.410133047
GRID*                425                  5567.416222843    -0.906416947     425
*    425 -4034.745992391
GRID*                426                  5567.415843030    -0.766783276     426
*    426 -4064.813299744
GRID*                427                  5567.415465895    -0.627989644     427
*    427 -4094.727091580
GRID*                428                  5567.415089351    -0.489704492     428
*    428 -4124.581322689
GRID*                429                  5567.414719875    -0.352966994     429
*    429 -4154.151887345
GRID*                430                  5567.414357388    -0.217374683     430
*    430 -4183.521438527
GRID*                431                  5567.413989628    -0.079295592     431
*    431 -4213.467295187
GRID*                432                  5567.413625630     0.056060403     432
*    432 -4242.844758760
GRID*                433                  5567.413251869     0.196543484     433
*    433 -4273.369744449
GRID*                434                  5567.412875769     0.336941927     434
*    434 -4303.915693761
GRID*                435                  5567.412506604     0.477045364     435
*    435 -4334.418123236
GRID*                436                  5567.412125631     0.617042780     436
*    436 -4364.910393810
GRID*                437                  5567.411757438     0.757088189     437
*    437 -4395.418364132
GRID*                438                  5567.411378181     0.896931045     438
*    438 -4425.918710856
GRID*                439                  5567.411003504     1.036513738     439
*    439 -4456.416141537
GRID*                440                  5567.410634663     1.175572971     440
*    440 -4486.850704858
GRID*                441                  5567.410253706     1.314451044     441
*    441 -4517.281133284
GRID*                442                  5567.409876890     1.454176389     442
*    442 -4547.759632578
GRID*                443                  6316.852148863   256.406035450     443
*    443 -3254.161438044
GRID*                444                  6318.295262532   224.375442274     444
*    444 -3254.312382371
GRID*                445                  6319.507385543   194.051345386     445
*    445 -3254.455282720
GRID*                446                  6320.493958785   166.040171573     446
*    446 -3254.587281750
GRID*                447                  6321.065960818   147.858182481     447
*    447 -3254.672961086
GRID*                448                  6321.582077839   129.752888911     448
*    448 -3254.758278277
GRID*                449                  6322.286570474   101.246933963     449
*    449 -3254.892604808
GRID*                450                  6322.902221198    70.271819296     450
*    450 -3255.038564532
GRID*                451                  6310.552948707   333.034332285     451
*    451 -3262.701302804
GRID*                452                  5556.837712781    54.436539924     452
*    452 -4579.990228784
GRID*                453                  5556.278028829    84.638900774     453
*    453 -4579.847910955
GRID*                454                  5555.564933626   114.243031172     454
*    454 -4579.708409825
GRID*                455                  5554.702007396   143.442100123     455
*    455 -4579.570815254
GRID*                456                  5553.680073522   172.652903227     456
*    456 -4579.433163220
GRID*                457                  5552.485388737   202.187260913     457
*    457 -4579.293984273
GRID*                458                  5551.096301766   232.377322976     458
*    458 -4579.151713063
GRID*                459                  6325.022412631    55.525787667     459
*    459 -3245.286712282
GRID*                460                  6324.460275014    87.532160726     460
*    460 -3245.135894113
GRID*                461                  6323.783547499   117.475727060     461
*    461 -3244.994794096
GRID*                462                  6322.946872130   147.890194837     462
*    462 -3244.851473058
GRID*                463                  6321.956651281   178.390924110     463
*    463 -3244.707743468
GRID*                464                  6320.855184535   207.882089507     464
*    464 -3244.568769312
GRID*                465                  6319.483023020   240.253754512     465
*    465 -3244.416218862
GRID*                466                  6317.971008380   272.009270490     466
*    466 -3244.266569728
GRID*                467                  6272.812184767   266.829707283     467
*    467 -3237.256143250
GRID*                468                  6295.590171187   261.628945205     468
*    468 -3240.356952867
GRID*                469                  6248.071678677   258.352518311     469
*    469 -3234.804806809
GRID*                470                  6214.126273568   259.870803050     470
*    470 -3232.999751001
GRID*                471                  6184.875796479   258.576203452     471
*    471 -3232.881617542
GRID*                472                  6154.723359041   257.032556303     472
*    472 -3234.150950019
GRID*                473                  6124.155071274   255.415910319     473
*    473 -3236.887760516
GRID*                474                  6093.934574416   253.829817596     474
*    474 -3241.046378795
GRID*                475                  6064.311334471   252.286125861     475
*    475 -3246.552317971
GRID*                476                  6035.027403034   250.766821799     476
*    476 -3253.422947150
GRID*                477                  6006.102283123   249.262914403     477
*    477 -3261.649522985
GRID*                478                  5977.616551165   247.770098748     478
*    478 -3271.206800175
GRID*                479                  5949.536526569   246.292870641     479
*    479 -3282.109528467
GRID*                480                  5922.021147468   244.874153893     480
*    480 -3294.298509950
GRID*                481                  5895.083992997   243.503585692     481
*    481 -3307.767216563
GRID*                482                  5868.809535148   242.167302347     482
*    482 -3322.474941083
GRID*                483                  5843.260414469   240.876127739     483
*    483 -3338.384576032
GRID*                484                  5818.483619758   239.631769494     484
*    484 -3355.465158504
GRID*                485                  5794.545377370   238.442329397     485
*    485 -3373.668421228
GRID*                486                  5771.469401848   237.300784346     486
*    486 -3392.975794125
GRID*                487                  5749.324974514   236.217603798     487
*    487 -3413.328974838
GRID*                488                  5728.163300014   235.187106277     488
*    488 -3434.678307349
GRID*                489                  5708.000469663   234.219744731     489
*    489 -3457.007479471
GRID*                490                  5688.869178998   233.314082145     490
*    490 -3480.287582827
GRID*                491                  5670.886232472   232.477627285     491
*    491 -3504.372932774
GRID*                492                  5653.959912834   231.686655850     492
*    492 -3529.396457862
GRID*                493                  5638.273085673   230.980769099     493
*    493 -3555.090790720
GRID*                494                  5623.805673524   230.344376850     494
*    494 -3581.473269425
GRID*                495                  5610.580774378   229.777501483     495
*    495 -3608.499073819
GRID*                496                  5598.624005632   229.284744841     496
*    496 -3636.115887230
GRID*                497                  5587.927826748   228.819745347     497
*    497 -3664.367355568
GRID*                498                  5578.594821700   228.478216702     498
*    498 -3692.968228835
GRID*                499                  5570.601581153   228.208701331     499
*    499 -3721.969075840
GRID*                500                  5563.955085144   227.988570076     500
*    500 -3751.361340917
GRID*                501                  5558.675219268   227.813961651     501
*    501 -3781.094652630
GRID*                502                  5554.800152334   227.788051453     502
*    502 -3810.890376692
GRID*                503                  5552.309592620   227.793436989     503
*    503 -3840.904833541
GRID*                504                  5551.219782400   227.850482700     504
*    504 -3870.922421066
GRID*                505                  5551.165761371   227.945742244     505
*    505 -3900.920396598
GRID*                506                  5551.165059328   228.092152596     506
*    506 -3930.703792603
GRID*                507                  5551.164645495   228.233301676     507
*    507 -3960.638364835
GRID*                508                  5551.164511849   228.369277302     508
*    508 -3990.706668496
GRID*                509                  5551.163368862   228.524995643     509
*    509 -4020.542882963
GRID*                510                  5551.163219369   228.661920312     510
*    510 -4050.751734319
GRID*                511                  5551.162569508   228.808177560     511
*    511 -4080.742977395
GRID*                512                  5551.162295564   228.947480226     512
*    512 -4110.910530210
GRID*                513                  5551.161925043   229.088585411     513
*    513 -4141.036352612
GRID*                514                  5551.161395842   229.232893409     514
*    514 -4171.148060822
GRID*                515                  5551.161143495   229.371761768     515
*    515 -4201.317897652
GRID*                516                  5551.160613926   229.515527351     516
*    516 -4231.305468797
GRID*                517                  5551.160250302   229.656699072     517
*    517 -4261.478345772
GRID*                518                  5551.159946874   229.796657178     518
*    518 -4291.656892420
GRID*                519                  5551.159353615   229.941689264     519
*    519 -4321.634504292
GRID*                520                  5551.158978979   230.083068089     520
*    520 -4351.802976739
GRID*                521                  5551.158812819   230.220201801     521
*    521 -4381.981613837
GRID*                522                  5551.159566340   230.337540385     522
*    522 -4411.964320573
GRID*                523                  5551.162945737   230.401731954     523
*    523 -4442.151960416
GRID*                524                  5551.162256143   230.549420700     524
*    524 -4472.281230903
GRID*                525                  5551.159799691   230.732115243     525
*    525 -4502.102674401
GRID*                526                  5551.083930482   232.407286892     526
*    526 -4528.770842690
GRID*                527                  5551.937807371   214.421253558     527
*    527 -4553.631435088
GRID*                528                  5553.139155574   186.409974931     528
*    528 -4553.040420890
GRID*                529                  5554.216409848   157.777729779     529
*    529 -4553.650760297
GRID*                530                  5555.137218611   129.276464990     530
*    530 -4554.031406476
GRID*                531                  5555.904358147   100.881563082     531
*    531 -4554.166543245
GRID*                532                  5556.521677778    72.485024201     532
*    532 -4554.300400916
GRID*                533                  5556.836308501    54.335104974     533
*    533 -4530.387359656
GRID*                534                  5556.812684231    55.720703713     534
*    534 -4504.135715123
GRID*                535                  5556.813264509    55.567832671     535
*    535 -4473.907410596
GRID*                536                  5556.813767338    55.419647974     536
*    536 -4443.641596671
GRID*                537                  5556.815183027    55.214769838     537
*    537 -4413.449848584
GRID*                538                  5556.815683043    55.068056648     538
*    538 -4383.520978964
GRID*                539                  5556.816150849    54.922421966     539
*    539 -4353.350465757
GRID*                540                  5556.816539269    54.782494953     540
*    540 -4323.374430565
GRID*                541                  5556.817153218    54.627730011     541
*    541 -4293.202997268
GRID*                542                  5556.817614962    54.482334001     542
*    542 -4262.996377308
GRID*                543                  5556.817762642    54.357470277     543
*    543 -4233.027858121
GRID*                544                  5556.818165960    54.216324212     544
*    544 -4202.977006117
GRID*                545                  5556.818803414    54.059534272     545
*    545 -4172.661170968
GRID*                546                  5556.818990746    53.932016004     546
*    546 -4142.646516293
GRID*                547                  5556.819625328    53.775839800     547
*    547 -4112.443267427
GRID*                548                  5556.820049534    53.633192526     548
*    548 -4082.341411903
GRID*                549                  5556.820479851    53.490162626     549
*    549 -4052.239304941
GRID*                550                  5556.820937107    53.345245740     550
*    550 -4022.084229349
GRID*                551                  5556.821243774    53.209858243     551
*    551 -3991.961365348
GRID*                552                  5556.821768601    53.060092373     552
*    552 -3961.643296724
GRID*                553                  5556.822256079    52.913342948     553
*    553 -3931.502532754
GRID*                554                  5556.822433193    52.786482480     554
*    554 -3901.492563854
GRID*                555                  5556.879637215    52.655825264     555
*    555 -3871.659942852
GRID*                556                  5557.958945327    52.470068187     556
*    556 -3841.949802090
GRID*                557                  5560.419251043    52.318735344     557
*    557 -3812.163662402
GRID*                558                  5564.284931670    52.219900028     558
*    558 -3782.313795872
GRID*                559                  5569.560771709    52.191411839     559
*    559 -3752.547139140
GRID*                560                  5576.186373429    52.107993483     560
*    560 -3723.207906621
GRID*                561                  5584.163962822    52.037849983     561
*    561 -3694.226701525
GRID*                562                  5593.546047229    52.063091151     562
*    562 -3665.455979241
GRID*                563                  5604.208297794    52.048975682     563
*    563 -3637.295903697
GRID*                564                  5616.154112761    52.038473936     564
*    564 -3609.698040495
GRID*                565                  5629.360303255    52.044138815     565
*    565 -3582.704815464
GRID*                566                  5643.856606926    52.096531532     566
*    566 -3556.266878995
GRID*                567                  5659.546397885    52.154564194     567
*    567 -3530.570175236
GRID*                568                  5676.488400374    52.260457544     568
*    568 -3505.528401942
GRID*                569                  5694.521083174    52.359380992     569
*    569 -3481.385132202
GRID*                570                  5713.583255103    52.461685284     570
*    570 -3458.196704405
GRID*                571                  5733.762719198    52.590654386     571
*    571 -3435.852823353
GRID*                572                  5755.064955671    52.735740023     572
*    572 -3414.372124928
GRID*                573                  5777.253534671    52.892809878     573
*    573 -3393.994902633
GRID*                574                  5800.670014890    53.064429847     574
*    574 -3374.432323631
GRID*                575                  5824.715779609    53.239107836     575
*    575 -3356.189806848
GRID*                576                  5849.387599154    53.441051581     576
*    576 -3339.219463753
GRID*                577                  5874.816353801    53.673435976     577
*    577 -3323.410955828
GRID*                578                  5901.129557790    53.885793170     578
*    578 -3308.702179504
GRID*                579                  5928.059178186    54.140929284     579
*    579 -3295.254743778
GRID*                580                  5955.633161648    54.367535967     580
*    580 -3283.056110388
GRID*                581                  5983.756619629    54.584074620     581
*    581 -3272.152771412
GRID*                582                  6012.326761245    54.854352917     582
*    582 -3262.582316809
GRID*                583                  6041.310283956    55.115525547     583
*    583 -3254.354037002
GRID*                584                  6070.667468635    55.445323858     584
*    584 -3247.480052871
GRID*                585                  6100.762988866    55.770125783     585
*    585 -3241.910155011
GRID*                586                  6131.341195611    56.092139181     586
*    586 -3237.742719096
GRID*                587                  6161.594143277    56.418750798     587
*    587 -3235.070844941
GRID*                588                  6191.908284034    56.730504754     588
*    588 -3233.823500602
GRID*                589                  6222.173652998    57.033281018     589
*    589 -3233.997764259
GRID*                590                  6250.395296043    57.438967176     590
*    590 -3235.438657880
GRID*                591                  6277.421286984    56.385751013     591
*    591 -3237.987404206
GRID*                592                  6299.203935055    75.096534943     592
*    592 -3240.835456301
GRID*                593                  6298.677266726   103.940827499     593
*    593 -3240.709599772
GRID*                594                  6297.564905904   132.396691297     594
*    594 -3240.516368015
GRID*                595                  6296.710096398   161.583223680     595
*    595 -3240.381800540
GRID*                596                  6296.095490916   190.088616135     596
*    596 -3240.303643209
GRID*                597                  6296.560552759   216.907961839     597
*    597 -3240.407266054
GRID*                598                  6278.835232346   239.994025695     598
*    598 -3237.964350214
GRID*                599                  6228.032045537   234.169245831     599
*    599 -3233.586785640
GRID*                600                  6252.166726915   229.582530318     600
*    600 -3235.166003154
GRID*                601                  6199.316956811   233.254620822     601
*    601 -3232.892863346
GRID*                602                  6170.040059409   231.888606055     602
*    602 -3233.503132267
GRID*                603                  6140.195141098   230.293585322     603
*    603 -3235.499300670
GRID*                604                  6110.206674136   228.704518805     604
*    604 -3238.914294496
GRID*                605                  6080.442054265   227.179951324     605
*    605 -3243.722438127
GRID*                606                  6051.011218084   225.625865046     606
*    606 -3249.899220448
GRID*                607                  6021.949338004   224.183337011     607
*    607 -3257.425783038
GRID*                608                  5993.365201090   222.680091673     608
*    608 -3266.265708966
GRID*                609                  5965.074136117   221.051833898     609
*    609 -3276.481887661
GRID*                610                  5937.273110320   219.563815299     610
*    610 -3288.010948875
GRID*                611                  5909.909164228   218.195522506     611
*    611 -3300.886766558
GRID*                612                  5883.222995616   216.873434378     612
*    612 -3315.004998609
GRID*                613                  5857.283892717   215.565747862     613
*    613 -3330.320344812
GRID*                614                  5832.152028625   214.288283944     614
*    614 -3346.784876789
GRID*                615                  5807.850023209   213.051358494     615
*    615 -3364.372854971
GRID*                616                  5784.320619892   211.882152758     616
*    616 -3383.128115632
GRID*                617                  5761.642121014   210.782696405     617
*    617 -3403.001740476
GRID*                618                  5740.049610805   209.723618430     618
*    618 -3423.777505671
GRID*                619                  5719.552122850   208.731817804     619
*    619 -3445.411164132
GRID*                620                  5699.924792092   207.822453663     620
*    620 -3468.145322953
GRID*                621                  5681.339530294   206.978959451     621
*    621 -3491.812644197
GRID*                622                  5663.750658153   206.166374077     622
*    622 -3516.504843911
GRID*                623                  5647.441668151   205.449239645     623
*    623 -3541.823025489
GRID*                624                  5632.323562607   204.790645950     624
*    624 -3567.882932263
GRID*                625                  5618.497135746   204.236086881     625
*    625 -3594.488672943
GRID*                626                  5605.884912467   203.731078902     626
*    626 -3621.784590748
GRID*                627                  5594.461834055   203.209074558     627
*    627 -3649.890305072
GRID*                628                  5584.437201464   202.832208160     628
*    628 -3678.280659203
GRID*                629                  5575.789982174   202.604485076     629
*    629 -3706.926779808
GRID*                630                  5568.419635133   202.333829282     630
*    630 -3736.211476191
GRID*                631                  5562.409976236   202.098069880     631
*    631 -3765.891086362
GRID*                632                  5557.821058736   202.042454850     632
*    632 -3795.583049565
GRID*                633                  5554.603816263   201.980512939     633
*    633 -3825.628304185
GRID*                634                  5552.794885876   202.054366275     634
*    634 -3855.641372242
GRID*                635                  5552.355088258   202.132830238     635
*    635 -3885.775737264
GRID*                636                  5552.355024026   202.266425763     636
*    636 -3915.805264759
GRID*                637                  5552.352603544   202.453327429     637
*    637 -3945.723424131
GRID*                638                  5552.353950015   202.555314102     638
*    638 -3975.888806094
GRID*                639                  5552.353542188   202.696954033     639
*    639 -4005.963597390
GRID*                640                  5552.351943830   202.865510968     640
*    640 -4035.978288082
GRID*                641                  5552.353290971   202.967870646     641
*    641 -4066.232433503
GRID*                642                  5552.351534512   203.139961106     642
*    642 -4096.229486792
GRID*                643                  5552.352601075   203.248724301     643
*    643 -4126.483234456
GRID*                644                  5552.351363084   203.409236730     644
*    644 -4156.539185950
GRID*                645                  5552.349855933   203.575823287     645
*    645 -4186.579377468
GRID*                646                  5552.350953364   203.683730020     646
*    646 -4216.798327923
GRID*                647                  5552.351273744   203.809190563     647
*    647 -4246.975070702
GRID*                648                  5552.348853777   203.996360296     648
*    648 -4276.956040692
GRID*                649                  5552.350125774   204.100415285     649
*    649 -4307.205691939
GRID*                650                  5552.349244751   204.252783106     650
*    650 -4337.262998729
GRID*                651                  5552.347812841   204.417620124     651
*    651 -4367.295785901
GRID*                652                  5552.350339945   204.493033593     652
*    652 -4397.550183752
GRID*                653                  5552.358881271   204.432412949     653
*    653 -4428.125929298
GRID*                654                  5552.379740704   204.089508730     654
*    654 -4458.671893612
GRID*                655                  5552.357411828   204.733409702     655
*    655 -4488.905935455
GRID*                656                  5552.428758734   203.244444546     656
*    656 -4522.432437721
GRID*                657                  5553.707077072   171.710195665     657
*    657 -4527.645145554
GRID*                658                  5554.697846243   143.349689020     658
*    658 -4527.966870988
GRID*                659                  5555.541035609   114.913184958     659
*    659 -4527.982609789
GRID*                660                  5556.298656930    83.440544192     660
*    660 -4523.911568487
GRID*                661                  5556.335515464    81.548419633     661
*    661 -4490.153868721
GRID*                662                  5556.327138373    81.825770280     662
*    662 -4459.630247910
GRID*                663                  5556.338472029    81.159703577     663
*    663 -4429.310303041
GRID*                664                  5556.340799406    80.926097767     664
*    664 -4399.281146699
GRID*                665                  5556.341115700    80.788869067     665
*    665 -4369.190393445
GRID*                666                  5556.342518106    80.599703287     666
*    666 -4339.167754398
GRID*                667                  5556.342294748    80.488204871     667
*    667 -4309.023648153
GRID*                668                  5556.343155788    80.324697452     668
*    668 -4278.910578053
GRID*                669                  5556.343237681    80.198601836     669
*    669 -4248.785922989
GRID*                670                  5556.343257055    80.075536796     670
*    670 -4218.668114057
GRID*                671                  5556.344254416    79.905509459     671
*    671 -4188.562790295
GRID*                672                  5556.344149852    79.788202885     672
*    672 -4158.395506290
GRID*                673                  5556.345057002    79.622615488     673
*    673 -4128.315719703
GRID*                674                  5556.345419352    79.482991734     674
*    674 -4098.180095616
GRID*                675                  5556.345825970    79.341314363     675
*    675 -4068.062887520
GRID*                676                  5556.346639150    79.180148369     676
*    676 -4037.960255931
GRID*                677                  5556.346681764    79.055822739     677
*    677 -4007.806072618
GRID*                678                  5556.347151922    78.910924602     678
*    678 -3977.647940179
GRID*                679                  5556.347494412    78.772126924     679
*    679 -3947.480567637
GRID*                680                  5556.349594389    78.549640442     680
*    680 -3917.519163021
GRID*                681                  5556.348921376    78.459862033     681
*    681 -3887.394045314
GRID*                682                  5556.746269586    78.263659447     682
*    682 -3857.503837847
GRID*                683                  5558.498326215    78.169222823     683
*    683 -3827.463771200
GRID*                684                  5561.624803507    77.979306411     684
*    684 -3797.723450760
GRID*                685                  5566.206475989    78.016920084     685
*    685 -3767.661077527
GRID*                686                  5572.111099543    77.891861013     686
*    686 -3738.244849718
GRID*                687                  5579.376288412    77.801668487     687
*    687 -3709.124851204
GRID*                688                  5588.050183385    77.824011619     688
*    688 -3680.166537682
GRID*                689                  5598.107906931    77.895275700     689
*    689 -3651.538452318
GRID*                690                  5609.337502625    77.837180014     690
*    690 -3623.792375228
GRID*                691                  5621.883734903    77.845211272     691
*    691 -3596.502327007
GRID*                692                  5635.796760788    77.944222372     692
*    692 -3569.615070518
GRID*                693                  5650.781985210    77.978822910     693
*    693 -3543.692521211
GRID*                694                  5667.169687566    78.114736014     694
*    694 -3518.165224169
GRID*                695                  5684.573281315    78.224048196     695
*    695 -3493.655270809
GRID*                696                  5703.178696181    78.363449127     696
*    696 -3469.881259458
GRID*                697                  5722.677187479    78.509531328     697
*    697 -3447.219721886
GRID*                698                  5743.528524078    78.678992698     698
*    698 -3425.154170019
GRID*                699                  5765.223035578    78.851833708     699
*    699 -3404.248067743
GRID*                700                  5787.988924098    79.027387216     700
*    700 -3384.274418675
GRID*                701                  5811.678813865    79.226110737     701
*    701 -3365.378331205
GRID*                702                  5836.154979526    79.429205455     702
*    702 -3347.663598369
GRID*                703                  5861.343658801    79.647542209     703
*    703 -3331.166694993
GRID*                704                  5887.316847581    79.867238497     704
*    704 -3315.836204232
GRID*                705                  5913.965261399    80.121526483     705
*    705 -3301.739109756
GRID*                706                  5941.260170112    80.380542048     706
*    706 -3288.891668311
GRID*                707                  5969.241102567    80.477190254     707
*    707 -3277.288566151
GRID*                708                  5997.696242528    80.485382884     708
*    708 -3267.022603386
GRID*                709                  6026.471002375    80.836200118     709
*    709 -3258.131721653
GRID*                710                  6055.632614309    81.069743924     710
*    710 -3250.590958951
GRID*                711                  6085.175971631    81.465412216     711
*    711 -3244.403778893
GRID*                712                  6115.155281713    81.683822750     712
*    712 -3239.579301512
GRID*                713                  6145.314205578    82.124274419     713
*    713 -3236.167540599
GRID*                714                  6175.668889876    82.514799716     714
*    714 -3234.172696857
GRID*                715                  6206.128635638    82.690343412     715
*    715 -3233.609374022
GRID*                716                  6236.231522425    82.741790572     716
*    716 -3234.463695748
GRID*                717                  6268.514364898    85.574031716     717
*    717 -3236.936979664
GRID*                718                  6271.600263005   117.243969391     718
*    718 -3237.187587506
GRID*                719                  6270.506718530   146.021445839     719
*    719 -3237.019624224
GRID*                720                  6270.882252580   174.825876074     720
*    720 -3237.025804130
GRID*                721                  6268.255223193   206.092478821     721
*    721 -3236.719704893
GRID*                722                  6239.089304572   208.254275486     722
*    722 -3234.248814076
GRID*                723                  6213.452282966   208.182193638     723
*    723 -3233.169921121
GRID*                724                  6185.389907296   207.101568135     724
*    724 -3233.159627993
GRID*                725                  6156.199424842   205.271880015     725
*    725 -3234.450172427
GRID*                726                  6126.428283430   203.616727397     726
*    726 -3237.136616991
GRID*                727                  6096.624249998   202.168950816     727
*    727 -3241.228330511
GRID*                728                  6067.041119563   200.814940706     728
*    728 -3246.704517030
GRID*                729                  6037.812633761   199.246222637     729
*    729 -3253.539824059
GRID*                730                  6009.177615254   197.932759999     730
*    730 -3261.648658763
GRID*                731                  5981.286624235   196.145978081     731
*    731 -3270.956697524
GRID*                732                  5953.344272112   194.102623507     732
*    732 -3281.740171124
GRID*                733                  5925.121247438   192.771602835     733
*    733 -3294.174010697
GRID*                734                  5898.115129044   191.401524843     734
*    734 -3307.631978146
GRID*                735                  5871.467998141   190.275273362     735
*    735 -3322.507538840
GRID*                736                  5845.903417471   188.983579749     736
*    736 -3338.402650599
GRID*                737                  5821.369018738   187.665729400     737
*    737 -3355.285564380
GRID*                738                  5797.773116985   186.369253969     738
*    738 -3373.176331544
GRID*                739                  5774.945561070   185.191723830     739
*    739 -3392.193708871
GRID*                740                  5752.937559065   184.151509106     740
*    740 -3412.312245463
GRID*                741                  5731.804767865   183.203503531     741
*    741 -3433.502591281
GRID*                742                  5711.557174612   182.324503298     742
*    742 -3455.783725856
GRID*                743                  5692.407682139   181.510758164     743
*    743 -3478.933687408
GRID*                744                  5674.305731132   180.755758285     744
*    744 -3503.015673155
GRID*                745                  5657.379768011   180.077760734     745
*    745 -3527.859820199
GRID*                746                  5641.627403692   179.468889366     746
*    746 -3553.461416114
GRID*                747                  5626.945684790   178.847385021     747
*    747 -3580.032314460
GRID*                748                  5613.656406370   178.358473080     748
*    748 -3606.977666008
GRID*                749                  5601.616096426   177.928961997     749
*    749 -3634.550967662
GRID*                750                  5590.882580672   177.584837130     750
*    750 -3662.618125922
GRID*                751                  5581.380928462   177.196980824     751
*    751 -3691.439265553
GRID*                752                  5573.325119297   177.009093934     752
*    752 -3720.321645601
GRID*                753                  5566.556678277   176.760240819     753
*    753 -3749.858825078
GRID*                754                  5561.233060861   176.749286120     754
*    754 -3779.287741198
GRID*                755                  5557.243012497   176.661026293     755
*    755 -3809.271003358
GRID*                756                  5554.660271319   176.653830221     756
*    756 -3839.366227215
GRID*                757                  5553.484445166   176.855333619     757
*    757 -3869.202352137
GRID*                758                  5553.402433088   176.921740571     758
*    758 -3899.463780628
GRID*                759                  5553.400654225   177.098209866     759
*    759 -3929.485513276
GRID*                760                  5553.399726875   177.253031107     760
*    760 -3959.537954354
GRID*                761                  5553.399188027   177.398110086     761
*    761 -3989.634872317
GRID*                762                  5553.397518119   177.571846865     762
*    762 -4019.670840252
GRID*                763                  5553.395412357   177.756629555     763
*    763 -4049.685682023
GRID*                764                  5553.398161263   177.818632884     764
*    764 -4080.010283262
GRID*                765                  5553.394956689   178.031207371     765
*    765 -4109.953960116
GRID*                766                  5553.397430689   178.100189047     766
*    766 -4140.267340020
GRID*                767                  5553.393694267   178.326189175     767
*    767 -4170.171521455
GRID*                768                  5553.395098000   178.422218671     768
*    768 -4200.410319527
GRID*                769                  5553.396875883   178.508789229     769
*    769 -4230.676841648
GRID*                770                  5553.394393623   178.703102906     770
*    770 -4260.666813200
GRID*                771                  5553.392251996   178.888788058     771
*    771 -4290.678139305
GRID*                772                  5553.395326128   178.942557534     772
*    772 -4321.022320201
GRID*                773                  5553.393294299   179.125354504     773
*    773 -4351.013024377
GRID*                774                  5553.393156647   179.259879599     774
*    774 -4381.042508272
GRID*                775                  5553.403256985   179.134731768     775
*    775 -4411.601145026
GRID*                776                  5553.430795826   178.569002442     776
*    776 -4443.840782849
GRID*                777                  5553.584396482   174.720625152     777
*    777 -4475.083182402
GRID*                778                  5553.290071994   182.413111452     778
*    778 -4503.203192500
GRID*                779                  5554.221095132   157.420309515     779
*    779 -4501.961500799
GRID*                780                  5555.137929209   129.031714106     780
*    780 -4502.096039734
GRID*                781                  5555.830200347   103.680018035     781
*    781 -4503.939847868
GRID*                782                  5555.653620416   110.466057124     782
*    782 -4476.201392502
GRID*                783                  5555.752403605   106.517219884     783
*    783 -4444.907127438
GRID*                784                  5555.759446351   106.119185025     784
*    784 -4415.739277137
GRID*                785                  5555.757431447   106.073598481     785
*    785 -4385.885520952
GRID*                786                  5555.758700678   105.898797989     786
*    786 -4355.951586479
GRID*                787                  5555.760287136   105.711334038     787
*    787 -4325.969012652
GRID*                788                  5555.759345595   105.622084726     788
*    788 -4295.746309763
GRID*                789                  5555.758609086   105.524799613     789
*    789 -4265.530131167
GRID*                790                  5555.760890293   105.310203893     790
*    790 -4235.575126648
GRID*                791                  5555.759331985   105.244868604     791
*    791 -4205.287440722
GRID*                792                  5555.760691301   105.066061485     792
*    792 -4175.239141386
GRID*                793                  5555.761468494   104.909904881     793
*    793 -4145.146826952
GRID*                794                  5555.762925759   104.727283715     794
*    794 -4115.109212537
GRID*                795                  5555.761283956   104.665208486     795
*    795 -4084.815778204
GRID*                796                  5555.763602658   104.449089567     796
*    796 -4054.849467925
GRID*                797                  5555.762184559   104.378301052     797
*    797 -4024.571751267
GRID*                798                  5555.764740672   104.152920631     798
*    798 -3994.619591501
GRID*                799                  5555.763837878   104.062063976     799
*    799 -3964.376334001
GRID*                800                  5555.766463736   103.833946428     800
*    800 -3934.429291735
GRID*                801                  5555.764366784   103.789708905     801
*    801 -3904.124790091
GRID*                802                  5555.793175324   103.529711484     802
*    802 -3874.275729927
GRID*                803                  5556.765398136   103.453871703     803
*    803 -3844.082951693
GRID*                804                  5559.149107031   103.396534394     804
*    804 -3813.947635938
GRID*                805                  5562.890060029   103.199796197     805
*    805 -3784.310156749
GRID*                806                  5568.079887072   103.220718907     806
*    806 -3754.426507428
GRID*                807                  5574.588172665   103.133439716     807
*    807 -3725.146441560
GRID*                808                  5582.437016575   103.071846197     808
*    808 -3696.234531804
GRID*                809                  5591.746067985   103.188158612     809
*    809 -3667.333377971
GRID*                810                  5602.360224928   103.273024090     810
*    810 -3639.008194629
GRID*                811                  5614.120175517   103.261044860     811
*    811 -3611.584136073
GRID*                812                  5627.345425351   103.421573266     812
*    812 -3584.310082758
GRID*                813                  5641.834825922   103.589593128     813
*    813 -3557.685983721
GRID*                814                  5657.370257453   103.707426002     814
*    814 -3532.064411751
GRID*                815                  5674.077209485   103.874793275     815
*    815 -3507.187355290
GRID*                816                  5692.120311253   104.114648624     816
*    816 -3482.850469556
GRID*                817                  5711.249174927   104.354245108     817
*    817 -3459.426625503
GRID*                818                  5731.222972858   104.611919050     818
*    818 -3437.167003956
GRID*                819                  5752.620648423   104.875739165     819
*    819 -3415.452586793
GRID*                820                  5774.672778499   105.173404801     820
*    820 -3395.074890035
GRID*                821                  5798.055140203   105.406316978     821
*    821 -3375.418249016
GRID*                822                  5822.145342762   105.685035666     822
*    822 -3357.028614372
GRID*                823                  5847.332237560   105.858630310     823
*    823 -3339.619046743
GRID*                824                  5872.859413580   106.189939565     824
*    824 -3323.688010683
GRID*                825                  5899.238626296   106.469693231     825
*    825 -3308.889834348
GRID*                826                  5926.349861954   106.757292703     826
*    826 -3295.309246123
GRID*                827                  5954.197150782   107.196589840     827
*    827 -3282.959033713
GRID*                828                  5983.021275659   106.405812588     828
*    828 -3271.797805493
GRID*                829                  6011.876295597   105.558732182     829
*    829 -3262.169814707
GRID*                830                  6040.745816371   106.006840112     830
*    830 -3253.997820746
GRID*                831                  6070.034775551   106.449521908     831
*    831 -3247.159546977
GRID*                832                  6099.658741380   106.910860572     832
*    832 -3241.683189428
GRID*                833                  6129.625778424   107.333555159     833
*    833 -3237.579824549
GRID*                834                  6159.962128224   107.980926874     834
*    834 -3234.867538598
GRID*                835                  6191.339555789   108.796188504     835
*    835 -3233.570164029
GRID*                836                  6222.485013798   107.970117587     836
*    836 -3233.797468999
GRID*                837                  6248.524905822   105.469055711     837
*    837 -3235.144529888
GRID*                838                  6244.368381911   129.449377158     838
*    838 -3234.787343070
GRID*                839                  6240.892880862   160.478157970     839
*    839 -3234.477917679
GRID*                840                  6248.516775185   186.638625574     840
*    840 -3234.940655477
GRID*                841                  6226.653794561   183.399054091     841
*    841 -3233.675350408
GRID*                842                  6200.182428526   183.716507739     842
*    842 -3233.124946415
GRID*                843                  6172.066534048   181.413714393     843
*    843 -3233.741862751
GRID*                844                  6142.821367563   178.353858774     844
*    844 -3235.696687168
GRID*                845                  6112.782710987   177.666503594     845
*    845 -3239.084291804
GRID*                846                  6083.086560168   176.157683492     846
*    846 -3243.854403194
GRID*                847                  6053.626788650   175.233284199     847
*    847 -3250.000321825
GRID*                848                  6024.755176171   173.598444547     848
*    848 -3257.446339774
GRID*                849                  5997.444378804   172.641831035     849
*    849 -3265.815009210
GRID*                850                  5971.117494407   169.014086439     850
*    850 -3275.209293151
GRID*                851                  5942.766409909   166.064108700     851
*    851 -3286.788946099
GRID*                852                  5916.346461766   163.959174386     852
*    852 -3299.024952198
GRID*                853                  5888.372289854   163.520222065     853
*    853 -3313.573440593
GRID*                854                  5862.317636917   162.438157855     854
*    854 -3328.761964244
GRID*                855                  5834.663274969   162.422117138     855
*    855 -3346.716662493
GRID*                856                  5811.325360721   160.823893042     856
*    856 -3363.553164513
GRID*                857                  5789.459304851   159.251165795     857
*    857 -3380.837644498
GRID*                858                  5767.003483905   158.294162588     858
*    858 -3400.251827233
GRID*                859                  5745.324844802   157.473568427     859
*    859 -3420.810005180
GRID*                860                  5724.537569279   156.729398161     860
*    860 -3442.435558364
GRID*                861                  5704.629495047   156.044234717     861
*    861 -3465.176419402
GRID*                862                  5685.867496173   155.401512602     862
*    862 -3488.741992074
GRID*                863                  5668.223058475   154.813657814     863
*    863 -3513.155844387
GRID*                864                  5651.738990585   154.279031351     864
*    864 -3538.357689153
GRID*                865                  5636.426498931   153.786973005     865
*    865 -3564.334886145
GRID*                866                  5622.335983213   153.344688238     866
*    866 -3591.008619724
GRID*                867                  5609.518509443   152.967456795     867
*    867 -3618.277534260
GRID*                868                  5597.987209775   152.647545366     868
*    868 -3646.107060909
GRID*                869                  5587.752019022   152.367645799     869
*    869 -3674.480402991
GRID*                870                  5578.851013400   152.146297728     870
*    870 -3703.297609427
GRID*                871                  5571.306324291   151.988149798     871
*    871 -3732.481763051
GRID*                872                  5565.131009747   151.895046627     872
*    872 -3761.973909179
GRID*                873                  5560.338330938   151.866768151     873
*    873 -3791.698774789
GRID*                874                  5556.935678775   151.906448708     874
*    874 -3821.588169709
GRID*                875                  5554.929746476   152.063051628     875
*    875 -3851.469737837
GRID*                876                  5554.311032001   152.151109100     876
*    876 -3881.677282675
GRID*                877                  5554.308300925   152.359621241     877
*    877 -3911.650146176
GRID*                878                  5554.307820113   152.503531640     878
*    878 -3941.765314361
GRID*                879                  5554.309402997   152.588214285     879
*    879 -3972.014486535
GRID*                880                  5554.306052892   152.814473793     880
*    880 -4001.944825641
GRID*                881                  5554.304348469   152.993497865     881
*    881 -4031.983066702
GRID*                882                  5554.304071854   153.131573991     882
*    882 -4062.117040792
GRID*                883                  5554.303725549   153.271644148     883
*    883 -4092.245319070
GRID*                884                  5554.303338410   153.412886428     884
*    884 -4122.371124523
GRID*                885                  5554.302836789   153.557410311     885
*    885 -4152.488929374
GRID*                886                  5554.302227289   153.705025569     886
*    886 -4182.599000698
GRID*                887                  5554.302317899   153.832572233     887
*    887 -4212.757954056
GRID*                888                  5554.301887781   153.975045860     888
*    888 -4242.880605775
GRID*                889                  5554.301002760   154.130557509     889
*    889 -4272.971077990
GRID*                890                  5554.300902290   154.263566843     890
*    890 -4303.113262416
GRID*                891                  5554.300835427   154.395560387     891
*    891 -4333.245763175
GRID*                892                  5554.300638395   154.531042641     892
*    892 -4363.312996642
GRID*                893                  5554.304020177   154.562792516     893
*    893 -4393.374669039
GRID*                894                  5554.321561668   154.182642197     894
*    894 -4423.275071562
GRID*                895                  5554.401571393   151.965213887     895
*    895 -4451.841852908
GRID*                896                  5554.729199517   142.158817446     896
*    896 -4477.269956341
GRID*                897                  5555.145504006   128.582328163     897
*    897 -4456.512054750
GRID*                898                  5555.094025678   130.209438975     898
*    898 -4432.559163968
GRID*                899                  5555.078734808   130.596836556     899
*    899 -4403.762212110
GRID*                900                  5555.074707153   130.603791560     900
*    900 -4373.908839694
GRID*                901                  5555.074540969   130.481454564     901
*    901 -4343.875645398
GRID*                902                  5555.074805151   130.344499998     902
*    902 -4313.771696036
GRID*                903                  5555.074709714   130.219294791     903
*    903 -4283.618140240
GRID*                904                  5555.075218790   130.074153181     904
*    904 -4253.504384818
GRID*                905                  5555.075685179   129.930412762     905
*    905 -4223.386297722
GRID*                906                  5555.075896051   129.795082753     906
*    906 -4193.247597024
GRID*                907                  5555.076475964   129.647593851     907
*    907 -4163.135877864
GRID*                908                  5555.077158170   129.496736599     908
*    908 -4133.032178460
GRID*                909                  5555.077406396   129.360180354     909
*    909 -4102.897194419
GRID*                910                  5555.077760650   129.220131254     910
*    910 -4072.770124926
GRID*                911                  5555.078143951   129.079121324     911
*    911 -4042.644299267
GRID*                912                  5555.078794318   128.929309782     912
*    912 -4012.537489020
GRID*                913                  5555.080712397   128.737728192     913
*    913 -3982.525329868
GRID*                914                  5555.083115635   128.530148009     914
*    914 -3952.551824482
GRID*                915                  5555.081478961   128.455698906     915
*    915 -3922.271005715
GRID*                916                  5555.082291874   128.300551079     916
*    916 -3892.181782599
GRID*                917                  5555.326410435   128.088809100     917
*    917 -3862.216703125
GRID*                918                  5556.858601670   128.020075704     918
*    918 -3832.014158979
GRID*                919                  5559.768533042   127.857921401     919
*    919 -3802.217557720
GRID*                920                  5564.077487358   127.795504312     920
*    920 -3772.438582021
GRID*                921                  5569.779122932   127.797133453     921
*    921 -3742.831965711
GRID*                922                  5576.843015904   127.828623697     922
*    922 -3713.567142850
GRID*                923                  5585.273706153   127.921025283     923
*    923 -3684.620867097
GRID*                924                  5595.059553230   128.062698847     924
*    924 -3656.056620945
GRID*                925                  5606.144636555   128.217464466     925
*    925 -3628.037347593
GRID*                926                  5618.521117705   128.414544417     926
*    926 -3600.568125559
GRID*                927                  5632.192098114   128.669137591     927
*    927 -3573.650912585
GRID*                928                  5647.084493659   128.947763384     928
*    928 -3547.435122282
GRID*                929                  5663.155494057   129.252994355     929
*    929 -3521.983389103
GRID*                930                  5680.410487536   129.603794270     930
*    930 -3497.283608270
GRID*                931                  5698.794044533   130.000029544     931
*    931 -3473.418141969
GRID*                932                  5718.190646456   130.433346909     932
*    932 -3450.523249126
GRID*                933                  5738.846631196   130.893894211     933
*    933 -3428.329815203
GRID*                934                  5760.796496789   131.338807464     934
*    934 -3406.873437661
GRID*                935                  5783.457077334   131.778598155     935
*    935 -3386.723825411
GRID*                936                  5807.430819746   132.142080450     936
*    936 -3367.359345894
GRID*                937                  5831.962001262   132.553924012     937
*    937 -3349.393939195
GRID*                938                  5858.056280150   132.646465164     938
*    938 -3332.141835281
GRID*                939                  5883.947053975   133.091996758     939
*    939 -3316.731020400
GRID*                940                  5910.615494934   133.505190251     940
*    940 -3302.500172933
GRID*                941                  5937.160118836   134.715645688     941
*    941 -3289.857212539
GRID*                942                  5967.742878567   135.637809722     942
*    942 -3277.076569916
GRID*                943                  5997.881119954   129.244026189     943
*    943 -3266.337090025
GRID*                944                  6026.118105624   129.539311115     944
*    944 -3257.668762763
GRID*                945                  6055.019861538   130.346347915     945
*    945 -3250.223817579
GRID*                946                  6084.437302548   131.047455693     946
*    946 -3244.085424203
GRID*                947                  6114.174884940   131.707616778     947
*    947 -3239.312758258
GRID*                948                  6144.193756400   132.412042438     948
*    948 -3235.922484020
GRID*                949                  6174.690913093   133.810974916     949
*    949 -3233.920146358
GRID*                950                  6210.724103869   137.733262243     950
*    950 -3233.407449315
GRID*                951                  6213.430605846   164.795027284     951
*    951 -3233.340275779
GRID*                952                  6188.439056352   159.128747236     952
*    952 -3233.359549952
GRID*                953                  6158.541941422   156.543978275     953
*    953 -3234.642019329
GRID*                954                  6128.586772960   155.116471590     954
*    954 -3237.320036821
GRID*                955                  6098.777613026   153.977356050     955
*    955 -3241.390052487
GRID*                956                  6069.274377573   152.631322972     956
*    956 -3246.829362355
GRID*                957                  6040.069385347   151.815960072     957
*    957 -3253.623702751
GRID*                958                  6012.167254109   150.710228323     958
*    958 -3261.477526348
GRID*                959                  5988.978318507   151.154052544     959
*    959 -3269.030474176
GRID*                960                  6323.815681170   -37.282653138     960
*    960 -3255.542894717
GRID*                961                  6316.945284741  -327.139775009     961
*    961 -3256.908575544
GRID*                962                  5560.005915463  -314.576967183     962
*    962 -4581.728959599
GRID*                963                  5550.018443127  -314.076577099     963
*    963 -4581.726492868
GRID*                964                  6315.523463873  -360.733996498     964
*    964 -3254.061797018
GRID*                965                  6313.800796367  -358.497235312     965
*    965 -3263.654988148
GRID*                966                  5567.426873132    -1.492056639     966
*    966 -4580.253839517
GRID*                967                  6322.161875491    -5.749284018     967
*    967 -3261.992993063
GRID*                968                  5551.444690835  -285.623247624     968
*    968 -4581.592479212
GRID*                969                  6323.986439501    -3.687095361     969
*    969 -3252.379547057
GRID*                970                  5557.503456400   -30.007621388     970
*    970 -4580.388149324
GRID*                971                  5557.426908631    -1.518702108     971
*    971 -4580.253855942
GRID*                972                  6325.711013181   -36.263213607     972
*    972 -3245.719221310
GRID*                973                  6318.787954343  -328.340381954     973
*    973 -3247.095367587
GRID*                974                  6300.521103252   -36.284629634     974
*    974 -3241.405511063
GRID*                975                  6270.943259352   -36.303673267     975
*    975 -3237.635599153
GRID*                976                  6241.345468029   -36.316239591     976
*    976 -3235.240543794
GRID*                977                  6210.998279992   -36.322458350     977
*    977 -3234.199510012
GRID*                978                  6180.727799496   -36.321969852     978
*    978 -3234.581246464
GRID*                979                  6150.534452202   -36.314813273     979
*    979 -3236.377434955
GRID*                980                  6118.822590476   -36.300063098     980
*    980 -3239.799154417
GRID*                981                  6089.188967514   -36.279477302     981
*    981 -3244.440271439
GRID*                982                  6056.597680178   -36.249070694     982
*    982 -3251.192819171
GRID*                983                  6027.433957902   -36.214755155     983
*    983 -3258.743470492
GRID*                984                  5998.656281211   -36.174064231     984
*    984 -3267.643617327
GRID*                985                  5970.323629809   -36.127081984     985
*    985 -3277.874877866
GRID*                986                  5942.494278167   -36.073903199     986
*    986 -3289.416600607
GRID*                987                  5915.233687941   -36.014651714     987
*    987 -3302.241902162
GRID*                988                  5888.603593516   -35.949463458     988
*    988 -3316.321367350
GRID*                989                  5862.658482114   -35.878473359     989
*    989 -3331.625860201
GRID*                990                  5838.518490457   -35.805232554     990
*    990 -3347.391436313
GRID*                991                  5814.201347167   -35.723788067     991
*    991 -3364.899699604
GRID*                992                  5790.594834355   -35.636595609     992
*    992 -3383.621321511
GRID*                993                  5766.819914051   -35.539722108     993
*    993 -3404.399089231
GRID*                994                  5745.108411757   -35.442263408     994
*    994 -3425.282098586
GRID*                995                  5724.390529996   -35.340088471     995
*    995 -3447.156903146
GRID*                996                  5704.716780200   -35.233446285     996
*    996 -3469.970196549
GRID*                997                  5686.128624213   -35.122564798     997
*    997 -3493.673220505
GRID*                998                  5668.664115024   -35.007671712     998
*    998 -3518.217300725
GRID*                999                  5652.359531216   -34.889002465     999
*    999 -3543.552136980
GRID*               1000                  5637.253801787   -34.766838650    1000
*   1000 -3569.617609581
GRID*               1001                  5623.380380278   -34.641454280    1001
*   1001 -3596.355257623
GRID*               1002                  5610.767501039   -34.513107106    1002
*   1002 -3623.710119460
GRID*               1003                  5599.441262899   -34.382059851    1003
*   1003 -3651.626198104
GRID*               1004                  5589.427368643   -34.248605345    1004
*   1004 -3680.041109985
GRID*               1005                  5580.749386724   -34.113060582    1005
*   1005 -3708.887363777
GRID*               1006                  5573.540916503   -33.978115653    1006
*   1006 -3737.592816382
GRID*               1007                  5567.644063286   -33.841444693    1007
*   1007 -3766.652534576
GRID*               1008                  5563.038312090   -33.701886530    1008
*   1008 -3796.313140995
GRID*               1009                  5559.799150389   -33.560568298    1009
*   1009 -3826.334732029
GRID*               1010                  5557.984075269   -33.420960101    1010
*   1010 -3855.980322092
GRID*               1011                  5557.512965376   -33.282508549    1011
*   1011 -3885.368093078
GRID*               1012                  5557.512557318   -33.141764569    1012
*   1012 -3915.238059903
GRID*               1013                  5557.512144721   -32.999455011    1013
*   1013 -3945.440288076
GRID*               1014                  5557.511723499   -32.854170264    1014
*   1014 -3976.273937957
GRID*               1015                  5557.511311887   -32.712200321    1015
*   1015 -4006.404089741
GRID*               1016                  5557.510901335   -32.570596245    1016
*   1016 -4036.456594025
GRID*               1017                  5557.510488919   -32.428349109    1017
*   1017 -4066.645574366
GRID*               1018                  5557.510078154   -32.286671174    1018
*   1018 -4096.713753885
GRID*               1019                  5557.509667880   -32.145162605    1019
*   1019 -4126.745988679
GRID*               1020                  5557.509257851   -32.003738906    1020
*   1020 -4156.760211876
GRID*               1021                  5557.508849590   -31.862924618    1021
*   1021 -4186.645100206
GRID*               1022                  5557.508443004   -31.722688220    1022
*   1022 -4216.407343381
GRID*               1023                  5557.508033936   -31.581595965    1023
*   1023 -4246.351224333
GRID*               1024                  5557.507622853   -31.439808502    1024
*   1024 -4276.442648704
GRID*               1025                  5557.507206816   -31.296312252    1025
*   1025 -4306.896727483
GRID*               1026                  5557.506787566   -31.151707793    1026
*   1026 -4337.586000309
GRID*               1027                  5557.506377088   -31.010129110    1027
*   1027 -4367.633115417
GRID*               1028                  5557.505968207   -30.869101105    1028
*   1028 -4397.563360671
GRID*               1029                  5557.505559104   -30.727996707    1029
*   1029 -4427.509818786
GRID*               1030                  5557.505150997   -30.587235446    1030
*   1030 -4457.383453209
GRID*               1031                  5557.504735264   -30.443844263    1031
*   1031 -4487.815233790
GRID*               1032                  5557.504332132   -30.304799059    1032
*   1032 -4517.324670837
GRID*               1033                  5557.503876578   -30.147673246    1033
*   1033 -4550.671339388
GRID*               1034                  5557.427135915    -1.610242426    1034
*   1034 -4560.812218704
GRID*               1035                  5557.427568136    -1.753735106    1035
*   1035 -4530.366724787
GRID*               1036                  5557.427985159    -1.898368821    1036
*   1036 -4499.673244468
GRID*               1037                  5557.428395824    -2.041417902    1037
*   1037 -4469.313820034
GRID*               1038                  5557.428803074    -2.181125543    1038
*   1038 -4439.662842278
GRID*               1039                  5557.429213216    -2.323585706    1039
*   1039 -4409.424220560
GRID*               1040                  5557.429629349    -2.466215996    1040
*   1040 -4379.153975384
GRID*               1041                  5557.430040115    -2.608400815    1041
*   1041 -4348.977721620
GRID*               1042                  5557.430451627    -2.749837523    1042
*   1042 -4318.966867264
GRID*               1043                  5557.430875034    -2.896243318    1043
*   1043 -4287.904676242
GRID*               1044                  5557.431288777    -3.038723882    1044
*   1044 -4257.669419515
GRID*               1045                  5557.431686759    -3.176036283    1045
*   1045 -4228.522595714
GRID*               1046                  5557.432081742    -3.312799493    1046
*   1046 -4199.487289071
GRID*               1047                  5557.432487787    -3.451585600    1047
*   1047 -4170.029700977
GRID*               1048                  5557.432894015    -3.592379363    1048
*   1048 -4140.151124834
GRID*               1049                  5557.433304618    -3.734373089    1049
*   1049 -4110.024507714
GRID*               1050                  5557.433713524    -3.875776515    1050
*   1050 -4080.019093630
GRID*               1051                  5557.434125897    -4.017278148    1051
*   1051 -4049.981862611
GRID*               1052                  5557.434536662    -4.158932594    1052
*   1052 -4019.910611945
GRID*               1053                  5557.434956726    -4.303925269    1053
*   1053 -3989.138513856
GRID*               1054                  5557.435377451    -4.451989120    1054
*   1054 -3957.715764794
GRID*               1055                  5557.441380482    -4.593995400    1055
*   1055 -3927.570340735
GRID*               1056                  5558.254467513    -4.729368289    1056
*   1056 -3897.921199491
GRID*               1057                  5560.409564266    -4.855705239    1057
*   1057 -3868.669931267
GRID*               1058                  5563.991990749    -4.976847928    1058
*   1058 -3838.904709039
GRID*               1059                  5568.157120486    -5.094113023    1059
*   1059 -3809.305393845
GRID*               1060                  5572.487661968    -5.212092571    1060
*   1060 -3779.362976388
GRID*               1061                  5577.901335115    -5.321630263    1061
*   1061 -3749.981593694
GRID*               1062                  5584.726352009    -5.423128703    1062
*   1062 -3720.710515703
GRID*               1063                  5593.187441655    -5.518374001    1063
*   1063 -3690.926027208
GRID*               1064                  5602.789731722    -5.601673917    1064
*   1064 -3662.384978589
GRID*               1065                  5614.039849723    -5.677415946    1065
*   1065 -3633.574029304
GRID*               1066                  5626.303366315    -5.741374573    1066
*   1066 -3606.110810233
GRID*               1067                  5639.828694526    -5.795677987    1067
*   1067 -3579.284282491
GRID*               1068                  5654.606345362    -5.840209007    1068
*   1068 -3553.110303034
GRID*               1069                  5670.601330948    -5.874858555    1069
*   1069 -3527.653840235
GRID*               1070                  5688.714305656    -5.900565778    1070
*   1070 -3501.696467496
GRID*               1071                  5708.005642274    -5.915120180    1071
*   1071 -3476.770006717
GRID*               1072                  5727.435590879    -5.918722595    1072
*   1072 -3454.012457384
GRID*               1073                  5747.908924806    -5.912345174    1073
*   1073 -3432.188640964
GRID*               1074                  5769.381879497    -5.896033039    1074
*   1074 -3411.345355328
GRID*               1075                  5791.805129187    -5.869820531    1075
*   1075 -3391.530480675
GRID*               1076                  5815.130650794    -5.833728948    1076
*   1076 -3372.786300824
GRID*               1077                  5839.308766587    -5.787842681    1077
*   1077 -3355.152868456
GRID*               1078                  5863.372578750    -5.734487928    1078
*   1078 -3339.243033215
GRID*               1079                  5890.004496053    -5.667279744    1079
*   1079 -3323.373840214
GRID*               1080                  5916.412661465    -5.592771789    1080
*   1080 -3309.296941890
GRID*               1081                  5943.450514171    -5.508957211    1081
*   1081 -3296.470873717
GRID*               1082                  5971.058021568    -5.416103394    1082
*   1082 -3284.924035862
GRID*               1083                  5999.176106095    -5.314388526    1083
*   1083 -3274.681134453
GRID*               1084                  6027.743009457    -5.204025051    1084
*   1084 -3265.764755263
GRID*               1085                  6056.694558430    -5.085293962    1085
*   1085 -3258.194865489
GRID*               1086                  6085.967490702    -4.958427329    1086
*   1086 -3251.987853836
GRID*               1087                  6114.071376843    -4.830333324    1087
*   1087 -3247.357992407
GRID*               1088                  6142.738192383    -4.693499403    1088
*   1088 -3243.947035504
GRID*               1089                  6173.041350166    -4.542220402    1089
*   1089 -3241.758415752
GRID*               1090                  6203.331220292    -4.384202738    1090
*   1090 -3241.011634418
GRID*               1091                  6234.157950442    -4.216434074    1091
*   1091 -3241.725529619
GRID*               1092                  6264.758370315    -4.042898810    1092
*   1092 -3243.909661181
GRID*               1093                  6294.577426675    -3.867132915    1093
*   1093 -3247.466686358
GRID*               1094                  6293.613862470  -327.165529324    1094
*   1094 -3242.774118580
GRID*               1095                  6264.078605943  -325.781106534    1095
*   1095 -3238.999151422
GRID*               1096                  6234.103706096  -324.369472991    1096
*   1096 -3236.573898446
GRID*               1097                  6204.024878451  -322.946311349    1097
*   1097 -3235.548040168
GRID*               1098                  6173.922096355  -321.515357520    1098
*   1098 -3235.926602285
GRID*               1099                  6142.126556336  -319.996790733    1099
*   1099 -3237.856007557
GRID*               1100                  6109.146503398  -318.413744294    1100
*   1100 -3241.532814675
GRID*               1101                  6080.834525198  -317.048216464    1101
*   1101 -3246.072190297
GRID*               1102                  6049.990692836  -315.553588478    1102
*   1102 -3252.505671735
GRID*               1103                  6020.859749003  -314.135077571    1103
*   1103 -3260.049156391
GRID*               1104                  5992.111708963  -312.728343924    1104
*   1104 -3268.943107249
GRID*               1105                  5963.809054503  -311.336460104    1105
*   1105 -3279.168200361
GRID*               1106                  5936.013118668  -309.962492089    1106
*   1106 -3290.702294409
GRID*               1107                  5908.784714401  -308.609422315    1107
*   1107 -3303.520129678
GRID*               1108                  5882.184168562  -307.280269251    1108
*   1108 -3317.593143487
GRID*               1109                  5856.266902720  -305.977786468    1109
*   1109 -3332.891932218
GRID*               1110                  5832.181023778  -304.760131096    1110
*   1110 -3348.632952328
GRID*               1111                  5807.864406494  -303.523115541    1111
*   1111 -3366.153424365
GRID*               1112                  5784.280932611  -302.315287480    1112
*   1112 -3384.871888225
GRID*               1113                  5760.539750971  -301.090348543    1113
*   1113 -3405.637307652
GRID*               1114                  5738.852907198  -299.962396953    1114
*   1114 -3426.513959839
GRID*               1115                  5718.161448167  -298.877038336    1115
*   1115 -3448.379265131
GRID*               1116                  5698.510161395  -297.836634702    1116
*   1116 -3471.185849275
GRID*               1117                  5679.941612788  -296.843436514    1117
*   1117 -3494.884284298
GRID*               1118                  5662.495977634  -295.899586597    1118
*   1118 -3519.423314909
GRID*               1119                  5646.211077568  -295.007143796    1119
*   1119 -3544.749809421
GRID*               1120                  5631.122036190  -294.168039051    1120
*   1120 -3570.809318442
GRID*               1121                  5617.262636338  -293.384100762    1121
*   1121 -3597.543402388
GRID*               1122                  5604.662413688  -292.657013238    1122
*   1122 -3624.894948766
GRID*               1123                  5593.348628194  -291.988413835    1123
*   1123 -3652.804759698
GRID*               1124                  5583.345886206  -291.379720309    1124
*   1124 -3681.212149061
GRID*               1125                  5574.675737420  -290.832187119    1125
*   1125 -3710.056018692
GRID*               1126                  5567.357227084  -290.347071508    1126
*   1126 -3739.273093708
GRID*               1127                  5561.406180928  -289.925415151    1127
*   1127 -3768.800191400
GRID*               1128                  5556.835695121  -289.568128664    1128
*   1128 -3798.572411716
GRID*               1129                  5553.655280237  -289.276022230    1129
*   1129 -3828.527303139
GRID*               1130                  5551.897572396  -289.054189495    1130
*   1130 -3857.908357229
GRID*               1131                  5551.454183447  -288.897363229    1131
*   1131 -3886.729901128
GRID*               1132                  5551.453779054  -288.757883405    1132
*   1132 -3916.331577304
GRID*               1133                  5551.453363242  -288.614464616    1133
*   1133 -3946.769216594
GRID*               1134                  5551.452944154  -288.469916187    1134
*   1134 -3977.446598254
GRID*               1135                  5551.452532542  -288.327946324    1135
*   1135 -4007.576733108
GRID*               1136                  5551.452122186  -288.186409730    1136
*   1136 -4037.614915886
GRID*               1137                  5551.451711135  -288.044633102    1137
*   1137 -4067.704040643
GRID*               1138                  5551.451301474  -287.903336274    1138
*   1138 -4097.691337993
GRID*               1139                  5551.450891539  -287.761944840    1139
*   1139 -4127.698713494
GRID*               1140                  5551.450481589  -287.620548078    1140
*   1140 -4157.707219896
GRID*               1141                  5551.450064854  -287.476811031    1141
*   1141 -4188.212402701
GRID*               1142                  5551.449654270  -287.335195965    1142
*   1142 -4218.267239388
GRID*               1143                  5551.449241896  -287.192962998    1143
*   1143 -4248.453212594
GRID*               1144                  5551.448832661  -287.051813059    1144
*   1144 -4278.409335902
GRID*               1145                  5551.448426217  -286.911625460    1145
*   1145 -4308.161222502
GRID*               1146                  5551.448014858  -286.769743067    1146
*   1146 -4338.272793866
GRID*               1147                  5551.447605429  -286.628525841    1147
*   1147 -4368.243197301
GRID*               1148                  5551.447195998  -286.487308358    1148
*   1148 -4398.213655396
GRID*               1149                  5551.446781105  -286.344206682    1149
*   1149 -4428.583993963
GRID*               1150                  5551.446371223  -286.202833338    1150
*   1150 -4458.587530196
GRID*               1151                  5551.445955812  -286.059553244    1151
*   1151 -4488.995734315
GRID*               1152                  5551.445546551  -285.918394200    1152
*   1152 -4518.953789819
GRID*               1153                  5551.445096111  -285.763032044    1153
*   1153 -4551.926158907
GRID*               1154                  5567.427342465    -1.662646008    1154
*   1154 -4544.729002032
GRID*               1155                  5567.427758194    -1.809974083    1155
*   1155 -4514.303372146
GRID*               1156                  5567.428189253    -1.957832131    1156
*   1156 -4483.881699343
GRID*               1157                  5567.428602944    -2.103765340    1157
*   1157 -4453.816633222
GRID*               1158                  5567.429015705    -2.249013425    1158
*   1158 -4423.845638421
GRID*               1159                  5567.429434325    -2.394970034    1159
*   1159 -4393.679113355
GRID*               1160                  5567.429837010    -2.540000687    1160
*   1160 -4363.671837233
GRID*               1161                  5567.430255428    -2.685965137    1161
*   1161 -4333.466950827
GRID*               1162                  5567.430658749    -2.831004657    1162
*   1162 -4303.441552436
GRID*               1163                  5567.431075375    -2.978769889    1163
*   1163 -4272.831773746
GRID*               1164                  5567.431479586    -3.123407078    1164
*   1164 -4242.833331338
GRID*               1165                  5567.431876358    -3.264293866    1165
*   1165 -4213.581337868
GRID*               1166                  5567.432267418    -3.404702031    1166
*   1166 -4184.407979984
GRID*               1167                  5567.432663477    -3.546567036    1167
*   1167 -4154.897214218
GRID*               1168                  5567.433067158    -3.690304565    1168
*   1168 -4124.950719401
GRID*               1169                  5567.433472926    -3.834255132    1169
*   1169 -4094.910009367
GRID*               1170                  5567.433876149    -3.978025932    1170
*   1170 -4064.857649933
GRID*               1171                  5567.434279634    -4.121994309    1171
*   1171 -4034.737109811
GRID*               1172                  5567.434688389    -4.266427554    1172
*   1172 -4004.421497487
GRID*               1173                  5567.435103392    -4.415035247    1173
*   1173 -3973.418252253
GRID*               1174                  5567.435569915    -4.569142469    1174
*   1174 -3942.566221196
GRID*               1175                  5567.669884033    -4.961411696    1175
*   1175 -3912.942656195
GRID*               1176                  5569.096733331    -5.796950558    1176
*   1176 -3883.881824541
GRID*               1177                  5571.805934145    -6.717839204    1177
*   1177 -3854.848610706
GRID*               1178                  5575.708381644    -7.412255089    1178
*   1178 -3825.351471476
GRID*               1179                  5579.847967731    -7.650513105    1179
*   1179 -3795.716473638
GRID*               1180                  5584.547177533    -7.771160010    1180
*   1180 -3766.379287232
GRID*               1181                  5590.595603872    -7.864166619    1181
*   1181 -3737.411709889
GRID*               1182                  5598.106240118    -7.948866653    1182
*   1182 -3708.379493659
GRID*               1183                  5607.006257377    -8.025308096    1183
*   1183 -3679.689492015
GRID*               1184                  5617.270597860    -8.092335945    1184
*   1184 -3651.439783515
GRID*               1185                  5628.812017436    -8.150234785    1185
*   1185 -3623.843500005
GRID*               1186                  5641.583508305    -8.199217011    1186
*   1186 -3596.958925602
GRID*               1187                  5655.510191631    -8.238334187    1187
*   1187 -3570.885908270
GRID*               1188                  5670.786685663    -8.267640624    1188
*   1188 -3545.269592432
GRID*               1189                  5687.560637118    -8.287215332    1189
*   1189 -3519.972600935
GRID*               1190                  5705.888566614    -8.296444918    1190
*   1190 -3495.054504525
GRID*               1191                  5724.979950449    -8.294991000    1191
*   1191 -3471.578557379
GRID*               1192                  5744.657336639    -8.283606480    1192
*   1192 -3449.599589888
GRID*               1193                  5765.284297375    -8.261977196    1193
*   1193 -3428.622640496
GRID*               1194                  5786.930954962    -8.229943693    1194
*   1194 -3408.576673405
GRID*               1195                  5809.441293272    -8.187620641    1195
*   1195 -3389.607865672
GRID*               1196                  5832.855154063    -8.134941061    1196
*   1196 -3371.681322777
GRID*               1197                  5856.811902229    -8.072946929    1197
*   1197 -3355.049124736
GRID*               1198                  5881.731882019    -8.000716005    1198
*   1198 -3339.413495609
GRID*               1199                  5907.664350196    -7.917654994    1199
*   1199 -3324.793699187
GRID*               1200                  5934.030886369    -7.825420838    1200
*   1200 -3311.523833263
GRID*               1201                  5960.983224916    -7.723716159    1201
*   1201 -3299.507004308
GRID*               1202                  5988.445759443    -7.612872188    1202
*   1202 -3288.774434581
GRID*               1203                  6016.367926861    -7.492995924    1203
*   1203 -3279.343059029
GRID*               1204                  6044.673006902    -7.364494116    1204
*   1204 -3271.235675076
GRID*               1205                  6073.245018045    -7.227950538    1205
*   1205 -3264.477370356
GRID*               1206                  6101.576427505    -7.085565956    1206
*   1206 -3259.144393894
GRID*               1207                  6129.795034273    -6.936934141    1207
*   1207 -3255.152441457
GRID*               1208                  6158.675274398    -6.778059320    1208
*   1208 -3252.404500215
GRID*               1209                  6188.488484313    -6.607034932    1209
*   1209 -3250.968638033
GRID*               1210                  6218.704349802    -6.426544792    1210
*   1210 -3250.955686401
GRID*               1211                  6249.172218974    -6.237080099    1211
*   1211 -3252.412823984
GRID*               1212                  6280.896975847    -6.031574332    1212
*   1212 -3255.510255960
GRID*               1213                  5550.018668285  -314.168597760    1213
*   1213 -4562.210761080
GRID*               1214                  5550.019103707  -314.312559785    1214
*   1214 -4531.650188171
GRID*               1215                  5550.019513942  -314.454715624    1215
*   1215 -4501.478634982
GRID*               1216                  5550.019933869  -314.600905362    1216
*   1216 -4470.453041688
GRID*               1217                  5550.020349657  -314.743633237    1217
*   1217 -4440.163064679
GRID*               1218                  5550.020754365  -314.884485881    1218
*   1218 -4410.274288359
GRID*               1219                  5550.021159789  -315.023517769    1219
*   1219 -4380.767704772
GRID*               1220                  5550.021575578  -315.167464173    1220
*   1220 -4350.218550339
GRID*               1221                  5550.021989822  -315.309367533    1221
*   1221 -4320.096405269
GRID*               1222                  5550.022396406  -315.449196106    1222
*   1222 -4290.411723420
GRID*               1223                  5550.022811119  -315.591644554    1223
*   1223 -4260.176370135
GRID*               1224                  5550.023211591  -315.730302666    1224
*   1224 -4230.754063045
GRID*               1225                  5550.023625328  -315.874453165    1225
*   1225 -4200.171728737
GRID*               1226                  5550.024040134  -316.016552173    1226
*   1226 -4170.017107836
GRID*               1227                  5550.024439184  -316.154576972    1227
*   1227 -4140.722083424
GRID*               1228                  5550.024845430  -316.294355579    1228
*   1228 -4111.048498879
GRID*               1229                  5550.025250136  -316.433958623    1229
*   1229 -4081.416278774
GRID*               1230                  5550.025660478  -316.575312195    1230
*   1230 -4051.423427073
GRID*               1231                  5550.026069323  -316.716992603    1231
*   1231 -4021.362763162
GRID*               1232                  5550.026489228  -316.861966891    1232
*   1232 -3990.595429217
GRID*               1233                  5550.026910090  -317.010011643    1233
*   1233 -3959.175234853
GRID*               1234                  5550.032842396  -317.152215329    1234
*   1234 -3929.058540091
GRID*               1235                  5550.853694793  -317.336108688    1235
*   1235 -3899.220188548
GRID*               1236                  5553.030092400  -317.589570349    1236
*   1236 -3869.802009736
GRID*               1237                  5556.576395915  -317.915422680    1237
*   1237 -3840.365707345
GRID*               1238                  5560.719223162  -318.272954047    1238
*   1238 -3810.885435303
GRID*               1239                  5565.061210952  -318.643760980    1239
*   1239 -3780.822728606
GRID*               1240                  5570.468253451  -319.067584859    1240
*   1240 -3751.442837250
GRID*               1241                  5577.284134549  -319.565225561    1241
*   1241 -3722.175904335
GRID*               1242                  5585.733669672  -320.151451949    1242
*   1242 -3692.395941245
GRID*               1243                  5595.322996388  -320.791980628    1243
*   1243 -3663.858650208
GRID*               1244                  5606.557057993  -321.520618702    1244
*   1244 -3635.053678489
GRID*               1245                  5618.803210264  -322.296355161    1245
*   1245 -3607.595856709
GRID*               1246                  5632.310418644  -323.135583321    1246
*   1246 -3580.772827869
GRID*               1247                  5647.068150736  -324.037754324    1247
*   1247 -3554.602890880
GRID*               1248                  5663.041412807  -325.000704559    1248
*   1248 -3529.151035462
GRID*               1249                  5681.127083899  -326.077491645    1249
*   1249 -3503.202505268
GRID*               1250                  5700.390088850  -327.211576016    1250
*   1250 -3478.283766845
GRID*               1251                  5719.793315343  -328.342847246    1251
*   1251 -3455.531527581
GRID*               1252                  5740.238460659  -329.524724565    1252
*   1252 -3433.713338537
GRID*               1253                  5761.681888971  -330.754652725    1253
*   1253 -3412.875914844
GRID*               1254                  5784.074274260  -332.029805344    1254
*   1254 -3393.067190236
GRID*               1255                  5807.367780922  -333.347495439    1255
*   1255 -3374.329334131
GRID*               1256                  5831.512601442  -334.704894237    1256
*   1256 -3356.702542879
GRID*               1257                  5855.544717476  -336.048187795    1257
*   1257 -3340.798405916
GRID*               1258                  5882.138521409  -337.526445016    1258
*   1258 -3324.937425695
GRID*               1259                  5908.510440342  -338.984600483    1259
*   1259 -3310.867706461
GRID*               1260                  5935.511122058  -340.470101908    1260
*   1260 -3298.049024358
GRID*               1261                  5963.080637895  -341.979571546    1261
*   1261 -3286.509745738
GRID*               1262                  5991.160043071  -343.509802669    1262
*   1262 -3276.274536812
GRID*               1263                  6019.687693675  -345.057446023    1263
*   1263 -3267.365960296
GRID*               1264                  6048.599271632  -346.618979840    1264
*   1264 -3259.804027715
GRID*               1265                  6077.831942325  -348.191039149    1265
*   1265 -3253.605018437
GRID*               1266                  6105.896817900  -349.694065748    1266
*   1266 -3248.982891229
GRID*               1267                  6134.476545467  -351.218495304    1267
*   1267 -3245.584333862
GRID*               1268                  6164.500912964  -352.813346635    1268
*   1268 -3243.413187673
GRID*               1269                  6194.672222390  -354.409283317    1269
*   1269 -3242.661241176
GRID*               1270                  6225.002942348  -356.006875440    1270
*   1270 -3243.344883098
GRID*               1271                  6255.428574046  -357.602658826    1271
*   1271 -3245.485451280
GRID*               1272                  6286.152983151  -359.207003787    1272
*   1272 -3249.140617160
GRID*               1273                  6272.272585232  -356.304277741    1273
*   1273 -3257.120969593
GRID*               1274                  6240.836392801  -354.638019213    1274
*   1274 -3254.048728077
GRID*               1275                  6210.030199766  -352.998656886    1275
*   1275 -3252.577906346
GRID*               1276                  6179.995060496  -351.393996894    1276
*   1276 -3252.601039526
GRID*               1277                  6150.372759079  -349.805106144    1277
*   1277 -3254.033078160
GRID*               1278                  6121.659004951  -348.259014926    1278
*   1278 -3256.766024262
GRID*               1279                  6093.517847666  -346.738068262    1279
*   1279 -3260.745987648
GRID*               1280                  6065.232731132  -345.203702647    1280
*   1280 -3266.070049866
GRID*               1281                  6036.701978457  -343.650058656    1281
*   1281 -3272.820144841
GRID*               1282                  6008.436824314  -342.104336814    1282
*   1282 -3280.919572601
GRID*               1283                  5980.553742940  -340.572887390    1283
*   1283 -3290.343183091
GRID*               1284                  5953.129779605  -339.059989842    1284
*   1284 -3301.068065439
GRID*               1285                  5926.215127929  -337.568289025    1285
*   1285 -3313.077418793
GRID*               1286                  5899.885559320  -336.102006950    1286
*   1286 -3326.339925333
GRID*               1287                  5873.989889018  -334.652764641    1287
*   1287 -3340.952213546
GRID*               1288                  5849.104912120  -333.252721598    1288
*   1288 -3356.580800565
GRID*               1289                  5825.181223786  -331.899119494    1289
*   1289 -3373.206644191
GRID*               1290                  5801.800051165  -330.568375274    1290
*   1290 -3391.126740183
GRID*               1291                  5779.321172562  -329.280968828    1291
*   1291 -3410.089330384
GRID*               1292                  5757.704804551  -328.034616984    1292
*   1292 -3430.129286014
GRID*               1293                  5737.106695917  -326.838200353    1293
*   1293 -3451.100518325
GRID*               1294                  5717.456826143  -325.687568007    1294
*   1294 -3473.074045803
GRID*               1295                  5698.392785578  -324.560556949    1295
*   1295 -3496.543914266
GRID*               1296                  5680.092578144  -323.466892225    1296
*   1296 -3521.453936998
GRID*               1297                  5663.342509229  -322.453516559    1297
*   1297 -3546.745323462
GRID*               1298                  5648.088124875  -321.517819512    1298
*   1298 -3572.355740429
GRID*               1299                  5634.180644561  -320.651508805    1299
*   1299 -3598.424918597
GRID*               1300                  5621.426619182  -319.842129162    1300
*   1300 -3625.306362726
GRID*               1301                  5609.901837705  -319.093284099    1301
*   1301 -3652.897909903
GRID*               1302                  5599.652983496  -318.407949631    1302
*   1302 -3681.141085901
GRID*               1303                  5590.765603141  -317.792447408    1303
*   1303 -3709.827055882
GRID*               1304                  5583.265590717  -317.247791364    1304
*   1304 -3738.855625706
GRID*               1305                  5577.224916556  -316.781250250    1305
*   1305 -3767.823751545
GRID*               1306                  5572.527875861  -316.402469002    1306
*   1306 -3797.184168613
GRID*               1307                  5568.403148316  -316.165514063    1307
*   1307 -3826.711820736
GRID*               1308                  5564.481504930  -316.394257163    1308
*   1308 -3856.172716399
GRID*               1309                  5561.733707711  -316.911386900    1309
*   1309 -3885.191602192
GRID*               1310                  5560.270988063  -317.404792020    1310
*   1310 -3914.167356091
GRID*               1311                  5560.018053593  -317.511998526    1311
*   1311 -3943.420895260
GRID*               1312                  5560.017161602  -317.372907155    1312
*   1312 -3974.856381323
GRID*               1313                  5560.016626768  -317.229317694    1313
*   1313 -4005.866196179
GRID*               1314                  5560.016144468  -317.088550240    1314
*   1314 -4036.076812291
GRID*               1315                  5560.015645522  -316.948980301    1315
*   1315 -4066.129505524
GRID*               1316                  5560.015139702  -316.809605644    1316
*   1316 -4096.168050134
GRID*               1317                  5560.014626801  -316.672227790    1317
*   1317 -4125.825614203
GRID*               1318                  5560.014114880  -316.537987201    1318
*   1318 -4154.854877501
GRID*               1319                  5560.013580274  -316.400157714    1319
*   1319 -4184.707542981
GRID*               1320                  5560.013029491  -316.260607177    1320
*   1320 -4214.971753066
GRID*               1321                  5560.012478167  -316.123376032    1321
*   1321 -4244.755753324
GRID*               1322                  5560.011912674  -315.984014438    1322
*   1322 -4275.036683371
GRID*               1323                  5560.011344615  -315.847219888    1323
*   1323 -4304.797583172
GRID*               1324                  5560.010772854  -315.709395229    1324
*   1324 -4334.802936618
GRID*               1325                  5560.010182383  -315.570830750    1325
*   1325 -4364.981794707
GRID*               1326                  5560.009618385  -315.435694678    1326
*   1326 -4394.418378885
GRID*               1327                  5560.009017204  -315.296916328    1327
*   1327 -4424.681612161
GRID*               1328                  5560.008411058  -315.159034019    1328
*   1328 -4454.801461871
GRID*               1329                  5560.007782590  -315.018848237    1329
*   1329 -4485.476222178
GRID*               1330                  5560.007136777  -314.879826513    1330
*   1330 -4515.938824415
GRID*               1331                  5560.006536444  -314.741159792    1331
*   1331 -4546.203819078
GRID*               1332                  5561.901801364  -276.033777532    1332
*   1332 -4581.547437546
GRID*               1333                  5563.170775673  -246.420737400    1333
*   1333 -4581.407921512
GRID*               1334                  5564.275566756  -216.843934458    1334
*   1334 -4581.268573981
GRID*               1335                  5565.207049434  -187.640272830    1335
*   1335 -4581.130982283
GRID*               1336                  5565.991262747  -157.972661963    1336
*   1336 -4580.991202495
GRID*               1337                  5566.610988808  -128.371771804    1337
*   1337 -4580.851734841
GRID*               1338                  5567.063062100   -99.176552229    1338
*   1338 -4580.714176372
GRID*               1339                  5567.359472371   -69.659843385    1339
*   1339 -4580.575100954
GRID*               1340                  5567.494535518   -40.062640360    1340
*   1340 -4580.435644053
GRID*               1341                  6323.710314033   -74.632452795    1341
*   1341 -3255.721348473
GRID*               1342                  6323.434289809  -106.133850429    1342
*   1342 -3255.869775803
GRID*               1343                  6323.023899937  -135.981133190    1343
*   1343 -3256.010407291
GRID*               1344                  6322.507740463  -163.955411088    1344
*   1344 -3256.142211943
GRID*               1345                  6322.098487823  -182.370280441    1345
*   1345 -3256.228975180
GRID*               1346                  6321.638108778  -200.633674937    1346
*   1346 -3256.315023985
GRID*               1347                  6320.826638353  -228.641626111    1347
*   1347 -3256.446983267
GRID*               1348                  6319.822848181  -258.446424265    1348
*   1348 -3256.587406466
GRID*               1349                  6318.605646123  -289.923405684    1349
*   1349 -3256.735705892
GRID*               1350                  5552.550773469  -261.150240154    1350
*   1350 -4581.477180218
GRID*               1351                  5553.765585619  -230.853455735    1351
*   1351 -4581.334441717
GRID*               1352                  5554.785879187  -201.304596625    1352
*   1352 -4581.195224700
GRID*               1353                  5555.628751261  -172.326805473    1353
*   1353 -4581.058696068
GRID*               1354                  5556.317935218  -143.234603652    1354
*   1354 -4580.921626246
GRID*               1355                  5556.849262816  -114.180345512    1355
*   1355 -4580.784733054
GRID*               1356                  5557.227654121   -84.744833314    1356
*   1356 -4580.646041346
GRID*               1357                  5557.448931084   -54.478658141    1357
*   1357 -4580.503433500
GRID*               1358                  6319.848636415  -305.069733567    1358
*   1358 -3246.985727811
GRID*               1359                  6321.178305527  -272.672403669    1359
*   1359 -3246.833093341
GRID*               1360                  6322.262909745  -242.500193766    1360
*   1360 -3246.690940042
GRID*               1361                  6323.179609913  -213.016323513    1361
*   1361 -3246.552027830
GRID*               1362                  6323.980488112  -182.456265571    1362
*   1362 -3246.408043158
GRID*               1363                  6324.633003264  -151.707460353    1363
*   1363 -3246.263167104
GRID*               1364                  6325.114077213  -122.239476555    1364
*   1364 -3246.124323796
GRID*               1365                  6325.460521197   -92.052584595    1365
*   1365 -3245.982091233
GRID*               1366                  6325.667829140   -59.584576643    1366
*   1366 -3245.829108403
GRID*               1367                  6278.060007784   -61.072988832    1367
*   1367 -3238.538602706
GRID*               1368                  6251.091308281   -62.321398893    1368
*   1368 -3236.004680721
GRID*               1369                  6222.809438316   -62.352148534    1369
*   1369 -3234.559323440
GRID*               1370                  6192.729951041   -62.357781625    1370
*   1370 -3234.381953773
GRID*               1371                  6162.190949598   -62.321587930    1371
*   1371 -3235.634860600
GRID*               1372                  6131.245990993   -62.302006926    1372
*   1372 -3238.386149310
GRID*               1373                  6101.010502936   -62.283753517    1373
*   1373 -3242.533270990
GRID*               1374                  6071.347820513   -62.261139098    1374
*   1374 -3248.030566159
GRID*               1375                  6042.014178267   -62.236222115    1375
*   1375 -3254.895201874
GRID*               1376                  6013.028527989   -62.217297111    1376
*   1376 -3263.120055085
GRID*               1377                  5984.446751261   -62.186552290    1377
*   1377 -3272.690317298
GRID*               1378                  5956.347828388   -62.137536072    1378
*   1378 -3283.579918665
GRID*               1379                  5928.798262303   -62.089489021    1379
*   1379 -3295.761739608
GRID*               1380                  5901.836345819   -62.025423666    1380
*   1380 -3309.218680515
GRID*               1381                  5875.548380291   -61.951572787    1381
*   1381 -3323.906950087
GRID*               1382                  5850.147263251   -61.863792097    1382
*   1382 -3339.689331299
GRID*               1383                  5825.510266728   -61.781393827    1383
*   1383 -3356.624356230
GRID*               1384                  5801.293563880   -61.691936563    1384
*   1384 -3374.989644202
GRID*               1385                  5778.033198719   -61.605284327    1385
*   1385 -3394.414595804
GRID*               1386                  5755.817057212   -61.498369820    1386
*   1386 -3414.803970518
GRID*               1387                  5734.593060233   -61.399860543    1387
*   1387 -3436.188915755
GRID*               1388                  5714.398488231   -61.295583999    1388
*   1388 -3458.527858468
GRID*               1389                  5695.259971321   -61.188514210    1389
*   1389 -3481.790779389
GRID*               1390                  5677.217400477   -61.072475795    1390
*   1390 -3505.931905977
GRID*               1391                  5660.322516928   -60.956058605    1391
*   1391 -3530.883071663
GRID*               1392                  5644.620388822   -60.839708050    1392
*   1392 -3556.574116226
GRID*               1393                  5630.124149311   -60.716544272    1393
*   1393 -3582.982580219
GRID*               1394                  5616.868201724   -60.584423461    1394
*   1394 -3610.050117598
GRID*               1395                  5604.889856473   -60.454336091    1395
*   1395 -3637.701971255
GRID*               1396                  5594.215056720   -60.322388911    1396
*   1396 -3665.876478549
GRID*               1397                  5584.868449110   -60.185442601    1397
*   1397 -3694.504813267
GRID*               1398                  5576.876118525   -60.043900984    1398
*   1398 -3723.494001574
GRID*               1399                  5570.257414035   -59.906020995    1399
*   1399 -3752.739610505
GRID*               1400                  5564.985012611   -59.769419592    1400
*   1400 -3782.370444820
GRID*               1401                  5561.098976535   -59.625590453    1401
*   1401 -3812.199893895
GRID*               1402                  5558.604723987   -59.480246833    1402
*   1402 -3842.178769842
GRID*               1403                  5557.511763793   -59.339494446    1403
*   1403 -3871.944724441
GRID*               1404                  5557.451131264   -59.199923230    1404
*   1404 -3901.813560329
GRID*               1405                  5557.450714114   -59.059255056    1405
*   1405 -3931.924669799
GRID*               1406                  5557.450301664   -58.917114747    1406
*   1406 -3962.100472149
GRID*               1407                  5557.449880845   -58.775474185    1407
*   1407 -3992.441417617
GRID*               1408                  5557.449473403   -58.632767634    1408
*   1408 -4022.553727643
GRID*               1409                  5557.449060858   -58.490714156    1409
*   1409 -4052.720678667
GRID*               1410                  5557.448646708   -58.349145683    1410
*   1410 -4082.867904582
GRID*               1411                  5557.448238107   -58.206891878    1411
*   1411 -4112.952368206
GRID*               1412                  5557.447828416   -58.064982052    1412
*   1412 -4143.021512303
GRID*               1413                  5557.447410776   -57.924249928    1413
*   1413 -4173.154617353
GRID*               1414                  5557.447002014   -57.782585764    1414
*   1414 -4203.165641075
GRID*               1415                  5557.446595178   -57.640208347    1415
*   1415 -4233.217696070
GRID*               1416                  5557.446178614   -57.498297883    1416
*   1416 -4263.476792789
GRID*               1417                  5557.445770334   -57.355488114    1417
*   1417 -4293.625875446
GRID*               1418                  5557.445356081   -57.213739486    1418
*   1418 -4323.799736485
GRID*               1419                  5557.444949493   -57.071942268    1419
*   1419 -4353.768266078
GRID*               1420                  5557.444528939   -56.931733346    1420
*   1420 -4383.912707644
GRID*               1421                  5557.444066483   -56.800931789    1421
*   1421 -4413.971120318
GRID*               1422                  5557.443388271   -56.714704329    1422
*   1422 -4444.088019702
GRID*               1423                  5557.443002524   -56.566882792    1423
*   1423 -4474.278836434
GRID*               1424                  5557.442689194   -56.405838903    1424
*   1424 -4504.220015419
GRID*               1425                  5557.449590153   -54.720442395    1425
*   1425 -4530.392362530
GRID*               1426                  5557.337027759   -72.746406677    1426
*   1426 -4554.982117092
GRID*               1427                  5557.038459241  -101.157383200    1427
*   1427 -4555.115945591
GRID*               1428                  5556.590031867  -129.564721999    1428
*   1428 -4555.249048580
GRID*               1429                  5555.992080794  -157.955573895    1429
*   1429 -4555.298137311
GRID*               1430                  5555.243478822  -186.375018231    1430
*   1430 -4555.517592729
GRID*               1431                  5554.345469643  -214.772646907    1431
*   1431 -4555.651382884
GRID*               1432                  5553.297624670  -243.165869517    1432
*   1432 -4555.785050681
GRID*               1433                  5552.551806638  -261.376666762    1433
*   1433 -4531.677894055
GRID*               1434                  5552.618134207  -259.957675563    1434
*   1434 -4505.487612828
GRID*               1435                  5552.618658406  -260.095947551    1435
*   1435 -4475.567450250
GRID*               1436                  5552.618752091  -260.246856836    1436
*   1436 -4445.142984363
GRID*               1437                  5552.617418046  -260.430163503    1437
*   1437 -4414.935395629
GRID*               1438                  5552.617520220  -260.578892373    1438
*   1438 -4384.904332995
GRID*               1439                  5552.617863913  -260.722763588    1439
*   1439 -4354.712913213
GRID*               1440                  5552.618289818  -260.865008035    1440
*   1440 -4324.461601713
GRID*               1441                  5552.618721520  -261.006087336    1441
*   1441 -4294.414802874
GRID*               1442                  5552.619158063  -261.146806058    1442
*   1442 -4264.417095558
GRID*               1443                  5552.619547258  -261.288499967    1443
*   1443 -4234.446271221
GRID*               1444                  5552.619932886  -261.431445572    1444
*   1444 -4204.243344045
GRID*               1445                  5552.620362406  -261.572241330    1445
*   1445 -4174.263058816
GRID*               1446                  5552.620804829  -261.714052192    1446
*   1446 -4144.020921419
GRID*               1447                  5552.621203267  -261.856770121    1447
*   1447 -4113.803531459
GRID*               1448                  5552.621642238  -261.997602403    1448
*   1448 -4083.771941775
GRID*               1449                  5552.622020054  -262.140373670    1449
*   1449 -4053.640061633
GRID*               1450                  5552.622406268  -262.283124500    1450
*   1450 -4023.473106340
GRID*               1451                  5552.622847547  -262.424316846    1451
*   1451 -3993.359212181
GRID*               1452                  5552.623229580  -262.567905592    1452
*   1452 -3963.045232771
GRID*               1453                  5552.623665816  -262.709579173    1453
*   1453 -3932.859208974
GRID*               1454                  5552.623993254  -262.853739408    1454
*   1454 -3902.686110924
GRID*               1455                  5552.683797407  -262.996828732    1455
*   1455 -3872.959055760
GRID*               1456                  5553.771409889  -263.186615440    1456
*   1456 -3843.221480734
GRID*               1457                  5556.242161869  -263.433046088    1457
*   1457 -3813.405969225
GRID*               1458                  5560.117344343  -263.791923380    1458
*   1458 -3783.534678613
GRID*               1459                  5565.380825916  -264.171309469    1459
*   1459 -3753.873587458
GRID*               1460                  5572.018193160  -264.624865914    1460
*   1460 -3724.491807410
GRID*               1461                  5580.017167137  -265.114958857    1461
*   1461 -3695.450432049
GRID*               1462                  5589.359001032  -265.695278734    1462
*   1462 -3666.810600861
GRID*               1463                  5600.021844464  -266.334183668    1463
*   1463 -3638.642752179
GRID*               1464                  5611.983132948  -267.031929647    1464
*   1464 -3611.004891323
GRID*               1465                  5625.218396699  -267.786597973    1465
*   1465 -3583.953554930
GRID*               1466                  5639.699493433  -268.599462709    1466
*   1466 -3557.546738162
GRID*               1467                  5655.389935903  -269.463016402    1467
*   1467 -3531.850666561
GRID*               1468                  5672.264911761  -270.383812791    1468
*   1468 -3506.905841903
GRID*               1469                  5690.279476377  -271.351085625    1469
*   1469 -3482.779807107
GRID*               1470                  5709.395646755  -272.366915086    1470
*   1470 -3459.522274871
GRID*               1471                  5729.575527986  -273.409090524    1471
*   1471 -3437.180224641
GRID*               1472                  5750.774782785  -274.498490429    1472
*   1472 -3415.802181077
GRID*               1473                  5772.946800587  -275.639544998    1473
*   1473 -3395.435259383
GRID*               1474                  5796.179783480  -276.776627726    1474
*   1474 -3376.017054791
GRID*               1475                  5820.314318646  -278.003574042    1475
*   1475 -3357.695701849
GRID*               1476                  5844.794743055  -279.357444178    1476
*   1476 -3340.842966294
GRID*               1477                  5870.349674787  -280.512311413    1477
*   1477 -3324.948645256
GRID*               1478                  5896.618698723  -281.810596605    1478
*   1478 -3310.259704341
GRID*               1479                  5923.548796148  -283.121954512    1479
*   1479 -3296.809355628
GRID*               1480                  5951.067765866  -284.581656679    1480
*   1480 -3284.631566274
GRID*               1481                  5979.124696405  -285.989152927    1481
*   1481 -3273.751276242
GRID*               1482                  6007.654968019  -287.450851509    1482
*   1482 -3264.191967732
GRID*               1483                  6036.586361635  -288.878814371    1483
*   1483 -3255.977420828
GRID*               1484                  6065.872552355  -290.309256464    1484
*   1484 -3249.119633427
GRID*               1485                  6095.448208562  -291.741264130    1485
*   1485 -3243.634271971
GRID*               1486                  6125.234073849  -293.178327776    1486
*   1486 -3239.535198106
GRID*               1487                  6156.107919575  -294.635029033    1487
*   1487 -3236.767003341
GRID*               1488                  6186.619501114  -296.028918467    1488
*   1488 -3235.493105394
GRID*               1489                  6216.949482592  -297.472581377    1489
*   1489 -3235.658787013
GRID*               1490                  6245.472881959  -298.865953208    1490
*   1490 -3237.118318883
GRID*               1491                  6272.353059277  -301.370620152    1491
*   1491 -3239.669487005
GRID*               1492                  6295.114196293  -283.563657632    1492
*   1492 -3242.506372921
GRID*               1493                  6296.268017661  -254.367828107    1493
*   1493 -3242.375685154
GRID*               1494                  6297.203797145  -225.591216835    1494
*   1494 -3242.237092729
GRID*               1495                  6297.890849901  -196.554148649    1495
*   1495 -3242.079221693
GRID*               1496                  6298.597188506  -166.938166960    1496
*   1496 -3241.940343663
GRID*               1497                  6299.286264309  -137.914823960    1497
*   1497 -3241.824646759
GRID*               1498                  6299.711609318  -109.125315041    1498
*   1498 -3241.691511437
GRID*               1499                  6299.943922754   -79.907557183    1499
*   1499 -3241.547217808
GRID*               1500                  6269.477420790   -90.683730880    1500
*   1500 -3237.765429162
GRID*               1501                  6236.077641276   -88.321126077    1501
*   1501 -3235.213436344
GRID*               1502                  6206.058484210   -88.489557355    1502
*   1502 -3234.411554934
GRID*               1503                  6176.303112137   -88.301719407    1503
*   1503 -3234.991294077
GRID*               1504                  6146.219385316   -88.231568432    1504
*   1504 -3236.974782484
GRID*               1505                  6115.967089818   -88.256921529    1505
*   1505 -3240.399162812
GRID*               1506                  6086.297332544   -88.207135701    1506
*   1506 -3245.171858850
GRID*               1507                  6056.746644963   -88.205777783    1507
*   1507 -3251.349673501
GRID*               1508                  6027.626375643   -88.234561138    1508
*   1508 -3258.869133251
GRID*               1509                  5998.776225300   -88.307319841    1509
*   1509 -3267.771818329
GRID*               1510                  5970.372483769   -88.324624814    1510
*   1510 -3278.011750965
GRID*               1511                  5942.489913270   -88.255925775    1511
*   1511 -3289.561095016
GRID*               1512                  5915.201630981   -88.237970828    1512
*   1512 -3302.386605248
GRID*               1513                  5888.549376314   -88.143129604    1513
*   1513 -3316.465727192
GRID*               1514                  5862.618824722   -87.957873672    1514
*   1514 -3331.749189503
GRID*               1515                  5837.423796278   -87.861674309    1515
*   1515 -3348.225634122
GRID*               1516                  5812.966695765   -87.751111221    1516
*   1516 -3365.899854630
GRID*               1517                  5789.400203236   -87.725379937    1517
*   1517 -3384.662938828
GRID*               1518                  5766.721057754   -87.580908088    1518
*   1518 -3404.514966906
GRID*               1519                  5744.991105239   -87.475439002    1519
*   1519 -3425.402998803
GRID*               1520                  5724.260430569   -87.383111736    1520
*   1520 -3447.278729354
GRID*               1521                  5704.574334703   -87.267978512    1521
*   1521 -3470.093832328
GRID*               1522                  5685.974329224   -87.134291162    1522
*   1522 -3493.799537129
GRID*               1523                  5668.500873821   -87.007339650    1523
*   1523 -3518.343469989
GRID*               1524                  5652.198197913   -86.885033355    1524
*   1524 -3543.661209922
GRID*               1525                  5637.076387419   -86.765314641    1525
*   1525 -3569.739274948
GRID*               1526                  5623.188660767   -86.630528666    1526
*   1526 -3596.490076102
GRID*               1527                  5610.567260047   -86.493960174    1527
*   1527 -3623.849048321
GRID*               1528                  5599.231177622   -86.360189189    1528
*   1528 -3651.774601666
GRID*               1529                  5589.212249077   -86.249861020    1529
*   1529 -3680.187463974
GRID*               1530                  5580.523187808   -86.102598555    1530
*   1530 -3709.054603086
GRID*               1531                  5573.194427905   -85.958503384    1531
*   1531 -3738.272915939
GRID*               1532                  5567.231579402   -85.830366477    1532
*   1532 -3767.817931791
GRID*               1533                  5562.653274689   -85.678025233    1533
*   1533 -3797.603227337
GRID*               1534                  5559.467209800   -85.548784313    1534
*   1534 -3827.576850981
GRID*               1535                  5557.688171027   -85.392464764    1535
*   1535 -3857.497295607
GRID*               1536                  5557.264324390   -85.253109355    1536
*   1536 -3887.571237590
GRID*               1537                  5557.263895833   -85.113590984    1537
*   1537 -3917.589191921
GRID*               1538                  5557.263479731   -84.972177509    1538
*   1538 -3947.704785487
GRID*               1539                  5557.263054993   -84.831260809    1539
*   1539 -3977.885921294
GRID*               1540                  5557.262636747   -84.689754576    1540
*   1540 -4008.053014784
GRID*               1541                  5557.262240288   -84.546324635    1541
*   1541 -4038.164121289
GRID*               1542                  5557.261818638   -84.405256047    1542
*   1542 -4068.317620204
GRID*               1543                  5557.261406189   -84.263428284    1543
*   1543 -4098.438798826
GRID*               1544                  5557.260991921   -84.121841468    1544
*   1544 -4128.551543978
GRID*               1545                  5557.260570103   -83.980909234    1545
*   1545 -4158.685658622
GRID*               1546                  5557.260170191   -83.838075618    1546
*   1546 -4188.758127167
GRID*               1547                  5557.259745353   -83.697440750    1547
*   1547 -4218.894983103
GRID*               1548                  5557.259352418   -83.553747510    1548
*   1548 -4248.989231106
GRID*               1549                  5557.258925327   -83.413047360    1549
*   1549 -4279.174968685
GRID*               1550                  5557.258525183   -83.270046645    1550
*   1550 -4309.278610739
GRID*               1551                  5557.258120176   -83.127684693    1551
*   1551 -4339.360624237
GRID*               1552                  5557.257698302   -82.986835678    1552
*   1552 -4369.482120773
GRID*               1553                  5557.257204096   -82.853398355    1553
*   1553 -4399.622276288
GRID*               1554                  5557.256202145   -82.772879721    1554
*   1554 -4429.741459932
GRID*               1555                  5557.252856950   -82.932992334    1555
*   1555 -4460.178962829
GRID*               1556                  5557.255948244   -82.428127705    1556
*   1556 -4490.265026066
GRID*               1557                  5557.238925053   -83.965049679    1557
*   1557 -4523.915285687
GRID*               1558                  5556.832735588  -115.522582223    1558
*   1558 -4529.035552816
GRID*               1559                  5556.309925657  -143.891598018    1559
*   1559 -4529.439466887
GRID*               1560                  5555.636478505  -172.303495662    1560
*   1560 -4529.481799882
GRID*               1561                  5554.812182256  -200.741032280    1561
*   1561 -4529.461897083
GRID*               1562                  5553.723554415  -232.262808935    1562
*   1562 -4525.198147915
GRID*               1563                  5553.660353822  -234.111988796    1563
*   1563 -4491.616800131
GRID*               1564                  5553.670520086  -233.998334252    1564
*   1564 -4460.980366067
GRID*               1565                  5553.661449829  -234.392872019    1565
*   1565 -4430.536691760
GRID*               1566                  5553.662055772  -234.528850387    1566
*   1566 -4400.574262165
GRID*               1567                  5553.661557079  -234.695823987    1567
*   1567 -4370.261912235
GRID*               1568                  5553.662237181  -234.831061499    1568
*   1568 -4340.058959905
GRID*               1569                  5553.662649994  -234.973129989    1569
*   1569 -4309.903117709
GRID*               1570                  5553.663317470  -235.108229009    1570
*   1570 -4279.793246706
GRID*               1571                  5553.663811474  -235.247597360    1571
*   1571 -4249.746305192
GRID*               1572                  5553.664183622  -235.390571141    1572
*   1572 -4219.624051025
GRID*               1573                  5553.664586492  -235.532685153    1573
*   1573 -4189.511083428
GRID*               1574                  5553.664986010  -235.675006558    1574
*   1574 -4159.374711469
GRID*               1575                  5553.665473479  -235.814915870    1575
*   1575 -4129.255212726
GRID*               1576                  5553.665874393  -235.957217920    1576
*   1576 -4099.115380499
GRID*               1577                  5553.666233031  -236.100618881    1577
*   1577 -4068.979365418
GRID*               1578                  5553.666686134  -236.241341945    1578
*   1578 -4038.878655673
GRID*               1579                  5553.667031844  -236.385264373    1579
*   1579 -4008.707262769
GRID*               1580                  5553.667459088  -236.526899124    1580
*   1580 -3978.561675497
GRID*               1581                  5553.667858119  -236.669367267    1581
*   1581 -3948.398921575
GRID*               1582                  5553.668233553  -236.812455772    1582
*   1582 -3918.236918394
GRID*               1583                  5553.668592689  -236.955135755    1583
*   1583 -3888.240417697
GRID*               1584                  5554.092217459  -237.122850256    1584
*   1584 -3858.198190685
GRID*               1585                  5555.871108935  -237.329321067    1585
*   1585 -3828.273875401
GRID*               1586                  5559.051065044  -237.684993071    1586
*   1586 -3798.307988282
GRID*               1587                  5563.622216925  -238.095862685    1587
*   1587 -3768.527524891
GRID*               1588                  5569.576895445  -238.515698069    1588
*   1588 -3738.991904340
GRID*               1589                  5576.901653841  -238.975648711    1589
*   1589 -3709.763365564
GRID*               1590                  5585.580236911  -239.483119208    1590
*   1590 -3680.906899995
GRID*               1591                  5595.592687634  -240.039124375    1591
*   1591 -3652.488559052
GRID*               1592                  5606.915718485  -240.712302656    1592
*   1592 -3624.567208482
GRID*               1593                  5619.526167695  -241.443506939    1593
*   1593 -3597.205257392
GRID*               1594                  5633.391364665  -242.224024282    1594
*   1594 -3570.472039289
GRID*               1595                  5648.482769840  -243.051086639    1595
*   1595 -3544.419920223
GRID*               1596                  5664.782306119  -243.925122077    1596
*   1596 -3519.082149863
GRID*               1597                  5682.238113527  -244.813684279    1597
*   1597 -3494.542161718
GRID*               1598                  5700.819336990  -245.808400855    1598
*   1598 -3470.838154135
GRID*               1599                  5720.483367622  -246.782315286    1599
*   1599 -3448.030157312
GRID*               1600                  5741.185841496  -247.789594012    1600
*   1600 -3426.166544757
GRID*               1601                  5762.887868742  -248.897421042    1601
*   1601 -3405.286501580
GRID*               1602                  5785.534356319  -249.988146322    1602
*   1602 -3385.446758752
GRID*               1603                  5809.092529189  -251.074975465    1603
*   1603 -3366.676142572
GRID*               1604                  5833.487600797  -252.403603441    1604
*   1604 -3349.028688165
GRID*               1605                  5858.657578932  -253.616900812    1605
*   1605 -3332.554295109
GRID*               1606                  5884.587939886  -254.752810946    1606
*   1606 -3317.260781413
GRID*               1607                  5911.210949121  -255.975794328    1607
*   1607 -3303.187720446
GRID*               1608                  5938.456874301  -257.501408381    1608
*   1608 -3290.370173796
GRID*               1609                  5966.269920315  -258.976441644    1609
*   1609 -3278.839371508
GRID*               1610                  5994.537611106  -260.663057053    1610
*   1610 -3268.635111534
GRID*               1611                  6023.210598068  -262.241913241    1611
*   1611 -3259.771245923
GRID*               1612                  6052.235142138  -263.719842764    1612
*   1612 -3252.258518791
GRID*               1613                  6081.656127013  -265.135357741    1613
*   1613 -3246.088229983
GRID*               1614                  6111.316647979  -266.560357225    1614
*   1614 -3241.297425238
GRID*               1615                  6141.258804349  -267.967944708    1615
*   1615 -3237.884630777
GRID*               1616                  6171.480828629  -269.322142657    1616
*   1616 -3235.867049604
GRID*               1617                  6201.744407789  -270.446214676    1617
*   1617 -3235.268842643
GRID*               1618                  6231.688020922  -272.200419708    1618
*   1618 -3236.078242050
GRID*               1619                  6265.179581851  -271.394876718    1619
*   1619 -3238.615383070
GRID*               1620                  6270.986390934  -239.034349420    1620
*   1620 -3238.954114967
GRID*               1621                  6271.757138859  -210.166105607    1621
*   1621 -3238.805069662
GRID*               1622                  6272.497353705  -181.102963786    1622
*   1622 -3238.666207962
GRID*               1623                  6273.140207880  -152.089567805    1623
*   1623 -3238.532179220
GRID*               1624                  6273.730978024  -123.273983515    1624
*   1624 -3238.408787927
GRID*               1625                  6249.758595346  -111.561177504    1625
*   1625 -3236.169761104
GRID*               1626                  6221.891785809  -118.119222526    1626
*   1626 -3234.809881447
GRID*               1627                  6190.583943803  -114.100307294    1627
*   1627 -3234.657557834
GRID*               1628                  6161.297053715  -113.961252101    1628
*   1628 -3235.907420395
GRID*               1629                  6131.373377337  -114.097609950    1629
*   1629 -3238.565245046
GRID*               1630                  6101.470909053  -114.110386431    1630
*   1630 -3242.631055512
GRID*               1631                  6071.993239996  -114.017732282    1631
*   1631 -3248.045263777
GRID*               1632                  6042.486137692  -114.074257996    1632
*   1632 -3254.900024809
GRID*               1633                  6013.566529415  -114.398437061    1633
*   1633 -3263.057316064
GRID*               1634                  5984.820120664  -114.840365018    1634
*   1634 -3272.633910238
GRID*               1635                  5956.457829817  -114.954988593    1635
*   1635 -3283.585921295
GRID*               1636                  5928.714946229  -114.760305494    1636
*   1636 -3295.824932285
GRID*               1637                  5901.677195174  -114.665099696    1637
*   1637 -3309.297874773
GRID*               1638                  5875.365632958  -114.389770699    1638
*   1638 -3323.979912574
GRID*               1639                  5849.771818637  -114.212154713    1639
*   1639 -3339.868304922
GRID*               1640                  5824.922888726  -114.132517937    1640
*   1640 -3356.947771553
GRID*               1641                  5800.898302184  -114.056317528    1641
*   1641 -3375.166297583
GRID*               1642                  5777.777151677  -113.830744851    1642
*   1642 -3394.461669867
GRID*               1643                  5755.558533112  -113.710666135    1643
*   1643 -3414.832251800
GRID*               1644                  5734.312573485  -113.569728400    1644
*   1644 -3436.217536668
GRID*               1645                  5714.089405938  -113.412825546    1645
*   1645 -3458.566821693
GRID*               1646                  5694.922032059  -113.267954748    1646
*   1646 -3481.844231216
GRID*               1647                  5676.873923576  -113.104461235    1647
*   1647 -3505.972034653
GRID*               1648                  5659.966922942  -112.945189619    1648
*   1648 -3530.918737865
GRID*               1649                  5644.237624353  -112.783897117    1649
*   1649 -3556.631900703
GRID*               1650                  5629.718728113  -112.611258726    1650
*   1650 -3583.060725817
GRID*               1651                  5616.457563026  -112.461657787    1651
*   1651 -3610.116677904
GRID*               1652                  5604.470444716  -112.348763236    1652
*   1652 -3637.762669046
GRID*               1653                  5593.784170622  -112.265526680    1653
*   1653 -3665.937388138
GRID*               1654                  5584.416548718  -112.101198213    1654
*   1654 -3694.602402395
GRID*               1655                  5576.398258615  -111.948458663    1655
*   1655 -3723.663509084
GRID*               1656                  5569.743922024  -111.780387188    1656
*   1656 -3753.066284734
GRID*               1657                  5564.466550270  -111.645354354    1657
*   1657 -3782.751602016
GRID*               1658                  5560.578040589  -111.548444272    1658
*   1658 -3812.655861532
GRID*               1659                  5558.088457660  -111.438954767    1659
*   1659 -3842.710979549
GRID*               1660                  5557.003942786  -111.297838799    1660
*   1660 -3872.840346755
GRID*               1661                  5556.951858000  -111.156593413    1661
*   1661 -3902.906022366
GRID*               1662                  5556.951413283  -111.017055017    1662
*   1662 -3933.011799219
GRID*               1663                  5556.950996302  -110.875523457    1663
*   1663 -3963.130213377
GRID*               1664                  5556.950533684  -110.736818551    1664
*   1664 -3993.307837552
GRID*               1665                  5556.950122425  -110.594845311    1665
*   1665 -4023.434257450
GRID*               1666                  5556.949719557  -110.452324420    1666
*   1666 -4053.554712626
GRID*               1667                  5556.949299116  -110.310966988    1667
*   1667 -4083.684713033
GRID*               1668                  5556.948883197  -110.169330456    1668
*   1668 -4113.808677920
GRID*               1669                  5556.948436360  -110.029713672    1669
*   1669 -4143.954228499
GRID*               1670                  5556.948055797  -109.885761433    1670
*   1670 -4174.054567986
GRID*               1671                  5556.947647411  -109.743646352    1671
*   1671 -4204.170871408
GRID*               1672                  5556.947242384  -109.601285138    1672
*   1672 -4234.289548453
GRID*               1673                  5556.946790471  -109.461964179    1673
*   1673 -4264.444966210
GRID*               1674                  5556.946412467  -109.317831906    1674
*   1674 -4294.545790952
GRID*               1675                  5556.946007672  -109.175482324    1675
*   1675 -4324.659565616
GRID*               1676                  5556.945726980  -109.024637902    1676
*   1676 -4354.755078228
GRID*               1677                  5556.945317513  -108.882566388    1677
*   1677 -4384.876906405
GRID*               1678                  5556.944677634  -108.756291004    1678
*   1678 -4415.028219762
GRID*               1679                  5556.944290972  -108.612339677    1679
*   1679 -4445.203095955
GRID*               1680                  5556.891931007  -111.981841609    1680
*   1680 -4476.676952905
GRID*               1681                  5556.994279352  -104.729695345    1681
*   1681 -4504.625981031
GRID*               1682                  5556.590740644  -129.809476354    1682
*   1682 -4503.313385058
GRID*               1683                  5555.990748743  -158.285662059    1683
*   1683 -4503.502982217
GRID*               1684                  5555.244211353  -186.618941894    1684
*   1684 -4503.581306219
GRID*               1685                  5554.449615569  -211.964873425    1685
*   1685 -4505.358506262
GRID*               1686                  5554.676010015  -205.262245158    1686
*   1686 -4477.018988657
GRID*               1687                  5554.571500075  -208.619899249    1687
*   1687 -4445.068502464
GRID*               1688                  5554.569643294  -208.828114250    1688
*   1688 -4415.413718941
GRID*               1689                  5554.572120801  -208.907128906    1689
*   1689 -4385.362762820
GRID*               1690                  5554.575622365  -208.955625114    1690
*   1690 -4355.208752531
GRID*               1691                  5554.579528001  -208.991554545    1691
*   1691 -4325.106978645
GRID*               1692                  5554.582136770  -209.066588570    1692
*   1692 -4295.037932238
GRID*               1693                  5554.582406079  -209.213079363    1693
*   1693 -4264.867756055
GRID*               1694                  5554.582803360  -209.355452544    1694
*   1694 -4234.743728478
GRID*               1695                  5554.583208996  -209.497566266    1695
*   1695 -4204.620884998
GRID*               1696                  5554.583692798  -209.637220982    1696
*   1696 -4174.515293513
GRID*               1697                  5554.584053975  -209.780769289    1697
*   1697 -4144.375622799
GRID*               1698                  5554.584532360  -209.920601017    1698
*   1698 -4114.267545387
GRID*               1699                  5554.584935820  -210.062806215    1699
*   1699 -4084.139731807
GRID*               1700                  5554.585288238  -210.206624442    1700
*   1700 -4053.999224244
GRID*               1701                  5554.585752093  -210.346913879    1701
*   1701 -4023.887817200
GRID*               1702                  5554.586083435  -210.491437032    1702
*   1702 -3993.734485260
GRID*               1703                  5554.586400172  -210.636481898    1703
*   1703 -3963.565770879
GRID*               1704                  5554.586786994  -210.779279027    1704
*   1704 -3933.420916107
GRID*               1705                  5554.587200360  -210.920996976    1705
*   1705 -3903.329547494
GRID*               1706                  5554.639787157  -211.069787091    1706
*   1706 -3873.253816910
GRID*               1707                  5555.723343441  -211.270984423    1707
*   1707 -3843.160212475
GRID*               1708                  5558.205301250  -211.636535279    1708
*   1708 -3813.123769913
GRID*               1709                  5562.083409187  -212.095035238    1709
*   1709 -3783.228802500
GRID*               1710                  5567.351522045  -212.552897837    1710
*   1710 -3753.549083656
GRID*               1711                  5573.999402330  -212.959804102    1711
*   1711 -3724.149673728
GRID*               1712                  5582.009274626  -213.437358774    1712
*   1712 -3695.091492977
GRID*               1713                  5591.368746161  -213.902190063    1713
*   1713 -3666.431348738
GRID*               1714                  5602.046064318  -214.522864648    1714
*   1714 -3638.249436463
GRID*               1715                  5614.022136654  -215.217584520    1715
*   1715 -3610.600022647
GRID*               1716                  5627.280113442  -215.922639900    1716
*   1716 -3583.528101494
GRID*               1717                  5641.783711074  -216.682462250    1717
*   1717 -3557.106524384
GRID*               1718                  5657.492603297  -217.456613169    1718
*   1718 -3531.407622945
GRID*               1719                  5674.381487934  -218.235346942    1719
*   1719 -3506.470310337
GRID*               1720                  5692.418550283  -219.105128245    1720
*   1720 -3482.338920116
GRID*               1721                  5711.559750130  -219.971024681    1721
*   1721 -3459.077091063
GRID*               1722                  5731.763096433  -220.829219030    1722
*   1722 -3436.735320147
GRID*               1723                  5752.988513763  -221.828048145    1723
*   1723 -3415.353825408
GRID*               1724                  5775.182484991  -222.887633136    1724
*   1724 -3394.989236942
GRID*               1725                  5798.297818439  -223.857511738    1725
*   1725 -3375.687374558
GRID*               1726                  5822.289883341  -224.824049611    1726
*   1726 -3357.482849340
GRID*               1727                  5847.102056813  -225.957562600    1727
*   1727 -3340.415589015
GRID*               1728                  5872.679250338  -227.195707878    1728
*   1728 -3324.524846080
GRID*               1729                  5898.980139221  -228.271243256    1729
*   1729 -3309.841000738
GRID*               1730                  5925.974042384  -229.508873790    1730
*   1730 -3296.380819402
GRID*               1731                  5953.609553320  -231.010814412    1731
*   1731 -3284.176645697
GRID*               1732                  5981.626179931  -233.249662085    1732
*   1732 -3273.331800843
GRID*               1733                  6009.890977651  -235.633247216    1733
*   1733 -3263.874484523
GRID*               1734                  6038.531883365  -237.285855559    1734
*   1734 -3255.746677804
GRID*               1735                  6067.515704806  -238.726811823    1735
*   1735 -3248.950477959
GRID*               1736                  6096.934167919  -240.110253120    1736
*   1736 -3243.474050541
GRID*               1737                  6126.996371373  -241.404797362    1737
*   1737 -3239.319130366
GRID*               1738                  6156.965788189  -242.831207145    1738
*   1738 -3236.599512058
GRID*               1739                  6187.794349874  -244.117264554    1739
*   1739 -3235.264404209
GRID*               1740                  6218.701404917  -241.404529031    1740
*   1740 -3235.383057618
GRID*               1741                  6246.431526003  -249.554599136    1741
*   1741 -3236.815845496
GRID*               1742                  6245.414705525  -223.819176409    1742
*   1742 -3236.563914784
GRID*               1743                  6246.191824000  -194.939882707    1743
*   1743 -3236.424794269
GRID*               1744                  6246.921424714  -165.806548127    1744
*   1744 -3236.290270434
GRID*               1745                  6247.464821795  -137.275324891    1745
*   1745 -3236.156079778
GRID*               1746                  6201.308265141  -136.541389458    1746
*   1746 -3234.636703399
GRID*               1747                  6176.628505436  -138.875620636    1747
*   1747 -3235.188872727
GRID*               1748                  6147.654873301  -139.666570681    1748
*   1748 -3237.032708318
GRID*               1749                  6117.822337549  -139.751144407    1749
*   1749 -3240.300531506
GRID*               1750                  6087.822371660  -139.680423684    1750
*   1750 -3245.012014468
GRID*               1751                  6058.453769887  -139.526057474    1751
*   1751 -3251.040009758
GRID*               1752                  6028.941494493  -139.789758398    1752
*   1752 -3258.549806027
GRID*               1753                  6000.119050167  -141.489150828    1753
*   1753 -3267.337878622
GRID*               1754                  5971.083323044  -142.579461868    1754
*   1754 -3277.707826255
GRID*               1755                  5942.444081974  -142.368958181    1755
*   1755 -3289.509535378
GRID*               1756                  5914.902688880  -141.850332607    1756
*   1756 -3302.421705193
GRID*               1757                  5888.173294670  -141.728687027    1757
*   1757 -3316.516192841
GRID*               1758                  5862.200723868  -141.348338584    1758
*   1758 -3331.802907981
GRID*               1759                  5836.978251224  -141.007876141    1759
*   1759 -3348.276848792
GRID*               1760                  5812.529623038  -140.839158557    1760
*   1760 -3365.922385261
GRID*               1761                  5788.938522833  -140.603250760    1761
*   1761 -3384.682351423
GRID*               1762                  5766.233204276  -140.402225703    1762
*   1762 -3404.534100685
GRID*               1763                  5744.508173303  -140.052118338    1763
*   1763 -3425.395340716
GRID*               1764                  5723.748028055  -139.848374925    1764
*   1764 -3447.277258710
GRID*               1765                  5704.051143611  -139.567879586    1765
*   1765 -3470.080783405
GRID*               1766                  5685.419443163  -139.355782780    1766
*   1766 -3493.801258271
GRID*               1767                  5667.930090953  -139.098597004    1767
*   1767 -3518.343020430
GRID*               1768                  5651.588482986  -138.868357312    1768
*   1768 -3543.697156526
GRID*               1769                  5636.459102697  -138.628076393    1769
*   1769 -3569.765110074
GRID*               1770                  5622.551712109  -138.376975632    1770
*   1770 -3596.529906029
GRID*               1771                  5609.918458946  -138.188082348    1771
*   1771 -3623.887875090
GRID*               1772                  5598.588147042  -138.238831585    1772
*   1772 -3651.756511414
GRID*               1773                  5588.533932944  -137.898712486    1773
*   1773 -3680.242609567
GRID*               1774                  5579.832987071  -137.778721699    1774
*   1774 -3709.112427534
GRID*               1775                  5572.486103470  -137.530944402    1775
*   1775 -3738.374222543
GRID*               1776                  5566.511505004  -137.490804883    1776
*   1776 -3767.932355517
GRID*               1777                  5561.920313281  -137.484286498    1777
*   1777 -3797.744551920
GRID*               1778                  5558.724553417  -137.441872936    1778
*   1778 -3827.750150877
GRID*               1779                  5556.934113831  -137.316928401    1779
*   1779 -3857.874286923
GRID*               1780                  5556.514768030  -137.187407313    1780
*   1780 -3888.018677099
GRID*               1781                  5556.514243339  -137.051207567    1781
*   1781 -3918.167661376
GRID*               1782                  5556.513744701  -136.913755365    1782
*   1782 -3948.298071574
GRID*               1783                  5556.513382667  -136.769345037    1783
*   1783 -3978.403488880
GRID*               1784                  5556.512917219  -136.630113349    1784
*   1784 -4008.544209334
GRID*               1785                  5556.512505537  -136.488186506    1785
*   1785 -4038.667088122
GRID*               1786                  5556.512094077  -136.346248179    1786
*   1786 -4068.789947183
GRID*               1787                  5556.511682566  -136.204312504    1787
*   1787 -4098.912810345
GRID*               1788                  5556.511271041  -136.062377579    1788
*   1788 -4129.035667959
GRID*               1789                  5556.510859563  -135.920440236    1789
*   1789 -4159.158519930
GRID*               1790                  5556.510448074  -135.778503525    1790
*   1790 -4189.281370529
GRID*               1791                  5556.510036551  -135.636568520    1791
*   1791 -4219.404216752
GRID*               1792                  5556.509625017  -135.494634161    1792
*   1792 -4249.527057475
GRID*               1793                  5556.509213528  -135.352697495    1793
*   1793 -4279.649895839
GRID*               1794                  5556.508802000  -135.210762813    1794
*   1794 -4309.772734559
GRID*               1795                  5556.508390427  -135.068830585    1795
*   1795 -4339.895560290
GRID*               1796                  5556.509219605  -134.862453113    1796
*   1796 -4370.017760635
GRID*               1797                  5556.507567631  -134.784947603    1797
*   1797 -4400.141270117
GRID*               1798                  5556.507156060  -134.643014792    1798
*   1798 -4430.264170433
GRID*               1799                  5556.561634135  -131.635997828    1799
*   1799 -4455.705033868
GRID*               1800                  5556.314166447  -143.968124383    1800
*   1800 -4477.580341669
GRID*               1801                  5555.621410257  -173.145150619    1801
*   1801 -4477.686655099
GRID*               1802                  5555.273193635  -185.863333392    1802
*   1802 -4455.830955196
GRID*               1803                  5555.342791858  -183.559909619    1803
*   1803 -4430.339133107
GRID*               1804                  5555.334113995  -184.021250012    1804
*   1804 -4400.387113666
GRID*               1805                  5555.340565498  -183.950632162    1805
*   1805 -4370.223951585
GRID*               1806                  5555.361011779  -183.384675120    1806
*   1806 -4340.105078539
GRID*               1807                  5555.361397512  -183.527538752    1807
*   1807 -4309.979313086
GRID*               1808                  5555.375423533  -183.186576665    1808
*   1808 -4279.852947045
GRID*               1809                  5555.375835243  -183.328515934    1809
*   1809 -4249.728032197
GRID*               1810                  5555.376247153  -183.470448114    1810
*   1810 -4219.603109769
GRID*               1811                  5555.376658635  -183.612395455    1811
*   1811 -4189.478191262
GRID*               1812                  5555.377069930  -183.754349476    1812
*   1812 -4159.353272516
GRID*               1813                  5555.377481612  -183.896289774    1813
*   1813 -4129.228348609
GRID*               1814                  5555.377893227  -184.038232582    1814
*   1814 -4099.103395903
GRID*               1815                  5555.378304937  -184.180171914    1815
*   1815 -4068.978462579
GRID*               1816                  5555.378716377  -184.322120929    1816
*   1816 -4038.853519165
GRID*               1817                  5555.379127842  -184.464069081    1817
*   1817 -4008.728560031
GRID*               1818                  5555.379539063  -184.606025918    1818
*   1818 -3978.603606115
GRID*               1819                  5555.379945133  -184.748167542    1819
*   1819 -3948.478307706
GRID*               1820                  5555.380400715  -184.888533412    1820
*   1820 -3918.356220870
GRID*               1821                  5555.380633651  -185.036877871    1821
*   1821 -3888.220931133
GRID*               1822                  5555.799736629  -185.204231653    1822
*   1822 -3858.082607645
GRID*               1823                  5557.587261394  -185.433838866    1823
*   1823 -3827.974715744
GRID*               1824                  5560.764104867  -186.141958009    1824
*   1824 -3797.985937194
GRID*               1825                  5565.337619676  -186.832570341    1825
*   1825 -3768.176710249
GRID*               1826                  5571.295247325  -187.535216971    1826
*   1826 -3738.620917501
GRID*               1827                  5578.643672590  -187.675937535    1827
*   1827 -3709.364203058
GRID*               1828                  5587.333993400  -188.139024937    1828
*   1828 -3680.502428185
GRID*               1829                  5597.362288703  -188.634976227    1829
*   1829 -3652.071277812
GRID*               1830                  5608.705146407  -189.195142395    1830
*   1830 -3624.136664957
GRID*               1831                  5621.341328983  -189.800957845    1831
*   1831 -3596.754158365
GRID*               1832                  5635.234064239  -190.400603473    1832
*   1832 -3570.005094232
GRID*               1833                  5650.356790881  -191.015397247    1833
*   1833 -3543.936511857
GRID*               1834                  5666.688186238  -191.632834939    1834
*   1834 -3518.587513710
GRID*               1835                  5684.178725696  -192.286813241    1835
*   1835 -3494.034721866
GRID*               1836                  5702.789594309  -192.971919863    1836
*   1836 -3470.330844138
GRID*               1837                  5722.450086914  -193.589345194    1837
*   1837 -3447.561758646
GRID*               1838                  5743.184678204  -194.310249083    1838
*   1838 -3425.694180794
GRID*               1839                  5764.916909863  -195.076400365    1839
*   1839 -3404.815933676
GRID*               1840                  5787.594058159  -195.844962665    1840
*   1840 -3384.978187755
GRID*               1841                  5811.169806398  -196.607598361    1841
*   1841 -3366.220769532
GRID*               1842                  5835.591452902  -197.412990219    1842
*   1842 -3348.584306665
GRID*               1843                  5860.813398923  -198.282820148    1843
*   1843 -3332.101834986
GRID*               1844                  5886.791242775  -199.164821351    1844
*   1844 -3316.805153540
GRID*               1845                  5913.512826392  -200.112386170    1845
*   1845 -3302.707628204
GRID*               1846                  5941.018737090  -201.371006526    1846
*   1846 -3289.804788179
GRID*               1847                  5969.225222764  -203.753058901    1847
*   1847 -3278.155637239
GRID*               1848                  5996.922755181  -208.911698997    1848
*   1848 -3268.183497800
GRID*               1849                  6024.569802661  -211.683349849    1849
*   1849 -3259.638937307
GRID*               1850                  6052.752372663  -212.775206388    1850
*   1850 -3252.307728872
GRID*               1851                  6081.795933190  -214.001646197    1851
*   1851 -3246.149275733
GRID*               1852                  6111.322079585  -215.226641026    1852
*   1852 -3241.300489610
GRID*               1853                  6141.620965892  -216.406702884    1853
*   1853 -3237.771151317
GRID*               1854                  6171.847550421  -217.926449413    1854
*   1854 -3235.687435175
GRID*               1855                  6197.790131995  -220.885118601    1855
*   1855 -3235.040338910
GRID*               1856                  6219.718571340  -208.599700144    1856
*   1856 -3235.228358306
GRID*               1857                  6220.154814930  -178.731371441    1857
*   1857 -3235.078187721
GRID*               1858                  6222.230024553  -149.593963006    1858
*   1858 -3234.982805597
GRID*               1859                  6195.920103424  -160.429644724    1859
*   1859 -3234.782506898
GRID*               1860                  6166.638049463  -164.733503930    1860
*   1860 -3235.770213483
GRID*               1861                  6135.757604662  -165.257697132    1861
*   1861 -3238.236625220
GRID*               1862                  6105.534267103  -164.981092608    1862
*   1862 -3242.099857165
GRID*               1863                  6075.830376303  -164.581955776    1863
*   1863 -3247.321805250
GRID*               1864                  6046.381921675  -164.396554088    1864
*   1864 -3253.928458953
GRID*               1865                  6015.903906403  -165.084272559    1865
*   1865 -3262.311787465
GRID*               1866                  5988.640017839  -174.301705723    1866
*   1866 -3271.166428724
GRID*               1867                  5956.553967859  -172.311371799    1867
*   1867 -3283.378004429
GRID*               1868                  5928.102044589  -171.216141228    1868
*   1868 -3295.887626122
GRID*               1869                  5900.903043727  -170.507688640    1869
*   1869 -3309.422522957
GRID*               1870                  5874.532375537  -169.934958692    1870
*   1870 -3324.124370908
GRID*               1871                  5848.920174187  -169.364688921    1871
*   1871 -3340.013706317
GRID*               1872                  5824.080911499  -168.838375459    1872
*   1872 -3357.076385592
GRID*               1873                  5800.059716413  -168.347179533    1873
*   1873 -3375.281357048
GRID*               1874                  5776.914403187  -167.864273420    1874
*   1874 -3394.585434324
GRID*               1875                  5754.695641808  -167.370251662    1875
*   1875 -3414.946384169
GRID*               1876                  5733.446319112  -166.884261492    1876
*   1876 -3436.324973811
GRID*               1877                  5713.214157368  -166.421815897    1877
*   1877 -3458.673804794
GRID*               1878                  5694.093253676  -165.920067822    1878
*   1878 -3481.882928646
GRID*               1879                  5676.026260746  -165.511224576    1879
*   1879 -3506.018938361
GRID*               1880                  5659.101160532  -165.117351680    1880
*   1880 -3530.975988315
GRID*               1881                  5643.355446266  -164.723566464    1881
*   1881 -3556.700764258
GRID*               1882                  5628.832010318  -164.323144908    1882
*   1882 -3583.122932942
GRID*               1883                  5615.558124100  -163.920385129    1883
*   1883 -3610.190795009
GRID*               1884                  5603.559334434  -163.560307018    1884
*   1884 -3637.850112148
GRID*               1885                  5592.860371766  -163.254152381    1885
*   1885 -3666.044702140
GRID*               1886                  5583.488422945  -162.999031247    1886
*   1886 -3694.703363129
GRID*               1887                  5575.457989976  -162.757060519    1887
*   1887 -3723.787931106
GRID*               1888                  5568.795600424  -162.956908281    1888
*   1888 -3753.156490222
GRID*               1889                  5563.499159529  -163.232228719    1889
*   1889 -3782.850091294
GRID*               1890                  5559.592415549  -163.472051085    1890
*   1890 -3812.776055969
GRID*               1891                  5557.094221964  -163.326639408    1891
*   1891 -3842.878871907
GRID*               1892                  5556.005254877  -163.192590934    1892
*   1892 -3873.046735849
GRID*               1893                  5555.952376045  -163.063172033    1893
*   1893 -3903.210492519
GRID*               1894                  5555.951705807  -162.931886554    1894
*   1894 -3933.351365557
GRID*               1895                  5555.951186191  -162.794399867    1895
*   1895 -3963.481907303
GRID*               1896                  5555.950769079  -162.652694701    1896
*   1896 -3993.605169196
GRID*               1897                  5555.950357411  -162.510765499    1897
*   1897 -4023.728043052
GRID*               1898                  5555.949945686  -162.368838644    1898
*   1898 -4053.850921980
GRID*               1899                  5555.949534234  -162.226900541    1899
*   1899 -4083.973780784
GRID*               1900                  5555.949122732  -162.084964536    1900
*   1900 -4114.096644633
GRID*               1901                  5555.948711249  -161.943027761    1901
*   1901 -4144.219498142
GRID*               1902                  5555.948299764  -161.801091057    1902
*   1902 -4174.342348889
GRID*               1903                  5555.947888288  -161.659154046    1903
*   1903 -4204.465195843
GRID*               1904                  5555.947476728  -161.517220515    1904
*   1904 -4234.588038787
GRID*               1905                  5555.947065232  -161.375284367    1905
*   1905 -4264.710880328
GRID*               1906                  5555.946653752  -161.233347554    1906
*   1906 -4294.833716708
GRID*               1907                  5555.946242111  -161.091417448    1907
*   1907 -4324.956546431
GRID*               1908                  5555.956085117  -160.522949789    1908
*   1908 -4355.075339634
GRID*               1909                  5555.955598558  -160.384141034    1909
*   1909 -4385.198193595
GRID*               1910                  5555.975714968  -159.381200684    1910
*   1910 -4415.864432438
GRID*               1911                  5555.982759617  -158.910325168    1911
*   1911 -4448.980529875
GRID*               1912                  6012.505194174  -188.286973325    1912
*   1912 -3263.285106952
GRID*               1913                  6036.188760622  -188.358386125    1913
*   1913 -3256.515627732
GRID*               1914                  6064.546045371  -188.883413269    1914
*   1914 -3249.671371535
GRID*               1915                  6093.882806362  -189.670743609    1915
*   1915 -3243.994661370
GRID*               1916                  6123.823328451  -190.492223780    1916
*   1916 -3239.635083153
GRID*               1917                  6154.966899120  -191.286622909    1917
*   1917 -3236.605992786
GRID*               1918                  6190.237717903  -192.244002685    1918
*   1918 -3235.003443750
$..
$----------------------------------------
$..
$..          ELEMENTS
$..
$..
$----------------------------------------
$..
$..          MESH PART: MSHPartSmartSurf.1
$..
CTRIA3         1       1      15      76     466
CTRIA3         2       1      76      75     467
CTRIA3         3       1     466      76     468
CTRIA3         4       1      76     467     468
CTRIA3         5       1      75      74     469
CTRIA3         6       1     467      75     469
CTRIA3         7       1      74      73     470
CTRIA3         8       1     469      74     470
CTRIA3         9       1      73      72     471
CTRIA3        10       1     470      73     471
CTRIA3        11       1      72      71     472
CTRIA3        12       1     471      72     472
CTRIA3        13       1      71      70     473
CTRIA3        14       1     472      71     473
CTRIA3        15       1      70      69     474
CTRIA3        16       1     473      70     474
CTRIA3        17       1      69      68     475
CTRIA3        18       1     474      69     475
CTRIA3        19       1      68      67     476
CTRIA3        20       1     475      68     476
CTRIA3        21       1      67      66     477
CTRIA3        22       1     476      67     477
CTRIA3        23       1      66      65     478
CTRIA3        24       1     477      66     478
CTRIA3        25       1      65      64     479
CTRIA3        26       1     478      65     479
CTRIA3        27       1      64      63     480
CTRIA3        28       1     479      64     480
CTRIA3        29       1      63      62     481
CTRIA3        30       1     480      63     481
CTRIA3        31       1      62      61     482
CTRIA3        32       1     481      62     482
CTRIA3        33       1      61      60     483
CTRIA3        34       1     482      61     483
CTRIA3        35       1      60      59     484
CTRIA3        36       1     483      60     484
CTRIA3        37       1      59      58     485
CTRIA3        38       1     484      59     485
CTRIA3        39       1      58      57     486
CTRIA3        40       1     485      58     486
CTRIA3        41       1      57      56     487
CTRIA3        42       1     486      57     487
CTRIA3        43       1      56      55     488
CTRIA3        44       1     487      56     488
CTRIA3        45       1      55      54     489
CTRIA3        46       1     488      55     489
CTRIA3        47       1      54      53     490
CTRIA3        48       1     489      54     490
CTRIA3        49       1      53      52     491
CTRIA3        50       1     490      53     491
CTRIA3        51       1      52      51     492
CTRIA3        52       1     491      52     492
CTRIA3        53       1      51      50     493
CTRIA3        54       1     492      51     493
CTRIA3        55       1      50      49     494
CTRIA3        56       1     493      50     494
CTRIA3        57       1      49      48     495
CTRIA3        58       1     494      49     495
CTRIA3        59       1      48      47     496
CTRIA3        60       1     495      48     496
CTRIA3        61       1      47      46     497
CTRIA3        62       1     496      47     497
CTRIA3        63       1      46      45     498
CTRIA3        64       1     497      46     498
CTRIA3        65       1      45      44     499
CTRIA3        66       1     498      45     499
CTRIA3        67       1      44      43     500
CTRIA3        68       1     499      44     500
CTRIA3        69       1      43      42     501
CTRIA3        70       1     500      43     501
CTRIA3        71       1      42      41     502
CTRIA3        72       1     501      42     502
CTRIA3        73       1      41      40     503
CTRIA3        74       1     502      41     503
CTRIA3        75       1      40      39     504
CTRIA3        76       1     503      40     504
CTRIA3        77       1      39      38     505
CTRIA3        78       1     504      39     505
CTRIA3        79       1      38      37     506
CTRIA3        80       1     505      38     506
CTRIA3        81       1      37      36     507
CTRIA3        82       1     506      37     507
CTRIA3        83       1      36      35     508
CTRIA3        84       1     507      36     508
CTRIA3        85       1      35      34     509
CTRIA3        86       1     508      35     509
CTRIA3        87       1      34      33     510
CTRIA3        88       1     509      34     510
CTRIA3        89       1      33      32     511
CTRIA3        90       1     510      33     511
CTRIA3        91       1      32      31     512
CTRIA3        92       1     511      32     512
CTRIA3        93       1      31      30     513
CTRIA3        94       1     512      31     513
CTRIA3        95       1      30      29     514
CTRIA3        96       1     513      30     514
CTRIA3        97       1      29      28     515
CTRIA3        98       1     514      29     515
CTRIA3        99       1      28      27     516
CTRIA3       100       1     515      28     516
CTRIA3       101       1      27      26     517
CTRIA3       102       1     516      27     517
CTRIA3       103       1      26      25     518
CTRIA3       104       1     517      26     518
CTRIA3       105       1      25      24     519
CTRIA3       106       1     518      25     519
CTRIA3       107       1      24      23     520
CTRIA3       108       1     519      24     520
CTRIA3       109       1      23      22     521
CTRIA3       110       1     520      23     521
CTRIA3       111       1      22      21     522
CTRIA3       112       1     521      22     522
CTRIA3       113       1      21      20     523
CTRIA3       114       1     522      21     523
CTRIA3       115       1      20      19     524
CTRIA3       116       1     523      20     524
CTRIA3       117       1      19      18     525
CTRIA3       118       1     524      19     525
CTRIA3       119       1      18      17     526
CTRIA3       120       1     525      18     526
CTRIA3       121       1      17      14     458
CTRIA3       122       1     458     457     527
CTRIA3       123       1     457     456     528
CTRIA3       124       1     527     457     528
CTRIA3       125       1     456     455     529
CTRIA3       126       1     528     456     529
CTRIA3       127       1     455     454     530
CTRIA3       128       1     529     455     530
CTRIA3       129       1     454     453     531
CTRIA3       130       1     530     454     531
CTRIA3       131       1     453     452     532
CTRIA3       132       1     531     453     532
CTRIA3       133       1     452      13     136
CTRIA3       134       1     532     452     136
CTRIA3       135       1     136     135     533
CTRIA3       136       1     532     136     533
CTRIA3       137       1     135     134     534
CTRIA3       138       1     533     135     534
CTRIA3       139       1     134     133     535
CTRIA3       140       1     534     134     535
CTRIA3       141       1     133     132     536
CTRIA3       142       1     535     133     536
CTRIA3       143       1     132     131     537
CTRIA3       144       1     536     132     537
CTRIA3       145       1     131     130     538
CTRIA3       146       1     537     131     538
CTRIA3       147       1     130     129     539
CTRIA3       148       1     538     130     539
CTRIA3       149       1     129     128     540
CTRIA3       150       1     539     129     540
CTRIA3       151       1     128     127     541
CTRIA3       152       1     540     128     541
CTRIA3       153       1     127     126     542
CTRIA3       154       1     541     127     542
CTRIA3       155       1     126     125     543
CTRIA3       156       1     542     126     543
CTRIA3       157       1     125     124     544
CTRIA3       158       1     543     125     544
CTRIA3       159       1     124     123     545
CTRIA3       160       1     544     124     545
CTRIA3       161       1     123     122     546
CTRIA3       162       1     545     123     546
CTRIA3       163       1     122     121     547
CTRIA3       164       1     546     122     547
CTRIA3       165       1     121     120     548
CTRIA3       166       1     547     121     548
CTRIA3       167       1     120     119     549
CTRIA3       168       1     548     120     549
CTRIA3       169       1     119     118     550
CTRIA3       170       1     549     119     550
CTRIA3       171       1     118     117     551
CTRIA3       172       1     550     118     551
CTRIA3       173       1     117     116     552
CTRIA3       174       1     551     117     552
CTRIA3       175       1     116     115     553
CTRIA3       176       1     552     116     553
CTRIA3       177       1     115     114     554
CTRIA3       178       1     553     115     554
CTRIA3       179       1     114     113     555
CTRIA3       180       1     554     114     555
CTRIA3       181       1     113     112     556
CTRIA3       182       1     555     113     556
CTRIA3       183       1     112     111     557
CTRIA3       184       1     556     112     557
CTRIA3       185       1     111     110     558
CTRIA3       186       1     557     111     558
CTRIA3       187       1     110     109     559
CTRIA3       188       1     558     110     559
CTRIA3       189       1     109     108     560
CTRIA3       190       1     559     109     560
CTRIA3       191       1     108     107     561
CTRIA3       192       1     560     108     561
CTRIA3       193       1     107     106     562
CTRIA3       194       1     561     107     562
CTRIA3       195       1     106     105     563
CTRIA3       196       1     562     106     563
CTRIA3       197       1     105     104     564
CTRIA3       198       1     563     105     564
CTRIA3       199       1     104     103     565
CTRIA3       200       1     564     104     565
CTRIA3       201       1     103     102     566
CTRIA3       202       1     565     103     566
CTRIA3       203       1     102     101     567
CTRIA3       204       1     566     102     567
CTRIA3       205       1     101     100     568
CTRIA3       206       1     567     101     568
CTRIA3       207       1     100      99     569
CTRIA3       208       1     568     100     569
CTRIA3       209       1      99      98     570
CTRIA3       210       1     569      99     570
CTRIA3       211       1      98      97     571
CTRIA3       212       1     570      98     571
CTRIA3       213       1      97      96     572
CTRIA3       214       1     571      97     572
CTRIA3       215       1      96      95     573
CTRIA3       216       1     572      96     573
CTRIA3       217       1      95      94     574
CTRIA3       218       1     573      95     574
CTRIA3       219       1      94      93     575
CTRIA3       220       1     574      94     575
CTRIA3       221       1      93      92     576
CTRIA3       222       1     575      93     576
CTRIA3       223       1      92      91     577
CTRIA3       224       1     576      92     577
CTRIA3       225       1      91      90     578
CTRIA3       226       1     577      91     578
CTRIA3       227       1      90      89     579
CTRIA3       228       1     578      90     579
CTRIA3       229       1      89      88     580
CTRIA3       230       1     579      89     580
CTRIA3       231       1      88      87     581
CTRIA3       232       1     580      88     581
CTRIA3       233       1      87      86     582
CTRIA3       234       1     581      87     582
CTRIA3       235       1      86      85     583
CTRIA3       236       1     582      86     583
CTRIA3       237       1      85      84     584
CTRIA3       238       1     583      85     584
CTRIA3       239       1      84      83     585
CTRIA3       240       1     584      84     585
CTRIA3       241       1      83      82     586
CTRIA3       242       1     585      83     586
CTRIA3       243       1      82      81     587
CTRIA3       244       1     586      82     587
CTRIA3       245       1      81      80     588
CTRIA3       246       1     587      81     588
CTRIA3       247       1      80      79     589
CTRIA3       248       1     588      80     589
CTRIA3       249       1      79      78     590
CTRIA3       250       1     589      79     590
CTRIA3       251       1      78      77     591
CTRIA3       252       1     590      78     591
CTRIA3       253       1      77      16     459
CTRIA3       254       1     459     460     592
CTRIA3       255       1     460     461     593
CTRIA3       256       1     592     460     593
CTRIA3       257       1     461     462     594
CTRIA3       258       1     593     461     594
CTRIA3       259       1     462     463     595
CTRIA3       260       1     594     462     595
CTRIA3       261       1     463     464     596
CTRIA3       262       1     595     463     596
CTRIA3       263       1     464     465     597
CTRIA3       264       1     596     464     597
CTRIA3       265       1     465     466     468
CTRIA3       266       1     468     467     598
CTRIA3       267       1     467     469     598
CTRIA3       268       1     469     470     599
CTRIA3       269       1     598     469     600
CTRIA3       270       1     469     599     600
CTRIA3       271       1     470     471     601
CTRIA3       272       1     599     470     601
CTRIA3       273       1     471     472     602
CTRIA3       274       1     601     471     602
CTRIA3       275       1     472     473     603
CTRIA3       276       1     602     472     603
CTRIA3       277       1     473     474     604
CTRIA3       278       1     603     473     604
CTRIA3       279       1     474     475     605
CTRIA3       280       1     604     474     605
CTRIA3       281       1     475     476     606
CTRIA3       282       1     605     475     606
CTRIA3       283       1     476     477     607
CTRIA3       284       1     606     476     607
CTRIA3       285       1     477     478     608
CTRIA3       286       1     607     477     608
CTRIA3       287       1     478     479     609
CTRIA3       288       1     608     478     609
CTRIA3       289       1     479     480     610
CTRIA3       290       1     609     479     610
CTRIA3       291       1     480     481     611
CTRIA3       292       1     610     480     611
CTRIA3       293       1     481     482     612
CTRIA3       294       1     611     481     612
CTRIA3       295       1     482     483     613
CTRIA3       296       1     612     482     613
CTRIA3       297       1     483     484     614
CTRIA3       298       1     613     483     614
CTRIA3       299       1     484     485     615
CTRIA3       300       1     614     484     615
CTRIA3       301       1     485     486     616
CTRIA3       302       1     615     485     616
CTRIA3       303       1     486     487     617
CTRIA3       304       1     616     486     617
CTRIA3       305       1     487     488     618
CTRIA3       306       1     617     487     618
CTRIA3       307       1     488     489     619
CTRIA3       308       1     618     488     619
CTRIA3       309       1     489     490     620
CTRIA3       310       1     619     489     620
CTRIA3       311       1     490     491     621
CTRIA3       312       1     620     490     621
CTRIA3       313       1     491     492     622
CTRIA3       314       1     621     491     622
CTRIA3       315       1     492     493     623
CTRIA3       316       1     622     492     623
CTRIA3       317       1     493     494     624
CTRIA3       318       1     623     493     624
CTRIA3       319       1     494     495     625
CTRIA3       320       1     624     494     625
CTRIA3       321       1     495     496     626
CTRIA3       322       1     625     495     626
CTRIA3       323       1     496     497     627
CTRIA3       324       1     626     496     627
CTRIA3       325       1     497     498     628
CTRIA3       326       1     627     497     628
CTRIA3       327       1     498     499     629
CTRIA3       328       1     628     498     629
CTRIA3       329       1     499     500     630
CTRIA3       330       1     629     499     630
CTRIA3       331       1     500     501     631
CTRIA3       332       1     630     500     631
CTRIA3       333       1     501     502     632
CTRIA3       334       1     631     501     632
CTRIA3       335       1     502     503     633
CTRIA3       336       1     632     502     633
CTRIA3       337       1     503     504     634
CTRIA3       338       1     633     503     634
CTRIA3       339       1     504     505     635
CTRIA3       340       1     634     504     635
CTRIA3       341       1     505     506     636
CTRIA3       342       1     635     505     636
CTRIA3       343       1     506     507     637
CTRIA3       344       1     636     506     637
CTRIA3       345       1     507     508     638
CTRIA3       346       1     637     507     638
CTRIA3       347       1     508     509     639
CTRIA3       348       1     638     508     639
CTRIA3       349       1     509     510     640
CTRIA3       350       1     639     509     640
CTRIA3       351       1     510     511     641
CTRIA3       352       1     640     510     641
CTRIA3       353       1     511     512     642
CTRIA3       354       1     641     511     642
CTRIA3       355       1     512     513     643
CTRIA3       356       1     642     512     643
CTRIA3       357       1     513     514     644
CTRIA3       358       1     643     513     644
CTRIA3       359       1     514     515     645
CTRIA3       360       1     644     514     645
CTRIA3       361       1     515     516     646
CTRIA3       362       1     645     515     646
CTRIA3       363       1     516     517     647
CTRIA3       364       1     646     516     647
CTRIA3       365       1     517     518     648
CTRIA3       366       1     647     517     648
CTRIA3       367       1     518     519     649
CTRIA3       368       1     648     518     649
CTRIA3       369       1     519     520     650
CTRIA3       370       1     649     519     650
CTRIA3       371       1     520     521     651
CTRIA3       372       1     650     520     651
CTRIA3       373       1     521     522     652
CTRIA3       374       1     651     521     652
CTRIA3       375       1     522     523     653
CTRIA3       376       1     652     522     653
CTRIA3       377       1     523     524     654
CTRIA3       378       1     653     523     654
CTRIA3       379       1     524     525     655
CTRIA3       380       1     654     524     655
CTRIA3       381       1     525     526     656
CTRIA3       382       1     655     525     656
CTRIA3       383       1     526     527     656
CTRIA3       384       1     527     528     656
CTRIA3       385       1     528     529     657
CTRIA3       386       1     656     528     657
CTRIA3       387       1     529     530     658
CTRIA3       388       1     657     529     658
CTRIA3       389       1     530     531     659
CTRIA3       390       1     658     530     659
CTRIA3       391       1     531     532     660
CTRIA3       392       1     659     531     660
CTRIA3       393       1     532     533     660
CTRIA3       394       1     533     534     660
CTRIA3       395       1     534     535     661
CTRIA3       396       1     660     534     661
CTRIA3       397       1     535     536     662
CTRIA3       398       1     661     535     662
CTRIA3       399       1     536     537     663
CTRIA3       400       1     662     536     663
CTRIA3       401       1     537     538     664
CTRIA3       402       1     663     537     664
CTRIA3       403       1     538     539     665
CTRIA3       404       1     664     538     665
CTRIA3       405       1     539     540     666
CTRIA3       406       1     665     539     666
CTRIA3       407       1     540     541     667
CTRIA3       408       1     666     540     667
CTRIA3       409       1     541     542     668
CTRIA3       410       1     667     541     668
CTRIA3       411       1     542     543     669
CTRIA3       412       1     668     542     669
CTRIA3       413       1     543     544     670
CTRIA3       414       1     669     543     670
CTRIA3       415       1     544     545     671
CTRIA3       416       1     670     544     671
CTRIA3       417       1     545     546     672
CTRIA3       418       1     671     545     672
CTRIA3       419       1     546     547     673
CTRIA3       420       1     672     546     673
CTRIA3       421       1     547     548     674
CTRIA3       422       1     673     547     674
CTRIA3       423       1     548     549     675
CTRIA3       424       1     674     548     675
CTRIA3       425       1     549     550     676
CTRIA3       426       1     675     549     676
CTRIA3       427       1     550     551     677
CTRIA3       428       1     676     550     677
CTRIA3       429       1     551     552     678
CTRIA3       430       1     677     551     678
CTRIA3       431       1     552     553     679
CTRIA3       432       1     678     552     679
CTRIA3       433       1     553     554     680
CTRIA3       434       1     679     553     680
CTRIA3       435       1     554     555     681
CTRIA3       436       1     680     554     681
CTRIA3       437       1     555     556     682
CTRIA3       438       1     681     555     682
CTRIA3       439       1     556     557     683
CTRIA3       440       1     682     556     683
CTRIA3       441       1     557     558     684
CTRIA3       442       1     683     557     684
CTRIA3       443       1     558     559     685
CTRIA3       444       1     684     558     685
CTRIA3       445       1     559     560     686
CTRIA3       446       1     685     559     686
CTRIA3       447       1     560     561     687
CTRIA3       448       1     686     560     687
CTRIA3       449       1     561     562     688
CTRIA3       450       1     687     561     688
CTRIA3       451       1     562     563     689
CTRIA3       452       1     688     562     689
CTRIA3       453       1     563     564     690
CTRIA3       454       1     689     563     690
CTRIA3       455       1     564     565     691
CTRIA3       456       1     690     564     691
CTRIA3       457       1     565     566     692
CTRIA3       458       1     691     565     692
CTRIA3       459       1     566     567     693
CTRIA3       460       1     692     566     693
CTRIA3       461       1     567     568     694
CTRIA3       462       1     693     567     694
CTRIA3       463       1     568     569     695
CTRIA3       464       1     694     568     695
CTRIA3       465       1     569     570     696
CTRIA3       466       1     695     569     696
CTRIA3       467       1     570     571     697
CTRIA3       468       1     696     570     697
CTRIA3       469       1     571     572     698
CTRIA3       470       1     697     571     698
CTRIA3       471       1     572     573     699
CTRIA3       472       1     698     572     699
CTRIA3       473       1     573     574     700
CTRIA3       474       1     699     573     700
CTRIA3       475       1     574     575     701
CTRIA3       476       1     700     574     701
CTRIA3       477       1     575     576     702
CTRIA3       478       1     701     575     702
CTRIA3       479       1     576     577     703
CTRIA3       480       1     702     576     703
CTRIA3       481       1     577     578     704
CTRIA3       482       1     703     577     704
CTRIA3       483       1     578     579     705
CTRIA3       484       1     704     578     705
CTRIA3       485       1     579     580     706
CTRIA3       486       1     705     579     706
CTRIA3       487       1     580     581     707
CTRIA3       488       1     706     580     707
CTRIA3       489       1     581     582     708
CTRIA3       490       1     707     581     708
CTRIA3       491       1     582     583     709
CTRIA3       492       1     708     582     709
CTRIA3       493       1     583     584     710
CTRIA3       494       1     709     583     710
CTRIA3       495       1     584     585     711
CTRIA3       496       1     710     584     711
CTRIA3       497       1     585     586     712
CTRIA3       498       1     711     585     712
CTRIA3       499       1     586     587     713
CTRIA3       500       1     712     586     713
CTRIA3       501       1     587     588     714
CTRIA3       502       1     713     587     714
CTRIA3       503       1     588     589     715
CTRIA3       504       1     714     588     715
CTRIA3       505       1     589     590     716
CTRIA3       506       1     715     589     716
CTRIA3       507       1     590     591     717
CTRIA3       508       1     716     590     717
CTRIA3       509       1     591     592     717
CTRIA3       510       1     592     593     717
CTRIA3       511       1     593     594     718
CTRIA3       512       1     717     593     718
CTRIA3       513       1     594     595     719
CTRIA3       514       1     718     594     719
CTRIA3       515       1     595     596     720
CTRIA3       516       1     719     595     720
CTRIA3       517       1     596     597     721
CTRIA3       518       1     720     596     721
CTRIA3       519       1     597     598     721
CTRIA3       520       1     598     600     721
CTRIA3       521       1     600     599     722
CTRIA3       522       1     599     601     723
CTRIA3       523       1     722     599     723
CTRIA3       524       1     721     600     722
CTRIA3       525       1     601     602     724
CTRIA3       526       1     723     601     724
CTRIA3       527       1     602     603     725
CTRIA3       528       1     724     602     725
CTRIA3       529       1     603     604     726
CTRIA3       530       1     725     603     726
CTRIA3       531       1     604     605     727
CTRIA3       532       1     726     604     727
CTRIA3       533       1     605     606     728
CTRIA3       534       1     727     605     728
CTRIA3       535       1     606     607     729
CTRIA3       536       1     728     606     729
CTRIA3       537       1     607     608     730
CTRIA3       538       1     729     607     730
CTRIA3       539       1     608     609     731
CTRIA3       540       1     730     608     731
CTRIA3       541       1     609     610     732
CTRIA3       542       1     731     609     732
CTRIA3       543       1     610     611     733
CTRIA3       544       1     732     610     733
CTRIA3       545       1     611     612     734
CTRIA3       546       1     733     611     734
CTRIA3       547       1     612     613     735
CTRIA3       548       1     734     612     735
CTRIA3       549       1     613     614     736
CTRIA3       550       1     735     613     736
CTRIA3       551       1     614     615     737
CTRIA3       552       1     736     614     737
CTRIA3       553       1     615     616     738
CTRIA3       554       1     737     615     738
CTRIA3       555       1     616     617     739
CTRIA3       556       1     738     616     739
CTRIA3       557       1     617     618     740
CTRIA3       558       1     739     617     740
CTRIA3       559       1     618     619     741
CTRIA3       560       1     740     618     741
CTRIA3       561       1     619     620     742
CTRIA3       562       1     741     619     742
CTRIA3       563       1     620     621     743
CTRIA3       564       1     742     620     743
CTRIA3       565       1     621     622     744
CTRIA3       566       1     743     621     744
CTRIA3       567       1     622     623     745
CTRIA3       568       1     744     622     745
CTRIA3       569       1     623     624     746
CTRIA3       570       1     745     623     746
CTRIA3       571       1     624     625     747
CTRIA3       572       1     746     624     747
CTRIA3       573       1     625     626     748
CTRIA3       574       1     747     625     748
CTRIA3       575       1     626     627     749
CTRIA3       576       1     748     626     749
CTRIA3       577       1     627     628     750
CTRIA3       578       1     749     627     750
CTRIA3       579       1     628     629     751
CTRIA3       580       1     750     628     751
CTRIA3       581       1     629     630     752
CTRIA3       582       1     751     629     752
CTRIA3       583       1     630     631     753
CTRIA3       584       1     752     630     753
CTRIA3       585       1     631     632     754
CTRIA3       586       1     753     631     754
CTRIA3       587       1     632     633     755
CTRIA3       588       1     754     632     755
CTRIA3       589       1     633     634     756
CTRIA3       590       1     755     633     756
CTRIA3       591       1     634     635     757
CTRIA3       592       1     756     634     757
CTRIA3       593       1     635     636     758
CTRIA3       594       1     757     635     758
CTRIA3       595       1     636     637     759
CTRIA3       596       1     758     636     759
CTRIA3       597       1     637     638     760
CTRIA3       598       1     759     637     760
CTRIA3       599       1     638     639     761
CTRIA3       600       1     760     638     761
CTRIA3       601       1     639     640     762
CTRIA3       602       1     761     639     762
CTRIA3       603       1     640     641     763
CTRIA3       604       1     762     640     763
CTRIA3       605       1     641     642     764
CTRIA3       606       1     763     641     764
CTRIA3       607       1     642     643     765
CTRIA3       608       1     764     642     765
CTRIA3       609       1     643     644     766
CTRIA3       610       1     765     643     766
CTRIA3       611       1     644     645     767
CTRIA3       612       1     766     644     767
CTRIA3       613       1     645     646     768
CTRIA3       614       1     767     645     768
CTRIA3       615       1     646     647     769
CTRIA3       616       1     768     646     769
CTRIA3       617       1     647     648     770
CTRIA3       618       1     769     647     770
CTRIA3       619       1     648     649     771
CTRIA3       620       1     770     648     771
CTRIA3       621       1     649     650     772
CTRIA3       622       1     771     649     772
CTRIA3       623       1     650     651     773
CTRIA3       624       1     772     650     773
CTRIA3       625       1     651     652     774
CTRIA3       626       1     773     651     774
CTRIA3       627       1     652     653     775
CTRIA3       628       1     774     652     775
CTRIA3       629       1     653     654     776
CTRIA3       630       1     775     653     776
CTRIA3       631       1     654     655     777
CTRIA3       632       1     776     654     777
CTRIA3       633       1     655     656     778
CTRIA3       634       1     777     655     778
CTRIA3       635       1     656     657     778
CTRIA3       636       1     657     658     779
CTRIA3       637       1     778     657     779
CTRIA3       638       1     658     659     780
CTRIA3       639       1     779     658     780
CTRIA3       640       1     659     660     781
CTRIA3       641       1     780     659     781
CTRIA3       642       1     660     661     781
CTRIA3       643       1     661     662     782
CTRIA3       644       1     781     661     782
CTRIA3       645       1     662     663     783
CTRIA3       646       1     782     662     783
CTRIA3       647       1     663     664     784
CTRIA3       648       1     783     663     784
CTRIA3       649       1     664     665     785
CTRIA3       650       1     784     664     785
CTRIA3       651       1     665     666     786
CTRIA3       652       1     785     665     786
CTRIA3       653       1     666     667     787
CTRIA3       654       1     786     666     787
CTRIA3       655       1     667     668     788
CTRIA3       656       1     787     667     788
CTRIA3       657       1     668     669     789
CTRIA3       658       1     788     668     789
CTRIA3       659       1     669     670     790
CTRIA3       660       1     789     669     790
CTRIA3       661       1     670     671     791
CTRIA3       662       1     790     670     791
CTRIA3       663       1     671     672     792
CTRIA3       664       1     791     671     792
CTRIA3       665       1     672     673     793
CTRIA3       666       1     792     672     793
CTRIA3       667       1     673     674     794
CTRIA3       668       1     793     673     794
CTRIA3       669       1     674     675     795
CTRIA3       670       1     794     674     795
CTRIA3       671       1     675     676     796
CTRIA3       672       1     795     675     796
CTRIA3       673       1     676     677     797
CTRIA3       674       1     796     676     797
CTRIA3       675       1     677     678     798
CTRIA3       676       1     797     677     798
CTRIA3       677       1     678     679     799
CTRIA3       678       1     798     678     799
CTRIA3       679       1     679     680     800
CTRIA3       680       1     799     679     800
CTRIA3       681       1     680     681     801
CTRIA3       682       1     800     680     801
CTRIA3       683       1     681     682     802
CTRIA3       684       1     801     681     802
CTRIA3       685       1     682     683     803
CTRIA3       686       1     802     682     803
CTRIA3       687       1     683     684     804
CTRIA3       688       1     803     683     804
CTRIA3       689       1     684     685     805
CTRIA3       690       1     804     684     805
CTRIA3       691       1     685     686     806
CTRIA3       692       1     805     685     806
CTRIA3       693       1     686     687     807
CTRIA3       694       1     806     686     807
CTRIA3       695       1     687     688     808
CTRIA3       696       1     807     687     808
CTRIA3       697       1     688     689     809
CTRIA3       698       1     808     688     809
CTRIA3       699       1     689     690     810
CTRIA3       700       1     809     689     810
CTRIA3       701       1     690     691     811
CTRIA3       702       1     810     690     811
CTRIA3       703       1     691     692     812
CTRIA3       704       1     811     691     812
CTRIA3       705       1     692     693     813
CTRIA3       706       1     812     692     813
CTRIA3       707       1     693     694     814
CTRIA3       708       1     813     693     814
CTRIA3       709       1     694     695     815
CTRIA3       710       1     814     694     815
CTRIA3       711       1     695     696     816
CTRIA3       712       1     815     695     816
CTRIA3       713       1     696     697     817
CTRIA3       714       1     816     696     817
CTRIA3       715       1     697     698     818
CTRIA3       716       1     817     697     818
CTRIA3       717       1     698     699     819
CTRIA3       718       1     818     698     819
CTRIA3       719       1     699     700     820
CTRIA3       720       1     819     699     820
CTRIA3       721       1     700     701     821
CTRIA3       722       1     820     700     821
CTRIA3       723       1     701     702     822
CTRIA3       724       1     821     701     822
CTRIA3       725       1     702     703     823
CTRIA3       726       1     822     702     823
CTRIA3       727       1     703     704     824
CTRIA3       728       1     823     703     824
CTRIA3       729       1     704     705     825
CTRIA3       730       1     824     704     825
CTRIA3       731       1     705     706     826
CTRIA3       732       1     825     705     826
CTRIA3       733       1     706     707     827
CTRIA3       734       1     826     706     827
CTRIA3       735       1     707     708     828
CTRIA3       736       1     827     707     828
CTRIA3       737       1     708     709     829
CTRIA3       738       1     828     708     829
CTRIA3       739       1     709     710     830
CTRIA3       740       1     829     709     830
CTRIA3       741       1     710     711     831
CTRIA3       742       1     830     710     831
CTRIA3       743       1     711     712     832
CTRIA3       744       1     831     711     832
CTRIA3       745       1     712     713     833
CTRIA3       746       1     832     712     833
CTRIA3       747       1     713     714     834
CTRIA3       748       1     833     713     834
CTRIA3       749       1     714     715     835
CTRIA3       750       1     834     714     835
CTRIA3       751       1     715     716     836
CTRIA3       752       1     835     715     836
CTRIA3       753       1     716     717     837
CTRIA3       754       1     836     716     837
CTRIA3       755       1     717     718     837
CTRIA3       756       1     718     719     838
CTRIA3       757       1     837     718     838
CTRIA3       758       1     719     720     839
CTRIA3       759       1     838     719     839
CTRIA3       760       1     720     721     840
CTRIA3       761       1     839     720     840
CTRIA3       762       1     721     722     840
CTRIA3       763       1     722     723     841
CTRIA3       764       1     840     722     841
CTRIA3       765       1     723     724     842
CTRIA3       766       1     841     723     842
CTRIA3       767       1     724     725     843
CTRIA3       768       1     842     724     843
CTRIA3       769       1     725     726     844
CTRIA3       770       1     843     725     844
CTRIA3       771       1     726     727     845
CTRIA3       772       1     844     726     845
CTRIA3       773       1     727     728     846
CTRIA3       774       1     845     727     846
CTRIA3       775       1     728     729     847
CTRIA3       776       1     846     728     847
CTRIA3       777       1     729     730     848
CTRIA3       778       1     847     729     848
CTRIA3       779       1     730     731     849
CTRIA3       780       1     848     730     849
CTRIA3       781       1     731     732     850
CTRIA3       782       1     849     731     850
CTRIA3       783       1     732     733     851
CTRIA3       784       1     850     732     851
CTRIA3       785       1     733     734     852
CTRIA3       786       1     851     733     852
CTRIA3       787       1     734     735     853
CTRIA3       788       1     852     734     853
CTRIA3       789       1     735     736     854
CTRIA3       790       1     853     735     854
CTRIA3       791       1     736     737     855
CTRIA3       792       1     854     736     855
CTRIA3       793       1     737     738     856
CTRIA3       794       1     855     737     856
CTRIA3       795       1     738     739     857
CTRIA3       796       1     856     738     857
CTRIA3       797       1     739     740     858
CTRIA3       798       1     857     739     858
CTRIA3       799       1     740     741     859
CTRIA3       800       1     858     740     859
CTRIA3       801       1     741     742     860
CTRIA3       802       1     859     741     860
CTRIA3       803       1     742     743     861
CTRIA3       804       1     860     742     861
CTRIA3       805       1     743     744     862
CTRIA3       806       1     861     743     862
CTRIA3       807       1     744     745     863
CTRIA3       808       1     862     744     863
CTRIA3       809       1     745     746     864
CTRIA3       810       1     863     745     864
CTRIA3       811       1     746     747     865
CTRIA3       812       1     864     746     865
CTRIA3       813       1     747     748     866
CTRIA3       814       1     865     747     866
CTRIA3       815       1     748     749     867
CTRIA3       816       1     866     748     867
CTRIA3       817       1     749     750     868
CTRIA3       818       1     867     749     868
CTRIA3       819       1     750     751     869
CTRIA3       820       1     868     750     869
CTRIA3       821       1     751     752     870
CTRIA3       822       1     869     751     870
CTRIA3       823       1     752     753     871
CTRIA3       824       1     870     752     871
CTRIA3       825       1     753     754     872
CTRIA3       826       1     871     753     872
CTRIA3       827       1     754     755     873
CTRIA3       828       1     872     754     873
CTRIA3       829       1     755     756     874
CTRIA3       830       1     873     755     874
CTRIA3       831       1     756     757     875
CTRIA3       832       1     874     756     875
CTRIA3       833       1     757     758     876
CTRIA3       834       1     875     757     876
CTRIA3       835       1     758     759     877
CTRIA3       836       1     876     758     877
CTRIA3       837       1     759     760     878
CTRIA3       838       1     877     759     878
CTRIA3       839       1     760     761     879
CTRIA3       840       1     878     760     879
CTRIA3       841       1     761     762     880
CTRIA3       842       1     879     761     880
CTRIA3       843       1     762     763     881
CTRIA3       844       1     880     762     881
CTRIA3       845       1     763     764     882
CTRIA3       846       1     881     763     882
CTRIA3       847       1     764     765     883
CTRIA3       848       1     882     764     883
CTRIA3       849       1     765     766     884
CTRIA3       850       1     883     765     884
CTRIA3       851       1     766     767     885
CTRIA3       852       1     884     766     885
CTRIA3       853       1     767     768     886
CTRIA3       854       1     885     767     886
CTRIA3       855       1     768     769     887
CTRIA3       856       1     886     768     887
CTRIA3       857       1     769     770     888
CTRIA3       858       1     887     769     888
CTRIA3       859       1     770     771     889
CTRIA3       860       1     888     770     889
CTRIA3       861       1     771     772     890
CTRIA3       862       1     889     771     890
CTRIA3       863       1     772     773     891
CTRIA3       864       1     890     772     891
CTRIA3       865       1     773     774     892
CTRIA3       866       1     891     773     892
CTRIA3       867       1     774     775     893
CTRIA3       868       1     892     774     893
CTRIA3       869       1     775     776     894
CTRIA3       870       1     893     775     894
CTRIA3       871       1     776     777     895
CTRIA3       872       1     894     776     895
CTRIA3       873       1     777     778     779
CTRIA3       874       1     779     780     896
CTRIA3       875       1     780     781     782
CTRIA3       876       1     896     780     782
CTRIA3       877       1     782     783     897
CTRIA3       878       1     896     782     897
CTRIA3       879       1     783     784     898
CTRIA3       880       1     897     783     898
CTRIA3       881       1     784     785     899
CTRIA3       882       1     898     784     899
CTRIA3       883       1     785     786     900
CTRIA3       884       1     899     785     900
CTRIA3       885       1     786     787     901
CTRIA3       886       1     900     786     901
CTRIA3       887       1     787     788     902
CTRIA3       888       1     901     787     902
CTRIA3       889       1     788     789     903
CTRIA3       890       1     902     788     903
CTRIA3       891       1     789     790     904
CTRIA3       892       1     903     789     904
CTRIA3       893       1     790     791     905
CTRIA3       894       1     904     790     905
CTRIA3       895       1     791     792     906
CTRIA3       896       1     905     791     906
CTRIA3       897       1     792     793     907
CTRIA3       898       1     906     792     907
CTRIA3       899       1     793     794     908
CTRIA3       900       1     907     793     908
CTRIA3       901       1     794     795     909
CTRIA3       902       1     908     794     909
CTRIA3       903       1     795     796     910
CTRIA3       904       1     909     795     910
CTRIA3       905       1     796     797     911
CTRIA3       906       1     910     796     911
CTRIA3       907       1     797     798     912
CTRIA3       908       1     911     797     912
CTRIA3       909       1     798     799     913
CTRIA3       910       1     912     798     913
CTRIA3       911       1     799     800     914
CTRIA3       912       1     913     799     914
CTRIA3       913       1     800     801     915
CTRIA3       914       1     914     800     915
CTRIA3       915       1     801     802     916
CTRIA3       916       1     915     801     916
CTRIA3       917       1     802     803     917
CTRIA3       918       1     916     802     917
CTRIA3       919       1     803     804     918
CTRIA3       920       1     917     803     918
CTRIA3       921       1     804     805     919
CTRIA3       922       1     918     804     919
CTRIA3       923       1     805     806     920
CTRIA3       924       1     919     805     920
CTRIA3       925       1     806     807     921
CTRIA3       926       1     920     806     921
CTRIA3       927       1     807     808     922
CTRIA3       928       1     921     807     922
CTRIA3       929       1     808     809     923
CTRIA3       930       1     922     808     923
CTRIA3       931       1     809     810     924
CTRIA3       932       1     923     809     924
CTRIA3       933       1     810     811     925
CTRIA3       934       1     924     810     925
CTRIA3       935       1     811     812     926
CTRIA3       936       1     925     811     926
CTRIA3       937       1     812     813     927
CTRIA3       938       1     926     812     927
CTRIA3       939       1     813     814     928
CTRIA3       940       1     927     813     928
CTRIA3       941       1     814     815     929
CTRIA3       942       1     928     814     929
CTRIA3       943       1     815     816     930
CTRIA3       944       1     929     815     930
CTRIA3       945       1     816     817     931
CTRIA3       946       1     930     816     931
CTRIA3       947       1     817     818     932
CTRIA3       948       1     931     817     932
CTRIA3       949       1     818     819     933
CTRIA3       950       1     932     818     933
CTRIA3       951       1     819     820     934
CTRIA3       952       1     933     819     934
CTRIA3       953       1     820     821     935
CTRIA3       954       1     934     820     935
CTRIA3       955       1     821     822     936
CTRIA3       956       1     935     821     936
CTRIA3       957       1     822     823     937
CTRIA3       958       1     936     822     937
CTRIA3       959       1     823     824     938
CTRIA3       960       1     937     823     938
CTRIA3       961       1     824     825     939
CTRIA3       962       1     938     824     939
CTRIA3       963       1     825     826     940
CTRIA3       964       1     939     825     940
CTRIA3       965       1     826     827     941
CTRIA3       966       1     940     826     941
CTRIA3       967       1     827     828     942
CTRIA3       968       1     941     827     942
CTRIA3       969       1     828     829     943
CTRIA3       970       1     942     828     943
CTRIA3       971       1     829     830     944
CTRIA3       972       1     943     829     944
CTRIA3       973       1     830     831     945
CTRIA3       974       1     944     830     945
CTRIA3       975       1     831     832     946
CTRIA3       976       1     945     831     946
CTRIA3       977       1     832     833     947
CTRIA3       978       1     946     832     947
CTRIA3       979       1     833     834     948
CTRIA3       980       1     947     833     948
CTRIA3       981       1     834     835     949
CTRIA3       982       1     948     834     949
CTRIA3       983       1     835     836     950
CTRIA3       984       1     949     835     950
CTRIA3       985       1     836     837     838
CTRIA3       986       1     950     836     838
CTRIA3       987       1     838     839     950
CTRIA3       988       1     839     840     841
CTRIA3       989       1     950     839     951
CTRIA3       990       1     839     841     951
CTRIA3       991       1     841     842     951
CTRIA3       992       1     842     843     952
CTRIA3       993       1     951     842     952
CTRIA3       994       1     843     844     953
CTRIA3       995       1     952     843     953
CTRIA3       996       1     844     845     954
CTRIA3       997       1     953     844     954
CTRIA3       998       1     845     846     955
CTRIA3       999       1     954     845     955
CTRIA3      1000       1     846     847     956
CTRIA3      1001       1     955     846     956
CTRIA3      1002       1     847     848     957
CTRIA3      1003       1     956     847     957
CTRIA3      1004       1     848     849     958
CTRIA3      1005       1     957     848     958
CTRIA3      1006       1     849     850     959
CTRIA3      1007       1     958     849     959
CTRIA3      1008       1     850     851     942
CTRIA3      1009       1     959     850     942
CTRIA3      1010       1     851     852     941
CTRIA3      1011       1     942     851     941
CTRIA3      1012       1     852     853     940
CTRIA3      1013       1     941     852     940
CTRIA3      1014       1     853     854     939
CTRIA3      1015       1     940     853     939
CTRIA3      1016       1     854     855     938
CTRIA3      1017       1     939     854     938
CTRIA3      1018       1     855     856     937
CTRIA3      1019       1     938     855     937
CTRIA3      1020       1     856     857     936
CTRIA3      1021       1     937     856     936
CTRIA3      1022       1     857     858     935
CTRIA3      1023       1     936     857     935
CTRIA3      1024       1     858     859     934
CTRIA3      1025       1     935     858     934
CTRIA3      1026       1     859     860     933
CTRIA3      1027       1     934     859     933
CTRIA3      1028       1     860     861     932
CTRIA3      1029       1     933     860     932
CTRIA3      1030       1     861     862     931
CTRIA3      1031       1     932     861     931
CTRIA3      1032       1     862     863     930
CTRIA3      1033       1     931     862     930
CTRIA3      1034       1     863     864     929
CTRIA3      1035       1     930     863     929
CTRIA3      1036       1     864     865     928
CTRIA3      1037       1     929     864     928
CTRIA3      1038       1     865     866     927
CTRIA3      1039       1     928     865     927
CTRIA3      1040       1     866     867     926
CTRIA3      1041       1     927     866     926
CTRIA3      1042       1     867     868     925
CTRIA3      1043       1     926     867     925
CTRIA3      1044       1     868     869     924
CTRIA3      1045       1     925     868     924
CTRIA3      1046       1     869     870     923
CTRIA3      1047       1     924     869     923
CTRIA3      1048       1     870     871     922
CTRIA3      1049       1     923     870     922
CTRIA3      1050       1     871     872     921
CTRIA3      1051       1     922     871     921
CTRIA3      1052       1     872     873     920
CTRIA3      1053       1     921     872     920
CTRIA3      1054       1     873     874     919
CTRIA3      1055       1     920     873     919
CTRIA3      1056       1     874     875     918
CTRIA3      1057       1     919     874     918
CTRIA3      1058       1     875     876     917
CTRIA3      1059       1     918     875     917
CTRIA3      1060       1     876     877     916
CTRIA3      1061       1     917     876     916
CTRIA3      1062       1     877     878     915
CTRIA3      1063       1     916     877     915
CTRIA3      1064       1     878     879     914
CTRIA3      1065       1     915     878     914
CTRIA3      1066       1     879     880     913
CTRIA3      1067       1     914     879     913
CTRIA3      1068       1     880     881     912
CTRIA3      1069       1     913     880     912
CTRIA3      1070       1     881     882     911
CTRIA3      1071       1     912     881     911
CTRIA3      1072       1     882     883     910
CTRIA3      1073       1     911     882     910
CTRIA3      1074       1     883     884     909
CTRIA3      1075       1     910     883     909
CTRIA3      1076       1     884     885     908
CTRIA3      1077       1     909     884     908
CTRIA3      1078       1     885     886     907
CTRIA3      1079       1     908     885     907
CTRIA3      1080       1     886     887     906
CTRIA3      1081       1     907     886     906
CTRIA3      1082       1     887     888     905
CTRIA3      1083       1     906     887     905
CTRIA3      1084       1     888     889     904
CTRIA3      1085       1     905     888     904
CTRIA3      1086       1     889     890     903
CTRIA3      1087       1     904     889     903
CTRIA3      1088       1     890     891     902
CTRIA3      1089       1     903     890     902
CTRIA3      1090       1     891     892     901
CTRIA3      1091       1     902     891     901
CTRIA3      1092       1     892     893     900
CTRIA3      1093       1     901     892     900
CTRIA3      1094       1     893     894     899
CTRIA3      1095       1     900     893     899
CTRIA3      1096       1     894     895     898
CTRIA3      1097       1     899     894     898
CTRIA3      1098       1     895     896     897
CTRIA3      1099       1     898     895     897
CTRIA3      1100       1     942     943     959
CTRIA3      1101       1     943     944     958
CTRIA3      1102       1     959     943     958
CTRIA3      1103       1     944     945     957
CTRIA3      1104       1     958     944     957
CTRIA3      1105       1     945     946     956
CTRIA3      1106       1     957     945     956
CTRIA3      1107       1     946     947     955
CTRIA3      1108       1     956     946     955
CTRIA3      1109       1     947     948     954
CTRIA3      1110       1     955     947     954
CTRIA3      1111       1     948     949     953
CTRIA3      1112       1     954     948     953
CTRIA3      1113       1     949     950     952
CTRIA3      1114       1     953     949     952
CTRIA3      1115       1     950     951     952
CTRIA3      1116       1     895     777     896
CTRIA3      1117       1     777     779     896
CTRIA3      1118       1     597     465     598
CTRIA3      1119       1     465     468     598
CTRIA3      1120       1     526      17     527
CTRIA3      1121       1      17     458     527
CTRIA3      1122       1     591      77     592
CTRIA3      1123       1      77     459     592
CTRIA3      1124       1      12      11      13
CTRIA3      1125       1     137      12      13
CTRIA3      1126       1      13     452     137
CTRIA3      1127       1     452     453     138
CTRIA3      1128       1     137     452     138
CTRIA3      1129       1     453     454     139
CTRIA3      1130       1     138     453     139
CTRIA3      1131       1     454     455     140
CTRIA3      1132       1     139     454     140
CTRIA3      1133       1     455     456     141
CTRIA3      1134       1     140     455     141
CTRIA3      1135       1     456     457     142
CTRIA3      1136       1     141     456     142
CTRIA3      1137       1     457     458     143
CTRIA3      1138       1     142     457     143
CTRIA3      1139       1     458      14     144
CTRIA3      1140       1     143     458     144
CTRIA3      1141       1      14      10     145
CTRIA3      1142       1     144      14     145
CTRIA3      1143       1      10       9       8
CTRIA3      1144       1     145      10       8
CTRIA3      1145       1       7       6     205
CTRIA3      1146       1       6     204     205
CTRIA3      1147       1     204     203     206
CTRIA3      1148       1     205     204     206
CTRIA3      1149       1     203     202     207
CTRIA3      1150       1     206     203     207
CTRIA3      1151       1     202     201     208
CTRIA3      1152       1     207     202     208
CTRIA3      1153       1     201     200     209
CTRIA3      1154       1     208     201     209
CTRIA3      1155       1     200     199     210
CTRIA3      1156       1     209     200     210
CTRIA3      1157       1     199     198     211
CTRIA3      1158       1     210     199     211
CTRIA3      1159       1     198     197     212
CTRIA3      1160       1     211     198     212
CTRIA3      1161       1     197     196     213
CTRIA3      1162       1     212     197     213
CTRIA3      1163       1     196     195     214
CTRIA3      1164       1     213     196     214
CTRIA3      1165       1     195     194     215
CTRIA3      1166       1     214     195     215
CTRIA3      1167       1     194     193     216
CTRIA3      1168       1     215     194     216
CTRIA3      1169       1     193     192     217
CTRIA3      1170       1     216     193     217
CTRIA3      1171       1     192     191     218
CTRIA3      1172       1     217     192     218
CTRIA3      1173       1     191     190     219
CTRIA3      1174       1     218     191     219
CTRIA3      1175       1     190     189     220
CTRIA3      1176       1     219     190     220
CTRIA3      1177       1     189     188     221
CTRIA3      1178       1     220     189     221
CTRIA3      1179       1     188     187     222
CTRIA3      1180       1     221     188     222
CTRIA3      1181       1     187     186     223
CTRIA3      1182       1     222     187     223
CTRIA3      1183       1     186     185     224
CTRIA3      1184       1     223     186     224
CTRIA3      1185       1     185     184     225
CTRIA3      1186       1     224     185     225
CTRIA3      1187       1     184     183     226
CTRIA3      1188       1     225     184     226
CTRIA3      1189       1     183     182     227
CTRIA3      1190       1     226     183     227
CTRIA3      1191       1     182     181     228
CTRIA3      1192       1     227     182     228
CTRIA3      1193       1     181     180     229
CTRIA3      1194       1     228     181     229
CTRIA3      1195       1     180     179     230
CTRIA3      1196       1     229     180     230
CTRIA3      1197       1     179     178     231
CTRIA3      1198       1     230     179     231
CTRIA3      1199       1     178     177     232
CTRIA3      1200       1     231     178     232
CTRIA3      1201       1     177     176     233
CTRIA3      1202       1     232     177     233
CTRIA3      1203       1     176     175     234
CTRIA3      1204       1     233     176     234
CTRIA3      1205       1     175     174     235
CTRIA3      1206       1     234     175     235
CTRIA3      1207       1     174     173     236
CTRIA3      1208       1     235     174     236
CTRIA3      1209       1     173     172     237
CTRIA3      1210       1     236     173     237
CTRIA3      1211       1     172     171     238
CTRIA3      1212       1     237     172     238
CTRIA3      1213       1     171     170     239
CTRIA3      1214       1     238     171     239
CTRIA3      1215       1     170     169     240
CTRIA3      1216       1     239     170     240
CTRIA3      1217       1     169     168     241
CTRIA3      1218       1     240     169     241
CTRIA3      1219       1     168     167     242
CTRIA3      1220       1     241     168     242
CTRIA3      1221       1     167     166     243
CTRIA3      1222       1     242     167     243
CTRIA3      1223       1     166     165     244
CTRIA3      1224       1     243     166     244
CTRIA3      1225       1     165     164     245
CTRIA3      1226       1     244     165     245
CTRIA3      1227       1     164     163     246
CTRIA3      1228       1     245     164     246
CTRIA3      1229       1     163     162     247
CTRIA3      1230       1     246     163     247
CTRIA3      1231       1     162     161     248
CTRIA3      1232       1     247     162     248
CTRIA3      1233       1     161     160     249
CTRIA3      1234       1     248     161     249
CTRIA3      1235       1     160     159     250
CTRIA3      1236       1     249     160     250
CTRIA3      1237       1     159     158     251
CTRIA3      1238       1     250     159     251
CTRIA3      1239       1     158     157     252
CTRIA3      1240       1     251     158     252
CTRIA3      1241       1     157     156     253
CTRIA3      1242       1     252     157     253
CTRIA3      1243       1     156     155     254
CTRIA3      1244       1     253     156     254
CTRIA3      1245       1     155     154     255
CTRIA3      1246       1     254     155     255
CTRIA3      1247       1     154     153     256
CTRIA3      1248       1     255     154     256
CTRIA3      1249       1     153     152     257
CTRIA3      1250       1     256     153     257
CTRIA3      1251       1     152     151     258
CTRIA3      1252       1     257     152     258
CTRIA3      1253       1     151     150     259
CTRIA3      1254       1     258     151     259
CTRIA3      1255       1     150     149     260
CTRIA3      1256       1     259     150     260
CTRIA3      1257       1     149     148     261
CTRIA3      1258       1     260     149     261
CTRIA3      1259       1     148     147     262
CTRIA3      1260       1     261     148     262
CTRIA3      1261       1     147     146     263
CTRIA3      1262       1     262     147     263
CTRIA3      1263       1     146       8       9
CTRIA3      1264       1     263     146       9
CTRIA3      1265       1     323     322     263
CTRIA3      1266       1     322     321     262
CTRIA3      1267       1     263     322     262
CTRIA3      1268       1     321     320     261
CTRIA3      1269       1     262     321     261
CTRIA3      1270       1     320     319     260
CTRIA3      1271       1     261     320     260
CTRIA3      1272       1     319     318     259
CTRIA3      1273       1     260     319     259
CTRIA3      1274       1     318     317     258
CTRIA3      1275       1     259     318     258
CTRIA3      1276       1     317     316     257
CTRIA3      1277       1     258     317     257
CTRIA3      1278       1     316     315     256
CTRIA3      1279       1     257     316     256
CTRIA3      1280       1     315     314     255
CTRIA3      1281       1     256     315     255
CTRIA3      1282       1     314     313     254
CTRIA3      1283       1     255     314     254
CTRIA3      1284       1     313     312     253
CTRIA3      1285       1     254     313     253
CTRIA3      1286       1     312     311     252
CTRIA3      1287       1     253     312     252
CTRIA3      1288       1     311     310     251
CTRIA3      1289       1     252     311     251
CTRIA3      1290       1     310     309     250
CTRIA3      1291       1     251     310     250
CTRIA3      1292       1     309     308     249
CTRIA3      1293       1     250     309     249
CTRIA3      1294       1     308     307     248
CTRIA3      1295       1     249     308     248
CTRIA3      1296       1     307     306     247
CTRIA3      1297       1     248     307     247
CTRIA3      1298       1     306     305     246
CTRIA3      1299       1     247     306     246
CTRIA3      1300       1     305     304     245
CTRIA3      1301       1     246     305     245
CTRIA3      1302       1     304     303     244
CTRIA3      1303       1     245     304     244
CTRIA3      1304       1     303     302     243
CTRIA3      1305       1     244     303     243
CTRIA3      1306       1     302     301     242
CTRIA3      1307       1     243     302     242
CTRIA3      1308       1     301     300     241
CTRIA3      1309       1     242     301     241
CTRIA3      1310       1     300     299     240
CTRIA3      1311       1     241     300     240
CTRIA3      1312       1     299     298     239
CTRIA3      1313       1     240     299     239
CTRIA3      1314       1     298     297     238
CTRIA3      1315       1     239     298     238
CTRIA3      1316       1     297     296     237
CTRIA3      1317       1     238     297     237
CTRIA3      1318       1     296     295     236
CTRIA3      1319       1     237     296     236
CTRIA3      1320       1     295     294     235
CTRIA3      1321       1     236     295     235
CTRIA3      1322       1     294     293     234
CTRIA3      1323       1     235     294     234
CTRIA3      1324       1     293     292     233
CTRIA3      1325       1     234     293     233
CTRIA3      1326       1     292     291     232
CTRIA3      1327       1     233     292     232
CTRIA3      1328       1     291     290     231
CTRIA3      1329       1     232     291     231
CTRIA3      1330       1     290     289     230
CTRIA3      1331       1     231     290     230
CTRIA3      1332       1     289     288     229
CTRIA3      1333       1     230     289     229
CTRIA3      1334       1     288     287     228
CTRIA3      1335       1     229     288     228
CTRIA3      1336       1     287     286     227
CTRIA3      1337       1     228     287     227
CTRIA3      1338       1     286     285     226
CTRIA3      1339       1     227     286     226
CTRIA3      1340       1     285     284     225
CTRIA3      1341       1     226     285     225
CTRIA3      1342       1     284     283     224
CTRIA3      1343       1     225     284     224
CTRIA3      1344       1     283     282     223
CTRIA3      1345       1     224     283     223
CTRIA3      1346       1     282     281     222
CTRIA3      1347       1     223     282     222
CTRIA3      1348       1     281     280     221
CTRIA3      1349       1     222     281     221
CTRIA3      1350       1     280     279     220
CTRIA3      1351       1     221     280     220
CTRIA3      1352       1     279     278     219
CTRIA3      1353       1     220     279     219
CTRIA3      1354       1     278     277     218
CTRIA3      1355       1     219     278     218
CTRIA3      1356       1     277     276     217
CTRIA3      1357       1     218     277     217
CTRIA3      1358       1     276     275     216
CTRIA3      1359       1     217     276     216
CTRIA3      1360       1     275     274     215
CTRIA3      1361       1     216     275     215
CTRIA3      1362       1     274     273     214
CTRIA3      1363       1     215     274     214
CTRIA3      1364       1     273     272     213
CTRIA3      1365       1     214     273     213
CTRIA3      1366       1     272     271     212
CTRIA3      1367       1     213     272     212
CTRIA3      1368       1     271     270     211
CTRIA3      1369       1     212     271     211
CTRIA3      1370       1     270     269     210
CTRIA3      1371       1     211     270     210
CTRIA3      1372       1     269     268     209
CTRIA3      1373       1     210     269     209
CTRIA3      1374       1     268     267     208
CTRIA3      1375       1     209     268     208
CTRIA3      1376       1     267     266     207
CTRIA3      1377       1     208     267     207
CTRIA3      1378       1     266     265     206
CTRIA3      1379       1     207     266     206
CTRIA3      1380       1     265     264     205
CTRIA3      1381       1     206     265     205
CTRIA3      1382       1     264       5       7
CTRIA3      1383       1     205     264       7
CTRIA3      1384       1      10     323       9
CTRIA3      1385       1     323     263       9
CTRIA3      1386       1       4       3     383
CTRIA3      1387       1     384       4     383
CTRIA3      1388       1     383     382     384
CTRIA3      1389       1     382     381     385
CTRIA3      1390       1     384     382     385
CTRIA3      1391       1     381     380     386
CTRIA3      1392       1     385     381     386
CTRIA3      1393       1     380     379     387
CTRIA3      1394       1     386     380     387
CTRIA3      1395       1     379     378     388
CTRIA3      1396       1     387     379     388
CTRIA3      1397       1     378     377     389
CTRIA3      1398       1     388     378     389
CTRIA3      1399       1     377     376     390
CTRIA3      1400       1     389     377     390
CTRIA3      1401       1     376     375     391
CTRIA3      1402       1     390     376     391
CTRIA3      1403       1     375     374     392
CTRIA3      1404       1     391     375     392
CTRIA3      1405       1     374     373     393
CTRIA3      1406       1     392     374     393
CTRIA3      1407       1     373     372     394
CTRIA3      1408       1     393     373     394
CTRIA3      1409       1     372     371     395
CTRIA3      1410       1     394     372     395
CTRIA3      1411       1     371     370     396
CTRIA3      1412       1     395     371     396
CTRIA3      1413       1     370     369     397
CTRIA3      1414       1     396     370     397
CTRIA3      1415       1     369     368     398
CTRIA3      1416       1     397     369     398
CTRIA3      1417       1     368     367     399
CTRIA3      1418       1     398     368     399
CTRIA3      1419       1     367     366     400
CTRIA3      1420       1     399     367     400
CTRIA3      1421       1     366     365     401
CTRIA3      1422       1     400     366     401
CTRIA3      1423       1     365     364     402
CTRIA3      1424       1     401     365     402
CTRIA3      1425       1     364     363     403
CTRIA3      1426       1     402     364     403
CTRIA3      1427       1     363     362     404
CTRIA3      1428       1     403     363     404
CTRIA3      1429       1     362     361     405
CTRIA3      1430       1     404     362     405
CTRIA3      1431       1     361     360     406
CTRIA3      1432       1     405     361     406
CTRIA3      1433       1     360     359     407
CTRIA3      1434       1     406     360     407
CTRIA3      1435       1     359     358     408
CTRIA3      1436       1     407     359     408
CTRIA3      1437       1     358     357     409
CTRIA3      1438       1     408     358     409
CTRIA3      1439       1     357     356     410
CTRIA3      1440       1     409     357     410
CTRIA3      1441       1     356     355     411
CTRIA3      1442       1     410     356     411
CTRIA3      1443       1     355     354     412
CTRIA3      1444       1     411     355     412
CTRIA3      1445       1     354     353     413
CTRIA3      1446       1     412     354     413
CTRIA3      1447       1     353     352     414
CTRIA3      1448       1     413     353     414
CTRIA3      1449       1     352     351     415
CTRIA3      1450       1     414     352     415
CTRIA3      1451       1     351     350     416
CTRIA3      1452       1     415     351     416
CTRIA3      1453       1     350     349     417
CTRIA3      1454       1     416     350     417
CTRIA3      1455       1     349     348     418
CTRIA3      1456       1     417     349     418
CTRIA3      1457       1     348     347     419
CTRIA3      1458       1     418     348     419
CTRIA3      1459       1     347     346     420
CTRIA3      1460       1     419     347     420
CTRIA3      1461       1     346     345     421
CTRIA3      1462       1     420     346     421
CTRIA3      1463       1     345     344     422
CTRIA3      1464       1     421     345     422
CTRIA3      1465       1     344     343     423
CTRIA3      1466       1     422     344     423
CTRIA3      1467       1     343     342     424
CTRIA3      1468       1     423     343     424
CTRIA3      1469       1     342     341     425
CTRIA3      1470       1     424     342     425
CTRIA3      1471       1     341     340     426
CTRIA3      1472       1     425     341     426
CTRIA3      1473       1     340     339     427
CTRIA3      1474       1     426     340     427
CTRIA3      1475       1     339     338     428
CTRIA3      1476       1     427     339     428
CTRIA3      1477       1     338     337     429
CTRIA3      1478       1     428     338     429
CTRIA3      1479       1     337     336     430
CTRIA3      1480       1     429     337     430
CTRIA3      1481       1     336     335     431
CTRIA3      1482       1     430     336     431
CTRIA3      1483       1     335     334     432
CTRIA3      1484       1     431     335     432
CTRIA3      1485       1     334     333     433
CTRIA3      1486       1     432     334     433
CTRIA3      1487       1     333     332     434
CTRIA3      1488       1     433     333     434
CTRIA3      1489       1     332     331     435
CTRIA3      1490       1     434     332     435
CTRIA3      1491       1     331     330     436
CTRIA3      1492       1     435     331     436
CTRIA3      1493       1     330     329     437
CTRIA3      1494       1     436     330     437
CTRIA3      1495       1     329     328     438
CTRIA3      1496       1     437     329     438
CTRIA3      1497       1     328     327     439
CTRIA3      1498       1     438     328     439
CTRIA3      1499       1     327     326     440
CTRIA3      1500       1     439     327     440
CTRIA3      1501       1     326     325     441
CTRIA3      1502       1     440     326     441
CTRIA3      1503       1     325     324     442
CTRIA3      1504       1     441     325     442
CTRIA3      1505       1     324      11      12
CTRIA3      1506       1     442     324      12
CTRIA3      1507       1      17      18     322
CTRIA3      1508       1      17     322     323
CTRIA3      1509       1      18      19     321
CTRIA3      1510       1     322      18     321
CTRIA3      1511       1      19      20     320
CTRIA3      1512       1     321      19     320
CTRIA3      1513       1      20      21     319
CTRIA3      1514       1     320      20     319
CTRIA3      1515       1      21      22     318
CTRIA3      1516       1     319      21     318
CTRIA3      1517       1      22      23     317
CTRIA3      1518       1     318      22     317
CTRIA3      1519       1      23      24     316
CTRIA3      1520       1     317      23     316
CTRIA3      1521       1      24      25     315
CTRIA3      1522       1     316      24     315
CTRIA3      1523       1      25      26     314
CTRIA3      1524       1     315      25     314
CTRIA3      1525       1      26      27     313
CTRIA3      1526       1     314      26     313
CTRIA3      1527       1      27      28     312
CTRIA3      1528       1     313      27     312
CTRIA3      1529       1      28      29     311
CTRIA3      1530       1     312      28     311
CTRIA3      1531       1      29      30     310
CTRIA3      1532       1     311      29     310
CTRIA3      1533       1      30      31     309
CTRIA3      1534       1     310      30     309
CTRIA3      1535       1      31      32     308
CTRIA3      1536       1     309      31     308
CTRIA3      1537       1      32      33     307
CTRIA3      1538       1     308      32     307
CTRIA3      1539       1      33      34     306
CTRIA3      1540       1     307      33     306
CTRIA3      1541       1      34      35     305
CTRIA3      1542       1     306      34     305
CTRIA3      1543       1      35      36     304
CTRIA3      1544       1     305      35     304
CTRIA3      1545       1      36      37     303
CTRIA3      1546       1     304      36     303
CTRIA3      1547       1      37      38     302
CTRIA3      1548       1     303      37     302
CTRIA3      1549       1      38      39     301
CTRIA3      1550       1     302      38     301
CTRIA3      1551       1      39      40     300
CTRIA3      1552       1     301      39     300
CTRIA3      1553       1      40      41     299
CTRIA3      1554       1     300      40     299
CTRIA3      1555       1      41      42     298
CTRIA3      1556       1     299      41     298
CTRIA3      1557       1      42      43     297
CTRIA3      1558       1     298      42     297
CTRIA3      1559       1      43      44     296
CTRIA3      1560       1     297      43     296
CTRIA3      1561       1      44      45     295
CTRIA3      1562       1     296      44     295
CTRIA3      1563       1      45      46     294
CTRIA3      1564       1     295      45     294
CTRIA3      1565       1      46      47     293
CTRIA3      1566       1     294      46     293
CTRIA3      1567       1      47      48     292
CTRIA3      1568       1     293      47     292
CTRIA3      1569       1      48      49     291
CTRIA3      1570       1     292      48     291
CTRIA3      1571       1      49      50     290
CTRIA3      1572       1     291      49     290
CTRIA3      1573       1      50      51     289
CTRIA3      1574       1     290      50     289
CTRIA3      1575       1      51      52     288
CTRIA3      1576       1     289      51     288
CTRIA3      1577       1      52      53     287
CTRIA3      1578       1     288      52     287
CTRIA3      1579       1      53      54     286
CTRIA3      1580       1     287      53     286
CTRIA3      1581       1      54      55     285
CTRIA3      1582       1     286      54     285
CTRIA3      1583       1      55      56     284
CTRIA3      1584       1     285      55     284
CTRIA3      1585       1      56      57     283
CTRIA3      1586       1     284      56     283
CTRIA3      1587       1      57      58     282
CTRIA3      1588       1     283      57     282
CTRIA3      1589       1      58      59     281
CTRIA3      1590       1     282      58     281
CTRIA3      1591       1      59      60     280
CTRIA3      1592       1     281      59     280
CTRIA3      1593       1      60      61     279
CTRIA3      1594       1     280      60     279
CTRIA3      1595       1      61      62     278
CTRIA3      1596       1     279      61     278
CTRIA3      1597       1      62      63     277
CTRIA3      1598       1     278      62     277
CTRIA3      1599       1      63      64     276
CTRIA3      1600       1     277      63     276
CTRIA3      1601       1      64      65     275
CTRIA3      1602       1     276      64     275
CTRIA3      1603       1      65      66     274
CTRIA3      1604       1     275      65     274
CTRIA3      1605       1      66      67     273
CTRIA3      1606       1     274      66     273
CTRIA3      1607       1      67      68     272
CTRIA3      1608       1     273      67     272
CTRIA3      1609       1      68      69     271
CTRIA3      1610       1     272      68     271
CTRIA3      1611       1      69      70     270
CTRIA3      1612       1     271      69     270
CTRIA3      1613       1      70      71     269
CTRIA3      1614       1     270      70     269
CTRIA3      1615       1      71      72     268
CTRIA3      1616       1     269      71     268
CTRIA3      1617       1      72      73     267
CTRIA3      1618       1     268      72     267
CTRIA3      1619       1      73      74     266
CTRIA3      1620       1     267      73     266
CTRIA3      1621       1      74      75     265
CTRIA3      1622       1     266      74     265
CTRIA3      1623       1      75      76     264
CTRIA3      1624       1     265      75     264
CTRIA3      1625       1      76      15       5
CTRIA3      1626       1     264      76       5
CTRIA3      1627       1      10      14     323
CTRIA3      1628       1      14      17     323
CTRIA3      1629       1       2     450     459
CTRIA3      1630       1       4       2       3
CTRIA3      1631       1       2     459      16
CTRIA3      1632       1       3       2      16
CTRIA3      1633       1     450     449     460
CTRIA3      1634       1     459     450     460
CTRIA3      1635       1     449     448     461
CTRIA3      1636       1     460     449     461
CTRIA3      1637       1     448     447     462
CTRIA3      1638       1     461     448     462
CTRIA3      1639       1     447     446     462
CTRIA3      1640       1     446     445     463
CTRIA3      1641       1     462     446     463
CTRIA3      1642       1     445     444     464
CTRIA3      1643       1     463     445     464
CTRIA3      1644       1     444     443     465
CTRIA3      1645       1     464     444     465
CTRIA3      1646       1     443       1     466
CTRIA3      1647       1     465     443     466
CTRIA3      1648       1       1     451       5
CTRIA3      1649       1     466       1      15
CTRIA3      1650       1       1       5      15
CTRIA3      1651       1     451       6       7
CTRIA3      1652       1       5     451       7
CTRIA3      1653       1     324     325     136
CTRIA3      1654       1     325     326     135
CTRIA3      1655       1     136     325     135
CTRIA3      1656       1     326     327     134
CTRIA3      1657       1     135     326     134
CTRIA3      1658       1     327     328     133
CTRIA3      1659       1     134     327     133
CTRIA3      1660       1     328     329     132
CTRIA3      1661       1     133     328     132
CTRIA3      1662       1     329     330     131
CTRIA3      1663       1     132     329     131
CTRIA3      1664       1     330     331     130
CTRIA3      1665       1     131     330     130
CTRIA3      1666       1     331     332     129
CTRIA3      1667       1     130     331     129
CTRIA3      1668       1     332     333     128
CTRIA3      1669       1     129     332     128
CTRIA3      1670       1     333     334     127
CTRIA3      1671       1     128     333     127
CTRIA3      1672       1     334     335     126
CTRIA3      1673       1     127     334     126
CTRIA3      1674       1     335     336     125
CTRIA3      1675       1     126     335     125
CTRIA3      1676       1     336     337     124
CTRIA3      1677       1     125     336     124
CTRIA3      1678       1     337     338     123
CTRIA3      1679       1     124     337     123
CTRIA3      1680       1     338     339     122
CTRIA3      1681       1     123     338     122
CTRIA3      1682       1     339     340     121
CTRIA3      1683       1     122     339     121
CTRIA3      1684       1     340     341     120
CTRIA3      1685       1     121     340     120
CTRIA3      1686       1     341     342     119
CTRIA3      1687       1     120     341     119
CTRIA3      1688       1     342     343     118
CTRIA3      1689       1     119     342     118
CTRIA3      1690       1     343     344     117
CTRIA3      1691       1     118     343     117
CTRIA3      1692       1     344     345     116
CTRIA3      1693       1     117     344     116
CTRIA3      1694       1     345     346     115
CTRIA3      1695       1     116     345     115
CTRIA3      1696       1     346     347     114
CTRIA3      1697       1     115     346     114
CTRIA3      1698       1     347     348     113
CTRIA3      1699       1     114     347     113
CTRIA3      1700       1     348     349     112
CTRIA3      1701       1     113     348     112
CTRIA3      1702       1     349     350     111
CTRIA3      1703       1     112     349     111
CTRIA3      1704       1     350     351     110
CTRIA3      1705       1     111     350     110
CTRIA3      1706       1     351     352     109
CTRIA3      1707       1     110     351     109
CTRIA3      1708       1     352     353     108
CTRIA3      1709       1     109     352     108
CTRIA3      1710       1     353     354     107
CTRIA3      1711       1     108     353     107
CTRIA3      1712       1     354     355     106
CTRIA3      1713       1     107     354     106
CTRIA3      1714       1     355     356     105
CTRIA3      1715       1     106     355     105
CTRIA3      1716       1     356     357     104
CTRIA3      1717       1     105     356     104
CTRIA3      1718       1     357     358     103
CTRIA3      1719       1     104     357     103
CTRIA3      1720       1     358     359     102
CTRIA3      1721       1     103     358     102
CTRIA3      1722       1     359     360     101
CTRIA3      1723       1     102     359     101
CTRIA3      1724       1     360     361     100
CTRIA3      1725       1     101     360     100
CTRIA3      1726       1     361     362      99
CTRIA3      1727       1     100     361      99
CTRIA3      1728       1     362     363      98
CTRIA3      1729       1      99     362      98
CTRIA3      1730       1     363     364      97
CTRIA3      1731       1      98     363      97
CTRIA3      1732       1     364     365      96
CTRIA3      1733       1      97     364      96
CTRIA3      1734       1     365     366      95
CTRIA3      1735       1      96     365      95
CTRIA3      1736       1     366     367      94
CTRIA3      1737       1      95     366      94
CTRIA3      1738       1     367     368      93
CTRIA3      1739       1      94     367      93
CTRIA3      1740       1     368     369      92
CTRIA3      1741       1      93     368      92
CTRIA3      1742       1     369     370      91
CTRIA3      1743       1      92     369      91
CTRIA3      1744       1     370     371      90
CTRIA3      1745       1      91     370      90
CTRIA3      1746       1     371     372      89
CTRIA3      1747       1      90     371      89
CTRIA3      1748       1     372     373      88
CTRIA3      1749       1      89     372      88
CTRIA3      1750       1     373     374      87
CTRIA3      1751       1      88     373      87
CTRIA3      1752       1     374     375      86
CTRIA3      1753       1      87     374      86
CTRIA3      1754       1     375     376      85
CTRIA3      1755       1      86     375      85
CTRIA3      1756       1     376     377      84
CTRIA3      1757       1      85     376      84
CTRIA3      1758       1     377     378      83
CTRIA3      1759       1      84     377      83
CTRIA3      1760       1     378     379      82
CTRIA3      1761       1      83     378      82
CTRIA3      1762       1     379     380      81
CTRIA3      1763       1      82     379      81
CTRIA3      1764       1     380     381      80
CTRIA3      1765       1      81     380      80
CTRIA3      1766       1     381     382      79
CTRIA3      1767       1      80     381      79
CTRIA3      1768       1     382     383      78
CTRIA3      1769       1      79     382      78
CTRIA3      1770       1     383       3      77
CTRIA3      1771       1      78     383      77
CTRIA3      1772       1       3      16      77
CTRIA3      1773       1     136      13     324
CTRIA3      1774       1      13      11     324
$..
$----------------------------------------
$..
$..          MESH PART: MSHPartSmartSurf.2
$..
CTRIA3      1775       2     972     974    1366
CTRIA3      1776       2     974     975    1367
CTRIA3      1777       2     975     976    1368
CTRIA3      1778       2    1367     975    1368
CTRIA3      1779       2     976     977    1369
CTRIA3      1780       2    1368     976    1369
CTRIA3      1781       2     977     978    1370
CTRIA3      1782       2    1369     977    1370
CTRIA3      1783       2     978     979    1371
CTRIA3      1784       2    1370     978    1371
CTRIA3      1785       2     979     980    1372
CTRIA3      1786       2    1371     979    1372
CTRIA3      1787       2     980     981    1373
CTRIA3      1788       2    1372     980    1373
CTRIA3      1789       2     981     982    1374
CTRIA3      1790       2    1373     981    1374
CTRIA3      1791       2     982     983    1375
CTRIA3      1792       2    1374     982    1375
CTRIA3      1793       2     983     984    1376
CTRIA3      1794       2    1375     983    1376
CTRIA3      1795       2     984     985    1377
CTRIA3      1796       2    1376     984    1377
CTRIA3      1797       2     985     986    1378
CTRIA3      1798       2    1377     985    1378
CTRIA3      1799       2     986     987    1379
CTRIA3      1800       2    1378     986    1379
CTRIA3      1801       2     987     988    1380
CTRIA3      1802       2    1379     987    1380
CTRIA3      1803       2     988     989    1381
CTRIA3      1804       2    1380     988    1381
CTRIA3      1805       2     989     990    1382
CTRIA3      1806       2    1381     989    1382
CTRIA3      1807       2     990     991    1383
CTRIA3      1808       2    1382     990    1383
CTRIA3      1809       2     991     992    1384
CTRIA3      1810       2    1383     991    1384
CTRIA3      1811       2     992     993    1385
CTRIA3      1812       2    1384     992    1385
CTRIA3      1813       2     993     994    1386
CTRIA3      1814       2    1385     993    1386
CTRIA3      1815       2     994     995    1387
CTRIA3      1816       2    1386     994    1387
CTRIA3      1817       2     995     996    1388
CTRIA3      1818       2    1387     995    1388
CTRIA3      1819       2     996     997    1389
CTRIA3      1820       2    1388     996    1389
CTRIA3      1821       2     997     998    1390
CTRIA3      1822       2    1389     997    1390
CTRIA3      1823       2     998     999    1391
CTRIA3      1824       2    1390     998    1391
CTRIA3      1825       2     999    1000    1392
CTRIA3      1826       2    1391     999    1392
CTRIA3      1827       2    1000    1001    1393
CTRIA3      1828       2    1392    1000    1393
CTRIA3      1829       2    1001    1002    1394
CTRIA3      1830       2    1393    1001    1394
CTRIA3      1831       2    1002    1003    1395
CTRIA3      1832       2    1394    1002    1395
CTRIA3      1833       2    1003    1004    1396
CTRIA3      1834       2    1395    1003    1396
CTRIA3      1835       2    1004    1005    1397
CTRIA3      1836       2    1396    1004    1397
CTRIA3      1837       2    1005    1006    1398
CTRIA3      1838       2    1397    1005    1398
CTRIA3      1839       2    1006    1007    1399
CTRIA3      1840       2    1398    1006    1399
CTRIA3      1841       2    1007    1008    1400
CTRIA3      1842       2    1399    1007    1400
CTRIA3      1843       2    1008    1009    1401
CTRIA3      1844       2    1400    1008    1401
CTRIA3      1845       2    1009    1010    1402
CTRIA3      1846       2    1401    1009    1402
CTRIA3      1847       2    1010    1011    1403
CTRIA3      1848       2    1402    1010    1403
CTRIA3      1849       2    1011    1012    1404
CTRIA3      1850       2    1403    1011    1404
CTRIA3      1851       2    1012    1013    1405
CTRIA3      1852       2    1404    1012    1405
CTRIA3      1853       2    1013    1014    1406
CTRIA3      1854       2    1405    1013    1406
CTRIA3      1855       2    1014    1015    1407
CTRIA3      1856       2    1406    1014    1407
CTRIA3      1857       2    1015    1016    1408
CTRIA3      1858       2    1407    1015    1408
CTRIA3      1859       2    1016    1017    1409
CTRIA3      1860       2    1408    1016    1409
CTRIA3      1861       2    1017    1018    1410
CTRIA3      1862       2    1409    1017    1410
CTRIA3      1863       2    1018    1019    1411
CTRIA3      1864       2    1410    1018    1411
CTRIA3      1865       2    1019    1020    1412
CTRIA3      1866       2    1411    1019    1412
CTRIA3      1867       2    1020    1021    1413
CTRIA3      1868       2    1412    1020    1413
CTRIA3      1869       2    1021    1022    1414
CTRIA3      1870       2    1413    1021    1414
CTRIA3      1871       2    1022    1023    1415
CTRIA3      1872       2    1414    1022    1415
CTRIA3      1873       2    1023    1024    1416
CTRIA3      1874       2    1415    1023    1416
CTRIA3      1875       2    1024    1025    1417
CTRIA3      1876       2    1416    1024    1417
CTRIA3      1877       2    1025    1026    1418
CTRIA3      1878       2    1417    1025    1418
CTRIA3      1879       2    1026    1027    1419
CTRIA3      1880       2    1418    1026    1419
CTRIA3      1881       2    1027    1028    1420
CTRIA3      1882       2    1419    1027    1420
CTRIA3      1883       2    1028    1029    1421
CTRIA3      1884       2    1420    1028    1421
CTRIA3      1885       2    1029    1030    1422
CTRIA3      1886       2    1421    1029    1422
CTRIA3      1887       2    1030    1031    1423
CTRIA3      1888       2    1422    1030    1423
CTRIA3      1889       2    1031    1032    1424
CTRIA3      1890       2    1423    1031    1424
CTRIA3      1891       2    1032    1033    1425
CTRIA3      1892       2    1424    1032    1425
CTRIA3      1893       2    1033     970    1357
CTRIA3      1894       2    1357    1356    1426
CTRIA3      1895       2    1356    1355    1427
CTRIA3      1896       2    1426    1356    1427
CTRIA3      1897       2    1355    1354    1428
CTRIA3      1898       2    1427    1355    1428
CTRIA3      1899       2    1354    1353    1429
CTRIA3      1900       2    1428    1354    1429
CTRIA3      1901       2    1353    1352    1430
CTRIA3      1902       2    1429    1353    1430
CTRIA3      1903       2    1352    1351    1431
CTRIA3      1904       2    1430    1352    1431
CTRIA3      1905       2    1351    1350    1432
CTRIA3      1906       2    1431    1351    1432
CTRIA3      1907       2    1350     968    1153
CTRIA3      1908       2    1432    1350    1153
CTRIA3      1909       2    1153    1152    1433
CTRIA3      1910       2    1432    1153    1433
CTRIA3      1911       2    1152    1151    1434
CTRIA3      1912       2    1433    1152    1434
CTRIA3      1913       2    1151    1150    1435
CTRIA3      1914       2    1434    1151    1435
CTRIA3      1915       2    1150    1149    1436
CTRIA3      1916       2    1435    1150    1436
CTRIA3      1917       2    1149    1148    1437
CTRIA3      1918       2    1436    1149    1437
CTRIA3      1919       2    1148    1147    1438
CTRIA3      1920       2    1437    1148    1438
CTRIA3      1921       2    1147    1146    1439
CTRIA3      1922       2    1438    1147    1439
CTRIA3      1923       2    1146    1145    1440
CTRIA3      1924       2    1439    1146    1440
CTRIA3      1925       2    1145    1144    1441
CTRIA3      1926       2    1440    1145    1441
CTRIA3      1927       2    1144    1143    1442
CTRIA3      1928       2    1441    1144    1442
CTRIA3      1929       2    1143    1142    1443
CTRIA3      1930       2    1442    1143    1443
CTRIA3      1931       2    1142    1141    1444
CTRIA3      1932       2    1443    1142    1444
CTRIA3      1933       2    1141    1140    1445
CTRIA3      1934       2    1444    1141    1445
CTRIA3      1935       2    1140    1139    1446
CTRIA3      1936       2    1445    1140    1446
CTRIA3      1937       2    1139    1138    1447
CTRIA3      1938       2    1446    1139    1447
CTRIA3      1939       2    1138    1137    1448
CTRIA3      1940       2    1447    1138    1448
CTRIA3      1941       2    1137    1136    1449
CTRIA3      1942       2    1448    1137    1449
CTRIA3      1943       2    1136    1135    1450
CTRIA3      1944       2    1449    1136    1450
CTRIA3      1945       2    1135    1134    1451
CTRIA3      1946       2    1450    1135    1451
CTRIA3      1947       2    1134    1133    1452
CTRIA3      1948       2    1451    1134    1452
CTRIA3      1949       2    1133    1132    1453
CTRIA3      1950       2    1452    1133    1453
CTRIA3      1951       2    1132    1131    1454
CTRIA3      1952       2    1453    1132    1454
CTRIA3      1953       2    1131    1130    1455
CTRIA3      1954       2    1454    1131    1455
CTRIA3      1955       2    1130    1129    1456
CTRIA3      1956       2    1455    1130    1456
CTRIA3      1957       2    1129    1128    1457
CTRIA3      1958       2    1456    1129    1457
CTRIA3      1959       2    1128    1127    1458
CTRIA3      1960       2    1457    1128    1458
CTRIA3      1961       2    1127    1126    1459
CTRIA3      1962       2    1458    1127    1459
CTRIA3      1963       2    1126    1125    1460
CTRIA3      1964       2    1459    1126    1460
CTRIA3      1965       2    1125    1124    1461
CTRIA3      1966       2    1460    1125    1461
CTRIA3      1967       2    1124    1123    1462
CTRIA3      1968       2    1461    1124    1462
CTRIA3      1969       2    1123    1122    1463
CTRIA3      1970       2    1462    1123    1463
CTRIA3      1971       2    1122    1121    1464
CTRIA3      1972       2    1463    1122    1464
CTRIA3      1973       2    1121    1120    1465
CTRIA3      1974       2    1464    1121    1465
CTRIA3      1975       2    1120    1119    1466
CTRIA3      1976       2    1465    1120    1466
CTRIA3      1977       2    1119    1118    1467
CTRIA3      1978       2    1466    1119    1467
CTRIA3      1979       2    1118    1117    1468
CTRIA3      1980       2    1467    1118    1468
CTRIA3      1981       2    1117    1116    1469
CTRIA3      1982       2    1468    1117    1469
CTRIA3      1983       2    1116    1115    1470
CTRIA3      1984       2    1469    1116    1470
CTRIA3      1985       2    1115    1114    1471
CTRIA3      1986       2    1470    1115    1471
CTRIA3      1987       2    1114    1113    1472
CTRIA3      1988       2    1471    1114    1472
CTRIA3      1989       2    1113    1112    1473
CTRIA3      1990       2    1472    1113    1473
CTRIA3      1991       2    1112    1111    1474
CTRIA3      1992       2    1473    1112    1474
CTRIA3      1993       2    1111    1110    1475
CTRIA3      1994       2    1474    1111    1475
CTRIA3      1995       2    1110    1109    1476
CTRIA3      1996       2    1475    1110    1476
CTRIA3      1997       2    1109    1108    1477
CTRIA3      1998       2    1476    1109    1477
CTRIA3      1999       2    1108    1107    1478
CTRIA3      2000       2    1477    1108    1478
CTRIA3      2001       2    1107    1106    1479
CTRIA3      2002       2    1478    1107    1479
CTRIA3      2003       2    1106    1105    1480
CTRIA3      2004       2    1479    1106    1480
CTRIA3      2005       2    1105    1104    1481
CTRIA3      2006       2    1480    1105    1481
CTRIA3      2007       2    1104    1103    1482
CTRIA3      2008       2    1481    1104    1482
CTRIA3      2009       2    1103    1102    1483
CTRIA3      2010       2    1482    1103    1483
CTRIA3      2011       2    1102    1101    1484
CTRIA3      2012       2    1483    1102    1484
CTRIA3      2013       2    1101    1100    1485
CTRIA3      2014       2    1484    1101    1485
CTRIA3      2015       2    1100    1099    1486
CTRIA3      2016       2    1485    1100    1486
CTRIA3      2017       2    1099    1098    1487
CTRIA3      2018       2    1486    1099    1487
CTRIA3      2019       2    1098    1097    1488
CTRIA3      2020       2    1487    1098    1488
CTRIA3      2021       2    1097    1096    1489
CTRIA3      2022       2    1488    1097    1489
CTRIA3      2023       2    1096    1095    1490
CTRIA3      2024       2    1489    1096    1490
CTRIA3      2025       2    1095    1094    1491
CTRIA3      2026       2    1490    1095    1491
CTRIA3      2027       2    1094     973    1358
CTRIA3      2028       2    1358    1359    1492
CTRIA3      2029       2    1359    1360    1493
CTRIA3      2030       2    1492    1359    1493
CTRIA3      2031       2    1360    1361    1494
CTRIA3      2032       2    1493    1360    1494
CTRIA3      2033       2    1361    1362    1495
CTRIA3      2034       2    1494    1361    1495
CTRIA3      2035       2    1362    1363    1496
CTRIA3      2036       2    1495    1362    1496
CTRIA3      2037       2    1363    1364    1497
CTRIA3      2038       2    1496    1363    1497
CTRIA3      2039       2    1364    1365    1498
CTRIA3      2040       2    1497    1364    1498
CTRIA3      2041       2    1365    1366    1499
CTRIA3      2042       2    1498    1365    1499
CTRIA3      2043       2    1367    1368    1500
CTRIA3      2044       2    1499    1367    1500
CTRIA3      2045       2    1368    1369    1501
CTRIA3      2046       2    1500    1368    1501
CTRIA3      2047       2    1369    1370    1502
CTRIA3      2048       2    1501    1369    1502
CTRIA3      2049       2    1370    1371    1503
CTRIA3      2050       2    1502    1370    1503
CTRIA3      2051       2    1371    1372    1504
CTRIA3      2052       2    1503    1371    1504
CTRIA3      2053       2    1372    1373    1505
CTRIA3      2054       2    1504    1372    1505
CTRIA3      2055       2    1373    1374    1506
CTRIA3      2056       2    1505    1373    1506
CTRIA3      2057       2    1374    1375    1507
CTRIA3      2058       2    1506    1374    1507
CTRIA3      2059       2    1375    1376    1508
CTRIA3      2060       2    1507    1375    1508
CTRIA3      2061       2    1376    1377    1509
CTRIA3      2062       2    1508    1376    1509
CTRIA3      2063       2    1377    1378    1510
CTRIA3      2064       2    1509    1377    1510
CTRIA3      2065       2    1378    1379    1511
CTRIA3      2066       2    1510    1378    1511
CTRIA3      2067       2    1379    1380    1512
CTRIA3      2068       2    1511    1379    1512
CTRIA3      2069       2    1380    1381    1513
CTRIA3      2070       2    1512    1380    1513
CTRIA3      2071       2    1381    1382    1514
CTRIA3      2072       2    1513    1381    1514
CTRIA3      2073       2    1382    1383    1515
CTRIA3      2074       2    1514    1382    1515
CTRIA3      2075       2    1383    1384    1516
CTRIA3      2076       2    1515    1383    1516
CTRIA3      2077       2    1384    1385    1517
CTRIA3      2078       2    1516    1384    1517
CTRIA3      2079       2    1385    1386    1518
CTRIA3      2080       2    1517    1385    1518
CTRIA3      2081       2    1386    1387    1519
CTRIA3      2082       2    1518    1386    1519
CTRIA3      2083       2    1387    1388    1520
CTRIA3      2084       2    1519    1387    1520
CTRIA3      2085       2    1388    1389    1521
CTRIA3      2086       2    1520    1388    1521
CTRIA3      2087       2    1389    1390    1522
CTRIA3      2088       2    1521    1389    1522
CTRIA3      2089       2    1390    1391    1523
CTRIA3      2090       2    1522    1390    1523
CTRIA3      2091       2    1391    1392    1524
CTRIA3      2092       2    1523    1391    1524
CTRIA3      2093       2    1392    1393    1525
CTRIA3      2094       2    1524    1392    1525
CTRIA3      2095       2    1393    1394    1526
CTRIA3      2096       2    1525    1393    1526
CTRIA3      2097       2    1394    1395    1527
CTRIA3      2098       2    1526    1394    1527
CTRIA3      2099       2    1395    1396    1528
CTRIA3      2100       2    1527    1395    1528
CTRIA3      2101       2    1396    1397    1529
CTRIA3      2102       2    1528    1396    1529
CTRIA3      2103       2    1397    1398    1530
CTRIA3      2104       2    1529    1397    1530
CTRIA3      2105       2    1398    1399    1531
CTRIA3      2106       2    1530    1398    1531
CTRIA3      2107       2    1399    1400    1532
CTRIA3      2108       2    1531    1399    1532
CTRIA3      2109       2    1400    1401    1533
CTRIA3      2110       2    1532    1400    1533
CTRIA3      2111       2    1401    1402    1534
CTRIA3      2112       2    1533    1401    1534
CTRIA3      2113       2    1402    1403    1535
CTRIA3      2114       2    1534    1402    1535
CTRIA3      2115       2    1403    1404    1536
CTRIA3      2116       2    1535    1403    1536
CTRIA3      2117       2    1404    1405    1537
CTRIA3      2118       2    1536    1404    1537
CTRIA3      2119       2    1405    1406    1538
CTRIA3      2120       2    1537    1405    1538
CTRIA3      2121       2    1406    1407    1539
CTRIA3      2122       2    1538    1406    1539
CTRIA3      2123       2    1407    1408    1540
CTRIA3      2124       2    1539    1407    1540
CTRIA3      2125       2    1408    1409    1541
CTRIA3      2126       2    1540    1408    1541
CTRIA3      2127       2    1409    1410    1542
CTRIA3      2128       2    1541    1409    1542
CTRIA3      2129       2    1410    1411    1543
CTRIA3      2130       2    1542    1410    1543
CTRIA3      2131       2    1411    1412    1544
CTRIA3      2132       2    1543    1411    1544
CTRIA3      2133       2    1412    1413    1545
CTRIA3      2134       2    1544    1412    1545
CTRIA3      2135       2    1413    1414    1546
CTRIA3      2136       2    1545    1413    1546
CTRIA3      2137       2    1414    1415    1547
CTRIA3      2138       2    1546    1414    1547
CTRIA3      2139       2    1415    1416    1548
CTRIA3      2140       2    1547    1415    1548
CTRIA3      2141       2    1416    1417    1549
CTRIA3      2142       2    1548    1416    1549
CTRIA3      2143       2    1417    1418    1550
CTRIA3      2144       2    1549    1417    1550
CTRIA3      2145       2    1418    1419    1551
CTRIA3      2146       2    1550    1418    1551
CTRIA3      2147       2    1419    1420    1552
CTRIA3      2148       2    1551    1419    1552
CTRIA3      2149       2    1420    1421    1553
CTRIA3      2150       2    1552    1420    1553
CTRIA3      2151       2    1421    1422    1554
CTRIA3      2152       2    1553    1421    1554
CTRIA3      2153       2    1422    1423    1555
CTRIA3      2154       2    1554    1422    1555
CTRIA3      2155       2    1423    1424    1556
CTRIA3      2156       2    1555    1423    1556
CTRIA3      2157       2    1424    1425    1557
CTRIA3      2158       2    1556    1424    1557
CTRIA3      2159       2    1425    1426    1557
CTRIA3      2160       2    1426    1427    1557
CTRIA3      2161       2    1427    1428    1558
CTRIA3      2162       2    1557    1427    1558
CTRIA3      2163       2    1428    1429    1559
CTRIA3      2164       2    1558    1428    1559
CTRIA3      2165       2    1429    1430    1560
CTRIA3      2166       2    1559    1429    1560
CTRIA3      2167       2    1430    1431    1561
CTRIA3      2168       2    1560    1430    1561
CTRIA3      2169       2    1431    1432    1562
CTRIA3      2170       2    1561    1431    1562
CTRIA3      2171       2    1432    1433    1562
CTRIA3      2172       2    1433    1434    1562
CTRIA3      2173       2    1434    1435    1563
CTRIA3      2174       2    1562    1434    1563
CTRIA3      2175       2    1435    1436    1564
CTRIA3      2176       2    1563    1435    1564
CTRIA3      2177       2    1436    1437    1565
CTRIA3      2178       2    1564    1436    1565
CTRIA3      2179       2    1437    1438    1566
CTRIA3      2180       2    1565    1437    1566
CTRIA3      2181       2    1438    1439    1567
CTRIA3      2182       2    1566    1438    1567
CTRIA3      2183       2    1439    1440    1568
CTRIA3      2184       2    1567    1439    1568
CTRIA3      2185       2    1440    1441    1569
CTRIA3      2186       2    1568    1440    1569
CTRIA3      2187       2    1441    1442    1570
CTRIA3      2188       2    1569    1441    1570
CTRIA3      2189       2    1442    1443    1571
CTRIA3      2190       2    1570    1442    1571
CTRIA3      2191       2    1443    1444    1572
CTRIA3      2192       2    1571    1443    1572
CTRIA3      2193       2    1444    1445    1573
CTRIA3      2194       2    1572    1444    1573
CTRIA3      2195       2    1445    1446    1574
CTRIA3      2196       2    1573    1445    1574
CTRIA3      2197       2    1446    1447    1575
CTRIA3      2198       2    1574    1446    1575
CTRIA3      2199       2    1447    1448    1576
CTRIA3      2200       2    1575    1447    1576
CTRIA3      2201       2    1448    1449    1577
CTRIA3      2202       2    1576    1448    1577
CTRIA3      2203       2    1449    1450    1578
CTRIA3      2204       2    1577    1449    1578
CTRIA3      2205       2    1450    1451    1579
CTRIA3      2206       2    1578    1450    1579
CTRIA3      2207       2    1451    1452    1580
CTRIA3      2208       2    1579    1451    1580
CTRIA3      2209       2    1452    1453    1581
CTRIA3      2210       2    1580    1452    1581
CTRIA3      2211       2    1453    1454    1582
CTRIA3      2212       2    1581    1453    1582
CTRIA3      2213       2    1454    1455    1583
CTRIA3      2214       2    1582    1454    1583
CTRIA3      2215       2    1455    1456    1584
CTRIA3      2216       2    1583    1455    1584
CTRIA3      2217       2    1456    1457    1585
CTRIA3      2218       2    1584    1456    1585
CTRIA3      2219       2    1457    1458    1586
CTRIA3      2220       2    1585    1457    1586
CTRIA3      2221       2    1458    1459    1587
CTRIA3      2222       2    1586    1458    1587
CTRIA3      2223       2    1459    1460    1588
CTRIA3      2224       2    1587    1459    1588
CTRIA3      2225       2    1460    1461    1589
CTRIA3      2226       2    1588    1460    1589
CTRIA3      2227       2    1461    1462    1590
CTRIA3      2228       2    1589    1461    1590
CTRIA3      2229       2    1462    1463    1591
CTRIA3      2230       2    1590    1462    1591
CTRIA3      2231       2    1463    1464    1592
CTRIA3      2232       2    1591    1463    1592
CTRIA3      2233       2    1464    1465    1593
CTRIA3      2234       2    1592    1464    1593
CTRIA3      2235       2    1465    1466    1594
CTRIA3      2236       2    1593    1465    1594
CTRIA3      2237       2    1466    1467    1595
CTRIA3      2238       2    1594    1466    1595
CTRIA3      2239       2    1467    1468    1596
CTRIA3      2240       2    1595    1467    1596
CTRIA3      2241       2    1468    1469    1597
CTRIA3      2242       2    1596    1468    1597
CTRIA3      2243       2    1469    1470    1598
CTRIA3      2244       2    1597    1469    1598
CTRIA3      2245       2    1470    1471    1599
CTRIA3      2246       2    1598    1470    1599
CTRIA3      2247       2    1471    1472    1600
CTRIA3      2248       2    1599    1471    1600
CTRIA3      2249       2    1472    1473    1601
CTRIA3      2250       2    1600    1472    1601
CTRIA3      2251       2    1473    1474    1602
CTRIA3      2252       2    1601    1473    1602
CTRIA3      2253       2    1474    1475    1603
CTRIA3      2254       2    1602    1474    1603
CTRIA3      2255       2    1475    1476    1604
CTRIA3      2256       2    1603    1475    1604
CTRIA3      2257       2    1476    1477    1605
CTRIA3      2258       2    1604    1476    1605
CTRIA3      2259       2    1477    1478    1606
CTRIA3      2260       2    1605    1477    1606
CTRIA3      2261       2    1478    1479    1607
CTRIA3      2262       2    1606    1478    1607
CTRIA3      2263       2    1479    1480    1608
CTRIA3      2264       2    1607    1479    1608
CTRIA3      2265       2    1480    1481    1609
CTRIA3      2266       2    1608    1480    1609
CTRIA3      2267       2    1481    1482    1610
CTRIA3      2268       2    1609    1481    1610
CTRIA3      2269       2    1482    1483    1611
CTRIA3      2270       2    1610    1482    1611
CTRIA3      2271       2    1483    1484    1612
CTRIA3      2272       2    1611    1483    1612
CTRIA3      2273       2    1484    1485    1613
CTRIA3      2274       2    1612    1484    1613
CTRIA3      2275       2    1485    1486    1614
CTRIA3      2276       2    1613    1485    1614
CTRIA3      2277       2    1486    1487    1615
CTRIA3      2278       2    1614    1486    1615
CTRIA3      2279       2    1487    1488    1616
CTRIA3      2280       2    1615    1487    1616
CTRIA3      2281       2    1488    1489    1617
CTRIA3      2282       2    1616    1488    1617
CTRIA3      2283       2    1489    1490    1618
CTRIA3      2284       2    1617    1489    1618
CTRIA3      2285       2    1490    1491    1619
CTRIA3      2286       2    1618    1490    1619
CTRIA3      2287       2    1491    1492    1619
CTRIA3      2288       2    1492    1493    1619
CTRIA3      2289       2    1493    1494    1620
CTRIA3      2290       2    1619    1493    1620
CTRIA3      2291       2    1494    1495    1621
CTRIA3      2292       2    1620    1494    1621
CTRIA3      2293       2    1495    1496    1622
CTRIA3      2294       2    1621    1495    1622
CTRIA3      2295       2    1496    1497    1623
CTRIA3      2296       2    1622    1496    1623
CTRIA3      2297       2    1497    1498    1624
CTRIA3      2298       2    1623    1497    1624
CTRIA3      2299       2    1498    1499    1500
CTRIA3      2300       2    1624    1498    1500
CTRIA3      2301       2    1500    1501    1625
CTRIA3      2302       2    1624    1500    1625
CTRIA3      2303       2    1501    1502    1626
CTRIA3      2304       2    1625    1501    1626
CTRIA3      2305       2    1502    1503    1627
CTRIA3      2306       2    1626    1502    1627
CTRIA3      2307       2    1503    1504    1628
CTRIA3      2308       2    1627    1503    1628
CTRIA3      2309       2    1504    1505    1629
CTRIA3      2310       2    1628    1504    1629
CTRIA3      2311       2    1505    1506    1630
CTRIA3      2312       2    1629    1505    1630
CTRIA3      2313       2    1506    1507    1631
CTRIA3      2314       2    1630    1506    1631
CTRIA3      2315       2    1507    1508    1632
CTRIA3      2316       2    1631    1507    1632
CTRIA3      2317       2    1508    1509    1633
CTRIA3      2318       2    1632    1508    1633
CTRIA3      2319       2    1509    1510    1634
CTRIA3      2320       2    1633    1509    1634
CTRIA3      2321       2    1510    1511    1635
CTRIA3      2322       2    1634    1510    1635
CTRIA3      2323       2    1511    1512    1636
CTRIA3      2324       2    1635    1511    1636
CTRIA3      2325       2    1512    1513    1637
CTRIA3      2326       2    1636    1512    1637
CTRIA3      2327       2    1513    1514    1638
CTRIA3      2328       2    1637    1513    1638
CTRIA3      2329       2    1514    1515    1639
CTRIA3      2330       2    1638    1514    1639
CTRIA3      2331       2    1515    1516    1640
CTRIA3      2332       2    1639    1515    1640
CTRIA3      2333       2    1516    1517    1641
CTRIA3      2334       2    1640    1516    1641
CTRIA3      2335       2    1517    1518    1642
CTRIA3      2336       2    1641    1517    1642
CTRIA3      2337       2    1518    1519    1643
CTRIA3      2338       2    1642    1518    1643
CTRIA3      2339       2    1519    1520    1644
CTRIA3      2340       2    1643    1519    1644
CTRIA3      2341       2    1520    1521    1645
CTRIA3      2342       2    1644    1520    1645
CTRIA3      2343       2    1521    1522    1646
CTRIA3      2344       2    1645    1521    1646
CTRIA3      2345       2    1522    1523    1647
CTRIA3      2346       2    1646    1522    1647
CTRIA3      2347       2    1523    1524    1648
CTRIA3      2348       2    1647    1523    1648
CTRIA3      2349       2    1524    1525    1649
CTRIA3      2350       2    1648    1524    1649
CTRIA3      2351       2    1525    1526    1650
CTRIA3      2352       2    1649    1525    1650
CTRIA3      2353       2    1526    1527    1651
CTRIA3      2354       2    1650    1526    1651
CTRIA3      2355       2    1527    1528    1652
CTRIA3      2356       2    1651    1527    1652
CTRIA3      2357       2    1528    1529    1653
CTRIA3      2358       2    1652    1528    1653
CTRIA3      2359       2    1529    1530    1654
CTRIA3      2360       2    1653    1529    1654
CTRIA3      2361       2    1530    1531    1655
CTRIA3      2362       2    1654    1530    1655
CTRIA3      2363       2    1531    1532    1656
CTRIA3      2364       2    1655    1531    1656
CTRIA3      2365       2    1532    1533    1657
CTRIA3      2366       2    1656    1532    1657
CTRIA3      2367       2    1533    1534    1658
CTRIA3      2368       2    1657    1533    1658
CTRIA3      2369       2    1534    1535    1659
CTRIA3      2370       2    1658    1534    1659
CTRIA3      2371       2    1535    1536    1660
CTRIA3      2372       2    1659    1535    1660
CTRIA3      2373       2    1536    1537    1661
CTRIA3      2374       2    1660    1536    1661
CTRIA3      2375       2    1537    1538    1662
CTRIA3      2376       2    1661    1537    1662
CTRIA3      2377       2    1538    1539    1663
CTRIA3      2378       2    1662    1538    1663
CTRIA3      2379       2    1539    1540    1664
CTRIA3      2380       2    1663    1539    1664
CTRIA3      2381       2    1540    1541    1665
CTRIA3      2382       2    1664    1540    1665
CTRIA3      2383       2    1541    1542    1666
CTRIA3      2384       2    1665    1541    1666
CTRIA3      2385       2    1542    1543    1667
CTRIA3      2386       2    1666    1542    1667
CTRIA3      2387       2    1543    1544    1668
CTRIA3      2388       2    1667    1543    1668
CTRIA3      2389       2    1544    1545    1669
CTRIA3      2390       2    1668    1544    1669
CTRIA3      2391       2    1545    1546    1670
CTRIA3      2392       2    1669    1545    1670
CTRIA3      2393       2    1546    1547    1671
CTRIA3      2394       2    1670    1546    1671
CTRIA3      2395       2    1547    1548    1672
CTRIA3      2396       2    1671    1547    1672
CTRIA3      2397       2    1548    1549    1673
CTRIA3      2398       2    1672    1548    1673
CTRIA3      2399       2    1549    1550    1674
CTRIA3      2400       2    1673    1549    1674
CTRIA3      2401       2    1550    1551    1675
CTRIA3      2402       2    1674    1550    1675
CTRIA3      2403       2    1551    1552    1676
CTRIA3      2404       2    1675    1551    1676
CTRIA3      2405       2    1552    1553    1677
CTRIA3      2406       2    1676    1552    1677
CTRIA3      2407       2    1553    1554    1678
CTRIA3      2408       2    1677    1553    1678
CTRIA3      2409       2    1554    1555    1679
CTRIA3      2410       2    1678    1554    1679
CTRIA3      2411       2    1555    1556    1680
CTRIA3      2412       2    1679    1555    1680
CTRIA3      2413       2    1556    1557    1681
CTRIA3      2414       2    1680    1556    1681
CTRIA3      2415       2    1557    1558    1681
CTRIA3      2416       2    1558    1559    1682
CTRIA3      2417       2    1681    1558    1682
CTRIA3      2418       2    1559    1560    1683
CTRIA3      2419       2    1682    1559    1683
CTRIA3      2420       2    1560    1561    1684
CTRIA3      2421       2    1683    1560    1684
CTRIA3      2422       2    1561    1562    1685
CTRIA3      2423       2    1684    1561    1685
CTRIA3      2424       2    1562    1563    1685
CTRIA3      2425       2    1563    1564    1686
CTRIA3      2426       2    1685    1563    1686
CTRIA3      2427       2    1564    1565    1687
CTRIA3      2428       2    1686    1564    1687
CTRIA3      2429       2    1565    1566    1688
CTRIA3      2430       2    1687    1565    1688
CTRIA3      2431       2    1566    1567    1689
CTRIA3      2432       2    1688    1566    1689
CTRIA3      2433       2    1567    1568    1690
CTRIA3      2434       2    1689    1567    1690
CTRIA3      2435       2    1568    1569    1691
CTRIA3      2436       2    1690    1568    1691
CTRIA3      2437       2    1569    1570    1692
CTRIA3      2438       2    1691    1569    1692
CTRIA3      2439       2    1570    1571    1693
CTRIA3      2440       2    1692    1570    1693
CTRIA3      2441       2    1571    1572    1694
CTRIA3      2442       2    1693    1571    1694
CTRIA3      2443       2    1572    1573    1695
CTRIA3      2444       2    1694    1572    1695
CTRIA3      2445       2    1573    1574    1696
CTRIA3      2446       2    1695    1573    1696
CTRIA3      2447       2    1574    1575    1697
CTRIA3      2448       2    1696    1574    1697
CTRIA3      2449       2    1575    1576    1698
CTRIA3      2450       2    1697    1575    1698
CTRIA3      2451       2    1576    1577    1699
CTRIA3      2452       2    1698    1576    1699
CTRIA3      2453       2    1577    1578    1700
CTRIA3      2454       2    1699    1577    1700
CTRIA3      2455       2    1578    1579    1701
CTRIA3      2456       2    1700    1578    1701
CTRIA3      2457       2    1579    1580    1702
CTRIA3      2458       2    1701    1579    1702
CTRIA3      2459       2    1580    1581    1703
CTRIA3      2460       2    1702    1580    1703
CTRIA3      2461       2    1581    1582    1704
CTRIA3      2462       2    1703    1581    1704
CTRIA3      2463       2    1582    1583    1705
CTRIA3      2464       2    1704    1582    1705
CTRIA3      2465       2    1583    1584    1706
CTRIA3      2466       2    1705    1583    1706
CTRIA3      2467       2    1584    1585    1707
CTRIA3      2468       2    1706    1584    1707
CTRIA3      2469       2    1585    1586    1708
CTRIA3      2470       2    1707    1585    1708
CTRIA3      2471       2    1586    1587    1709
CTRIA3      2472       2    1708    1586    1709
CTRIA3      2473       2    1587    1588    1710
CTRIA3      2474       2    1709    1587    1710
CTRIA3      2475       2    1588    1589    1711
CTRIA3      2476       2    1710    1588    1711
CTRIA3      2477       2    1589    1590    1712
CTRIA3      2478       2    1711    1589    1712
CTRIA3      2479       2    1590    1591    1713
CTRIA3      2480       2    1712    1590    1713
CTRIA3      2481       2    1591    1592    1714
CTRIA3      2482       2    1713    1591    1714
CTRIA3      2483       2    1592    1593    1715
CTRIA3      2484       2    1714    1592    1715
CTRIA3      2485       2    1593    1594    1716
CTRIA3      2486       2    1715    1593    1716
CTRIA3      2487       2    1594    1595    1717
CTRIA3      2488       2    1716    1594    1717
CTRIA3      2489       2    1595    1596    1718
CTRIA3      2490       2    1717    1595    1718
CTRIA3      2491       2    1596    1597    1719
CTRIA3      2492       2    1718    1596    1719
CTRIA3      2493       2    1597    1598    1720
CTRIA3      2494       2    1719    1597    1720
CTRIA3      2495       2    1598    1599    1721
CTRIA3      2496       2    1720    1598    1721
CTRIA3      2497       2    1599    1600    1722
CTRIA3      2498       2    1721    1599    1722
CTRIA3      2499       2    1600    1601    1723
CTRIA3      2500       2    1722    1600    1723
CTRIA3      2501       2    1601    1602    1724
CTRIA3      2502       2    1723    1601    1724
CTRIA3      2503       2    1602    1603    1725
CTRIA3      2504       2    1724    1602    1725
CTRIA3      2505       2    1603    1604    1726
CTRIA3      2506       2    1725    1603    1726
CTRIA3      2507       2    1604    1605    1727
CTRIA3      2508       2    1726    1604    1727
CTRIA3      2509       2    1605    1606    1728
CTRIA3      2510       2    1727    1605    1728
CTRIA3      2511       2    1606    1607    1729
CTRIA3      2512       2    1728    1606    1729
CTRIA3      2513       2    1607    1608    1730
CTRIA3      2514       2    1729    1607    1730
CTRIA3      2515       2    1608    1609    1731
CTRIA3      2516       2    1730    1608    1731
CTRIA3      2517       2    1609    1610    1732
CTRIA3      2518       2    1731    1609    1732
CTRIA3      2519       2    1610    1611    1733
CTRIA3      2520       2    1732    1610    1733
CTRIA3      2521       2    1611    1612    1734
CTRIA3      2522       2    1733    1611    1734
CTRIA3      2523       2    1612    1613    1735
CTRIA3      2524       2    1734    1612    1735
CTRIA3      2525       2    1613    1614    1736
CTRIA3      2526       2    1735    1613    1736
CTRIA3      2527       2    1614    1615    1737
CTRIA3      2528       2    1736    1614    1737
CTRIA3      2529       2    1615    1616    1738
CTRIA3      2530       2    1737    1615    1738
CTRIA3      2531       2    1616    1617    1739
CTRIA3      2532       2    1738    1616    1739
CTRIA3      2533       2    1617    1618    1740
CTRIA3      2534       2    1739    1617    1740
CTRIA3      2535       2    1618    1619    1741
CTRIA3      2536       2    1740    1618    1741
CTRIA3      2537       2    1619    1620    1741
CTRIA3      2538       2    1620    1621    1742
CTRIA3      2539       2    1741    1620    1742
CTRIA3      2540       2    1621    1622    1743
CTRIA3      2541       2    1742    1621    1743
CTRIA3      2542       2    1622    1623    1744
CTRIA3      2543       2    1743    1622    1744
CTRIA3      2544       2    1623    1624    1745
CTRIA3      2545       2    1744    1623    1745
CTRIA3      2546       2    1624    1625    1745
CTRIA3      2547       2    1625    1626    1745
CTRIA3      2548       2    1626    1627    1746
CTRIA3      2549       2    1627    1628    1747
CTRIA3      2550       2    1746    1627    1747
CTRIA3      2551       2    1628    1629    1748
CTRIA3      2552       2    1747    1628    1748
CTRIA3      2553       2    1629    1630    1749
CTRIA3      2554       2    1748    1629    1749
CTRIA3      2555       2    1630    1631    1750
CTRIA3      2556       2    1749    1630    1750
CTRIA3      2557       2    1631    1632    1751
CTRIA3      2558       2    1750    1631    1751
CTRIA3      2559       2    1632    1633    1752
CTRIA3      2560       2    1751    1632    1752
CTRIA3      2561       2    1633    1634    1753
CTRIA3      2562       2    1752    1633    1753
CTRIA3      2563       2    1634    1635    1754
CTRIA3      2564       2    1753    1634    1754
CTRIA3      2565       2    1635    1636    1755
CTRIA3      2566       2    1754    1635    1755
CTRIA3      2567       2    1636    1637    1756
CTRIA3      2568       2    1755    1636    1756
CTRIA3      2569       2    1637    1638    1757
CTRIA3      2570       2    1756    1637    1757
CTRIA3      2571       2    1638    1639    1758
CTRIA3      2572       2    1757    1638    1758
CTRIA3      2573       2    1639    1640    1759
CTRIA3      2574       2    1758    1639    1759
CTRIA3      2575       2    1640    1641    1760
CTRIA3      2576       2    1759    1640    1760
CTRIA3      2577       2    1641    1642    1761
CTRIA3      2578       2    1760    1641    1761
CTRIA3      2579       2    1642    1643    1762
CTRIA3      2580       2    1761    1642    1762
CTRIA3      2581       2    1643    1644    1763
CTRIA3      2582       2    1762    1643    1763
CTRIA3      2583       2    1644    1645    1764
CTRIA3      2584       2    1763    1644    1764
CTRIA3      2585       2    1645    1646    1765
CTRIA3      2586       2    1764    1645    1765
CTRIA3      2587       2    1646    1647    1766
CTRIA3      2588       2    1765    1646    1766
CTRIA3      2589       2    1647    1648    1767
CTRIA3      2590       2    1766    1647    1767
CTRIA3      2591       2    1648    1649    1768
CTRIA3      2592       2    1767    1648    1768
CTRIA3      2593       2    1649    1650    1769
CTRIA3      2594       2    1768    1649    1769
CTRIA3      2595       2    1650    1651    1770
CTRIA3      2596       2    1769    1650    1770
CTRIA3      2597       2    1651    1652    1771
CTRIA3      2598       2    1770    1651    1771
CTRIA3      2599       2    1652    1653    1772
CTRIA3      2600       2    1771    1652    1772
CTRIA3      2601       2    1653    1654    1773
CTRIA3      2602       2    1772    1653    1773
CTRIA3      2603       2    1654    1655    1774
CTRIA3      2604       2    1773    1654    1774
CTRIA3      2605       2    1655    1656    1775
CTRIA3      2606       2    1774    1655    1775
CTRIA3      2607       2    1656    1657    1776
CTRIA3      2608       2    1775    1656    1776
CTRIA3      2609       2    1657    1658    1777
CTRIA3      2610       2    1776    1657    1777
CTRIA3      2611       2    1658    1659    1778
CTRIA3      2612       2    1777    1658    1778
CTRIA3      2613       2    1659    1660    1779
CTRIA3      2614       2    1778    1659    1779
CTRIA3      2615       2    1660    1661    1780
CTRIA3      2616       2    1779    1660    1780
CTRIA3      2617       2    1661    1662    1781
CTRIA3      2618       2    1780    1661    1781
CTRIA3      2619       2    1662    1663    1782
CTRIA3      2620       2    1781    1662    1782
CTRIA3      2621       2    1663    1664    1783
CTRIA3      2622       2    1782    1663    1783
CTRIA3      2623       2    1664    1665    1784
CTRIA3      2624       2    1783    1664    1784
CTRIA3      2625       2    1665    1666    1785
CTRIA3      2626       2    1784    1665    1785
CTRIA3      2627       2    1666    1667    1786
CTRIA3      2628       2    1785    1666    1786
CTRIA3      2629       2    1667    1668    1787
CTRIA3      2630       2    1786    1667    1787
CTRIA3      2631       2    1668    1669    1788
CTRIA3      2632       2    1787    1668    1788
CTRIA3      2633       2    1669    1670    1789
CTRIA3      2634       2    1788    1669    1789
CTRIA3      2635       2    1670    1671    1790
CTRIA3      2636       2    1789    1670    1790
CTRIA3      2637       2    1671    1672    1791
CTRIA3      2638       2    1790    1671    1791
CTRIA3      2639       2    1672    1673    1792
CTRIA3      2640       2    1791    1672    1792
CTRIA3      2641       2    1673    1674    1793
CTRIA3      2642       2    1792    1673    1793
CTRIA3      2643       2    1674    1675    1794
CTRIA3      2644       2    1793    1674    1794
CTRIA3      2645       2    1675    1676    1795
CTRIA3      2646       2    1794    1675    1795
CTRIA3      2647       2    1676    1677    1796
CTRIA3      2648       2    1795    1676    1796
CTRIA3      2649       2    1677    1678    1797
CTRIA3      2650       2    1796    1677    1797
CTRIA3      2651       2    1678    1679    1798
CTRIA3      2652       2    1797    1678    1798
CTRIA3      2653       2    1679    1680    1799
CTRIA3      2654       2    1798    1679    1799
CTRIA3      2655       2    1680    1681    1682
CTRIA3      2656       2    1682    1683    1800
CTRIA3      2657       2    1683    1684    1801
CTRIA3      2658       2    1800    1683    1801
CTRIA3      2659       2    1684    1685    1686
CTRIA3      2660       2    1801    1684    1686
CTRIA3      2661       2    1686    1687    1802
CTRIA3      2662       2    1801    1686    1802
CTRIA3      2663       2    1687    1688    1803
CTRIA3      2664       2    1802    1687    1803
CTRIA3      2665       2    1688    1689    1804
CTRIA3      2666       2    1803    1688    1804
CTRIA3      2667       2    1689    1690    1805
CTRIA3      2668       2    1804    1689    1805
CTRIA3      2669       2    1690    1691    1806
CTRIA3      2670       2    1805    1690    1806
CTRIA3      2671       2    1691    1692    1807
CTRIA3      2672       2    1806    1691    1807
CTRIA3      2673       2    1692    1693    1808
CTRIA3      2674       2    1807    1692    1808
CTRIA3      2675       2    1693    1694    1809
CTRIA3      2676       2    1808    1693    1809
CTRIA3      2677       2    1694    1695    1810
CTRIA3      2678       2    1809    1694    1810
CTRIA3      2679       2    1695    1696    1811
CTRIA3      2680       2    1810    1695    1811
CTRIA3      2681       2    1696    1697    1812
CTRIA3      2682       2    1811    1696    1812
CTRIA3      2683       2    1697    1698    1813
CTRIA3      2684       2    1812    1697    1813
CTRIA3      2685       2    1698    1699    1814
CTRIA3      2686       2    1813    1698    1814
CTRIA3      2687       2    1699    1700    1815
CTRIA3      2688       2    1814    1699    1815
CTRIA3      2689       2    1700    1701    1816
CTRIA3      2690       2    1815    1700    1816
CTRIA3      2691       2    1701    1702    1817
CTRIA3      2692       2    1816    1701    1817
CTRIA3      2693       2    1702    1703    1818
CTRIA3      2694       2    1817    1702    1818
CTRIA3      2695       2    1703    1704    1819
CTRIA3      2696       2    1818    1703    1819
CTRIA3      2697       2    1704    1705    1820
CTRIA3      2698       2    1819    1704    1820
CTRIA3      2699       2    1705    1706    1821
CTRIA3      2700       2    1820    1705    1821
CTRIA3      2701       2    1706    1707    1822
CTRIA3      2702       2    1821    1706    1822
CTRIA3      2703       2    1707    1708    1823
CTRIA3      2704       2    1822    1707    1823
CTRIA3      2705       2    1708    1709    1824
CTRIA3      2706       2    1823    1708    1824
CTRIA3      2707       2    1709    1710    1825
CTRIA3      2708       2    1824    1709    1825
CTRIA3      2709       2    1710    1711    1826
CTRIA3      2710       2    1825    1710    1826
CTRIA3      2711       2    1711    1712    1827
CTRIA3      2712       2    1826    1711    1827
CTRIA3      2713       2    1712    1713    1828
CTRIA3      2714       2    1827    1712    1828
CTRIA3      2715       2    1713    1714    1829
CTRIA3      2716       2    1828    1713    1829
CTRIA3      2717       2    1714    1715    1830
CTRIA3      2718       2    1829    1714    1830
CTRIA3      2719       2    1715    1716    1831
CTRIA3      2720       2    1830    1715    1831
CTRIA3      2721       2    1716    1717    1832
CTRIA3      2722       2    1831    1716    1832
CTRIA3      2723       2    1717    1718    1833
CTRIA3      2724       2    1832    1717    1833
CTRIA3      2725       2    1718    1719    1834
CTRIA3      2726       2    1833    1718    1834
CTRIA3      2727       2    1719    1720    1835
CTRIA3      2728       2    1834    1719    1835
CTRIA3      2729       2    1720    1721    1836
CTRIA3      2730       2    1835    1720    1836
CTRIA3      2731       2    1721    1722    1837
CTRIA3      2732       2    1836    1721    1837
CTRIA3      2733       2    1722    1723    1838
CTRIA3      2734       2    1837    1722    1838
CTRIA3      2735       2    1723    1724    1839
CTRIA3      2736       2    1838    1723    1839
CTRIA3      2737       2    1724    1725    1840
CTRIA3      2738       2    1839    1724    1840
CTRIA3      2739       2    1725    1726    1841
CTRIA3      2740       2    1840    1725    1841
CTRIA3      2741       2    1726    1727    1842
CTRIA3      2742       2    1841    1726    1842
CTRIA3      2743       2    1727    1728    1843
CTRIA3      2744       2    1842    1727    1843
CTRIA3      2745       2    1728    1729    1844
CTRIA3      2746       2    1843    1728    1844
CTRIA3      2747       2    1729    1730    1845
CTRIA3      2748       2    1844    1729    1845
CTRIA3      2749       2    1730    1731    1846
CTRIA3      2750       2    1845    1730    1846
CTRIA3      2751       2    1731    1732    1847
CTRIA3      2752       2    1846    1731    1847
CTRIA3      2753       2    1732    1733    1848
CTRIA3      2754       2    1847    1732    1848
CTRIA3      2755       2    1733    1734    1849
CTRIA3      2756       2    1848    1733    1849
CTRIA3      2757       2    1734    1735    1850
CTRIA3      2758       2    1849    1734    1850
CTRIA3      2759       2    1735    1736    1851
CTRIA3      2760       2    1850    1735    1851
CTRIA3      2761       2    1736    1737    1852
CTRIA3      2762       2    1851    1736    1852
CTRIA3      2763       2    1737    1738    1853
CTRIA3      2764       2    1852    1737    1853
CTRIA3      2765       2    1738    1739    1854
CTRIA3      2766       2    1853    1738    1854
CTRIA3      2767       2    1739    1740    1855
CTRIA3      2768       2    1854    1739    1855
CTRIA3      2769       2    1740    1741    1742
CTRIA3      2770       2    1742    1743    1856
CTRIA3      2771       2    1743    1744    1857
CTRIA3      2772       2    1856    1743    1857
CTRIA3      2773       2    1744    1745    1858
CTRIA3      2774       2    1857    1744    1858
CTRIA3      2775       2    1746    1747    1859
CTRIA3      2776       2    1858    1746    1859
CTRIA3      2777       2    1747    1748    1860
CTRIA3      2778       2    1859    1747    1860
CTRIA3      2779       2    1748    1749    1861
CTRIA3      2780       2    1860    1748    1861
CTRIA3      2781       2    1749    1750    1862
CTRIA3      2782       2    1861    1749    1862
CTRIA3      2783       2    1750    1751    1863
CTRIA3      2784       2    1862    1750    1863
CTRIA3      2785       2    1751    1752    1864
CTRIA3      2786       2    1863    1751    1864
CTRIA3      2787       2    1752    1753    1865
CTRIA3      2788       2    1864    1752    1865
CTRIA3      2789       2    1753    1754    1866
CTRIA3      2790       2    1865    1753    1866
CTRIA3      2791       2    1754    1755    1867
CTRIA3      2792       2    1866    1754    1867
CTRIA3      2793       2    1755    1756    1868
CTRIA3      2794       2    1867    1755    1868
CTRIA3      2795       2    1756    1757    1869
CTRIA3      2796       2    1868    1756    1869
CTRIA3      2797       2    1757    1758    1870
CTRIA3      2798       2    1869    1757    1870
CTRIA3      2799       2    1758    1759    1871
CTRIA3      2800       2    1870    1758    1871
CTRIA3      2801       2    1759    1760    1872
CTRIA3      2802       2    1871    1759    1872
CTRIA3      2803       2    1760    1761    1873
CTRIA3      2804       2    1872    1760    1873
CTRIA3      2805       2    1761    1762    1874
CTRIA3      2806       2    1873    1761    1874
CTRIA3      2807       2    1762    1763    1875
CTRIA3      2808       2    1874    1762    1875
CTRIA3      2809       2    1763    1764    1876
CTRIA3      2810       2    1875    1763    1876
CTRIA3      2811       2    1764    1765    1877
CTRIA3      2812       2    1876    1764    1877
CTRIA3      2813       2    1765    1766    1878
CTRIA3      2814       2    1877    1765    1878
CTRIA3      2815       2    1766    1767    1879
CTRIA3      2816       2    1878    1766    1879
CTRIA3      2817       2    1767    1768    1880
CTRIA3      2818       2    1879    1767    1880
CTRIA3      2819       2    1768    1769    1881
CTRIA3      2820       2    1880    1768    1881
CTRIA3      2821       2    1769    1770    1882
CTRIA3      2822       2    1881    1769    1882
CTRIA3      2823       2    1770    1771    1883
CTRIA3      2824       2    1882    1770    1883
CTRIA3      2825       2    1771    1772    1884
CTRIA3      2826       2    1883    1771    1884
CTRIA3      2827       2    1772    1773    1885
CTRIA3      2828       2    1884    1772    1885
CTRIA3      2829       2    1773    1774    1886
CTRIA3      2830       2    1885    1773    1886
CTRIA3      2831       2    1774    1775    1887
CTRIA3      2832       2    1886    1774    1887
CTRIA3      2833       2    1775    1776    1888
CTRIA3      2834       2    1887    1775    1888
CTRIA3      2835       2    1776    1777    1889
CTRIA3      2836       2    1888    1776    1889
CTRIA3      2837       2    1777    1778    1890
CTRIA3      2838       2    1889    1777    1890
CTRIA3      2839       2    1778    1779    1891
CTRIA3      2840       2    1890    1778    1891
CTRIA3      2841       2    1779    1780    1892
CTRIA3      2842       2    1891    1779    1892
CTRIA3      2843       2    1780    1781    1893
CTRIA3      2844       2    1892    1780    1893
CTRIA3      2845       2    1781    1782    1894
CTRIA3      2846       2    1893    1781    1894
CTRIA3      2847       2    1782    1783    1895
CTRIA3      2848       2    1894    1782    1895
CTRIA3      2849       2    1783    1784    1896
CTRIA3      2850       2    1895    1783    1896
CTRIA3      2851       2    1784    1785    1897
CTRIA3      2852       2    1896    1784    1897
CTRIA3      2853       2    1785    1786    1898
CTRIA3      2854       2    1897    1785    1898
CTRIA3      2855       2    1786    1787    1899
CTRIA3      2856       2    1898    1786    1899
CTRIA3      2857       2    1787    1788    1900
CTRIA3      2858       2    1899    1787    1900
CTRIA3      2859       2    1788    1789    1901
CTRIA3      2860       2    1900    1788    1901
CTRIA3      2861       2    1789    1790    1902
CTRIA3      2862       2    1901    1789    1902
CTRIA3      2863       2    1790    1791    1903
CTRIA3      2864       2    1902    1790    1903
CTRIA3      2865       2    1791    1792    1904
CTRIA3      2866       2    1903    1791    1904
CTRIA3      2867       2    1792    1793    1905
CTRIA3      2868       2    1904    1792    1905
CTRIA3      2869       2    1793    1794    1906
CTRIA3      2870       2    1905    1793    1906
CTRIA3      2871       2    1794    1795    1907
CTRIA3      2872       2    1906    1794    1907
CTRIA3      2873       2    1795    1796    1908
CTRIA3      2874       2    1907    1795    1908
CTRIA3      2875       2    1796    1797    1909
CTRIA3      2876       2    1908    1796    1909
CTRIA3      2877       2    1797    1798    1910
CTRIA3      2878       2    1909    1797    1910
CTRIA3      2879       2    1798    1799    1911
CTRIA3      2880       2    1910    1798    1911
CTRIA3      2881       2    1799    1800    1911
CTRIA3      2882       2    1800    1801    1911
CTRIA3      2883       2    1801    1802    1911
CTRIA3      2884       2    1802    1803    1911
CTRIA3      2885       2    1803    1804    1910
CTRIA3      2886       2    1911    1803    1910
CTRIA3      2887       2    1804    1805    1909
CTRIA3      2888       2    1910    1804    1909
CTRIA3      2889       2    1805    1806    1908
CTRIA3      2890       2    1909    1805    1908
CTRIA3      2891       2    1806    1807    1907
CTRIA3      2892       2    1908    1806    1907
CTRIA3      2893       2    1807    1808    1906
CTRIA3      2894       2    1907    1807    1906
CTRIA3      2895       2    1808    1809    1905
CTRIA3      2896       2    1906    1808    1905
CTRIA3      2897       2    1809    1810    1904
CTRIA3      2898       2    1905    1809    1904
CTRIA3      2899       2    1810    1811    1903
CTRIA3      2900       2    1904    1810    1903
CTRIA3      2901       2    1811    1812    1902
CTRIA3      2902       2    1903    1811    1902
CTRIA3      2903       2    1812    1813    1901
CTRIA3      2904       2    1902    1812    1901
CTRIA3      2905       2    1813    1814    1900
CTRIA3      2906       2    1901    1813    1900
CTRIA3      2907       2    1814    1815    1899
CTRIA3      2908       2    1900    1814    1899
CTRIA3      2909       2    1815    1816    1898
CTRIA3      2910       2    1899    1815    1898
CTRIA3      2911       2    1816    1817    1897
CTRIA3      2912       2    1898    1816    1897
CTRIA3      2913       2    1817    1818    1896
CTRIA3      2914       2    1897    1817    1896
CTRIA3      2915       2    1818    1819    1895
CTRIA3      2916       2    1896    1818    1895
CTRIA3      2917       2    1819    1820    1894
CTRIA3      2918       2    1895    1819    1894
CTRIA3      2919       2    1820    1821    1893
CTRIA3      2920       2    1894    1820    1893
CTRIA3      2921       2    1821    1822    1892
CTRIA3      2922       2    1893    1821    1892
CTRIA3      2923       2    1822    1823    1891
CTRIA3      2924       2    1892    1822    1891
CTRIA3      2925       2    1823    1824    1890
CTRIA3      2926       2    1891    1823    1890
CTRIA3      2927       2    1824    1825    1889
CTRIA3      2928       2    1890    1824    1889
CTRIA3      2929       2    1825    1826    1888
CTRIA3      2930       2    1889    1825    1888
CTRIA3      2931       2    1826    1827    1887
CTRIA3      2932       2    1888    1826    1887
CTRIA3      2933       2    1827    1828    1886
CTRIA3      2934       2    1887    1827    1886
CTRIA3      2935       2    1828    1829    1885
CTRIA3      2936       2    1886    1828    1885
CTRIA3      2937       2    1829    1830    1884
CTRIA3      2938       2    1885    1829    1884
CTRIA3      2939       2    1830    1831    1883
CTRIA3      2940       2    1884    1830    1883
CTRIA3      2941       2    1831    1832    1882
CTRIA3      2942       2    1883    1831    1882
CTRIA3      2943       2    1832    1833    1881
CTRIA3      2944       2    1882    1832    1881
CTRIA3      2945       2    1833    1834    1880
CTRIA3      2946       2    1881    1833    1880
CTRIA3      2947       2    1834    1835    1879
CTRIA3      2948       2    1880    1834    1879
CTRIA3      2949       2    1835    1836    1878
CTRIA3      2950       2    1879    1835    1878
CTRIA3      2951       2    1836    1837    1877
CTRIA3      2952       2    1878    1836    1877
CTRIA3      2953       2    1837    1838    1876
CTRIA3      2954       2    1877    1837    1876
CTRIA3      2955       2    1838    1839    1875
CTRIA3      2956       2    1876    1838    1875
CTRIA3      2957       2    1839    1840    1874
CTRIA3      2958       2    1875    1839    1874
CTRIA3      2959       2    1840    1841    1873
CTRIA3      2960       2    1874    1840    1873
CTRIA3      2961       2    1841    1842    1872
CTRIA3      2962       2    1873    1841    1872
CTRIA3      2963       2    1842    1843    1871
CTRIA3      2964       2    1872    1842    1871
CTRIA3      2965       2    1843    1844    1870
CTRIA3      2966       2    1871    1843    1870
CTRIA3      2967       2    1844    1845    1869
CTRIA3      2968       2    1870    1844    1869
CTRIA3      2969       2    1845    1846    1868
CTRIA3      2970       2    1869    1845    1868
CTRIA3      2971       2    1846    1847    1867
CTRIA3      2972       2    1868    1846    1867
CTRIA3      2973       2    1847    1848    1866
CTRIA3      2974       2    1867    1847    1866
CTRIA3      2975       2    1848    1849    1912
CTRIA3      2976       2    1866    1848    1912
CTRIA3      2977       2    1849    1850    1913
CTRIA3      2978       2    1912    1849    1913
CTRIA3      2979       2    1850    1851    1914
CTRIA3      2980       2    1913    1850    1914
CTRIA3      2981       2    1851    1852    1915
CTRIA3      2982       2    1914    1851    1915
CTRIA3      2983       2    1852    1853    1916
CTRIA3      2984       2    1915    1852    1916
CTRIA3      2985       2    1853    1854    1917
CTRIA3      2986       2    1916    1853    1917
CTRIA3      2987       2    1854    1855    1918
CTRIA3      2988       2    1917    1854    1918
CTRIA3      2989       2    1855    1856    1918
CTRIA3      2990       2    1856    1857    1918
CTRIA3      2991       2    1857    1858    1859
CTRIA3      2992       2    1918    1857    1859
CTRIA3      2993       2    1859    1860    1918
CTRIA3      2994       2    1860    1861    1917
CTRIA3      2995       2    1918    1860    1917
CTRIA3      2996       2    1861    1862    1916
CTRIA3      2997       2    1917    1861    1916
CTRIA3      2998       2    1862    1863    1915
CTRIA3      2999       2    1916    1862    1915
CTRIA3      3000       2    1863    1864    1914
CTRIA3      3001       2    1915    1863    1914
CTRIA3      3002       2    1864    1865    1913
CTRIA3      3003       2    1914    1864    1913
CTRIA3      3004       2    1865    1866    1912
CTRIA3      3005       2    1913    1865    1912
CTRIA3      3006       2    1745    1626    1858
CTRIA3      3007       2    1626    1746    1858
CTRIA3      3008       2    1799    1680    1800
CTRIA3      3009       2    1680    1682    1800
CTRIA3      3010       2    1855    1740    1856
CTRIA3      3011       2    1740    1742    1856
CTRIA3      3012       2    1425    1033    1426
CTRIA3      3013       2    1033    1357    1426
CTRIA3      3014       2    1491    1094    1492
CTRIA3      3015       2    1094    1358    1492
CTRIA3      3016       2    1366     974    1499
CTRIA3      3017       2     974    1367    1499
CTRIA3      3018       2    1033    1032    1035
CTRIA3      3019       2    1034    1033    1035
CTRIA3      3020       2    1032    1031    1036
CTRIA3      3021       2    1035    1032    1036
CTRIA3      3022       2    1031    1030    1037
CTRIA3      3023       2    1036    1031    1037
CTRIA3      3024       2    1030    1029    1038
CTRIA3      3025       2    1037    1030    1038
CTRIA3      3026       2    1029    1028    1039
CTRIA3      3027       2    1038    1029    1039
CTRIA3      3028       2    1028    1027    1040
CTRIA3      3029       2    1039    1028    1040
CTRIA3      3030       2    1027    1026    1041
CTRIA3      3031       2    1040    1027    1041
CTRIA3      3032       2    1026    1025    1042
CTRIA3      3033       2    1041    1026    1042
CTRIA3      3034       2    1025    1024    1043
CTRIA3      3035       2    1042    1025    1043
CTRIA3      3036       2    1024    1023    1044
CTRIA3      3037       2    1043    1024    1044
CTRIA3      3038       2    1023    1022    1045
CTRIA3      3039       2    1044    1023    1045
CTRIA3      3040       2    1022    1021    1046
CTRIA3      3041       2    1045    1022    1046
CTRIA3      3042       2    1021    1020    1047
CTRIA3      3043       2    1046    1021    1047
CTRIA3      3044       2    1020    1019    1048
CTRIA3      3045       2    1047    1020    1048
CTRIA3      3046       2    1019    1018    1049
CTRIA3      3047       2    1048    1019    1049
CTRIA3      3048       2    1018    1017    1050
CTRIA3      3049       2    1049    1018    1050
CTRIA3      3050       2    1017    1016    1051
CTRIA3      3051       2    1050    1017    1051
CTRIA3      3052       2    1016    1015    1052
CTRIA3      3053       2    1051    1016    1052
CTRIA3      3054       2    1015    1014    1053
CTRIA3      3055       2    1052    1015    1053
CTRIA3      3056       2    1014    1013    1054
CTRIA3      3057       2    1053    1014    1054
CTRIA3      3058       2    1013    1012    1055
CTRIA3      3059       2    1054    1013    1055
CTRIA3      3060       2    1012    1011    1056
CTRIA3      3061       2    1055    1012    1056
CTRIA3      3062       2    1011    1010    1057
CTRIA3      3063       2    1056    1011    1057
CTRIA3      3064       2    1010    1009    1058
CTRIA3      3065       2    1057    1010    1058
CTRIA3      3066       2    1009    1008    1059
CTRIA3      3067       2    1058    1009    1059
CTRIA3      3068       2    1008    1007    1060
CTRIA3      3069       2    1059    1008    1060
CTRIA3      3070       2    1007    1006    1061
CTRIA3      3071       2    1060    1007    1061
CTRIA3      3072       2    1006    1005    1062
CTRIA3      3073       2    1061    1006    1062
CTRIA3      3074       2    1005    1004    1063
CTRIA3      3075       2    1062    1005    1063
CTRIA3      3076       2    1004    1003    1064
CTRIA3      3077       2    1063    1004    1064
CTRIA3      3078       2    1003    1002    1065
CTRIA3      3079       2    1064    1003    1065
CTRIA3      3080       2    1002    1001    1066
CTRIA3      3081       2    1065    1002    1066
CTRIA3      3082       2    1001    1000    1067
CTRIA3      3083       2    1066    1001    1067
CTRIA3      3084       2    1000     999    1068
CTRIA3      3085       2    1067    1000    1068
CTRIA3      3086       2     999     998    1069
CTRIA3      3087       2    1068     999    1069
CTRIA3      3088       2     998     997    1070
CTRIA3      3089       2    1069     998    1070
CTRIA3      3090       2     997     996    1071
CTRIA3      3091       2    1070     997    1071
CTRIA3      3092       2     996     995    1072
CTRIA3      3093       2    1071     996    1072
CTRIA3      3094       2     995     994    1073
CTRIA3      3095       2    1072     995    1073
CTRIA3      3096       2     994     993    1074
CTRIA3      3097       2    1073     994    1074
CTRIA3      3098       2     993     992    1075
CTRIA3      3099       2    1074     993    1075
CTRIA3      3100       2     992     991    1076
CTRIA3      3101       2    1075     992    1076
CTRIA3      3102       2     991     990    1077
CTRIA3      3103       2    1076     991    1077
CTRIA3      3104       2     990     989    1078
CTRIA3      3105       2    1077     990    1078
CTRIA3      3106       2     989     988    1079
CTRIA3      3107       2    1078     989    1079
CTRIA3      3108       2     988     987    1080
CTRIA3      3109       2    1079     988    1080
CTRIA3      3110       2     987     986    1081
CTRIA3      3111       2    1080     987    1081
CTRIA3      3112       2     986     985    1082
CTRIA3      3113       2    1081     986    1082
CTRIA3      3114       2     985     984    1083
CTRIA3      3115       2    1082     985    1083
CTRIA3      3116       2     984     983    1084
CTRIA3      3117       2    1083     984    1084
CTRIA3      3118       2     983     982    1085
CTRIA3      3119       2    1084     983    1085
CTRIA3      3120       2     982     981    1086
CTRIA3      3121       2    1085     982    1086
CTRIA3      3122       2     981     980    1087
CTRIA3      3123       2    1086     981    1087
CTRIA3      3124       2     980     979    1088
CTRIA3      3125       2    1087     980    1088
CTRIA3      3126       2     979     978    1089
CTRIA3      3127       2    1088     979    1089
CTRIA3      3128       2     978     977    1090
CTRIA3      3129       2    1089     978    1090
CTRIA3      3130       2     977     976    1091
CTRIA3      3131       2    1090     977    1091
CTRIA3      3132       2     976     975    1092
CTRIA3      3133       2    1091     976    1092
CTRIA3      3134       2     975     974    1093
CTRIA3      3135       2    1092     975    1093
CTRIA3      3136       2     974     972     969
CTRIA3      3137       2    1093     974     969
CTRIA3      3138       2     971     970    1034
CTRIA3      3139       2     970    1033    1034
CTRIA3      3140       2     967    1212    1093
CTRIA3      3141       2     969     967    1093
CTRIA3      3142       2    1212    1211    1092
CTRIA3      3143       2    1093    1212    1092
CTRIA3      3144       2    1211    1210    1091
CTRIA3      3145       2    1092    1211    1091
CTRIA3      3146       2    1210    1209    1090
CTRIA3      3147       2    1091    1210    1090
CTRIA3      3148       2    1209    1208    1089
CTRIA3      3149       2    1090    1209    1089
CTRIA3      3150       2    1208    1207    1088
CTRIA3      3151       2    1089    1208    1088
CTRIA3      3152       2    1207    1206    1087
CTRIA3      3153       2    1088    1207    1087
CTRIA3      3154       2    1206    1205    1086
CTRIA3      3155       2    1087    1206    1086
CTRIA3      3156       2    1205    1204    1085
CTRIA3      3157       2    1086    1205    1085
CTRIA3      3158       2    1204    1203    1084
CTRIA3      3159       2    1085    1204    1084
CTRIA3      3160       2    1203    1202    1083
CTRIA3      3161       2    1084    1203    1083
CTRIA3      3162       2    1202    1201    1082
CTRIA3      3163       2    1083    1202    1082
CTRIA3      3164       2    1201    1200    1081
CTRIA3      3165       2    1082    1201    1081
CTRIA3      3166       2    1200    1199    1080
CTRIA3      3167       2    1081    1200    1080
CTRIA3      3168       2    1199    1198    1079
CTRIA3      3169       2    1080    1199    1079
CTRIA3      3170       2    1198    1197    1078
CTRIA3      3171       2    1079    1198    1078
CTRIA3      3172       2    1197    1196    1077
CTRIA3      3173       2    1078    1197    1077
CTRIA3      3174       2    1196    1195    1076
CTRIA3      3175       2    1077    1196    1076
CTRIA3      3176       2    1195    1194    1075
CTRIA3      3177       2    1076    1195    1075
CTRIA3      3178       2    1194    1193    1074
CTRIA3      3179       2    1075    1194    1074
CTRIA3      3180       2    1193    1192    1073
CTRIA3      3181       2    1074    1193    1073
CTRIA3      3182       2    1192    1191    1072
CTRIA3      3183       2    1073    1192    1072
CTRIA3      3184       2    1191    1190    1071
CTRIA3      3185       2    1072    1191    1071
CTRIA3      3186       2    1190    1189    1070
CTRIA3      3187       2    1071    1190    1070
CTRIA3      3188       2    1189    1188    1069
CTRIA3      3189       2    1070    1189    1069
CTRIA3      3190       2    1188    1187    1068
CTRIA3      3191       2    1069    1188    1068
CTRIA3      3192       2    1187    1186    1067
CTRIA3      3193       2    1068    1187    1067
CTRIA3      3194       2    1186    1185    1066
CTRIA3      3195       2    1067    1186    1066
CTRIA3      3196       2    1185    1184    1065
CTRIA3      3197       2    1066    1185    1065
CTRIA3      3198       2    1184    1183    1064
CTRIA3      3199       2    1065    1184    1064
CTRIA3      3200       2    1183    1182    1063
CTRIA3      3201       2    1064    1183    1063
CTRIA3      3202       2    1182    1181    1062
CTRIA3      3203       2    1063    1182    1062
CTRIA3      3204       2    1181    1180    1061
CTRIA3      3205       2    1062    1181    1061
CTRIA3      3206       2    1180    1179    1060
CTRIA3      3207       2    1061    1180    1060
CTRIA3      3208       2    1179    1178    1059
CTRIA3      3209       2    1060    1179    1059
CTRIA3      3210       2    1178    1177    1058
CTRIA3      3211       2    1059    1178    1058
CTRIA3      3212       2    1177    1176    1057
CTRIA3      3213       2    1058    1177    1057
CTRIA3      3214       2    1176    1175    1056
CTRIA3      3215       2    1057    1176    1056
CTRIA3      3216       2    1175    1174    1055
CTRIA3      3217       2    1056    1175    1055
CTRIA3      3218       2    1174    1173    1054
CTRIA3      3219       2    1055    1174    1054
CTRIA3      3220       2    1173    1172    1053
CTRIA3      3221       2    1054    1173    1053
CTRIA3      3222       2    1172    1171    1052
CTRIA3      3223       2    1053    1172    1052
CTRIA3      3224       2    1171    1170    1051
CTRIA3      3225       2    1052    1171    1051
CTRIA3      3226       2    1170    1169    1050
CTRIA3      3227       2    1051    1170    1050
CTRIA3      3228       2    1169    1168    1049
CTRIA3      3229       2    1050    1169    1049
CTRIA3      3230       2    1168    1167    1048
CTRIA3      3231       2    1049    1168    1048
CTRIA3      3232       2    1167    1166    1047
CTRIA3      3233       2    1048    1167    1047
CTRIA3      3234       2    1166    1165    1046
CTRIA3      3235       2    1047    1166    1046
CTRIA3      3236       2    1165    1164    1045
CTRIA3      3237       2    1046    1165    1045
CTRIA3      3238       2    1164    1163    1044
CTRIA3      3239       2    1045    1164    1044
CTRIA3      3240       2    1163    1162    1043
CTRIA3      3241       2    1044    1163    1043
CTRIA3      3242       2    1162    1161    1042
CTRIA3      3243       2    1043    1162    1042
CTRIA3      3244       2    1161    1160    1041
CTRIA3      3245       2    1042    1161    1041
CTRIA3      3246       2    1160    1159    1040
CTRIA3      3247       2    1041    1160    1040
CTRIA3      3248       2    1159    1158    1039
CTRIA3      3249       2    1040    1159    1039
CTRIA3      3250       2    1158    1157    1038
CTRIA3      3251       2    1039    1158    1038
CTRIA3      3252       2    1157    1156    1037
CTRIA3      3253       2    1038    1157    1037
CTRIA3      3254       2    1156    1155    1036
CTRIA3      3255       2    1037    1156    1036
CTRIA3      3256       2    1155    1154    1035
CTRIA3      3257       2    1036    1155    1035
CTRIA3      3258       2    1154     966    1034
CTRIA3      3259       2    1035    1154    1034
CTRIA3      3260       2     966     971    1034
CTRIA3      3261       2     965     964    1272
CTRIA3      3262       2    1273     965    1272
CTRIA3      3263       2    1272    1271    1273
CTRIA3      3264       2    1271    1270    1274
CTRIA3      3265       2    1273    1271    1274
CTRIA3      3266       2    1270    1269    1275
CTRIA3      3267       2    1274    1270    1275
CTRIA3      3268       2    1269    1268    1276
CTRIA3      3269       2    1275    1269    1276
CTRIA3      3270       2    1268    1267    1277
CTRIA3      3271       2    1276    1268    1277
CTRIA3      3272       2    1267    1266    1278
CTRIA3      3273       2    1277    1267    1278
CTRIA3      3274       2    1266    1265    1279
CTRIA3      3275       2    1278    1266    1279
CTRIA3      3276       2    1265    1264    1280
CTRIA3      3277       2    1279    1265    1280
CTRIA3      3278       2    1264    1263    1281
CTRIA3      3279       2    1280    1264    1281
CTRIA3      3280       2    1263    1262    1282
CTRIA3      3281       2    1281    1263    1282
CTRIA3      3282       2    1262    1261    1283
CTRIA3      3283       2    1282    1262    1283
CTRIA3      3284       2    1261    1260    1284
CTRIA3      3285       2    1283    1261    1284
CTRIA3      3286       2    1260    1259    1285
CTRIA3      3287       2    1284    1260    1285
CTRIA3      3288       2    1259    1258    1286
CTRIA3      3289       2    1285    1259    1286
CTRIA3      3290       2    1258    1257    1287
CTRIA3      3291       2    1286    1258    1287
CTRIA3      3292       2    1257    1256    1288
CTRIA3      3293       2    1287    1257    1288
CTRIA3      3294       2    1256    1255    1289
CTRIA3      3295       2    1288    1256    1289
CTRIA3      3296       2    1255    1254    1290
CTRIA3      3297       2    1289    1255    1290
CTRIA3      3298       2    1254    1253    1291
CTRIA3      3299       2    1290    1254    1291
CTRIA3      3300       2    1253    1252    1292
CTRIA3      3301       2    1291    1253    1292
CTRIA3      3302       2    1252    1251    1293
CTRIA3      3303       2    1292    1252    1293
CTRIA3      3304       2    1251    1250    1294
CTRIA3      3305       2    1293    1251    1294
CTRIA3      3306       2    1250    1249    1295
CTRIA3      3307       2    1294    1250    1295
CTRIA3      3308       2    1249    1248    1296
CTRIA3      3309       2    1295    1249    1296
CTRIA3      3310       2    1248    1247    1297
CTRIA3      3311       2    1296    1248    1297
CTRIA3      3312       2    1247    1246    1298
CTRIA3      3313       2    1297    1247    1298
CTRIA3      3314       2    1246    1245    1299
CTRIA3      3315       2    1298    1246    1299
CTRIA3      3316       2    1245    1244    1300
CTRIA3      3317       2    1299    1245    1300
CTRIA3      3318       2    1244    1243    1301
CTRIA3      3319       2    1300    1244    1301
CTRIA3      3320       2    1243    1242    1302
CTRIA3      3321       2    1301    1243    1302
CTRIA3      3322       2    1242    1241    1303
CTRIA3      3323       2    1302    1242    1303
CTRIA3      3324       2    1241    1240    1304
CTRIA3      3325       2    1303    1241    1304
CTRIA3      3326       2    1240    1239    1305
CTRIA3      3327       2    1304    1240    1305
CTRIA3      3328       2    1239    1238    1306
CTRIA3      3329       2    1305    1239    1306
CTRIA3      3330       2    1238    1237    1307
CTRIA3      3331       2    1306    1238    1307
CTRIA3      3332       2    1237    1236    1308
CTRIA3      3333       2    1307    1237    1308
CTRIA3      3334       2    1236    1235    1309
CTRIA3      3335       2    1308    1236    1309
CTRIA3      3336       2    1235    1234    1310
CTRIA3      3337       2    1309    1235    1310
CTRIA3      3338       2    1234    1233    1311
CTRIA3      3339       2    1310    1234    1311
CTRIA3      3340       2    1233    1232    1312
CTRIA3      3341       2    1311    1233    1312
CTRIA3      3342       2    1232    1231    1313
CTRIA3      3343       2    1312    1232    1313
CTRIA3      3344       2    1231    1230    1314
CTRIA3      3345       2    1313    1231    1314
CTRIA3      3346       2    1230    1229    1315
CTRIA3      3347       2    1314    1230    1315
CTRIA3      3348       2    1229    1228    1316
CTRIA3      3349       2    1315    1229    1316
CTRIA3      3350       2    1228    1227    1317
CTRIA3      3351       2    1316    1228    1317
CTRIA3      3352       2    1227    1226    1318
CTRIA3      3353       2    1317    1227    1318
CTRIA3      3354       2    1226    1225    1319
CTRIA3      3355       2    1318    1226    1319
CTRIA3      3356       2    1225    1224    1320
CTRIA3      3357       2    1319    1225    1320
CTRIA3      3358       2    1224    1223    1321
CTRIA3      3359       2    1320    1224    1321
CTRIA3      3360       2    1223    1222    1322
CTRIA3      3361       2    1321    1223    1322
CTRIA3      3362       2    1222    1221    1323
CTRIA3      3363       2    1322    1222    1323
CTRIA3      3364       2    1221    1220    1324
CTRIA3      3365       2    1323    1221    1324
CTRIA3      3366       2    1220    1219    1325
CTRIA3      3367       2    1324    1220    1325
CTRIA3      3368       2    1219    1218    1326
CTRIA3      3369       2    1325    1219    1326
CTRIA3      3370       2    1218    1217    1327
CTRIA3      3371       2    1326    1218    1327
CTRIA3      3372       2    1217    1216    1328
CTRIA3      3373       2    1327    1217    1328
CTRIA3      3374       2    1216    1215    1329
CTRIA3      3375       2    1328    1216    1329
CTRIA3      3376       2    1215    1214    1330
CTRIA3      3377       2    1329    1215    1330
CTRIA3      3378       2    1214    1213    1331
CTRIA3      3379       2    1330    1214    1331
CTRIA3      3380       2    1213     963     962
CTRIA3      3381       2    1331    1213     962
CTRIA3      3382       2     971     966     970
CTRIA3      3383       2     966    1340     970
CTRIA3      3384       2    1340    1339    1357
CTRIA3      3385       2     970    1340    1357
CTRIA3      3386       2    1339    1338    1356
CTRIA3      3387       2    1357    1339    1356
CTRIA3      3388       2    1338    1337    1355
CTRIA3      3389       2    1356    1338    1355
CTRIA3      3390       2    1337    1336    1354
CTRIA3      3391       2    1355    1337    1354
CTRIA3      3392       2    1336    1335    1353
CTRIA3      3393       2    1354    1336    1353
CTRIA3      3394       2    1335    1334    1352
CTRIA3      3395       2    1353    1335    1352
CTRIA3      3396       2    1334    1333    1351
CTRIA3      3397       2    1352    1334    1351
CTRIA3      3398       2    1333    1332    1350
CTRIA3      3399       2    1351    1333    1350
CTRIA3      3400       2    1332     962     968
CTRIA3      3401       2    1350    1332     968
CTRIA3      3402       2     962     963     968
CTRIA3      3403       2    1213    1214    1153
CTRIA3      3404       2    1214    1215    1152
CTRIA3      3405       2    1153    1214    1152
CTRIA3      3406       2    1215    1216    1151
CTRIA3      3407       2    1152    1215    1151
CTRIA3      3408       2    1216    1217    1150
CTRIA3      3409       2    1151    1216    1150
CTRIA3      3410       2    1217    1218    1149
CTRIA3      3411       2    1150    1217    1149
CTRIA3      3412       2    1218    1219    1148
CTRIA3      3413       2    1149    1218    1148
CTRIA3      3414       2    1219    1220    1147
CTRIA3      3415       2    1148    1219    1147
CTRIA3      3416       2    1220    1221    1146
CTRIA3      3417       2    1147    1220    1146
CTRIA3      3418       2    1221    1222    1145
CTRIA3      3419       2    1146    1221    1145
CTRIA3      3420       2    1222    1223    1144
CTRIA3      3421       2    1145    1222    1144
CTRIA3      3422       2    1223    1224    1143
CTRIA3      3423       2    1144    1223    1143
CTRIA3      3424       2    1224    1225    1142
CTRIA3      3425       2    1143    1224    1142
CTRIA3      3426       2    1225    1226    1141
CTRIA3      3427       2    1142    1225    1141
CTRIA3      3428       2    1226    1227    1140
CTRIA3      3429       2    1141    1226    1140
CTRIA3      3430       2    1227    1228    1139
CTRIA3      3431       2    1140    1227    1139
CTRIA3      3432       2    1228    1229    1138
CTRIA3      3433       2    1139    1228    1138
CTRIA3      3434       2    1229    1230    1137
CTRIA3      3435       2    1138    1229    1137
CTRIA3      3436       2    1230    1231    1136
CTRIA3      3437       2    1137    1230    1136
CTRIA3      3438       2    1231    1232    1135
CTRIA3      3439       2    1136    1231    1135
CTRIA3      3440       2    1232    1233    1134
CTRIA3      3441       2    1135    1232    1134
CTRIA3      3442       2    1233    1234    1133
CTRIA3      3443       2    1134    1233    1133
CTRIA3      3444       2    1234    1235    1132
CTRIA3      3445       2    1133    1234    1132
CTRIA3      3446       2    1235    1236    1131
CTRIA3      3447       2    1132    1235    1131
CTRIA3      3448       2    1236    1237    1130
CTRIA3      3449       2    1131    1236    1130
CTRIA3      3450       2    1237    1238    1129
CTRIA3      3451       2    1130    1237    1129
CTRIA3      3452       2    1238    1239    1128
CTRIA3      3453       2    1129    1238    1128
CTRIA3      3454       2    1239    1240    1127
CTRIA3      3455       2    1128    1239    1127
CTRIA3      3456       2    1240    1241    1126
CTRIA3      3457       2    1127    1240    1126
CTRIA3      3458       2    1241    1242    1125
CTRIA3      3459       2    1126    1241    1125
CTRIA3      3460       2    1242    1243    1124
CTRIA3      3461       2    1125    1242    1124
CTRIA3      3462       2    1243    1244    1123
CTRIA3      3463       2    1124    1243    1123
CTRIA3      3464       2    1244    1245    1122
CTRIA3      3465       2    1123    1244    1122
CTRIA3      3466       2    1245    1246    1121
CTRIA3      3467       2    1122    1245    1121
CTRIA3      3468       2    1246    1247    1120
CTRIA3      3469       2    1121    1246    1120
CTRIA3      3470       2    1247    1248    1119
CTRIA3      3471       2    1120    1247    1119
CTRIA3      3472       2    1248    1249    1118
CTRIA3      3473       2    1119    1248    1118
CTRIA3      3474       2    1249    1250    1117
CTRIA3      3475       2    1118    1249    1117
CTRIA3      3476       2    1250    1251    1116
CTRIA3      3477       2    1117    1250    1116
CTRIA3      3478       2    1251    1252    1115
CTRIA3      3479       2    1116    1251    1115
CTRIA3      3480       2    1252    1253    1114
CTRIA3      3481       2    1115    1252    1114
CTRIA3      3482       2    1253    1254    1113
CTRIA3      3483       2    1114    1253    1113
CTRIA3      3484       2    1254    1255    1112
CTRIA3      3485       2    1113    1254    1112
CTRIA3      3486       2    1255    1256    1111
CTRIA3      3487       2    1112    1255    1111
CTRIA3      3488       2    1256    1257    1110
CTRIA3      3489       2    1111    1256    1110
CTRIA3      3490       2    1257    1258    1109
CTRIA3      3491       2    1110    1257    1109
CTRIA3      3492       2    1258    1259    1108
CTRIA3      3493       2    1109    1258    1108
CTRIA3      3494       2    1259    1260    1107
CTRIA3      3495       2    1108    1259    1107
CTRIA3      3496       2    1260    1261    1106
CTRIA3      3497       2    1107    1260    1106
CTRIA3      3498       2    1261    1262    1105
CTRIA3      3499       2    1106    1261    1105
CTRIA3      3500       2    1262    1263    1104
CTRIA3      3501       2    1105    1262    1104
CTRIA3      3502       2    1263    1264    1103
CTRIA3      3503       2    1104    1263    1103
CTRIA3      3504       2    1264    1265    1102
CTRIA3      3505       2    1103    1264    1102
CTRIA3      3506       2    1265    1266    1101
CTRIA3      3507       2    1102    1265    1101
CTRIA3      3508       2    1266    1267    1100
CTRIA3      3509       2    1101    1266    1100
CTRIA3      3510       2    1267    1268    1099
CTRIA3      3511       2    1100    1267    1099
CTRIA3      3512       2    1268    1269    1098
CTRIA3      3513       2    1099    1268    1098
CTRIA3      3514       2    1269    1270    1097
CTRIA3      3515       2    1098    1269    1097
CTRIA3      3516       2    1270    1271    1096
CTRIA3      3517       2    1097    1270    1096
CTRIA3      3518       2    1271    1272    1095
CTRIA3      3519       2    1096    1271    1095
CTRIA3      3520       2    1272     964    1094
CTRIA3      3521       2    1095    1272    1094
CTRIA3      3522       2     964     973    1094
CTRIA3      3523       2    1153     968    1213
CTRIA3      3524       2     968     963    1213
CTRIA3      3525       2     967     969     960
CTRIA3      3526       2     969     972     960
CTRIA3      3527       2     972    1366     960
CTRIA3      3528       2    1366    1365    1341
CTRIA3      3529       2     960    1366    1341
CTRIA3      3530       2    1365    1364    1342
CTRIA3      3531       2    1341    1365    1342
CTRIA3      3532       2    1364    1363    1343
CTRIA3      3533       2    1342    1364    1343
CTRIA3      3534       2    1363    1362    1344
CTRIA3      3535       2    1343    1363    1344
CTRIA3      3536       2    1362    1361    1346
CTRIA3      3537       2    1344    1362    1345
CTRIA3      3538       2    1362    1346    1345
CTRIA3      3539       2    1361    1360    1347
CTRIA3      3540       2    1346    1361    1347
CTRIA3      3541       2    1360    1359    1348
CTRIA3      3542       2    1347    1360    1348
CTRIA3      3543       2    1359    1358    1349
CTRIA3      3544       2    1348    1359    1349
CTRIA3      3545       2    1358     973     961
CTRIA3      3546       2    1349    1358     961
CTRIA3      3547       2     973     964     961
CTRIA3      3548       2     964     965     961
$..
ENDDATA
